460	548
247	529
515	553
191	561
254	419
177	477
273	562
95	644
175	584
41	420
43	388
24	347
352	660
82	503
223	492
45	245
37	287
102	262
325	553
38	435
75	560
255	630
398	491
336	474
412	462
119	377
216	446
207	416
108	137
247	443
287	488
258	405
208	517
251	418
318	458
38	672
451	657
226	580
262	697
35	220
467	573
169	317
5	452
289	343
601	641
423	580
114	468
616	623
122	657
405	471
36	65
353	419
167	367
531	697
563	688
25	130
398	621
457	597
141	386
90	651
371	534
465	530
204	686
284	662
550	692
128	453
45	649
10	641
125	262
559	694
411	517
571	623
277	478
16	471
341	535
193	286
13	657
378	558
358	516
140	575
545	655
408	529
275	515
90	433
6	41
198	332
141	278
67	529
39	491
502	681
177	681
178	501
84	563
89	612
60	473
215	572
313	491
2	253
134	180
78	534
382	615
148	469
38	90
416	660
73	562
294	654
428	462
289	422
374	459
90	575
293	460
50	617
32	472
243	270
14	102
0	626
45	452
105	413
93	548
277	520
2	446
26	585
419	443
72	657
435	650
194	316
548	694
88	369
128	335
96	626
147	324
524	589
343	653
592	623
386	574
244	255
46	95
257	371
137	484
77	434
179	282
0	558
352	405
180	411
86	138
219	351
26	92
364	585
516	617
462	523
262	515
108	341
251	636
403	412
18	353
188	270
118	599
311	660
357	429
236	415
17	675
36	695
424	586
35	271
210	451
40	174
20	27
227	663
426	467
152	584
279	418
68	523
341	621
386	680
54	93
122	456
467	598
534	607
549	662
77	162
38	93
12	359
370	476
93	180
154	169
97	198
232	676
149	598
126	206
214	516
223	620
128	596
221	655
562	661
6	498
315	411
86	262
129	587
288	511
440	500
453	622
189	247
255	677
617	677
28	449
468	599
340	399
71	322
561	577
151	531
583	601
277	461
422	641
104	658
353	489
78	556
75	507
223	535
2	206
3	270
132	181
129	310
139	166
204	265
74	599
117	330
342	513
22	212
579	589
72	646
457	660
178	484
245	629
417	570
281	440
396	624
207	307
602	633
357	664
25	607
486	658
20	413
464	501
56	667
126	230
407	501
80	175
4	529
94	272
252	655
319	589
20	353
175	671
19	280
64	214
96	138
37	83
42	656
210	569
170	207
125	506
523	577
539	678
117	351
355	639
144	443
246	308
433	654
207	345
87	531
111	181
281	454
90	429
75	110
336	664
45	604
140	168
572	597
43	254
44	145
64	124
115	338
188	645
94	256
12	222
408	459
151	605
117	237
60	567
133	400
33	316
483	534
210	381
153	269
75	656
368	565
12	630
293	677
153	169
515	591
158	264
108	578
78	371
156	293
227	510
283	656
0	546
175	563
136	512
254	636
251	286
189	383
120	403
365	459
431	517
386	636
168	619
166	196
108	163
349	437
85	313
273	479
452	533
118	382
322	683
265	306
120	450
100	135
582	684
369	668
452	580
6	673
442	481
18	388
135	616
145	558
179	501
611	667
381	684
570	617
81	126
65	231
266	489
100	679
245	624
244	471
566	598
453	578
102	645
70	447
282	567
8	107
7	159
306	504
325	666
276	511
415	465
186	279
186	509
133	658
77	303
84	387
104	695
200	245
130	609
58	506
63	457
64	289
286	666
10	446
477	609
411	690
554	613
6	506
61	471
6	276
13	43
194	456
537	625
66	176
146	185
638	694
303	378
193	557
527	676
321	648
90	601
103	463
171	198
5	532
231	683
77	387
366	570
218	391
247	433
314	409
131	482
11	396
46	96
183	280
6	345
512	582
247	261
457	668
289	457
372	593
152	613
267	322
367	542
316	664
396	521
202	356
607	691
51	267
91	390
281	509
278	561
449	538
354	378
159	582
406	431
319	479
245	261
454	599
59	575
108	496
122	233
136	505
340	521
152	642
526	656
245	319
35	592
258	303
457	635
390	539
141	544
199	599
473	480
272	680
23	281
379	523
416	500
349	568
603	699
289	480
22	254
1	156
386	450
397	475
325	387
211	472
119	470
5	260
238	643
117	564
52	62
129	472
38	422
458	588
58	84
58	566
246	446
332	629
31	222
497	558
538	640
434	671
48	288
102	272
352	598
50	371
607	673
263	393
75	196
609	630
175	222
592	699
214	487
77	235
166	405
329	465
77	139
483	650
27	613
641	685
424	452
146	415
567	644
55	292
224	601
136	543
45	592
361	521
40	504
404	502
504	536
43	461
527	547
363	526
42	409
10	532
189	676
198	361
473	529
590	683
171	393
81	121
187	410
251	630
126	301
69	130
14	253
334	430
303	524
410	589
291	661
5	669
30	364
289	375
79	312
242	627
665	689
506	678
459	547
140	643
522	639
281	378
308	654
461	636
16	499
600	653
84	480
243	451
12	101
114	130
263	659
326	332
131	456
2	424
192	438
72	590
358	517
412	686
61	261
310	390
77	510
33	255
222	533
234	467
193	497
496	544
388	671
177	313
230	569
411	677
42	670
217	388
492	620
458	637
63	586
9	414
46	568
309	580
86	417
70	304
16	644
632	646
404	668
269	646
143	396
131	457
357	689
177	659
303	594
219	253
196	234
244	574
58	604
166	667
31	83
203	665
360	491
436	455
502	656
396	446
149	570
192	352
184	561
58	329
14	446
176	659
150	536
257	442
325	690
352	500
112	328
313	615
21	208
292	647
201	651
92	683
123	307
1	220
147	483
206	443
250	571
105	580
25	43
432	458
247	622
58	65
377	391
198	370
293	449
304	382
160	689
358	633
55	581
487	693
528	655
402	410
474	613
244	447
369	528
265	354
140	151
33	149
277	489
64	420
41	341
264	639
49	363
366	674
19	295
447	633
504	593
477	561
291	647
51	429
434	685
197	386
104	307
553	694
422	578
188	471
480	651
202	487
337	699
85	618
38	246
176	559
221	297
496	656
408	471
83	560
16	421
286	306
336	519
646	663
149	502
379	659
378	668
388	453
238	357
259	489
308	488
424	453
331	431
52	623
186	280
44	505
303	658
166	257
58	525
166	693
410	594
106	568
282	415
317	498
44	591
44	316
178	614
3	401
381	543
134	379
46	491
460	630
260	384
60	364
536	613
368	643
78	422
326	406
86	249
286	587
403	501
107	565
212	559
179	327
464	468
214	217
413	642
111	511
111	424
357	522
31	508
375	388
250	381
267	328
69	569
100	374
651	690
202	641
180	275
219	307
280	596
44	326
145	448
362	471
592	668
251	545
162	451
651	682
194	538
152	551
75	447
43	550
103	404
386	442
73	108
190	541
413	515
170	565
27	550
6	74
187	634
110	669
361	505
651	668
38	109
306	436
164	412
132	480
315	657
157	162
163	376
101	232
152	361
488	609
51	100
95	329
110	527
578	698
269	606
186	361
238	343
209	636
360	507
15	538
39	372
48	235
59	678
14	194
69	414
178	229
87	539
281	315
10	325
211	679
23	412
72	516
672	690
325	691
291	501
172	433
382	680
134	620
252	341
271	365
1	318
620	666
299	455
410	621
336	393
193	289
60	290
116	237
295	565
166	601
233	457
127	417
301	391
154	209
227	470
106	263
210	392
142	385
164	224
2	494
11	273
256	441
72	693
98	477
113	149
194	351
595	614
31	487
48	541
353	592
92	579
339	605
523	678
5	70
10	47
19	511
166	272
100	259
394	556
433	692
5	203
166	376
336	696
59	693
327	474
580	651
377	568
6	458
47	239
390	681
468	581
343	627
440	475
31	570
558	680
416	564
57	685
94	487
229	655
5	320
355	633
240	442
103	633
277	325
268	436
105	240
397	658
493	612
182	210
148	371
57	238
286	411
274	359
504	577
99	388
440	485
154	302
40	513
461	496
353	537
212	313
438	623
425	604
298	643
24	307
446	525
150	431
9	510
487	497
189	489
78	623
291	644
182	604
627	654
133	457
402	460
170	353
73	209
403	482
359	495
59	116
414	425
31	677
53	552
505	609
131	269
217	653
350	687
21	682
309	362
237	696
543	644
269	652
184	276
9	490
247	618
535	568
220	580
168	269
360	668
101	416
321	365
100	267
136	296
208	694
608	684
311	601
445	453
320	548
95	140
344	437
11	462
407	578
190	450
151	476
149	414
143	651
551	609
106	168
22	582
247	679
130	267
471	595
187	504
148	309
114	210
289	366
44	55
103	125
36	250
250	662
329	361
165	200
234	336
253	511
323	508
448	462
401	489
186	237
16	557
484	508
533	595
412	536
673	698
12	473
119	162
399	528
26	286
5	389
380	418
472	656
191	215
125	235
418	674
445	593
207	239
45	411
172	431
72	695
333	572
635	684
161	312
390	687
317	440
260	396
283	396
572	645
234	594
123	287
421	594
151	425
237	346
80	626
176	469
390	521
200	332
24	96
365	505
373	663
43	120
482	692
199	354
80	244
25	328
365	462
33	85
253	379
285	319
24	197
434	504
149	673
189	578
161	466
297	429
303	332
131	139
364	484
333	413
118	548
196	582
83	257
0	527
94	529
299	605
14	376
78	101
141	525
26	476
201	319
370	587
266	686
37	515
269	332
157	262
176	587
99	427
133	596
167	234
308	485
409	612
52	615
141	692
260	507
144	360
321	657
386	427
183	616
208	481
293	392
103	695
80	425
121	483
607	685
296	661
343	426
176	203
131	412
490	669
159	476
25	350
43	346
142	271
191	470
328	572
54	124
353	531
27	320
22	409
54	170
330	516
37	138
101	442
31	613
145	273
282	523
7	144
385	637
28	373
4	157
57	100
11	442
249	421
437	640
317	645
409	524
296	475
217	655
574	680
247	253
376	539
102	502
188	305
188	204
362	694
24	659
529	672
266	471
246	579
147	269
528	580
156	235
243	603
456	629
75	78
318	372
308	314
11	114
80	507
192	441
261	595
54	268
154	258
170	570
58	368
139	271
86	267
107	224
10	591
224	518
20	419
178	279
88	425
305	352
558	577
346	439
356	574
106	695
320	446
442	678
359	649
234	689
396	628
103	135
155	483
219	310
418	639
214	333
51	435
338	635
43	173
176	588
572	648
525	529
76	287
210	635
244	266
337	530
196	645
65	184
56	127
290	533
349	418
67	295
273	659
225	650
210	687
50	494
57	170
264	553
27	630
612	674
465	514
536	586
60	322
342	452
272	614
263	288
111	112
221	569
238	571
243	472
176	430
433	577
39	519
532	555
355	487
503	547
287	337
124	524
514	549
165	300
280	663
159	336
58	296
82	606
350	451
40	452
24	184
131	508
125	266
294	410
78	315
398	422
432	508
259	383
27	665
223	311
310	489
34	190
686	693
17	133
40	294
210	377
520	593
378	419
246	690
112	207
319	580
30	633
107	189
322	476
313	611
106	526
260	530
217	313
220	382
194	317
47	480
115	438
13	569
123	449
382	634
524	621
328	545
293	511
208	281
71	390
155	532
206	601
283	386
266	329
220	455
438	680
188	510
275	619
75	488
554	619
551	691
102	122
407	487
165	496
86	341
107	118
304	660
40	607
90	227
2	375
171	174
41	433
2	451
88	409
488	641
74	150
25	363
378	389
353	660
14	488
17	589
378	631
623	673
233	685
367	631
625	667
232	558
300	578
123	303
86	441
499	530
80	439
13	623
117	446
328	514
299	555
290	556
57	430
250	386
137	415
136	369
59	316
182	415
57	307
365	593
90	193
116	595
105	540
170	666
494	669
15	249
606	690
24	55
91	544
367	421
106	388
190	661
36	699
270	528
18	64
240	681
339	642
485	574
285	310
586	601
244	636
181	656
546	622
476	517
77	116
424	672
275	285
106	625
151	656
596	633
213	295
298	326
171	299
154	662
448	687
106	146
55	290
419	669
144	293
213	294
402	628
325	458
303	581
32	235
305	694
331	642
357	568
305	452
80	409
217	604
346	403
269	639
662	685
176	488
29	75
145	299
147	226
8	475
35	214
164	566
556	604
208	547
29	532
260	446
467	596
170	179
280	379
542	681
162	355
631	671
204	536
518	582
192	372
85	586
394	450
484	627
32	581
514	626
397	612
131	253
442	449
189	437
117	271
194	227
176	675
46	69
544	601
177	396
268	480
167	464
263	528
26	121
104	115
350	380
593	667
295	384
561	689
488	507
211	218
350	564
260	266
29	672
93	283
20	520
342	369
357	481
392	645
318	649
543	674
335	583
91	208
232	483
206	405
457	538
16	660
125	309
64	302
200	614
403	613
433	450
261	383
383	591
128	156
109	268
216	279
630	695
200	629
28	40
285	397
364	424
460	662
20	85
236	482
197	294
292	674
222	662
529	563
269	324
588	689
596	603
67	443
372	405
492	558
144	446
45	691
284	288
274	342
74	169
583	635
22	62
347	646
351	646
406	560
245	480
78	640
227	424
286	336
18	349
5	378
161	340
35	185
466	538
201	602
380	636
105	206
1	564
45	302
54	457
211	335
149	302
436	629
503	647
28	286
363	576
67	600
543	658
210	221
166	250
268	569
162	165
256	260
203	210
378	626
26	33
179	487
69	170
223	564
425	691
513	697
395	490
106	570
123	385
440	640
380	569
418	497
297	557
466	479
163	484
157	323
372	571
263	552
620	686
608	676
304	578
174	589
227	598
305	310
287	532
300	584
208	589
105	369
328	371
112	507
184	644
521	679
396	468
235	636
159	506
178	546
333	668
623	641
108	175
107	450
467	586
227	515
13	264
101	627
330	416
62	695
223	521
204	225
53	376
15	154
1	500
299	697
61	213
19	376
197	576
75	188
109	136
451	667
122	365
116	248
456	598
230	577
12	144
19	611
21	266
239	444
416	547
265	579
106	486
51	310
65	164
31	342
173	612
166	665
579	611
200	584
396	563
81	156
413	511
245	247
341	534
360	435
87	88
129	658
97	523
244	322
506	644
310	337
473	580
151	241
287	409
264	468
116	175
198	681
107	322
344	570
9	404
467	606
425	454
522	575
417	581
338	612
120	484
407	497
176	395
289	347
276	544
445	607
128	235
192	303
363	669
391	668
536	646
461	664
380	433
159	595
256	491
43	414
319	434
112	236
11	276
551	569
252	579
284	584
93	309
321	532
177	629
12	156
353	575
220	680
58	176
553	617
243	689
15	322
162	459
481	653
402	463
135	206
24	597
40	316
596	649
92	429
140	605
448	545
83	278
55	542
136	698
252	568
14	215
29	200
593	699
74	307
86	444
277	602
57	623
219	557
88	281
88	154
454	494
498	678
187	345
377	529
363	652
89	414
130	533
90	208
424	491
337	661
53	241
266	655
220	442
650	653
223	444
271	548
354	532
520	673
472	627
202	553
95	452
267	349
561	693
38	300
161	538
328	668
94	619
93	418
343	574
337	421
125	624
106	509
254	447
244	479
257	699
55	522
355	569
203	274
258	400
453	660
78	569
38	546
425	642
679	695
292	658
214	545
55	490
198	276
379	696
205	489
161	455
126	256
539	668
131	671
12	130
39	134
390	468
107	570
49	158
446	567
184	385
47	245
254	263
351	412
329	393
512	663
148	579
187	194
466	634
272	329
16	672
175	198
581	665
257	303
457	686
19	30
129	166
300	313
487	567
508	695
122	690
306	316
22	304
218	262
161	162
192	409
194	321
123	392
405	531
341	682
46	592
432	661
311	470
149	232
63	134
181	687
319	523
108	178
135	408
9	674
280	508
146	186
276	459
38	493
95	536
14	347
51	273
451	595
341	674
254	515
559	681
80	357
33	620
347	472
25	354
231	300
414	633
482	693
67	528
592	621
19	520
100	388
61	607
202	384
17	216
118	250
89	271
217	519
410	496
8	344
411	531
526	609
362	486
301	339
340	389
28	638
129	277
80	516
180	296
286	506
316	474
174	568
409	412
462	583
52	184
294	463
280	284
609	627
208	527
295	370
190	213
346	612
105	452
279	295
303	639
27	511
470	635
141	635
283	528
29	187
102	664
187	539
354	407
329	488
193	321
25	106
526	618
465	627
65	620
429	451
91	233
510	575
110	491
316	486
71	148
24	536
352	657
245	328
262	577
188	394
257	693
24	691
497	512
110	553
0	2
476	615
480	687
169	583
123	619
363	427
148	272
79	400
38	171
110	470
222	489
434	467
505	668
654	689
271	691
146	386
173	322
72	554
232	593
354	472
201	361
119	688
465	503
202	514
100	433
162	405
162	627
79	81
36	206
550	667
223	426
390	577
319	555
236	557
171	544
88	669
318	427
380	560
346	380
30	337
24	198
113	125
209	337
261	461
113	529
232	312
146	173
21	519
337	577
32	390
100	636
36	445
23	451
155	593
10	105
39	417
122	151
638	659
219	481
275	405
199	451
302	357
64	73
386	425
292	414
158	556
417	418
251	395
339	427
56	525
236	449
343	581
54	242
394	610
186	627
649	666
508	659
68	225
54	493
144	269
156	340
92	679
330	363
228	623
262	281
276	631
113	640
423	646
123	562
592	619
371	475
2	139
440	610
424	447
320	696
3	433
152	261
25	472
188	323
125	239
388	571
169	255
4	510
408	498
244	577
87	491
345	537
288	408
5	518
295	462
318	520
6	518
53	89
502	690
448	463
243	359
221	683
75	243
610	655
95	251
77	677
585	672
105	556
219	692
421	658
308	600
327	559
284	528
59	490
32	539
4	504
340	529
203	570
278	581
220	364
316	411
337	367
11	298
67	401
59	593
303	423
327	355
456	480
290	589
281	358
340	359
357	627
233	613
71	596
46	130
214	559
224	653
318	392
475	600
3	68
49	649
115	620
40	128
256	387
307	641
150	517
66	355
1	245
73	643
28	284
226	600
665	692
208	325
234	430
16	231
54	475
208	485
405	456
207	348
182	673
28	397
47	95
160	661
206	583
614	636
22	265
341	450
11	173
203	237
331	356
199	254
136	278
328	448
101	374
57	635
275	423
159	190
138	492
330	545
303	392
70	519
551	666
86	630
11	27
493	674
326	460
116	693
516	590
399	626
17	130
214	657
343	549
531	656
119	291
189	389
308	525
115	477
84	185
163	670
303	358
171	296
265	297
47	575
129	318
130	272
146	456
307	310
55	251
8	369
89	190
37	72
45	188
204	497
40	84
363	578
67	398
225	510
208	662
118	276
295	523
156	304
457	634
503	560
306	633
126	531
334	523
331	401
53	388
208	211
306	339
657	666
562	580
36	502
302	354
566	640
95	334
28	274
384	409
175	261
238	542
250	524
104	373
62	455
168	310
423	557
84	464
227	611
173	454
74	238
417	675
378	598
152	328
538	630
117	425
467	501
142	433
290	414
451	506
223	449
307	543
59	196
76	77
164	479
151	562
13	460
265	369
327	634
220	658
594	658
36	524
28	443
234	562
1	690
211	460
265	334
421	506
335	402
502	544
305	463
165	634
118	487
270	693
247	697
401	518
105	477
245	498
475	641
109	353
214	660
88	201
518	610
494	540
371	535
324	453
285	328
20	606
289	618
23	339
198	258
284	339
139	393
489	506
282	339
72	559
214	348
174	320
51	308
216	594
379	672
60	337
212	440
28	518
72	492
88	111
314	606
37	300
388	463
174	188
44	173
37	594
343	484
8	510
148	695
145	542
205	416
165	624
101	610
429	627
76	492
233	336
55	563
108	324
67	308
211	215
86	207
192	311
217	269
246	495
489	576
127	382
16	302
202	412
380	559
478	571
5	589
556	697
71	214
182	624
86	324
81	602
354	518
456	524
132	270
105	263
268	574
234	492
208	614
9	266
17	184
482	587
48	229
549	680
312	524
622	683
203	313
130	695
323	432
253	577
419	674
565	679
128	368
516	642
309	646
281	675
19	590
50	584
169	624
51	656
121	313
88	588
600	670
115	586
592	671
394	511
57	229
179	597
398	510
43	616
79	265
180	473
143	667
466	665
542	633
159	165
195	265
522	669
111	395
255	480
113	176
162	366
105	635
119	626
365	445
87	178
363	496
14	430
602	611
198	636
368	527
332	562
30	346
75	186
550	577
246	507
251	398
299	552
289	489
105	337
594	665
315	343
384	461
64	521
251	663
193	538
183	355
426	499
79	145
84	634
48	113
288	598
144	285
157	330
64	675
35	101
152	394
182	692
155	666
156	220
486	602
23	247
182	261
121	663
323	576
321	474
491	545
87	514
324	569
123	670
493	509
57	63
543	640
274	566
386	447
387	574
342	591
43	647
78	177
185	675
190	394
190	612
488	564
165	490
54	83
159	337
81	376
464	482
91	271
465	614
266	488
11	166
496	545
9	210
59	591
305	568
8	343
26	120
553	616
209	514
154	623
333	488
47	372
191	355
83	91
363	478
429	504
9	79
93	305
369	592
136	357
40	269
184	247
531	581
322	665
23	259
68	173
355	472
469	695
457	653
380	412
1	182
381	547
47	117
287	484
561	644
339	643
241	690
271	466
35	212
165	696
456	543
8	236
293	391
214	473
189	470
423	566
97	126
373	552
94	422
301	451
129	238
260	554
174	238
192	602
412	540
110	459
309	681
492	600
307	598
4	166
58	477
519	665
193	603
333	496
57	464
193	556
40	666
452	594
105	282
116	361
502	548
32	597
3	201
172	320
12	444
50	114
40	125
108	301
254	618
72	644
262	411
368	393
150	648
238	638
73	220
329	536
311	431
246	541
42	187
292	644
137	663
158	647
54	497
218	609
464	546
231	353
125	645
3	448
578	639
343	537
347	353
169	521
384	402
383	417
300	568
318	583
216	632
97	263
186	645
139	222
353	518
415	634
24	182
383	403
128	152
46	137
176	227
51	450
205	500
88	168
195	520
20	224
369	510
126	593
9	520
494	501
135	641
12	321
142	537
237	639
19	673
236	347
419	535
188	348
92	489
457	648
208	630
62	683
114	630
247	271
322	359
7	226
177	449
36	527
419	420
333	385
428	429
187	604
30	696
93	294
6	552
81	169
85	165
88	494
92	316
106	272
13	198
468	670
438	530
333	438
144	264
426	531
185	665
109	543
531	537
451	673
33	140
124	663
288	533
78	147
214	626
506	600
37	458
412	475
463	509
26	259
194	378
507	668
237	433
213	612
7	437
276	693
153	544
68	682
18	226
343	580
132	422
102	483
246	583
444	646
48	396
168	259
51	405
170	563
266	639
257	386
390	508
215	295
225	392
277	463
532	631
518	622
538	608
584	594
81	364
118	299
169	254
586	597
155	369
472	496
175	683
40	336
636	686
405	416
272	445
37	50
66	284
55	305
62	593
291	437
168	331
239	525
45	336
437	439
598	634
220	314
554	557
216	699
427	668
314	602
145	146
369	437
328	393
343	590
296	510
104	341
587	668
586	676
244	496
156	461
24	101
18	278
146	632
253	416
363	548
163	588
446	676
13	677
214	383
40	59
312	479
105	315
7	542
41	443
556	677
266	634
190	542
183	210
133	200
11	534
169	528
120	550
533	637
8	73
181	443
314	426
141	587
182	372
536	548
637	696
511	643
38	463
175	633
346	400
268	586
197	460
238	302
188	196
258	489
337	698
48	134
403	645
439	605
9	416
536	577
560	685
246	651
473	620
46	378
106	180
30	261
207	434
76	370
19	242
622	691
11	112
221	308
118	458
236	331
396	673
193	208
64	598
36	459
374	417
258	590
222	440
46	379
123	506
422	448
52	546
173	583
430	548
174	590
560	632
153	247
335	542
128	247
179	581
374	454
586	602
352	628
490	598
315	404
334	613
409	582
144	286
51	536
188	614
542	576
86	203
484	661
383	466
23	335
247	385
465	688
63	328
372	655
199	613
31	694
2	490
429	593
109	640
16	475
471	479
339	466
7	362
593	596
495	690
16	668
26	447
589	694
49	568
1	274
106	118
102	686
156	392
226	338
193	216
257	307
214	593
342	403
42	685
161	317
25	334
244	335
160	306
244	568
401	409
207	579
293	358
212	573
169	274
420	658
673	678
247	317
254	404
327	332
180	593
203	405
408	664
285	315
143	415
177	586
112	334
443	611
47	694
446	694
75	570
350	598
270	429
328	351
323	470
175	399
90	219
44	346
168	527
337	584
91	187
421	483
21	496
70	249
90	452
339	675
301	375
9	652
231	272
543	553
226	433
96	111
100	328
283	337
285	327
273	360
79	193
22	666
226	579
114	127
404	566
133	410
147	594
19	139
63	681
322	493
276	333
124	434
366	404
385	470
188	628
166	346
339	340
331	694
327	360
345	356
368	409
333	625
375	544
17	501
348	499
173	264
51	160
280	386
335	509
111	564
377	499
522	673
37	162
90	291
229	314
563	628
178	528
445	550
351	670
251	651
331	667
208	318
320	362
544	682
256	576
275	627
64	436
21	184
206	457
83	371
243	291
408	663
358	549
231	281
35	645
195	247
659	673
579	660
204	601
71	332
22	400
307	405
528	671
459	649
615	626
447	699
93	501
305	594
25	301
175	490
147	328
113	114
571	603
399	679
504	653
82	119
43	304
98	584
450	578
514	646
523	614
328	500
114	530
318	563
480	544
86	145
327	570
224	388
223	658
115	401
627	687
302	427
221	455
371	617
531	601
351	500
125	190
448	699
73	514
152	498
171	642
28	64
536	662
462	530
524	691
315	546
59	146
623	651
541	633
262	476
215	221
138	621
397	497
77	625
469	583
60	615
460	664
517	673
243	592
15	504
31	145
0	660
314	651
479	537
20	408
227	692
23	557
54	490
45	345
65	524
567	635
206	288
426	518
6	265
146	421
443	665
220	371
173	572
559	648
139	304
285	333
52	586
98	441
243	387
89	342
147	385
333	384
426	630
479	661
232	341
263	432
339	599
142	663
436	539
114	293
486	644
87	430
265	356
525	680
450	604
187	192
27	615
12	490
362	475
107	604
32	698
138	364
129	575
421	423
73	420
351	569
262	277
239	345
586	658
76	375
104	542
79	229
440	665
299	473
492	502
7	249
430	502
207	565
631	669
41	690
121	309
47	586
368	528
371	509
89	287
547	692
243	659
58	186
407	538
475	501
499	606
343	561
399	631
501	672
279	533
41	283
55	398
205	385
581	603
597	618
188	681
125	331
46	307
0	74
495	671
174	392
310	652
47	187
614	638
365	429
33	474
9	648
200	418
244	635
220	517
15	540
151	693
109	314
5	385
109	267
475	545
20	231
107	177
16	539
73	332
173	547
314	442
149	270
56	481
353	517
49	668
641	664
613	620
406	605
280	666
540	563
274	606
152	655
27	379
57	192
301	583
63	180
268	680
227	341
172	336
232	424
26	293
289	564
100	164
116	184
45	111
276	489
22	593
192	214
40	232
291	518
354	574
17	671
409	482
377	485
257	432
555	647
335	354
553	658
430	552
79	589
47	64
186	359
283	533
150	678
144	555
217	463
281	432
319	385
131	644
177	252
64	114
91	532
119	308
26	653
21	680
216	584
374	376
182	407
231	365
422	465
600	631
54	651
314	666
187	484
161	403
191	381
555	645
74	172
98	127
268	621
171	437
167	503
311	533
182	522
449	531
197	419
562	635
214	418
6	692
41	676
178	391
219	611
274	429
434	675
322	327
493	605
107	634
1	581
163	259
167	280
176	670
7	365
219	402
249	556
1	501
241	577
405	429
69	520
239	505
205	504
249	430
411	587
259	507
151	293
175	209
30	74
356	376
423	538
43	103
134	176
420	583
297	555
568	687
179	546
86	470
83	350
467	603
138	232
331	621
74	643
397	465
148	378
216	280
373	669
230	488
52	275
107	470
187	567
182	342
3	101
94	205
346	548
161	343
262	658
303	497
96	257
97	427
504	586
73	322
252	683
512	516
25	554
480	628
252	513
397	528
139	655
17	515
407	456
284	552
152	254
423	597
232	534
442	631
74	472
106	179
237	525
177	191
677	697
213	627
291	488
32	358
219	501
69	76
271	425
155	266
89	580
334	679
75	336
144	256
143	442
369	614
86	227
24	625
352	692
149	184
62	453
47	620
30	664
559	606
32	198
565	668
185	641
17	494
50	471
555	559
134	370
113	570
252	680
278	434
35	191
6	148
82	493
14	509
355	582
39	272
40	272
550	697
104	543
118	284
191	456
256	543
228	402
428	593
71	168
395	483
514	570
98	550
274	497
520	547
265	310
602	627
75	76
530	556
30	302
209	584
145	567
22	193
175	190
41	428
72	632
377	571
323	521
59	166
40	150
145	633
189	602
19	28
47	484
415	481
363	575
551	671
338	395
131	632
557	597
540	645
5	271
62	580
121	400
281	604
154	163
104	482
462	692
302	320
42	587
17	568
159	289
195	528
271	481
427	669
399	447
71	470
2	504
217	233
632	673
582	608
53	214
24	121
285	323
266	410
75	217
237	466
460	481
443	543
158	434
63	290
195	624
46	610
37	463
216	390
356	425
200	417
105	524
514	564
485	605
311	383
208	660
209	664
351	600
25	662
284	661
584	651
1	408
33	349
200	311
582	653
9	181
71	315
57	347
398	505
420	671
150	610
72	225
73	412
509	542
205	532
118	185
35	478
300	607
36	512
229	447
182	246
65	565
266	610
205	343
37	75
609	662
166	566
333	689
454	601
235	573
35	125
285	569
23	152
15	418
270	616
468	548
352	601
253	273
37	513
403	463
69	145
169	510
276	649
232	357
208	399
471	478
240	556
70	242
8	667
239	364
280	571
457	582
137	418
310	460
10	673
28	587
480	673
85	297
462	614
413	692
156	386
620	655
275	624
86	491
628	694
37	697
58	621
37	117
347	579
319	460
68	681
300	631
48	91
361	602
61	75
29	688
353	651
138	162
149	390
88	454
244	350
105	269
70	86
96	221
328	424
207	436
169	339
149	389
88	698
287	418
372	514
211	404
158	510
150	614
302	474
153	541
127	596
5	464
449	546
535	627
130	558
178	533
71	142
574	662
259	415
48	58
372	669
223	537
2	672
145	389
158	360
96	556
203	244
170	295
17	593
431	617
170	464
68	222
248	647
26	191
10	283
20	681
336	409
108	244
367	436
34	253
69	281
316	369
175	433
384	660
44	584
306	625
91	408
411	615
202	541
200	693
485	629
148	489
368	542
67	242
483	500
90	621
129	392
233	668
243	547
428	620
178	651
115	580
267	412
315	434
327	364
56	555
166	466
329	477
211	626
172	348
102	378
91	513
550	679
259	265
315	608
275	651
489	522
498	507
207	383
178	362
144	325
321	627
103	357
268	558
144	208
473	535
295	485
89	501
25	258
147	264
166	500
113	655
46	155
88	593
201	451
155	170
251	498
178	453
25	688
529	673
498	601
394	411
148	197
112	260
607	610
116	209
293	458
432	628
143	300
215	294
236	321
511	698
547	581
154	433
484	485
581	634
271	609
134	483
374	567
336	624
39	63
292	650
165	281
54	503
369	415
480	580
113	694
577	678
257	497
449	526
306	470
241	354
194	560
300	350
111	304
314	658
121	671
596	653
122	537
8	484
180	475
381	456
5	368
98	147
49	208
417	495
461	560
440	459
372	696
169	204
125	299
418	507
378	405
6	570
691	696
445	470
114	364
489	624
153	428
135	461
610	631
291	481
88	221
54	321
43	480
274	375
352	641
525	557
580	693
77	234
314	421
314	392
572	685
316	428
143	530
65	651
161	544
264	528
236	568
665	698
301	603
320	608
472	602
115	663
561	600
62	252
18	463
395	439
192	694
513	688
372	682
199	294
429	491
13	268
377	683
119	520
31	160
416	528
252	536
70	288
59	183
397	574
355	598
348	624
417	655
88	695
116	274
10	363
125	189
576	697
173	614
143	347
87	306
217	561
488	517
236	478
220	383
265	615
86	201
407	409
110	169
405	526
16	179
128	671
244	339
396	528
73	671
95	215
10	214
126	460
132	646
84	429
448	661
162	440
61	500
146	344
272	693
422	438
299	598
25	575
385	458
315	673
149	604
209	351
398	535
121	372
148	160
190	208
12	542
247	604
164	216
196	695
385	420
224	547
19	582
110	237
164	636
91	164
482	625
158	656
235	408
99	191
243	376
485	553
387	641
160	300
97	100
95	198
398	635
171	485
188	226
455	533
126	621
137	163
607	698
36	350
94	673
157	175
74	583
260	528
180	443
237	347
555	578
107	258
144	570
16	589
424	540
240	672
156	647
79	429
167	490
573	582
236	393
139	695
176	519
180	547
175	603
208	656
97	682
47	365
67	611
316	556
133	134
39	479
17	66
223	549
69	235
523	616
332	356
619	675
13	649
299	535
35	662
67	196
329	556
91	589
436	611
146	198
419	585
390	417
381	466
87	119
127	505
214	339
7	503
88	137
235	544
131	244
73	388
67	323
226	358
340	498
457	589
268	564
181	665
43	367
280	690
250	309
131	407
449	492
55	87
280	321
369	445
376	495
279	678
58	308
164	301
331	573
159	470
131	200
0	691
7	579
171	303
179	624
32	432
178	328
277	479
11	676
386	462
496	521
44	248
405	467
125	545
199	412
196	350
155	515
154	569
288	545
42	626
105	569
493	613
292	441
248	543
141	428
377	384
205	226
159	392
280	457
275	592
355	484
29	264
125	373
186	263
144	404
140	200
193	196
167	659
24	593
63	306
264	323
4	630
117	509
376	565
483	531
386	490
192	203
156	598
259	299
264	484
109	253
325	480
285	433
36	478
241	371
186	598
151	493
39	232
97	176
35	440
175	245
166	238
344	561
69	147
167	316
19	401
428	464
16	666
283	672
603	659
277	686
144	694
24	534
362	493
93	154
127	337
174	553
35	103
120	172
176	399
123	148
384	395
237	299
295	563
240	567
38	279
47	242
45	347
516	649
61	199
226	344
34	311
543	559
242	441
134	318
338	376
545	656
160	553
200	397
300	622
360	622
86	393
27	123
84	651
562	592
62	182
348	550
321	666
110	482
161	377
0	483
131	242
330	370
47	230
291	455
353	640
9	189
165	451
212	244
52	525
12	261
376	448
163	547
433	547
298	536
82	558
374	618
177	672
478	506
399	542
395	404
135	541
168	324
214	288
301	458
362	435
389	448
0	43
678	685
47	144
497	554
87	528
92	484
269	281
533	614
385	628
409	552
557	632
178	188
197	641
344	541
247	683
91	379
102	233
88	608
178	238
238	476
33	693
190	691
585	696
273	582
84	326
126	525
136	565
12	388
5	442
396	573
465	573
553	660
27	359
74	550
122	549
115	130
108	281
342	648
210	251
65	85
221	448
130	566
23	26
325	479
300	508
174	395
178	407
369	470
59	72
192	463
247	361
203	213
451	457
60	140
3	89
53	500
187	610
487	501
529	601
276	587
48	431
377	582
65	134
417	677
636	665
346	568
392	438
178	535
200	491
392	455
429	572
284	512
183	237
173	535
85	656
159	457
377	401
341	466
133	243
366	504
291	434
315	502
333	696
553	569
71	589
4	340
26	646
116	444
604	687
55	483
412	541
194	284
289	503
244	563
155	421
317	576
198	668
53	501
250	473
109	371
4	538
479	501
336	553
180	558
97	540
302	443
62	173
53	247
337	517
156	326
341	498
289	476
112	196
96	634
77	154
336	483
156	394
11	240
60	430
255	372
101	110
347	471
252	480
218	411
229	352
7	184
316	511
155	380
80	504
488	604
40	175
113	452
194	394
26	83
483	684
79	82
227	461
97	310
360	371
421	489
220	242
183	212
378	647
202	241
218	690
9	690
29	104
165	375
44	358
116	253
298	444
42	699
3	130
227	283
367	502
163	653
183	577
80	143
214	352
7	183
6	33
6	193
374	531
264	454
121	529
91	590
88	468
523	588
59	339
340	393
367	494
52	657
340	648
128	573
475	664
177	345
130	412
481	602
152	178
35	181
399	430
621	680
236	403
120	356
215	458
197	341
450	554
327	452
438	507
577	697
614	635
8	311
148	576
215	230
392	635
144	474
274	489
70	104
147	554
38	311
136	336
14	81
450	503
284	660
543	593
51	380
475	548
119	292
344	455
158	178
95	652
253	284
372	551
116	587
122	439
333	685
65	406
157	580
8	132
458	468
475	629
360	394
65	204
347	641
242	302
196	612
169	282
133	465
332	622
217	400
101	370
71	202
74	262
108	658
379	524
291	415
446	570
184	485
175	319
15	325
305	588
183	297
525	572
125	240
99	305
99	342
514	585
196	446
24	120
458	552
479	640
211	458
49	524
351	549
26	401
410	563
285	661
648	651
57	497
631	651
111	179
546	659
600	655
80	488
242	351
384	508
303	370
50	186
37	48
87	228
368	536
466	522
422	586
171	194
103	113
45	606
211	388
240	400
176	339
298	653
403	535
584	665
87	529
187	657
1	608
45	128
123	632
100	624
473	646
218	533
363	581
181	629
261	400
236	618
573	574
10	108
10	79
82	560
447	463
44	110
54	400
248	425
447	507
362	614
7	314
400	493
576	696
115	164
66	539
84	510
383	435
151	285
427	592
469	495
3	619
147	349
610	620
15	672
515	554
162	279
211	420
126	213
113	145
584	654
195	608
374	519
353	545
16	424
16	316
386	395
676	682
78	88
104	397
199	534
540	687
62	202
512	613
439	583
38	344
250	335
32	527
471	656
418	458
306	457
41	415
265	400
246	426
252	664
107	243
266	576
173	561
103	459
81	611
409	476
46	543
123	265
9	463
112	266
325	612
515	578
132	687
374	612
298	572
291	463
253	265
149	601
13	111
520	575
158	237
10	189
401	548
165	211
27	658
34	687
122	166
162	456
354	503
504	602
92	141
296	495
152	685
177	438
429	545
267	290
389	698
383	681
453	536
177	583
339	607
285	369
25	53
229	456
12	629
303	695
225	672
201	509
377	636
261	584
38	129
110	249
465	696
645	687
282	319
520	627
364	365
224	564
93	446
71	463
140	498
223	273
225	421
591	600
147	297
284	644
482	584
32	424
234	526
261	329
52	159
286	386
399	481
297	656
161	697
505	553
9	44
277	345
155	667
506	680
147	174
225	543
351	624
12	18
199	362
374	438
85	683
519	565
43	585
434	638
404	619
57	269
214	452
326	540
358	426
51	112
550	607
132	339
41	249
136	171
344	473
288	507
298	623
232	358
387	483
19	60
1	370
222	637
356	625
201	635
232	554
172	574
191	494
473	483
213	425
411	674
679	693
54	429
88	618
33	377
56	327
535	651
29	418
50	356
72	464
544	624
95	258
313	345
327	586
75	672
542	661
37	675
318	630
122	138
215	345
59	160
45	147
173	482
264	592
286	678
89	358
2	477
187	289
112	669
217	649
121	208
173	400
276	388
41	242
12	41
103	344
424	594
86	222
238	663
50	237
351	483
53	363
307	343
161	180
123	616
33	674
177	356
309	660
370	625
421	499
373	623
60	671
266	334
135	305
153	699
69	422
303	562
46	616
147	578
110	537
18	357
200	644
95	431
446	534
339	597
107	516
54	361
61	683
271	625
144	280
473	648
76	560
31	258
618	649
512	587
270	634
320	336
261	368
171	193
219	451
297	668
372	662
53	437
449	618
176	199
503	608
68	450
56	117
67	154
95	570
134	505
215	691
334	684
214	606
646	670
49	184
96	354
235	557
8	473
435	461
334	521
208	347
62	95
441	632
208	526
307	595
138	206
47	145
654	693
67	649
292	695
307	504
399	551
107	170
344	699
145	338
191	325
27	137
144	646
419	438
30	576
435	478
299	612
68	271
546	648
67	152
72	610
72	397
215	364
465	684
163	354
109	522
136	536
487	594
274	689
34	63
447	679
581	642
310	408
279	329
110	148
69	376
45	67
636	690
166	654
473	589
53	108
9	69
81	235
488	682
48	273
33	586
327	538
484	490
500	585
301	676
475	653
245	257
21	501
282	466
79	468
446	603
532	552
56	310
170	499
33	517
371	380
36	191
188	623
628	682
40	542
130	479
90	509
419	519
55	232
69	151
262	661
123	369
280	298
62	564
152	592
110	590
271	307
48	129
150	643
448	579
325	525
542	643
99	104
409	676
409	605
99	307
75	363
489	612
124	201
551	638
578	626
63	310
208	361
128	354
72	543
414	675
486	545
206	560
507	611
243	352
340	394
181	253
208	400
416	554
159	533
149	455
314	440
25	529
162	634
400	691
282	581
104	152
191	208
562	600
64	529
204	611
188	511
62	635
22	136
93	596
242	662
227	256
466	631
330	603
178	498
312	552
145	696
17	679
128	222
72	322
148	570
152	196
27	537
370	583
471	624
81	179
95	320
307	316
671	679
58	81
589	624
241	425
261	279
122	538
528	668
297	416
392	422
438	463
165	326
98	229
207	313
134	574
489	553
187	474
121	595
395	619
423	586
255	476
6	668
46	561
221	698
14	350
338	454
77	490
255	395
124	563
229	440
277	367
530	555
445	671
74	406
611	659
621	651
19	191
370	374
35	463
269	510
396	578
244	256
121	641
156	240
90	437
192	591
28	350
301	663
94	259
290	513
295	625
223	424
35	637
314	454
248	566
329	430
260	588
87	101
4	105
91	185
259	515
128	221
19	260
401	602
243	556
105	372
33	305
225	320
72	538
33	111
77	419
57	250
33	692
302	580
431	686
37	217
63	569
210	540
166	368
342	579
70	542
592	682
66	511
35	157
278	381
304	525
15	312
10	25
264	494
593	614
437	647
22	247
167	535
454	628
549	687
72	401
285	595
328	554
453	575
547	619
361	682
21	599
0	266
56	146
104	610
213	463
112	120
353	401
10	573
547	678
421	543
365	542
470	490
136	564
149	210
240	665
142	561
21	381
335	405
82	425
10	508
352	426
152	305
188	639
437	635
458	517
306	473
676	698
76	539
170	480
139	672
177	302
363	428
195	646
235	327
208	308
58	294
93	457
187	601
73	583
556	699
140	511
99	438
129	186
42	501
121	406
470	599
15	73
63	526
587	590
350	581
221	449
288	323
502	557
92	407
219	232
100	478
339	561
590	675
92	674
22	390
103	504
396	630
19	286
369	564
4	112
325	341
211	250
253	295
129	645
163	629
462	550
619	647
150	503
537	651
52	517
51	440
617	693
19	558
24	678
549	639
205	353
293	416
542	614
433	511
451	525
202	685
498	682
87	626
244	571
149	293
214	621
257	575
518	612
140	625
216	272
320	449
1	317
173	406
142	452
144	353
137	309
65	418
92	383
29	558
367	439
15	596
610	663
121	351
458	497
272	641
116	193
112	143
471	681
490	660
284	412
216	311
23	43
324	490
423	592
366	394
356	609
433	646
4	571
551	641
348	391
481	496
135	221
187	366
67	446
399	569
210	517
54	402
5	227
144	274
87	621
262	600
557	622
295	663
374	656
181	242
339	511
230	440
331	563
102	332
383	449
20	496
319	391
186	292
514	544
249	568
491	526
228	245
66	487
167	690
7	659
158	437
583	658
170	605
73	515
130	324
446	447
130	330
339	502
500	655
358	670
222	260
280	405
84	626
651	661
414	469
152	646
87	270
97	687
449	613
66	199
412	531
364	692
186	276
315	318
667	682
77	697
292	568
293	401
252	500
60	433
387	605
554	608
173	678
463	523
425	507
517	679
597	631
359	670
88	366
498	520
597	687
373	516
112	467
379	431
199	212
248	494
567	568
138	588
215	460
56	152
605	610
58	128
274	381
181	210
60	548
404	510
393	681
375	407
335	396
132	300
153	231
550	640
13	365
9	118
38	663
43	676
350	641
244	276
165	175
427	521
470	693
179	213
563	597
270	431
364	643
93	280
94	257
322	664
104	694
547	629
255	565
627	689
137	274
37	94
478	615
264	587
104	617
437	625
247	370
128	214
84	594
391	420
646	652
84	224
158	273
473	547
41	221
344	599
35	488
325	370
440	617
164	471
53	531
314	534
531	576
105	527
304	549
187	611
170	279
65	509
180	188
223	455
139	206
185	676
65	69
86	132
450	639
131	687
80	477
54	119
25	489
193	279
425	439
247	699
174	609
149	516
88	312
259	438
248	298
18	209
145	157
509	649
39	521
477	502
304	513
51	388
175	476
283	309
44	79
7	141
288	489
65	428
335	563
253	598
31	317
454	697
129	133
47	306
396	635
92	135
184	692
541	572
221	457
108	478
74	301
293	560
206	648
45	317
264	290
108	538
317	611
506	616
613	675
288	513
102	222
413	463
241	348
57	117
138	507
70	554
223	520
73	83
538	641
369	543
281	288
208	212
449	545
90	301
472	633
124	159
133	377
556	585
241	575
186	654
122	128
216	536
556	608
114	562
70	85
55	420
174	600
2	413
185	508
63	286
64	671
72	588
327	451
281	618
304	362
158	488
323	565
109	286
315	554
113	172
366	544
88	287
179	243
229	544
308	436
243	601
453	612
374	379
102	624
28	435
271	450
609	658
216	604
469	525
77	153
156	282
17	61
381	563
14	151
69	623
126	292
30	285
19	77
98	388
337	553
236	623
106	558
143	557
161	172
386	558
119	193
107	609
195	662
37	625
366	420
422	647
19	328
325	683
106	279
28	237
384	481
53	648
21	147
591	672
81	90
189	275
551	591
447	585
305	400
541	604
0	137
325	538
673	683
246	290
54	621
105	432
140	550
314	343
155	404
77	285
136	650
253	618
109	198
134	148
37	57
72	384
419	490
385	393
404	561
133	329
250	404
352	507
123	253
275	363
2	606
38	70
91	294
234	646
151	289
210	573
55	222
198	461
509	687
142	313
55	327
208	275
546	608
31	308
331	654
215	642
45	271
376	628
224	636
369	684
158	179
87	196
140	427
43	362
71	676
159	180
511	593
70	412
69	653
176	369
183	238
39	487
66	182
118	541
595	608
589	635
121	217
28	265
40	278
107	331
387	614
450	601
74	519
539	682
26	200
216	495
3	257
225	587
124	680
34	207
151	432
427	577
434	540
277	301
30	271
129	448
422	541
17	640
12	240
448	631
82	88
299	633
99	583
268	510
220	286
1	171
115	422
67	472
102	442
31	529
536	566
70	369
232	489
64	296
120	683
98	449
219	461
31	286
79	637
65	501
1	434
37	581
209	278
344	585
116	232
380	518
176	645
168	556
45	530
28	90
120	310
35	469
582	627
121	684
647	698
215	252
168	541
505	604
34	662
299	572
90	213
457	498
252	573
563	593
374	444
179	558
203	593
360	681
126	669
256	514
422	667
105	208
476	647
46	589
400	645
233	301
220	543
386	471
98	696
237	679
55	207
112	619
137	288
466	497
296	425
303	679
420	555
16	618
80	398
118	504
313	444
192	482
326	597
42	665
286	387
23	374
351	655
98	483
179	495
615	648
139	258
383	624
168	517
302	641
69	440
541	599
200	521
221	466
135	602
15	277
10	280
560	618
89	126
407	672
57	638
112	315
465	494
172	425
147	443
286	690
237	330
12	635
327	625
317	504
263	683
582	625
236	374
237	314
192	550
177	238
146	507
413	531
334	661
492	598
390	611
112	133
146	210
227	455
95	185
490	494
156	579
357	501
29	524
540	620
170	461
497	605
318	697
111	156
330	634
101	441
229	681
540	661
143	460
68	640
422	686
246	251
229	592
467	644
324	539
186	463
393	597
44	76
308	574
262	475
170	658
114	427
148	534
188	322
217	335
18	347
374	490
213	260
13	77
151	169
413	455
256	364
441	451
327	651
0	695
445	547
375	606
61	302
29	32
533	538
364	659
347	583
287	475
146	442
226	429
126	366
251	276
222	505
647	675
26	483
384	572
221	654
479	657
125	413
275	460
194	467
61	418
30	513
391	626
465	667
233	603
115	390
41	456
131	350
421	614
301	369
154	469
568	589
345	482
296	672
244	519
263	672
211	216
118	182
24	608
186	311
134	597
90	117
139	210
376	586
568	585
317	496
266	349
92	389
565	648
9	364
91	199
340	639
262	664
567	649
333	464
325	454
315	668
0	460
583	614
617	670
240	573
65	360
179	605
135	694
283	505
206	554
137	680
289	373
290	334
198	456
87	293
9	346
164	464
71	360
278	607
272	545
652	689
39	103
431	645
330	579
390	463
275	583
165	499
23	255
185	461
635	681
22	181
247	393
260	695
87	627
131	659
124	139
113	427
416	584
336	693
52	616
152	402
17	447
231	491
314	649
470	569
147	429
63	662
72	683
7	320
143	580
156	593
31	135
80	594
466	531
365	595
90	221
312	550
541	560
163	227
49	559
111	257
580	679
473	489
21	467
216	291
355	405
250	273
27	447
166	570
243	313
311	633
161	500
220	257
331	481
71	530
0	388
372	625
10	109
17	530
117	337
59	400
81	118
118	646
32	614
288	450
135	393
82	497
396	570
49	202
53	560
165	455
310	537
117	196
34	561
111	597
52	628
341	436
436	692
99	453
99	621
335	367
138	693
379	537
232	666
185	368
16	239
38	637
195	398
344	531
39	329
270	500
75	218
92	245
98	632
121	556
260	639
285	620
155	584
296	357
211	263
551	567
305	430
173	357
159	259
12	228
54	394
237	536
23	670
447	489
380	387
296	436
569	657
365	477
312	527
76	276
214	542
13	501
180	454
410	678
216	267
172	244
184	209
410	514
27	52
53	600
256	627
164	570
286	592
113	213
584	672
96	390
284	621
99	679
86	284
451	666
370	696
257	292
154	166
443	547
528	560
432	469
96	289
253	462
94	533
30	124
218	537
117	693
24	168
392	576
295	432
29	434
48	306
291	634
210	253
281	622
162	462
138	164
163	235
132	390
673	675
234	294
316	625
325	356
522	550
222	682
141	162
378	646
256	473
171	638
65	635
231	647
161	441
132	371
245	583
181	473
14	237
477	563
551	555
101	130
530	590
149	421
95	208
384	387
441	597
510	677
34	275
169	494
75	161
337	439
87	571
42	411
419	620
53	580
115	634
267	458
129	521
104	243
411	663
431	643
369	641
81	281
353	633
436	549
151	277
606	675
300	611
126	394
1	435
250	667
81	149
82	586
437	604
147	525
113	595
382	444
264	575
257	506
35	228
221	470
82	617
45	652
507	640
383	474
33	636
412	684
589	606
587	620
244	587
141	363
602	618
373	489
131	220
290	364
321	685
3	403
54	520
256	523
234	378
142	454
508	643
469	509
247	491
253	344
61	668
172	592
69	358
224	298
262	296
45	327
433	541
287	493
50	223
68	472
316	479
389	510
64	84
356	390
30	394
316	473
360	610
209	288
101	229
67	349
93	329
9	312
62	156
286	562
17	383
461	501
44	233
132	442
48	135
112	531
73	653
26	182
336	689
416	575
108	246
255	482
318	503
382	650
364	446
650	694
8	585
276	688
206	495
230	545
12	186
401	469
8	626
252	515
116	154
367	469
12	626
112	630
542	602
180	181
566	600
362	461
83	252
5	666
329	498
553	566
186	687
50	325
278	318
377	544
649	657
168	300
300	303
95	127
50	170
351	585
325	447
293	497
324	377
484	496
541	590
467	555
410	542
358	690
426	532
106	363
93	224
432	560
345	511
109	189
522	650
168	568
428	651
38	215
6	555
331	472
410	625
34	222
3	503
49	637
401	547
559	633
61	561
43	266
600	622
205	541
101	106
199	367
15	626
225	382
48	189
270	303
609	695
370	522
595	661
93	208
18	266
249	251
344	424
500	672
455	554
437	645
171	502
109	479
1	4
207	495
104	699
121	513
603	635
46	410
105	301
134	699
218	444
342	686
94	486
43	335
95	637
355	460
142	517
143	577
297	566
188	604
5	365
102	597
314	575
3	304
276	641
133	484
9	163
184	587
71	326
14	433
400	471
152	398
174	199
311	481
134	555
353	646
301	387
217	369
63	576
12	237
304	682
500	631
413	446
93	682
386	633
400	474
142	453
136	183
458	503
34	119
101	555
474	487
149	576
107	350
16	112
62	611
121	469
41	683
170	591
167	169
74	595
437	518
42	336
387	566
287	405
22	333
76	555
340	565
27	654
590	599
416	589
208	659
374	660
446	459
121	488
22	671
79	344
104	459
252	363
415	677
98	341
378	560
205	417
140	198
274	387
516	608
147	331
115	655
208	296
327	601
96	200
42	529
33	363
212	258
340	488
7	28
372	578
309	486
472	525
376	649
511	598
464	553
231	285
212	271
134	307
515	516
164	357
134	668
190	616
436	563
158	328
154	601
497	508
366	483
98	473
174	652
271	397
177	648
191	540
79	620
332	666
115	363
492	517
357	667
141	429
8	28
641	684
63	476
110	417
211	315
152	556
5	530
83	97
79	119
442	452
265	605
37	204
1	257
351	696
300	586
137	601
313	601
41	312
35	430
272	617
640	665
22	46
215	317
278	629
339	663
391	551
3	655
35	381
306	540
273	607
28	249
33	325
291	454
178	567
18	533
102	108
16	158
439	624
365	371
593	688
373	466
93	261
20	611
178	262
192	458
135	325
295	459
237	449
145	552
97	184
494	497
377	487
117	191
290	444
56	503
253	648
494	612
183	259
453	547
590	658
59	265
368	598
227	496
223	479
23	543
385	665
430	611
282	554
291	368
108	130
45	280
159	680
205	507
9	383
438	687
175	576
69	679
366	494
446	639
68	174
14	426
274	653
409	699
231	283
71	694
362	622
30	463
281	399
145	554
456	603
124	617
134	335
581	609
487	664
3	590
33	655
329	609
181	693
441	562
364	423
52	285
21	84
358	592
11	90
2	56
640	658
457	659
373	464
27	316
338	380
251	387
328	489
248	564
152	365
112	124
674	690
513	529
142	281
17	327
112	404
172	179
146	193
89	121
183	335
172	678
334	549
278	458
414	419
350	444
8	437
466	565
53	474
399	619
64	98
397	448
327	395
141	506
392	511
210	582
112	597
142	575
12	105
42	308
89	635
43	629
202	446
180	686
11	359
39	203
336	489
192	333
111	351
105	654
420	486
369	511
466	529
308	596
393	409
106	322
252	253
57	513
294	363
363	603
184	588
374	545
356	691
147	329
675	679
99	558
155	528
414	681
565	608
509	575
0	454
171	671
245	474
225	266
218	234
178	641
68	441
183	249
625	636
258	689
639	677
326	483
223	255
18	21
126	367
481	637
465	595
244	304
47	619
46	590
379	641
444	520
108	511
48	624
374	657
530	562
216	628
593	636
348	457
156	241
2	111
90	685
312	593
142	289
36	625
379	499
506	528
168	307
169	324
50	303
97	683
406	686
299	509
414	684
589	602
9	422
99	350
23	175
20	143
64	458
134	577
122	686
229	497
321	619
331	522
388	662
112	440
44	535
241	683
8	320
36	696
44	138
122	438
221	425
302	542
45	150
198	400
553	648
91	219
239	522
526	546
316	449
139	523
432	696
151	666
172	490
111	518
199	663
19	536
298	686
26	629
492	575
603	681
295	369
269	415
32	692
10	512
221	636
102	527
302	309
37	502
21	579
91	148
187	458
404	644
45	87
473	560
510	625
138	493
181	389
93	470
367	648
123	141
527	699
164	597
80	333
213	610
184	345
295	560
274	409
539	590
18	138
112	464
44	315
30	472
273	454
185	335
359	631
220	379
76	98
441	527
54	195
234	542
481	581
7	9
364	444
145	173
328	626
42	132
264	668
592	642
108	249
24	295
511	568
90	91
108	515
489	626
69	89
7	462
280	626
246	471
435	676
94	166
230	292
10	412
333	541
411	473
624	627
421	422
296	399
57	79
392	691
62	171
185	222
499	525
159	364
440	645
263	339
498	628
77	578
255	553
232	542
149	481
321	543
137	175
360	690
220	432
158	422
60	83
59	250
319	670
216	283
196	363
95	552
397	436
1	270
14	554
31	243
229	692
208	690
103	347
512	576
174	597
68	380
486	637
3	462
128	637
178	186
147	622
505	647
458	631
361	662
349	382
258	448
651	672
371	476
267	570
272	496
585	644
98	466
129	412
289	583
341	595
52	509
92	299
212	396
76	379
149	410
42	166
116	656
385	597
27	442
235	622
132	337
84	248
479	648
8	171
140	644
136	441
417	686
321	500
67	393
252	617
158	637
136	339
344	447
224	356
308	639
121	500
50	247
42	96
160	597
496	647
239	638
441	589
530	549
259	426
628	687
144	331
176	503
23	189
154	474
420	513
381	420
222	418
487	582
297	636
378	594
311	673
13	576
29	496
103	328
663	678
20	665
141	471
162	338
532	565
172	598
166	688
168	581
55	694
33	647
122	339
46	278
158	572
54	617
185	377
167	451
123	508
362	568
92	309
181	281
51	591
151	259
72	353
151	193
369	392
324	389
348	414
288	403
484	570
239	591
151	546
478	603
465	643
489	608
207	393
410	465
423	632
133	562
127	349
255	572
6	627
121	433
119	697
5	103
641	681
298	321
465	544
361	530
152	187
102	363
41	559
64	118
17	27
270	355
11	499
470	597
174	414
236	539
84	551
274	425
118	232
91	462
43	98
2	636
142	606
328	420
218	438
345	614
82	304
119	530
3	583
36	143
104	525
276	318
124	510
8	25
202	656
83	589
462	626
674	695
33	406
7	360
167	579
170	537
430	532
105	281
124	185
490	609
126	381
96	305
41	91
325	572
276	478
400	609
327	341
78	293
289	420
304	640
80	558
167	266
442	594
369	638
378	550
63	554
233	488
529	662
317	669
336	580
365	642
58	522
406	515
23	636
223	364
16	571
464	692
233	616
32	341
115	322
513	661
186	572
428	452
274	339
37	280
24	575
198	532
293	555
469	653
408	464
137	645
528	621
472	606
67	607
300	663
28	567
406	602
181	319
56	604
106	268
409	503
24	425
123	599
97	212
419	629
17	375
387	640
370	488
290	311
491	590
34	122
50	236
146	539
100	256
320	694
150	348
344	651
360	430
137	173
141	424
420	544
202	464
342	498
65	389
556	646
60	167
201	518
323	575
165	545
329	353
24	686
123	381
77	546
342	625
330	602
135	452
375	568
496	533
438	576
446	661
399	589
388	536
102	240
558	579
215	514
170	675
118	619
305	375
242	535
5	574
112	203
17	339
50	412
378	676
226	413
653	662
192	335
13	686
526	615
138	363
68	437
111	121
187	499
136	428
152	392
58	663
363	482
207	247
30	73
646	676
54	374
70	453
19	627
33	612
56	626
42	269
252	632
303	419
43	416
58	130
476	674
368	512
329	545
33	472
157	504
262	330
264	396
373	644
150	262
73	536
290	633
159	479
490	643
624	692
158	484
81	653
526	637
157	274
165	179
403	599
82	105
516	521
256	365
303	374
79	138
156	433
554	591
177	635
248	332
160	473
152	374
135	288
278	441
205	291
144	366
441	670
294	650
71	690
6	684
298	371
41	202
131	386
55	518
630	677
117	215
71	330
375	615
162	426
76	404
50	524
250	264
116	559
275	529
455	638
425	467
33	439
23	353
46	609
372	385
73	279
144	505
131	633
515	650
589	640
334	484
349	672
299	542
525	595
140	253
120	348
505	560
9	370
424	539
295	454
628	696
20	381
291	400
79	613
163	386
162	544
229	450
44	88
48	152
286	468
194	655
212	353
22	155
212	605
397	687
80	413
468	571
432	467
381	505
193	639
106	462
338	634
22	458
398	613
287	332
187	652
161	309
251	638
56	169
222	306
287	438
126	210
57	128
305	427
171	555
187	280
353	573
421	600
479	670
169	347
309	311
325	533
258	508
227	233
1	447
143	468
57	69
546	596
255	510
324	616
380	416
465	658
238	461
542	565
59	86
522	694
366	403
78	261
273	676
37	172
449	517
300	485
50	606
168	254
197	548
113	562
437	692
193	698
341	402
117	546
202	475
60	559
375	572
3	522
84	309
53	288
106	681
54	313
91	601
178	650
350	631
90	424
126	334
453	609
217	301
11	607
91	142
288	467
312	445
102	619
624	638
17	19
569	575
351	435
113	456
393	530
59	592
402	507
3	4
251	275
133	550
487	598
381	502
19	145
158	642
565	653
87	398
571	638
79	135
99	634
216	611
378	547
170	326
448	690
217	362
0	95
147	489
606	651
273	295
123	236
248	516
538	576
43	484
219	441
66	536
414	698
35	599
131	293
111	268
112	247
275	509
156	570
2	276
444	467
211	237
586	626
243	364
382	559
395	566
196	552
175	373
197	520
437	607
34	283
148	330
102	463
85	611
2	325
324	633
655	696
414	629
427	484
131	611
122	680
500	564
56	662
341	569
88	377
107	132
287	492
278	630
174	380
23	230
397	699
195	258
181	616
339	604
274	607
128	477
383	642
21	609
464	528
453	553
334	690
167	371
380	539
428	672
181	555
62	354
530	691
126	331
413	509
320	366
254	685
365	636
116	469
345	392
214	359
383	623
111	578
394	638
277	302
5	310
84	294
174	335
50	658
374	641
288	633
279	603
495	659
235	350
207	265
152	342
38	472
126	425
345	576
373	533
414	559
532	641
295	606
400	584
40	517
65	290
361	595
436	622
386	618
298	682
40	190
171	399
48	531
404	572
284	481
120	203
88	480
356	453
295	548
253	561
70	373
502	662
172	619
277	580
290	539
126	440
217	469
253	267
122	677
8	27
84	366
452	672
543	629
72	562
120	454
217	552
164	671
503	623
33	401
26	168
152	560
486	555
51	622
165	689
435	509
148	397
224	297
445	451
175	546
289	465
333	530
406	460
25	578
544	642
225	486
69	366
406	428
13	682
376	699
81	316
255	369
216	362
506	662
387	389
4	342
137	485
156	165
462	510
1	399
428	525
491	676
425	536
163	336
106	585
347	594
171	255
572	668
118	160
42	78
549	567
47	678
31	693
47	261
358	602
69	296
389	539
375	382
262	264
604	694
43	699
207	268
207	430
20	589
129	522
504	580
497	500
460	594
52	361
330	549
67	485
266	351
132	275
110	396
531	671
428	662
183	629
272	366
469	537
442	526
643	681
65	78
39	552
341	357
483	491
198	575
535	594
64	447
260	591
116	659
342	379
52	107
207	352
62	111
297	519
174	505
487	624
254	347
169	516
362	419
64	486
127	544
318	675
199	603
1	261
263	470
546	589
632	684
221	253
335	355
420	675
178	336
595	606
298	535
61	583
267	296
290	536
181	455
276	645
341	622
68	82
218	333
91	280
33	513
380	419
108	513
319	435
389	452
137	202
319	658
199	512
537	581
131	426
72	620
322	324
104	425
126	470
99	491
326	395
169	214
404	457
99	137
113	353
370	595
207	353
219	595
302	513
230	403
89	626
427	647
133	440
173	505
509	683
551	602
195	302
182	679
27	362
10	380
227	624
38	75
57	138
133	189
7	564
74	543
681	688
218	289
198	369
359	392
123	441
201	420
298	644
136	366
41	577
360	447
299	589
226	407
21	93
96	176
341	685
311	658
564	634
297	689
71	277
290	490
349	401
133	334
123	649
330	542
463	685
194	352
185	695
20	668
219	438
464	522
415	433
63	271
268	457
38	540
212	403
427	509
90	569
193	392
135	447
41	302
42	321
66	196
205	481
346	408
156	464
29	258
301	613
113	143
504	587
185	188
82	333
89	473
345	552
90	153
362	384
225	368
166	333
512	536
31	42
382	529
219	498
150	238
90	325
75	197
128	462
153	314
125	619
193	560
9	656
258	479
292	552
378	393
27	71
566	585
82	184
28	679
227	426
254	558
413	525
206	396
151	166
204	340
94	235
16	568
51	281
105	641
67	262
172	599
14	514
69	428
201	318
201	302
203	646
313	553
140	544
558	595
491	588
278	447
99	259
75	399
155	473
465	481
231	246
409	455
588	659
284	335
327	394
343	418
151	555
72	630
323	656
173	694
48	252
135	555
197	218
69	75
397	433
6	683
543	627
290	415
281	314
309	346
51	672
170	213
309	549
212	578
210	404
351	489
574	683
600	695
293	438
361	658
32	653
325	698
58	613
138	205
52	626
77	202
1	482
190	269
56	458
599	605
149	450
242	359
73	286
93	688
109	555
681	692
304	581
534	689
43	523
356	385
437	592
374	456
606	676
371	483
451	692
343	668
301	517
487	496
293	314
236	252
118	475
559	684
233	546
77	679
407	543
0	354
56	472
106	114
337	500
107	650
9	226
318	615
31	495
123	332
154	314
261	297
144	354
78	538
85	179
391	525
368	385
137	483
71	250
495	563
255	507
399	661
205	662
253	425
43	265
227	258
292	324
372	500
287	603
271	599
132	438
146	469
556	698
242	671
249	392
193	440
169	352
16	634
100	577
76	568
530	558
550	683
61	441
245	630
148	464
169	213
3	627
161	187
219	457
532	586
161	668
13	336
34	528
392	531
293	614
9	225
313	639
171	371
39	189
238	242
97	649
177	266
528	537
307	449
39	258
40	553
293	662
73	312
14	276
32	142
69	604
92	449
185	248
262	671
434	474
308	328
254	405
71	563
187	315
55	516
122	695
249	375
180	505
303	464
77	311
489	634
34	258
304	609
568	625
88	512
169	595
27	80
493	584
57	611
306	492
74	106
48	303
0	139
76	106
70	553
120	476
39	406
66	356
476	551
47	199
637	679
193	480
64	264
281	442
301	560
226	656
11	219
212	267
549	611
242	374
444	628
41	57
109	302
588	590
532	633
481	626
25	59
7	88
120	526
536	691
119	408
615	644
149	665
86	399
284	517
197	418
231	251
10	612
88	293
40	338
358	415
30	558
682	686
198	218
135	696
72	212
368	494
345	571
273	523
256	617
1	635
314	417
38	110
235	240
164	613
346	497
82	337
306	445
25	105
335	637
180	292
305	336
255	605
53	260
360	660
155	466
76	466
639	680
109	497
3	28
92	364
386	605
33	113
145	244
262	650
396	580
203	538
164	368
323	658
311	348
352	493
255	577
65	276
102	418
321	462
109	185
216	600
286	309
218	237
157	481
468	518
165	528
260	532
247	673
56	483
100	460
227	569
203	524
27	580
19	37
109	199
109	411
548	589
114	476
468	649
11	693
30	181
63	413
356	405
466	639
409	590
507	619
419	549
116	147
108	215
8	336
607	666
231	440
73	543
278	699
131	317
11	564
202	524
85	497
154	280
286	370
331	453
128	272
388	406
196	579
390	551
256	529
67	185
158	383
447	628
48	428
69	654
222	694
31	256
354	526
78	489
26	325
174	381
130	539
440	458
87	582
254	397
75	593
374	557
144	508
74	533
100	440
330	612
394	531
152	630
390	407
370	554
249	546
497	663
450	540
263	366
42	554
70	640
262	543
503	504
25	490
368	619
65	114
44	50
100	138
88	251
181	595
513	552
71	337
374	542
508	596
78	463
304	365
87	575
135	337
177	282
351	409
229	521
232	449
580	673
24	231
230	330
171	531
43	510
36	151
428	608
657	665
362	598
394	552
254	328
257	437
342	412
229	414
439	481
52	338
406	447
130	328
335	375
293	532
228	491
222	351
298	634
63	437
296	347
314	385
25	510
294	508
465	646
631	649
123	137
375	687
60	541
240	497
7	20
492	510
166	305
275	556
303	335
492	507
276	602
343	431
266	527
32	425
360	463
86	232
0	72
190	354
244	614
62	68
334	539
150	676
548	583
126	308
335	591
481	516
45	590
584	669
244	640
547	643
177	571
8	214
595	643
196	653
264	659
54	147
137	285
411	576
272	381
162	247
218	464
323	360
263	461
128	536
119	285
176	435
142	204
165	178
52	412
28	451
384	580
135	184
266	465
281	578
25	172
558	632
302	593
114	359
293	362
441	541
125	674
302	625
238	503
364	493
0	75
395	420
22	330
36	39
35	681
49	551
403	504
394	518
286	340
429	484
56	131
2	192
389	442
208	370
296	312
194	431
132	163
250	508
222	674
553	675
1	666
82	411
89	382
410	680
68	605
208	653
215	263
75	659
159	262
114	529
59	427
88	165
190	370
112	187
293	328
130	632
292	646
569	625
434	539
49	430
443	618
257	389
68	214
345	543
551	571
349	467
135	576
169	283
329	468
63	532
433	675
107	592
32	535
70	618
231	394
29	609
92	414
364	666
481	540
43	317
604	627
11	318
49	55
397	590
617	682
242	482
476	553
190	277
69	556
380	631
673	674
285	460
307	397
277	647
307	344
474	579
113	561
261	474
321	679
168	585
612	615
134	320
160	449
558	665
80	695
266	339
184	414
275	617
78	120
464	549
187	252
171	637
317	602
25	35
519	563
317	533
42	173
121	499
144	305
490	552
156	418
594	663
434	662
150	573
260	299
236	459
138	615
344	595
279	348
419	681
38	52
7	169
294	602
261	540
141	308
261	387
628	652
350	638
219	577
389	596
82	342
158	679
487	661
188	493
134	581
7	163
165	330
86	678
111	292
251	646
164	548
170	389
379	417
261	275
71	263
373	565
282	304
106	128
331	564
531	660
427	479
164	630
113	466
122	238
198	217
142	266
443	493
129	342
372	649
543	690
37	373
275	349
22	114
111	643
409	507
14	382
1	12
531	577
339	480
144	255
309	555
513	522
179	206
114	483
82	168
214	692
222	657
449	647
362	522
325	531
232	310
73	160
15	347
353	442
516	639
208	619
415	612
432	679
199	478
219	399
424	556
94	484
533	677
360	536
597	671
168	292
11	661
4	401
85	505
24	313
504	552
179	195
375	454
43	632
147	655
298	496
549	697
2	409
145	444
178	551
477	653
234	544
596	657
231	328
70	410
163	632
60	350
203	598
213	668
625	665
246	503
331	358
281	483
368	530
41	658
265	419
99	339
311	617
327	528
238	522
288	470
108	545
386	501
56	612
136	245
303	681
70	353
285	663
113	308
17	303
511	570
146	517
509	650
34	666
283	496
47	417
7	25
30	294
309	412
636	640
125	689
47	52
325	629
453	561
55	446
345	450
77	698
282	660
251	671
485	635
606	664
109	583
512	652
420	652
535	604
117	284
112	615
53	570
142	203
153	209
204	392
225	428
39	451
27	118
55	618
98	409
451	670
62	659
41	95
53	67
85	561
7	483
110	269
578	629
323	329
230	669
220	601
608	677
284	327
197	315
480	693
46	48
130	607
625	629
267	484
389	608
2	186
449	645
196	231
456	634
137	401
222	562
259	473
220	478
276	344
501	607
252	496
416	673
399	545
154	522
152	336
80	155
92	307
58	91
19	423
164	639
616	666
429	620
126	285
119	277
139	470
112	342
154	605
121	296
212	477
271	333
43	661
125	228
545	551
451	565
175	208
215	665
114	430
431	466
149	183
25	376
144	408
313	374
49	197
95	330
81	536
286	428
301	661
570	640
39	463
0	217
111	140
258	404
312	679
193	388
168	618
502	531
19	608
4	465
325	390
241	682
610	667
418	646
186	531
182	521
192	427
28	152
288	358
10	594
89	360
463	506
70	594
405	446
24	423
337	597
311	449
393	693
479	674
163	173
218	642
364	401
80	188
433	463
189	286
312	361
514	640
254	645
511	658
125	406
286	461
236	579
30	184
86	691
44	263
391	472
117	226
192	474
180	432
384	553
304	550
253	299
385	410
256	682
234	302
483	507
245	321
194	215
190	566
25	371
77	403
522	664
278	552
353	683
63	377
624	683
77	126
241	452
245	374
135	351
61	378
65	258
155	577
97	419
163	512
1	438
116	530
451	508
502	679
101	481
26	659
108	595
116	155
117	426
262	480
122	364
126	452
27	619
215	509
285	401
112	325
249	314
268	367
54	337
115	550
197	567
60	197
138	223
108	409
38	159
130	475
159	219
170	197
473	600
564	670
148	456
404	438
161	426
142	661
121	530
191	390
107	527
294	332
16	225
182	192
406	480
557	599
134	297
247	488
10	427
272	642
60	126
4	346
447	693
101	469
300	601
58	553
424	462
217	402
124	394
56	428
243	488
82	356
220	558
271	374
60	507
87	369
484	507
289	537
14	388
31	126
61	222
176	565
217	467
266	536
462	553
217	622
496	524
21	517
321	585
587	632
174	453
593	639
17	636
37	156
324	632
435	544
238	288
41	171
132	449
356	694
586	681
226	689
307	394
303	659
521	667
42	182
36	260
629	635
68	621
128	249
353	485
280	436
219	319
383	646
151	612
51	525
255	585
384	412
395	628
144	361
308	495
210	620
6	251
281	293
89	173
453	615
47	609
49	249
219	298
333	391
280	282
121	458
104	194
47	433
273	505
242	501
238	248
174	360
276	376
375	519
83	131
76	132
130	154
19	553
63	496
96	274
460	626
99	581
20	553
101	612
554	644
556	660
491	574
490	593
100	495
415	456
183	507
8	303
465	674
482	673
243	338
372	656
516	522
265	629
240	473
506	554
298	349
96	600
362	456
92	227
451	461
244	296
202	455
190	306
217	398
172	412
23	69
598	674
496	581
19	226
512	569
8	169
108	344
322	591
282	357
188	211
426	513
21	652
91	623
60	259
34	372
45	455
175	357
285	366
557	669
91	659
209	339
90	275
9	157
223	338
550	622
341	637
109	119
209	249
535	588
299	512
74	149
190	699
17	142
392	523
97	604
121	227
132	167
375	509
605	678
299	324
72	527
168	220
461	698
253	678
207	600
235	542
310	394
276	473
1	304
116	170
241	377
73	165
253	348
486	677
36	617
361	430
155	384
437	683
120	142
462	481
390	437
405	672
436	674
301	617
509	623
294	674
125	618
280	504
194	520
207	290
71	93
79	385
188	409
211	579
235	545
15	519
260	336
69	478
339	435
70	579
107	431
153	685
177	428
4	655
506	583
31	84
156	375
58	189
486	665
472	481
253	420
149	413
151	228
245	617
84	486
168	358
385	570
99	224
591	692
68	434
67	230
458	507
199	210
74	676
286	412
39	307
149	440
404	604
162	685
183	446
241	580
214	605
657	680
165	306
51	671
66	316
180	396
496	634
6	470
9	549
235	508
166	571
117	220
326	678
251	557
303	443
44	294
408	508
155	307
101	462
182	645
310	453
20	217
137	157
189	536
28	584
90	397
61	140
121	536
82	141
59	444
98	339
20	320
56	317
39	624
97	516
142	585
199	660
313	603
74	584
348	631
128	237
20	347
109	557
281	286
149	434
182	398
117	122
291	424
383	528
56	269
450	606
222	487
205	688
88	645
158	463
127	537
16	216
437	622
57	540
462	667
296	371
106	549
21	216
142	397
158	199
301	569
38	318
76	87
344	398
287	526
51	180
273	326
492	589
203	521
369	652
152	580
226	627
341	648
166	657
520	551
46	367
2	41
410	620
57	567
66	308
496	653
51	597
502	652
538	699
138	601
390	606
64	194
270	577
132	535
298	423
238	697
314	699
169	437
267	540
151	464
332	492
239	552
67	646
96	576
456	616
195	515
4	478
2	345
38	95
266	401
275	413
195	404
43	91
184	695
262	384
90	476
48	265
408	576
309	494
423	666
618	671
77	378
138	625
234	455
309	418
279	620
178	265
159	431
268	341
14	277
205	628
21	423
169	379
47	271
149	427
185	555
363	466
88	282
61	544
40	148
62	441
28	607
94	590
202	658
152	641
310	386
259	642
133	308
343	494
118	520
22	564
80	332
555	574
226	491
583	696
68	583
169	208
405	448
225	407
8	29
507	539
359	417
279	682
134	450
255	388
350	653
28	534
135	501
109	148
89	158
8	499
424	580
260	482
290	409
372	575
573	581
497	516
36	341
466	516
174	223
453	493
41	664
88	252
262	435
332	440
463	578
530	625
381	521
417	667
97	321
81	590
255	424
122	467
56	83
643	649
14	129
295	694
295	636
389	692
546	606
112	231
137	375
622	682
151	164
285	304
153	206
321	322
77	275
182	480
490	689
200	285
293	343
24	242
83	333
87	290
434	598
80	293
245	437
139	413
31	470
74	107
537	631
239	637
64	484
249	688
393	473
184	571
431	471
238	665
71	156
37	490
577	634
388	415
423	441
224	610
113	560
40	413
236	314
543	557
141	352
379	602
539	569
263	446
55	655
351	448
152	465
564	600
437	646
209	494
446	655
14	529
61	502
557	571
482	495
351	632
269	537
31	548
55	362
162	475
292	661
86	137
10	434
447	547
385	445
514	542
359	446
9	56
558	614
511	513
57	392
142	686
522	596
310	413
292	558
232	656
59	670
211	672
1	102
138	281
453	498
356	520
36	623
259	389
442	628
584	626
79	371
28	388
102	444
444	539
6	410
358	666
81	486
573	672
331	572
244	318
498	530
271	665
163	660
27	539
130	237
169	463
34	616
316	399
99	622
117	533
127	285
27	492
410	606
267	354
506	603
558	623
341	409
514	587
391	608
138	586
84	532
168	395
364	434
32	495
16	341
270	676
33	440
22	568
90	280
459	512
89	664
289	567
174	664
139	589
188	571
183	566
159	353
48	419
55	521
237	378
82	216
338	632
34	524
170	188
117	525
90	550
128	268
83	291
395	463
228	482
284	531
120	200
227	460
11	646
139	521
411	465
328	681
124	340
299	425
80	311
18	365
518	672
49	458
137	258
9	121
196	225
57	81
235	457
210	523
403	520
79	578
449	594
381	618
220	636
215	379
244	502
159	405
19	104
165	584
292	488
197	401
277	614
9	698
399	615
73	258
554	674
47	346
159	344
399	535
194	459
282	475
561	640
91	671
50	468
281	427
90	154
170	321
248	600
559	593
553	564
395	532
248	670
131	606
413	417
212	292
422	611
583	697
339	545
77	622
122	167
442	627
334	636
23	488
133	454
130	466
295	613
27	590
318	412
38	156
97	694
450	643
297	683
432	478
326	473
114	555
235	584
297	448
103	172
69	459
218	478
123	669
33	186
255	591
296	554
341	381
57	120
290	391
210	284
154	356
149	228
122	607
264	321
1	258
291	321
317	682
174	313
387	398
259	464
225	677
132	431
168	414
134	169
456	557
30	286
114	285
314	597
50	564
237	658
120	143
86	320
268	334
94	342
198	596
236	401
29	101
451	484
151	576
37	133
31	645
204	679
197	251
558	582
71	570
392	560
35	55
74	524
505	578
319	360
99	592
288	659
106	337
648	665
598	633
71	466
207	370
396	546
4	674
26	375
335	667
532	640
73	352
236	411
26	488
167	320
393	406
234	259
329	664
580	587
464	601
612	677
209	524
407	621
693	696
22	404
445	612
89	259
177	364
15	229
341	617
328	384
321	631
144	187
187	475
135	190
285	514
39	220
391	426
10	553
41	342
326	602
218	527
82	318
528	531
229	641
308	438
66	173
375	502
636	656
200	248
257	340
378	525
36	626
259	428
183	302
106	675
317	525
292	518
101	171
190	560
282	331
6	488
212	338
181	696
5	216
579	599
488	653
21	588
329	431
218	220
429	608
52	199
89	396
71	163
19	182
443	508
465	520
144	583
91	339
42	277
1	583
138	501
6	483
551	624
192	447
177	350
131	662
138	659
58	392
215	471
7	135
145	190
565	614
229	693
489	505
265	601
81	643
17	377
212	677
174	383
109	221
65	583
168	628
317	341
114	651
141	291
112	235
410	604
9	484
584	683
219	630
273	323
270	275
137	683
101	134
212	281
188	632
311	417
258	644
321	504
139	150
299	393
66	344
301	693
125	401
144	423
429	671
515	577
270	540
311	508
124	612
594	633
184	305
266	457
575	618
129	596
271	400
328	428
457	547
329	526
643	645
77	458
97	370
76	453
46	549
257	390
10	167
134	275
12	119
331	565
182	650
314	680
103	588
491	628
597	604
341	536
147	546
52	141
204	513
64	149
643	658
323	485
262	632
102	440
589	698
280	532
365	623
216	357
283	298
140	564
374	520
52	507
243	505
254	433
252	679
288	549
312	693
404	667
149	692
517	649
15	539
12	655
39	471
289	341
359	466
409	611
308	418
154	696
73	248
95	450
100	242
218	465
62	577
242	689
132	645
493	672
105	553
290	657
305	410
39	314
26	139
247	655
71	196
89	486
108	446
223	434
520	657
233	411
408	410
12	387
96	536
437	536
265	272
229	245
304	356
536	616
251	390
83	315
221	557
331	410
532	659
95	636
325	650
334	600
217	520
283	381
68	314
152	179
140	489
31	489
63	697
168	243
16	444
379	577
400	420
92	378
122	545
364	587
302	524
288	596
8	648
146	483
515	619
86	161
58	406
228	403
395	421
9	381
215	220
287	641
205	230
236	517
294	579
307	450
60	192
89	362
39	109
576	577
155	351
214	486
429	669
177	381
60	503
70	427
48	426
249	564
263	526
88	605
572	602
496	649
634	659
249	602
45	511
324	565
314	696
26	76
388	692
249	346
462	480
197	662
579	597
179	520
45	548
318	446
171	520
367	691
22	201
56	509
269	316
323	563
37	134
446	522
263	550
233	351
246	363
222	463
124	230
137	602
276	313
632	669
360	587
403	687
97	644
357	491
540	608
398	641
15	317
447	454
229	477
9	73
300	639
19	287
71	193
248	282
304	494
186	596
170	292
496	525
122	403
287	448
489	584
46	369
245	450
70	596
27	540
249	613
58	101
147	341
7	377
318	590
93	450
483	646
56	311
318	589
524	661
250	428
55	359
127	470
262	313
124	690
231	419
490	542
93	565
248	390
39	567
91	246
236	599
388	495
443	556
427	546
136	544
260	277
107	166
93	611
4	259
362	680
117	563
293	413
59	417
245	560
13	481
12	559
371	468
160	546
430	624
94	451
415	693
403	478
152	200
382	408
362	432
193	354
430	542
41	253
337	442
259	352
256	475
13	385
195	666
621	678
7	188
356	444
487	490
344	586
87	655
70	207
26	642
224	264
15	203
352	607
579	607
58	280
39	72
57	506
84	100
23	371
634	681
459	467
555	613
52	494
354	653
366	451
306	566
43	311
193	608
0	508
46	180
255	601
318	506
295	425
85	518
145	603
319	568
151	513
397	485
214	646
36	532
41	604
43	324
179	331
49	584
187	367
332	376
118	561
49	575
153	201
414	644
620	685
228	263
499	669
345	591
293	415
273	432
92	524
374	409
458	561
281	566
492	566
244	342
203	507
420	479
189	618
106	367
531	661
534	654
491	602
302	522
196	278
127	653
224	603
130	399
104	231
77	272
9	180
243	687
196	513
135	506
321	630
175	322
12	643
519	609
566	661
269	605
457	613
45	392
508	511
70	591
90	195
220	651
151	427
85	439
91	234
60	491
311	526
6	201
210	544
548	667
144	378
445	610
236	622
116	177
3	591
473	553
276	514
132	246
18	640
223	237
374	426
209	560
56	123
43	482
245	249
71	561
228	504
120	234
447	600
427	623
89	354
36	453
234	441
586	638
515	631
55	299
232	567
421	683
469	486
342	675
24	35
44	379
131	668
179	519
432	653
25	235
656	659
387	534
427	478
56	441
166	530
326	379
296	328
15	36
417	505
65	109
26	88
38	268
247	321
156	393
199	467
14	389
62	423
65	411
69	105
230	513
182	687
209	492
425	492
79	601
396	652
114	696
533	597
78	87
250	402
113	384
276	485
295	424
453	527
114	558
430	697
32	640
22	537
431	498
126	255
137	534
75	607
214	242
19	334
174	378
143	383
252	420
313	469
345	376
373	405
24	395
77	169
552	624
340	465
469	635
49	693
587	613
270	591
150	673
33	143
259	338
329	440
322	403
157	290
290	482
57	367
2	265
249	319
39	226
563	635
580	666
245	283
84	327
67	634
328	585
392	558
207	698
230	531
231	307
103	649
172	469
240	281
142	465
339	372
97	582
579	628
1	553
158	302
30	213
155	435
443	667
103	383
278	293
118	602
498	607
14	205
153	522
377	539
88	297
213	219
562	634
260	514
166	302
117	490
412	608
340	427
33	351
149	153
104	382
49	686
450	579
143	439
82	405
416	654
230	287
262	611
425	680
457	491
309	331
275	478
269	368
164	590
129	214
14	573
337	552
214	338
322	464
382	445
94	131
147	199
45	342
159	571
328	535
435	475
209	503
128	412
64	549
213	536
231	308
68	220
78	258
199	662
39	356
4	107
166	210
415	628
165	310
8	372
475	546
239	260
430	469
80	601
15	206
287	620
118	425
20	227
484	672
286	647
162	169
38	150
0	464
84	458
83	195
91	597
262	527
119	232
126	127
507	551
1	599
107	528
149	242
449	678
124	637
292	365
217	299
122	493
50	469
85	182
549	650
443	586
184	630
256	668
163	326
626	664
377	546
40	264
142	396
200	478
0	227
2	420
341	364
523	591
116	241
142	619
153	553
9	420
222	510
165	516
597	626
117	534
349	463
521	598
374	471
373	455
541	621
209	358
471	491
275	436
291	386
249	329
103	414
368	513
454	466
603	689
62	447
36	349
64	235
296	651
118	214
242	667
333	675
381	511
389	619
239	454
619	641
376	460
210	293
248	589
75	662
174	660
143	662
284	477
423	656
361	435
122	145
8	54
485	563
287	618
394	687
90	494
225	559
102	606
150	221
399	635
122	636
458	538
172	216
168	309
95	346
290	535
173	472
251	689
17	33
234	318
38	592
190	396
196	396
57	212
112	329
101	247
227	303
343	642
155	480
27	226
89	604
249	295
133	660
49	490
206	458
48	685
252	616
101	550
264	520
299	520
165	558
437	589
28	612
270	576
300	654
304	506
173	356
232	263
184	553
116	162
142	621
474	603
94	197
114	301
360	577
0	686
222	493
75	675
162	650
136	436
226	556
41	234
32	301
617	668
140	349
104	381
224	311
389	461
35	311
229	553
386	411
377	533
322	643
20	278
125	225
197	555
12	386
51	312
404	665
27	339
68	211
533	570
478	659
300	366
238	563
222	571
131	565
319	499
549	635
96	640
244	566
355	600
120	446
501	587
288	441
198	697
454	506
167	525
232	557
156	421
429	492
347	695
367	499
66	172
104	106
62	665
387	552
297	583
81	222
430	488
29	442
83	654
255	278
20	380
11	466
298	632
40	460
381	491
512	696
71	355
198	328
112	494
263	270
362	633
334	545
153	494
438	531
83	500
138	543
340	388
285	684
461	625
79	92
9	563
259	373
86	666
341	616
204	257
120	371
54	188
36	290
381	528
19	621
408	500
53	511
334	338
155	538
362	525
136	370
358	534
417	558
649	673
173	381
345	378
442	592
631	674
99	501
530	617
487	648
76	601
258	639
221	283
10	155
160	568
312	442
46	459
180	279
160	611
31	32
76	667
326	633
410	515
205	576
468	483
342	631
45	663
236	423
536	573
391	599
543	599
12	125
240	472
435	456
45	246
340	656
355	514
113	262
292	323
82	181
37	194
553	594
309	560
227	438
178	372
76	547
343	443
322	481
191	251
475	484
648	663
288	389
98	196
312	384
137	156
201	529
213	341
112	263
671	684
143	642
304	375
346	464
385	477
70	403
22	425
161	515
468	620
542	638
291	691
109	224
53	423
93	132
523	689
445	539
275	447
406	555
328	641
593	660
256	417
393	593
228	321
462	500
5	264
449	638
297	628
142	345
164	242
382	613
483	578
105	562
623	678
87	573
271	293
46	625
28	481
455	523
68	429
105	218
444	671
240	496
187	221
570	647
193	620
537	679
321	665
12	590
205	288
309	333
509	540
112	530
278	651
393	469
355	449
75	454
259	672
383	416
375	526
411	584
206	586
164	605
208	336
350	413
125	599
499	617
309	413
233	516
21	343
478	489
32	487
196	263
396	557
145	586
265	322
352	631
375	560
151	526
432	616
56	645
46	207
126	258
284	537
181	623
285	379
311	597
222	264
218	490
152	291
307	440
21	657
336	634
198	616
351	403
379	683
26	422
172	282
105	604
538	635
308	484
83	590
95	483
171	306
156	639
8	296
236	520
643	648
261	315
130	297
307	646
388	520
426	555
66	556
248	616
264	615
82	162
262	443
46	171
53	243
92	388
127	489
176	438
296	566
332	340
105	163
135	670
354	643
149	532
416	479
607	687
501	675
232	363
377	615
14	270
253	456
392	471
424	576
197	639
277	400
351	360
287	519
67	181
52	545
361	594
432	506
154	559
261	485
118	668
269	519
284	685
165	641
76	145
404	626
526	688
517	527
226	592
506	695
90	507
247	558
38	483
156	191
335	431
349	609
483	572
289	514
23	687
106	689
158	198
204	453
217	671
24	542
458	653
80	486
237	597
184	592
97	195
280	493
222	318
577	676
403	652
497	520
590	604
214	651
108	522
92	147
442	531
226	410
103	543
155	643
239	692
88	498
25	427
156	274
115	548
30	450
188	472
447	614
178	282
56	395
94	565
258	598
628	633
392	529
230	562
317	591
165	305
24	113
180	489
0	192
364	367
91	674
272	488
253	525
84	474
172	254
192	466
272	310
72	652
360	465
602	635
246	458
136	661
181	604
433	633
524	655
86	224
304	379
330	349
294	450
524	610
434	583
239	445
268	608
651	662
165	473
119	188
233	455
205	450
539	626
260	486
270	449
139	163
37	439
353	501
261	293
261	583
226	457
289	554
66	561
490	602
96	304
27	245
515	628
247	440
148	327
95	199
150	410
359	422
347	495
89	542
160	555
661	694
504	548
102	403
89	127
108	158
433	455
203	553
72	421
222	570
25	471
457	680
174	467
273	590
130	503
630	637
96	271
381	424
181	653
200	420
81	511
238	412
251	489
96	207
458	634
587	675
75	245
321	555
424	561
382	496
2	233
36	433
191	235
474	521
134	175
231	670
393	441
175	527
490	548
57	266
258	425
334	550
69	484
83	442
549	566
5	488
315	517
379	581
532	564
49	368
460	462
108	166
467	639
48	505
93	271
142	275
302	390
165	622
178	521
501	641
81	189
275	635
456	510
471	557
110	391
6	356
185	592
644	692
71	184
317	453
194	576
224	411
526	596
406	569
363	685
236	660
34	121
235	633
320	555
20	74
455	612
40	313
66	423
637	666
18	328
184	563
292	597
214	327
479	548
149	219
523	658
185	307
94	108
32	400
153	426
375	674
123	644
289	696
159	449
105	607
21	176
497	606
438	502
200	647
167	261
104	147
429	461
35	378
538	620
291	443
253	548
12	167
259	677
32	242
560	650
133	482
123	463
224	242
621	673
20	22
176	549
489	611
14	197
257	595
85	558
471	572
664	669
213	527
162	464
182	375
489	671
181	639
24	227
37	612
255	267
157	288
527	548
525	638
441	467
324	624
3	423
517	629
110	349
385	404
240	338
183	216
13	426
199	206
451	491
31	599
360	516
66	97
460	522
221	572
12	325
487	675
249	431
345	521
299	496
11	556
305	590
408	619
121	180
34	458
297	477
109	461
75	553
257	607
532	559
271	418
425	486
63	330
98	135
314	671
339	509
412	603
288	652
241	292
168	275
206	515
546	644
130	617
414	424
57	176
40	471
63	669
539	615
96	329
357	449
113	412
310	448
94	540
53	690
327	642
372	439
265	350
129	551
351	683
57	676
57	168
228	616
207	246
575	668
104	648
441	565
489	661
15	378
133	649
406	421
250	601
16	42
235	679
395	629
100	401
60	560
180	208
467	646
175	364
563	683
232	267
69	540
266	688
313	423
659	661
422	430
320	413
43	397
245	446
538	554
111	245
306	613
482	604
314	361
202	396
131	162
104	671
100	426
119	156
535	689
228	626
174	349
146	652
104	531
202	246
387	623
301	544
261	430
149	470
19	683
77	397
235	468
526	537
35	288
480	633
189	546
140	640
501	670
229	273
88	278
263	621
324	684
456	670
167	218
321	551
81	92
56	457
237	260
463	585
163	366
510	526
135	330
449	692
389	672
241	437
170	535
82	369
392	468
347	519
401	673
442	477
652	691
383	633
143	497
96	179
56	203
371	540
210	325
535	643
409	535
397	602
226	650
356	547
371	554
242	443
385	489
320	522
8	640
100	148
109	448
496	573
627	641
19	672
532	688
356	613
88	622
20	108
329	447
78	551
366	639
572	617
32	322
157	661
126	138
176	690
498	541
374	548
570	580
126	371
92	276
89	129
167	422
191	217
162	496
227	443
5	565
265	693
102	595
525	540
191	530
180	306
134	603
92	408
103	381
120	398
378	642
481	681
18	49
506	595
10	447
27	51
25	604
350	532
43	99
21	239
382	389
87	211
382	636
373	575
160	528
169	315
311	610
370	527
402	607
145	238
116	383
125	321
141	196
421	561
372	499
139	446
542	650
361	422
96	514
257	565
168	674
190	275
77	174
97	429
199	392
63	149
187	420
254	489
87	358
101	576
579	661
417	484
464	644
71	393
136	327
503	571
83	681
261	537
96	101
85	319
362	378
519	674
26	589
367	383
293	626
46	424
96	269
226	512
213	446
23	569
254	649
320	423
49	180
53	365
282	513
293	605
389	518
166	377
551	621
199	630
446	573
168	677
107	552
349	415
29	536
171	262
349	608
178	390
349	540
398	520
75	151
153	332
36	159
87	622
39	105
403	648
273	519
179	350
393	478
43	178
233	294
454	511
641	692
284	532
128	658
301	561
381	632
115	275
242	529
463	586
56	683
175	191
382	569
80	134
399	522
533	625
415	492
317	697
329	380
310	455
13	171
67	671
173	657
216	607
45	293
349	449
142	179
496	630
25	539
181	632
278	392
487	552
1	188
467	542
207	624
95	243
213	351
60	252
261	451
488	510
166	553
180	576
551	635
290	680
150	552
659	675
254	362
192	682
153	496
123	585
495	595
29	403
490	529
339	476
638	649
534	536
296	572
382	539
56	598
144	467
202	325
170	536
0	235
245	301
212	686
347	605
170	186
21	95
112	335
44	686
44	187
344	425
594	686
108	643
459	626
4	171
214	573
219	546
267	534
439	572
235	444
559	695
187	696
336	352
51	191
499	676
195	611
318	430
210	549
9	664
96	617
1	518
33	568
39	194
56	494
106	275
218	679
171	425
7	674
257	526
91	647
104	278
235	665
2	332
297	320
171	429
44	523
597	614
206	212
352	503
149	173
406	564
274	302
334	505
47	338
110	622
380	548
64	72
254	594
265	491
402	658
482	612
114	365
269	410
30	300
271	681
133	641
322	387
449	599
99	468
197	275
456	699
317	510
324	635
1	73
553	683
494	691
38	205
128	149
159	436
109	378
45	539
332	399
10	178
176	644
18	678
143	550
128	341
402	513
299	670
573	686
425	689
261	464
376	401
175	468
497	646
236	268
593	685
383	478
262	496
107	432
29	301
426	448
63	162
32	453
81	393
72	258
187	199
240	286
297	492
81	159
242	406
293	625
681	698
48	291
151	556
269	434
237	320
535	574
455	562
437	440
146	464
181	320
322	376
180	610
177	563
82	175
197	368
217	380
304	569
440	586
263	563
280	535
44	229
209	678
185	693
169	478
28	91
48	450
281	687
208	611
286	324
356	371
55	110
101	389
371	396
231	550
627	661
170	406
39	435
243	608
143	534
254	358
380	630
633	673
435	629
369	427
363	641
78	390
484	641
235	456
100	351
224	684
117	539
73	243
91	436
306	523
98	574
158	512
194	470
145	658
233	441
275	417
251	492
66	235
341	511
354	387
303	570
77	370
268	473
11	388
243	486
243	695
582	604
167	586
286	613
87	501
186	498
167	563
158	584
511	580
68	264
54	416
183	500
294	581
94	515
482	529
313	497
74	261
197	517
328	363
482	513
85	432
9	413
100	364
364	675
289	381
342	566
590	603
77	208
254	617
423	567
19	463
32	122
453	644
5	147
515	642
253	505
55	371
222	285
15	318
166	492
472	491
239	402
55	111
334	458
232	569
507	699
135	646
88	372
75	382
163	391
367	394
418	564
92	93
130	478
438	591
92	280
205	588
158	465
110	181
288	295
366	641
67	598
346	522
153	290
361	652
366	588
335	400
96	446
366	452
159	360
223	446
194	409
215	622
308	537
234	480
27	433
267	487
128	400
35	685
96	494
409	479
58	443
302	589
236	346
219	355
119	434
192	369
34	667
189	229
536	696
272	297
179	512
399	505
107	205
21	98
65	405
65	246
195	382
144	159
230	364
147	401
317	431
498	567
217	253
208	433
90	216
35	621
537	569
293	616
167	470
505	680
287	630
481	684
146	569
142	592
120	610
254	432
451	601
197	525
491	584
196	533
298	531
82	470
318	632
424	569
199	332
456	504
82	663
131	577
382	384
336	605
260	265
313	344
447	655
84	685
255	368
160	232
195	267
122	218
86	520
161	483
228	343
459	500
4	667
4	154
441	619
116	331
94	612
321	674
240	525
41	669
283	296
140	398
233	302
118	472
16	69
408	456
133	268
60	400
384	415
217	254
57	142
119	154
64	106
336	613
290	341
418	427
10	225
14	128
114	574
61	133
316	461
465	641
115	628
158	664
143	443
56	468
438	584
10	253
202	456
225	549
376	523
542	553
79	410
170	618
356	611
91	570
94	198
232	368
445	668
103	267
135	310
315	584
256	567
380	485
418	640
31	482
294	651
341	404
528	645
257	416
289	581
311	475
629	637
351	641
117	528
59	666
292	395
494	566
160	499
174	573
379	570
44	615
93	376
304	607
296	643
37	440
138	277
55	302
91	634
226	514
21	563
17	391
360	506
91	618
159	521
58	263
116	176
227	577
188	588
322	687
169	288
285	511
493	682
33	141
287	576
113	273
205	420
469	626
52	314
110	378
267	350
120	554
339	608
58	398
444	697
61	267
164	248
199	424
4	71
561	676
351	357
35	86
160	373
124	418
83	325
40	483
353	598
132	413
141	348
366	692
100	669
175	255
92	574
429	607
632	696
360	381
357	623
186	476
45	346
142	318
91	386
10	263
242	384
67	198
438	513
393	423
500	549
225	491
4	382
131	397
426	430
275	590
255	688
403	660
120	276
135	317
89	503
61	698
623	694
191	393
310	459
84	206
475	543
201	514
449	596
46	653
26	300
506	525
207	298
44	192
183	329
237	463
52	214
55	179
189	554
396	520
273	463
496	520
168	534
555	572
96	698
383	577
119	559
43	331
371	518
278	319
363	620
44	475
319	649
233	463
413	688
122	497
392	521
456	677
88	679
61	628
14	225
387	520
255	651
575	604
452	688
317	376
517	557
526	566
149	154
356	647
106	494
52	536
224	282
436	506
110	506
251	330
330	513
391	498
122	505
292	679
90	692
572	640
556	618
74	178
625	684
143	267
477	498
113	469
666	670
97	359
408	637
17	472
305	504
119	311
24	516
4	663
67	298
265	493
390	498
327	351
64	509
401	563
52	276
59	489
149	672
140	288
228	520
6	648
6	222
275	390
693	694
45	330
14	696
240	643
235	346
303	377
457	676
642	679
328	381
43	194
529	550
398	590
88	673
330	390
414	534
332	460
101	533
347	629
149	295
129	290
435	439
489	531
66	683
130	235
180	681
319	425
157	564
258	496
438	645
454	490
249	393
163	429
147	495
141	499
488	642
118	149
549	578
268	379
69	381
121	187
260	630
153	674
147	574
16	183
93	211
35	383
28	439
427	540
12	533
23	536
146	407
278	652
345	556
415	592
261	372
320	357
133	600
175	542
151	501
385	552
43	520
26	313
22	246
254	642
275	629
390	693
522	554
402	468
70	89
137	245
83	657
246	417
189	520
178	208
432	636
204	689
195	675
42	615
18	234
285	376
86	326
74	121
444	478
299	584
20	421
375	563
117	376
5	133
21	314
387	599
188	267
292	443
222	253
126	270
112	445
90	388
351	642
157	223
315	446
496	671
181	460
396	495
12	294
79	565
91	419
46	334
360	580
172	509
66	214
126	428
535	577
165	236
267	406
428	568
351	406
67	180
234	262
263	491
370	677
76	150
255	417
559	693
511	659
352	576
367	545
543	678
214	443
572	574
118	219
513	567
459	642
221	437
32	625
17	347
208	305
670	688
474	636
427	436
352	494
8	147
264	509
176	390
117	242
278	414
60	361
419	627
105	351
505	557
79	194
405	413
140	593
434	563
195	484
427	686
57	97
302	596
327	478
42	408
374	616
87	323
90	273
518	584
397	545
405	609
123	552
131	567
578	597
259	362
87	330
117	232
493	693
159	308
136	399
286	406
466	525
192	645
227	580
428	463
300	642
88	529
205	363
218	436
299	609
421	461
76	111
82	646
75	119
53	658
449	637
162	221
121	516
455	478
456	601
101	690
170	679
490	562
42	293
18	516
274	308
28	508
35	667
303	610
158	303
230	567
11	425
61	479
495	496
403	606
104	390
147	518
489	569
14	450
302	365
158	533
138	409
32	211
527	597
181	213
55	215
429	637
100	335
523	605
279	580
332	360
320	378
464	686
56	405
54	87
438	509
57	202
244	456
124	529
204	480
308	650
600	661
84	476
82	628
359	434
410	532
366	687
114	162
25	655
114	183
271	387
478	681
239	393
151	178
29	565
41	693
88	202
219	617
408	474
18	439
409	630
27	323
0	580
173	575
330	559
444	686
297	465
328	419
241	283
366	542
118	294
18	172
476	631
435	631
561	672
232	586
95	150
457	639
205	665
73	226
384	575
160	478
519	634
320	697
373	486
114	300
545	649
303	432
369	460
104	226
610	656
169	472
152	354
636	646
26	202
27	501
5	461
258	277
201	629
572	692
178	344
9	316
31	452
120	455
235	650
48	595
159	368
43	161
311	624
399	477
442	610
243	434
15	489
89	616
378	691
52	679
336	387
73	122
90	599
158	166
160	512
219	685
95	533
298	421
125	377
292	332
366	657
460	591
114	354
287	359
6	80
202	691
281	623
478	605
201	543
423	479
623	670
0	684
240	291
326	621
629	675
89	104
223	279
485	565
97	480
225	622
165	407
183	431
105	217
259	517
99	597
301	475
77	547
142	216
7	643
227	429
606	693
298	492
32	511
597	634
506	597
344	502
54	278
39	389
509	676
332	646
57	80
247	292
221	554
52	652
88	398
98	621
147	649
240	617
95	476
277	522
247	368
82	113
555	573
546	682
147	513
13	64
522	666
613	621
276	345
119	516
49	66
214	538
242	349
177	429
60	643
72	698
529	675
43	660
236	400
175	354
633	672
272	672
196	664
155	527
369	637
317	391
38	609
136	346
388	679
290	641
188	262
553	561
405	509
22	374
123	188
75	387
321	520
12	303
541	665
365	684
198	379
78	373
45	658
266	298
183	356
26	131
24	663
141	359
282	510
197	313
450	504
124	643
267	443
76	146
297	657
515	593
407	476
180	517
40	566
586	603
111	682
103	632
173	523
140	237
414	471
337	645
20	618
450	509
159	177
44	150
64	315
293	670
222	542
364	609
138	408
427	674
76	488
274	617
178	665
313	669
166	498
157	657
67	186
333	615
209	489
232	427
67	366
335	479
214	489
465	482
124	460
36	83
24	95
165	440
309	316
569	649
247	322
91	359
138	473
478	623
90	96
358	431
101	210
113	313
364	457
182	698
90	564
196	697
104	674
475	536
15	258
68	184
97	451
363	368
330	434
59	629
248	485
328	445
374	585
201	437
139	321
39	486
324	621
163	420
151	305
382	433
136	615
129	177
22	75
584	607
148	692
347	483
73	407
191	537
563	639
156	532
391	402
77	163
59	458
388	468
333	466
329	417
75	516
100	400
579	588
143	505
252	553
320	415
206	232
194	314
76	334
8	655
188	327
182	468
235	505
181	657
296	466
364	397
172	633
196	569
355	666
315	394
282	497
251	560
264	357
267	529
93	320
106	182
155	684
308	628
275	442
164	530
42	419
39	602
13	536
52	614
323	453
263	450
411	477
53	102
387	415
1	355
354	367
17	555
395	639
427	656
67	91
568	656
190	335
117	130
350	435
601	642
71	650
180	401
410	696
213	376
133	555
122	168
407	583
377	655
91	656
338	377
17	643
374	504
1	54
315	653
441	643
548	665
554	656
320	414
114	551
96	230
95	595
212	261
100	579
81	137
223	468
115	518
193	222
219	618
486	537
37	261
53	366
612	694
298	426
15	344
43	217
196	352
511	667
25	126
586	648
16	616
283	630
283	317
454	522
572	665
252	614
239	351
38	89
53	249
94	696
101	381
27	260
522	557
2	439
188	281
135	159
64	624
270	441
158	524
78	649
152	399
306	684
70	464
340	642
37	534
187	486
311	468
200	645
12	427
486	556
454	612
23	459
316	375
78	673
107	458
81	625
13	58
69	526
64	351
85	269
46	166
530	645
107	379
132	233
62	438
138	348
82	585
374	455
240	280
287	551
80	612
3	432
80	324
234	516
207	309
205	304
241	662
411	415
490	520
442	445
46	495
80	428
667	696
89	295
40	651
438	476
58	366
366	485
271	313
35	134
592	654
334	487
416	491
347	383
134	625
142	596
304	446
110	381
212	399
141	171
31	480
150	394
302	659
353	583
431	562
145	186
481	635
241	507
11	97
366	429
448	450
281	349
246	569
271	350
186	599
339	577
104	620
120	378
40	186
406	459
333	383
166	371
333	512
261	512
575	663
366	683
86	309
146	312
87	233
426	681
430	558
455	531
274	551
233	575
214	633
47	549
234	567
348	573
306	313
364	576
121	135
572	656
52	471
372	589
125	517
51	226
194	658
617	645
407	488
45	618
497	670
153	163
42	228
123	524
63	116
50	390
444	537
99	623
555	644
132	499
423	623
483	584
360	431
211	274
526	561
99	677
102	520
483	654
523	550
242	475
315	407
392	590
142	437
512	606
72	351
248	254
64	153
525	571
149	235
414	665
564	611
200	469
42	597
6	550
323	645
87	123
144	695
116	692
270	637
288	546
447	561
308	586
139	500
46	187
336	498
396	565
412	527
21	437
371	609
154	698
48	327
599	640
224	327
89	540
12	141
268	693
635	667
413	617
124	383
339	677
33	514
362	567
253	602
19	534
456	604
494	633
295	555
235	419
14	387
517	669
500	665
321	338
99	359
16	238
284	658
274	686
101	215
400	412
180	513
432	603
238	246
30	298
483	632
200	613
2	686
1	409
128	254
9	397
532	673
18	229
15	629
120	183
368	427
489	619
42	149
129	636
99	425
305	620
335	530
422	495
84	151
67	681
28	197
262	468
413	581
466	539
416	690
615	685
44	130
323	661
256	699
45	226
207	314
224	420
112	330
258	439
263	558
166	662
493	534
42	372
19	617
419	628
132	197
82	644
336	642
608	614
46	363
338	483
111	400
65	293
196	388
26	676
48	691
576	658
97	651
22	553
160	662
250	441
248	412
28	632
273	351
87	554
280	319
30	676
168	688
5	182
587	680
539	557
126	499
162	203
95	553
171	190
401	475
301	502
127	581
275	526
162	277
247	439
211	212
194	695
159	335
389	562
104	123
32	160
62	268
88	685
163	628
504	575
238	635
495	604
127	531
220	324
35	671
241	543
405	638
143	426
125	666
298	454
130	157
276	679
194	362
167	496
462	602
350	555
171	281
263	695
245	430
424	637
394	682
525	550
166	575
80	405
138	445
295	403
204	313
361	389
392	661
430	678
124	472
197	263
87	604
386	698
133	235
284	384
180	529
277	459
146	660
199	648
164	244
91	226
300	552
365	558
44	356
40	407
231	407
121	153
354	393
444	591
317	629
249	485
424	477
200	656
639	678
72	204
23	508
115	319
512	592
184	268
486	652
596	651
364	416
13	203
133	411
5	482
392	596
247	475
181	587
351	612
257	483
230	617
401	522
246	419
385	624
27	696
70	431
25	151
442	501
26	136
203	424
571	649
141	350
279	596
269	341
204	560
320	601
80	487
8	41
135	426
50	488
89	567
147	390
187	337
42	635
353	371
35	107
71	487
18	462
225	344
356	423
56	325
136	331
103	593
240	570
157	495
16	289
294	311
79	425
421	514
481	664
72	456
368	376
310	512
88	379
94	99
452	542
167	493
223	554
439	516
255	465
405	634
12	118
79	676
231	415
80	290
265	417
355	524
69	135
224	538
61	457
150	295
218	338
534	609
331	624
127	418
253	571
557	619
470	611
117	408
383	516
6	317
377	524
347	424
326	598
293	404
166	517
11	669
57	556
416	568
131	387
41	435
82	215
532	691
142	327
478	689
66	596
56	634
115	139
418	537
273	371
339	526
128	239
167	664
407	436
373	535
440	587
188	608
103	164
178	576
75	212
66	418
142	359
171	669
232	653
44	261
14	242
328	361
89	432
97	632
228	538
39	119
285	535
410	579
128	538
137	527
337	462
276	308
244	270
76	528
246	657
148	196
339	588
6	311
146	567
58	692
392	482
488	657
318	544
51	190
28	643
74	250
286	507
292	645
190	513
432	447
454	551
94	136
169	327
102	144
626	636
394	640
34	504
350	427
440	698
326	686
5	239
108	314
45	219
278	345
69	435
14	345
408	650
55	196
256	469
342	424
67	364
556	573
88	581
158	164
71	484
308	514
58	180
277	368
108	315
90	277
199	202
94	418
80	227
291	540
100	194
391	405
98	180
127	676
431	459
23	219
560	594
46	411
437	572
114	401
128	204
138	144
470	489
327	677
53	317
191	288
28	59
522	534
185	302
125	303
5	186
136	495
113	410
186	569
361	524
95	269
92	411
341	397
146	219
43	626
227	549
609	647
322	671
163	191
317	538
11	634
232	410
45	472
434	567
143	436
242	628
556	667
200	685
90	682
15	92
386	675
76	575
33	258
56	641
18	396
233	266
33	572
402	518
356	372
179	553
20	628
129	205
295	322
572	652
9	59
179	449
138	265
123	215
305	333
126	585
126	420
345	435
4	296
200	306
46	477
359	693
18	563
257	582
147	485
324	399
287	554
218	558
470	663
123	530
24	377
438	483
455	488
51	80
178	505
231	575
46	486
47	531
90	363
30	389
286	472
225	435
253	547
387	609
216	393
91	149
127	633
158	397
60	472
241	579
118	155
144	650
454	571
423	494
64	429
306	377
75	677
97	405
522	648
114	131
133	504
27	500
334	580
35	71
570	692
253	467
121	139
228	526
613	698
360	605
502	586
334	468
216	237
29	380
86	669
548	582
664	668
278	314
117	189
78	477
501	554
330	350
0	402
184	440
449	600
394	613
427	624
111	604
443	678
596	602
77	118
451	471
293	456
87	375
195	355
313	445
167	657
473	678
77	337
522	668
445	642
307	638
307	516
372	431
521	688
273	334
12	411
163	536
237	432
69	322
126	234
484	668
91	99
505	669
100	690
84	349
311	394
15	232
318	342
276	617
126	504
390	483
395	666
63	613
435	487
8	590
363	616
392	527
302	411
10	198
166	416
262	558
369	449
98	347
109	149
300	558
309	675
416	452
133	634
109	481
370	394
657	691
159	242
108	182
81	583
217	428
255	617
306	323
363	447
533	548
367	601
107	411
378	424
327	486
522	616
244	522
205	677
381	595
49	171
148	591
317	547
351	643
676	688
393	696
333	655
292	509
151	261
272	682
265	330
116	229
226	416
182	504
219	535
396	564
197	240
365	677
379	437
39	394
148	609
272	298
416	629
83	478
369	466
170	488
273	555
49	478
212	664
123	209
1	467
308	609
323	483
33	191
271	475
579	651
544	551
27	524
433	699
172	557
20	161
72	367
83	246
394	567
312	369
400	424
168	672
524	539
43	602
52	95
431	550
194	282
183	598
130	184
360	604
36	92
145	698
502	616
322	637
35	58
36	606
559	611
305	642
83	650
132	553
187	614
203	487
301	317
233	409
543	607
76	682
116	593
577	620
114	191
420	597
464	607
75	260
314	637
221	412
387	665
27	212
88	244
105	326
184	302
498	599
495	586
501	582
33	389
291	623
329	538
328	356
101	594
117	274
90	699
82	467
35	537
1	390
68	320
394	523
612	696
315	413
357	639
530	604
279	504
123	445
168	371
63	249
329	482
397	503
50	109
242	643
50	569
408	467
423	526
177	414
56	292
9	329
645	690
224	566
136	188
277	629
501	537
31	372
481	545
252	437
197	686
227	564
290	684
382	504
123	408
137	672
595	698
218	521
175	396
23	334
28	482
398	544
264	309
66	433
390	583
88	599
100	189
34	289
46	476
655	684
81	662
132	204
89	187
120	578
315	593
20	299
65	659
398	645
258	676
45	509
105	642
243	437
270	620
346	694
337	352
189	379
400	408
31	146
64	169
252	402
393	613
328	645
6	348
167	557
230	551
389	680
420	559
61	351
364	474
355	365
171	230
253	682
138	270
75	446
120	197
441	673
459	668
129	573
65	498
188	273
235	391
140	653
99	101
246	306
491	563
329	414
346	606
95	373
56	209
136	412
257	293
221	395
403	509
671	693
363	670
24	161
345	491
72	107
28	92
376	475
288	345
303	309
19	306
480	632
501	623
217	354
172	382
126	686
306	349
348	603
476	614
200	310
58	571
243	271
242	496
580	657
347	570
255	539
114	240
527	626
212	630
386	692
190	695
425	517
507	663
149	628
228	461
554	574
287	338
224	380
158	643
79	83
388	516
131	421
141	336
108	397
72	149
166	399
159	480
26	101
24	180
17	502
426	644
354	656
480	699
86	391
460	624
71	681
564	644
379	589
24	44
138	194
52	357
602	686
298	417
188	339
71	645
371	451
25	470
430	561
149	633
20	473
285	617
1	628
135	372
200	427
152	298
2	145
619	624
44	484
147	644
562	686
181	491
233	253
390	575
330	470
262	339
57	129
51	657
75	449
228	631
410	552
412	640
482	552
246	469
254	576
93	562
216	252
53	338
166	631
233	531
83	601
2	83
18	550
475	578
350	570
17	570
544	577
146	380
24	400
478	645
31	632
323	636
146	499
477	645
260	397
264	384
611	613
565	591
411	444
146	576
86	651
339	648
445	683
211	580
170	305
473	660
349	579
12	511
346	603
363	395
297	567
113	371
134	289
47	661
329	542
463	494
49	694
137	196
167	636
152	629
43	589
222	426
132	196
258	624
458	597
12	270
114	141
163	268
538	606
337	396
281	330
422	488
5	585
207	585
199	577
174	559
259	451
31	602
421	576
248	601
365	670
43	519
78	277
84	642
124	354
607	684
131	306
270	302
63	293
3	313
113	438
91	639
15	301
170	532
76	127
43	563
534	617
63	513
146	580
150	467
177	653
127	435
456	530
367	481
243	372
202	300
59	497
148	277
595	679
373	401
342	514
292	561
570	604
448	575
101	324
270	647
23	602
205	442
19	369
279	544
353	582
278	541
368	607
28	67
317	578
442	463
320	584
475	682
501	648
202	255
137	260
475	584
87	308
84	538
3	477
119	175
131	323
14	147
319	515
78	243
218	283
178	386
8	598
39	477
297	304
517	691
353	560
221	689
177	427
55	293
173	405
10	422
316	616
170	525
197	324
482	637
2	379
448	618
477	666
585	682
93	317
59	104
64	259
230	484
217	452
27	335
202	221
85	200
422	571
11	584
273	460
72	284
111	507
488	662
190	300
101	254
354	531
399	651
135	208
115	142
409	483
177	379
402	532
266	579
8	262
432	505
406	639
353	400
43	402
120	546
197	417
352	496
119	123
242	395
578	670
52	472
92	556
341	552
14	599
196	393
381	604
297	316
25	531
485	603
486	650
31	691
262	459
155	524
50	235
471	665
390	476
296	645
197	530
371	467
325	401
313	327
380	543
176	423
79	508
145	560
358	655
72	310
402	578
147	650
396	484
193	237
553	576
252	493
434	646
136	264
207	331
228	492
64	688
558	605
26	174
259	443
136	627
18	395
113	464
415	418
30	295
501	615
132	245
51	416
341	602
51	674
439	691
305	668
211	219
672	697
6	628
147	342
189	641
39	94
495	626
118	435
112	188
61	340
129	538
189	557
95	522
13	346
445	452
310	429
233	495
2	549
241	540
578	665
230	576
382	586
98	635
15	172
114	335
122	461
550	556
340	650
165	371
39	321
597	638
496	683
189	650
55	564
405	605
138	474
378	431
43	225
423	600
308	466
137	244
10	83
39	472
439	639
119	212
569	618
282	683
368	647
382	628
104	664
136	409
12	347
11	608
211	331
22	120
237	599
48	639
117	208
160	452
157	378
183	668
231	455
293	599
17	365
97	99
162	227
49	178
21	342
107	396
393	691
5	305
129	695
185	340
289	388
138	459
294	469
197	664
381	493
554	664
136	561
220	694
294	680
484	497
63	685
80	157
76	289
98	266
170	194
606	652
494	523
178	620
301	655
261	492
221	313
315	485
51	571
225	436
316	324
227	567
67	584
307	462
332	546
61	168
63	270
112	535
162	526
162	655
387	478
224	683
291	592
0	380
156	554
4	404
121	403
283	342
434	481
397	601
509	532
213	685
32	521
251	433
5	54
126	160
8	428
392	673
35	379
381	644
5	681
498	648
272	684
544	676
150	668
295	522
541	683
553	600
361	412
337	519
384	593
170	538
329	410
190	412
60	520
543	666
333	422
457	601
221	397
393	457
214	379
259	436
41	354
335	414
122	464
214	275
286	475
403	547
66	590
25	249
150	239
461	507
124	310
109	469
17	214
35	198
291	485
102	110
490	638
53	103
107	178
558	566
124	498
209	580
49	385
615	697
316	379
501	594
196	334
203	260
245	576
146	541
149	433
237	332
474	491
54	592
11	357
74	361
317	419
65	425
375	691
88	623
445	565
165	476
92	242
538	657
392	575
174	286
453	501
264	346
208	521
321	466
201	623
86	435
375	416
86	385
639	670
70	146
41	487
108	363
113	130
468	669
390	562
300	365
466	615
509	634
387	538
71	228
95	209
95	202
27	592
403	634
614	616
24	602
226	371
63	108
56	240
400	672
255	529
412	655
295	499
57	420
605	658
129	335
53	450
148	414
59	374
454	547
325	396
3	314
189	245
288	315
390	472
268	516
28	161
93	129
43	690
98	204
196	564
332	461
75	327
202	266
435	494
172	559
423	671
421	577
437	667
169	648
195	638
89	279
189	460
348	632
285	601
39	440
579	697
418	429
49	463
362	641
225	233
585	630
379	488
190	531
450	596
142	633
118	245
17	488
557	673
454	695
246	536
43	322
419	461
164	417
60	495
261	502
608	646
99	314
73	379
249	553
203	559
320	507
351	688
248	659
641	642
292	419
339	666
544	582
337	602
88	620
164	377
401	643
69	658
159	512
355	623
72	489
208	530
215	533
430	476
131	503
66	98
11	389
35	303
346	486
286	639
86	358
596	672
289	486
431	444
182	667
121	122
66	108
67	479
604	669
217	419
10	114
112	432
605	668
234	267
241	424
401	415
219	601
419	633
347	699
86	371
62	674
322	396
602	655
134	353
176	462
120	559
274	431
523	669
81	599
477	579
106	117
75	166
321	326
310	660
44	332
184	395
343	508
101	465
42	541
118	358
319	330
303	319
448	498
230	411
281	380
0	346
11	162
336	688
144	581
18	560
282	573
13	579
280	365
377	528
34	360
140	474
188	381
121	463
127	630
53	304
45	63
34	235
522	696
343	647
355	668
240	249
474	684
351	601
299	585
96	585
133	327
238	272
480	590
443	573
42	175
19	179
274	464
324	590
579	690
81	651
332	333
321	429
246	449
569	632
138	384
654	679
266	458
68	114
124	246
28	287
97	391
532	638
292	439
43	176
160	557
122	581
269	588
76	415
93	291
406	562
406	412
481	486
208	439
314	604
329	640
355	430
9	253
218	244
23	105
463	495
13	191
154	458
288	620
101	256
185	491
201	482
275	527
493	677
338	585
153	174
109	380
152	366
400	430
78	325
84	331
144	567
417	639
268	609
666	693
200	481
294	357
436	623
32	62
273	375
21	669
29	281
104	505
273	289
531	579
175	269
149	323
158	568
126	204
144	673
191	225
96	497
197	370
512	588
1	481
34	334
70	127
491	582
165	387
134	302
98	646
588	668
2	403
287	685
261	556
438	607
246	697
241	619
59	208
106	174
42	224
135	298
428	488
354	431
396	517
228	473
570	653
25	33
47	403
11	232
456	558
93	127
482	573
152	213
218	489
251	548
359	540
20	316
404	657
157	622
114	389
339	531
398	681
85	481
172	502
96	393
446	665
42	540
11	574
138	430
96	184
649	685
325	446
22	506
110	430
417	683
280	524
69	337
38	181
40	535
328	464
259	557
242	399
257	346
457	482
65	575
491	684
175	538
180	300
86	368
266	412
77	665
63	273
240	698
582	602
511	674
402	681
611	621
23	164
76	305
227	269
58	679
163	382
468	473
165	174
214	402
22	372
647	652
20	260
317	463
58	299
104	225
86	106
505	665
224	514
20	180
38	228
460	562
199	502
150	529
284	465
441	608
198	469
0	372
385	535
387	682
620	653
552	643
110	682
458	626
420	496
25	56
148	185
140	461
492	637
181	275
129	574
160	341
220	502
275	389
23	185
88	214
465	547
227	504
228	308
174	278
203	335
294	314
340	415
72	294
167	226
91	508
203	650
196	305
623	697
492	563
28	525
52	514
589	670
12	251
219	507
314	394
621	689
287	465
117	579
89	679
113	671
177	185
186	689
139	331
164	359
145	611
535	641
71	309
339	503
431	586
587	671
295	360
303	404
441	633
173	239
165	234
287	570
362	409
120	237
111	175
265	510
8	219
74	694
203	457
7	534
519	660
106	194
5	563
646	669
518	527
157	382
284	543
505	528
181	502
447	462
142	691
74	358
25	450
432	496
274	544
260	473
78	241
282	621
569	646
409	673
114	295
388	425
9	471
103	600
294	444
406	576
508	591
595	639
487	555
258	473
150	478
435	464
35	538
265	624
509	671
278	625
301	692
572	638
64	331
308	310
85	119
139	309
101	132
161	677
526	690
283	305
411	469
44	659
68	579
90	303
94	156
202	439
82	531
246	617
120	548
156	252
10	51
30	278
420	532
118	426
473	514
182	253
426	533
58	635
382	640
51	69
112	629
38	453
444	637
551	633
660	671
162	328
445	548
564	650
123	153
73	281
469	605
43	53
405	676
34	377
178	397
416	517
375	428
477	580
94	116
163	312
51	124
267	352
81	165
131	578
325	565
37	47
269	288
360	685
288	367
294	619
381	519
94	288
495	646
203	577
179	253
212	488
9	123
69	244
520	621
541	641
198	224
252	576
497	667
156	560
188	460
250	338
302	632
175	478
198	526
16	240
463	668
94	242
141	288
325	661
125	342
388	416
212	509
421	538
148	271
32	359
150	424
138	365
300	625
129	265
217	410
46	237
11	47
475	481
17	226
91	368
397	676
154	677
255	473
66	412
250	336
64	417
92	677
51	92
622	693
70	620
317	676
30	433
21	439
189	299
569	681
271	428
271	585
390	403
169	452
487	587
450	647
13	311
67	635
556	636
22	96
534	602
144	687
246	337
262	361
21	553
115	197
474	559
449	522
40	330
72	502
393	611
174	178
319	399
22	356
151	331
235	275
9	155
345	357
81	539
3	354
79	158
465	495
226	585
423	622
93	672
574	666
349	442
240	680
345	597
153	207
0	689
65	100
111	229
429	588
501	570
216	317
91	553
303	691
327	558
90	493
464	538
129	468
184	418
295	619
272	601
115	353
147	608
293	684
50	333
335	487
636	648
331	375
178	568
209	463
4	320
188	238
323	454
213	551
166	485
320	493
525	551
151	645
348	455
158	338
2	510
79	128
47	298
52	448
70	597
485	595
186	425
51	359
221	640
281	476
87	424
92	416
417	490
212	619
215	523
314	411
298	395
8	532
26	75
354	661
177	553
32	190
11	510
508	642
317	432
397	434
98	498
268	515
355	660
2	308
577	658
157	535
226	699
199	555
47	231
50	51
536	584
59	89
13	207
306	325
9	134
132	644
200	448
152	415
15	374
183	209
115	468
2	175
538	678
619	669
105	113
120	600
101	600
58	168
68	642
264	465
95	119
151	613
99	649
330	418
90	694
17	95
303	330
20	525
59	578
41	111
342	537
8	361
163	531
264	336
193	432
268	604
12	373
87	97
62	522
155	326
3	667
70	300
16	139
23	124
138	331
102	682
1	297
37	164
161	335
158	666
240	463
508	510
9	613
296	587
645	691
12	267
427	685
41	613
512	554
214	404
105	308
20	87
166	599
618	636
406	469
206	472
398	481
8	133
13	479
45	417
45	211
241	340
288	438
261	472
96	123
370	523
158	587
58	410
90	535
74	468
189	359
472	490
81	125
73	385
154	391
141	396
388	659
245	460
83	171
282	515
15	690
489	664
65	268
616	654
115	210
5	564
125	396
590	643
6	622
207	241
297	387
28	480
139	229
77	569
270	677
291	549
436	542
216	419
55	283
230	566
212	604
168	460
67	420
141	641
318	377
564	683
205	657
23	128
312	610
228	401
278	471
192	506
47	470
110	192
132	166
107	661
204	570
81	345
420	454
105	453
10	54
628	695
322	678
81	377
227	294
408	668
465	473
154	341
10	582
669	681
88	98
154	644
110	358
79	364
124	471
37	116
67	543
295	504
252	468
285	500
185	398
167	448
177	275
208	389
160	385
110	208
328	439
45	100
673	690
585	652
60	415
43	695
351	527
289	411
421	464
46	275
496	607
64	397
162	228
455	666
650	685
8	658
14	196
423	563
234	330
638	692
375	401
189	283
264	618
119	359
190	447
161	371
155	392
63	539
514	693
463	592
197	349
90	192
256	380
307	650
51	201
81	305
413	608
187	301
400	676
144	247
79	235
78	398
252	560
85	365
421	647
574	629
370	515
119	633
348	615
20	286
387	618
123	491
196	253
501	506
128	490
318	500
113	311
290	683
125	324
441	547
216	460
513	564
373	426
62	149
53	503
566	679
201	308
41	470
205	398
182	354
186	401
110	351
235	451
551	608
48	626
372	698
229	393
110	513
296	615
286	505
492	513
326	618
405	571
270	492
523	593
334	515
89	463
166	290
506	508
196	626
254	332
431	626
66	577
518	603
302	444
533	698
234	517
170	359
48	482
212	696
49	636
388	596
76	545
226	242
145	343
27	231
433	452
66	551
241	419
56	218
24	65
252	267
367	514
23	631
387	470
236	238
385	649
375	574
360	567
266	646
409	562
389	557
430	504
2	75
541	557
50	126
191	665
171	565
75	451
28	592
228	505
78	337
318	645
275	306
335	337
401	555
361	561
135	380
580	592
21	94
133	324
79	150
18	479
5	222
53	320
277	474
254	675
387	674
159	465
22	621
401	516
48	410
125	236
268	472
230	391
116	323
86	288
95	655
406	505
195	526
67	489
319	512
55	498
115	444
542	569
69	614
407	452
117	688
190	207
216	564
619	685
445	460
292	452
311	454
154	403
596	699
475	631
95	151
132	274
48	365
219	574
6	296
151	401
496	657
100	245
204	213
82	358
164	535
360	446
272	588
231	436
445	507
95	632
26	617
324	657
504	618
610	686
291	446
270	536
370	668
271	484
245	410
61	636
61	163
72	418
370	689
76	692
5	615
311	654
474	679
59	389
24	451
302	389
91	609
80	204
156	609
60	386
355	530
5	414
290	487
518	667
35	494
570	618
118	326
79	268
105	289
62	215
206	597
400	460
114	528
283	535
406	622
480	600
277	594
417	606
83	107
209	571
9	408
528	617
267	275
130	647
37	596
225	387
157	623
344	451
273	532
328	540
239	468
542	608
200	503
450	467
311	416
104	138
284	577
410	626
27	126
547	550
562	611
53	674
188	584
232	459
123	527
245	294
54	417
279	569
168	407
245	318
454	630
249	434
159	411
363	606
8	433
270	402
324	613
170	412
15	224
199	661
64	339
226	405
526	654
56	498
21	210
449	612
385	402
130	657
73	457
243	609
106	522
491	559
177	248
166	627
412	466
352	505
177	339
284	385
179	311
452	515
263	395
37	618
474	629
300	599
12	397
91	466
88	264
75	254
4	163
30	483
38	638
116	169
93	544
310	493
257	649
305	613
576	655
650	674
118	401
358	579
115	166
90	648
40	152
525	593
195	669
14	381
639	676
120	236
443	607
216	319
265	386
336	623
89	456
599	612
4	311
405	483
50	196
383	692
480	486
173	455
142	459
654	662
171	659
114	347
25	230
245	489
498	582
289	391
26	599
354	591
261	561
463	475
99	230
66	312
345	641
373	582
155	624
185	572
201	396
108	164
371	408
573	657
11	211
93	439
135	446
354	687
198	551
269	477
21	492
299	433
442	509
175	529
59	172
185	287
360	625
435	620
201	580
553	656
61	87
20	102
74	497
61	242
519	537
235	661
121	673
111	288
503	675
36	249
246	263
238	534
226	422
402	452
576	588
100	140
429	558
355	573
471	628
8	668
608	610
34	214
206	636
257	568
144	185
89	420
41	691
333	580
205	354
391	645
460	488
213	248
315	551
198	570
303	470
88	431
78	242
70	689
82	437
512	675
299	320
189	612
53	631
149	286
214	372
292	669
405	517
167	651
349	679
62	325
229	684
276	377
359	635
160	458
332	512
431	476
108	556
350	698
200	303
316	555
8	69
666	676
166	524
223	423
83	145
244	258
313	659
53	139
201	267
404	455
424	472
121	472
418	492
422	678
237	269
181	282
32	284
234	490
186	696
283	389
50	181
287	646
441	566
83	115
436	583
405	466
41	212
392	659
545	654
116	263
156	472
231	336
533	619
81	589
168	652
204	302
365	658
146	280
2	622
125	277
79	639
382	621
512	653
125	695
14	575
262	413
11	657
163	455
312	436
21	126
228	673
57	629
152	246
488	645
38	288
57	560
111	463
155	186
207	682
57	621
39	330
175	258
197	406
157	270
207	282
340	474
107	467
43	426
294	341
502	671
124	306
124	622
143	274
159	168
261	504
399	441
49	322
185	607
379	515
364	438
17	138
151	329
84	225
36	528
169	299
46	668
180	294
585	647
296	428
187	317
36	112
447	597
237	585
133	167
274	560
514	608
272	318
30	139
47	318
107	370
171	617
101	299
344	492
487	498
156	179
619	667
99	578
298	595
542	651
276	591
96	677
39	528
63	487
60	278
207	488
324	570
66	270
241	571
596	697
136	312
259	479
102	656
88	341
71	560
425	458
349	545
192	643
332	411
156	234
50	167
157	476
411	532
78	289
70	480
205	582
36	224
11	495
341	365
254	486
370	445
468	613
61	680
459	610
195	569
607	650
401	584
431	538
451	563
99	437
307	476
4	292
270	622
177	636
182	205
100	172
250	561
363	565
386	588
121	520
292	681
0	18
429	476
68	581
544	679
567	588
93	373
139	356
389	504
173	461
178	410
52	529
320	583
241	268
69	425
27	293
223	624
335	665
24	509
230	416
48	339
388	537
77	85
4	685
274	356
367	692
441	475
212	331
389	617
369	670
285	470
87	696
65	598
185	558
549	643
123	386
275	488
336	433
422	645
336	588
7	598
13	518
217	219
235	539
470	473
401	562
98	192
314	397
100	541
328	416
297	462
325	615
363	383
354	377
322	413
391	463
22	524
246	576
519	688
43	685
94	409
222	599
271	306
216	668
73	468
474	488
346	355
104	509
239	506
66	193
41	94
301	485
44	695
39	199
538	667
74	303
654	696
173	555
0	536
158	385
513	610
552	591
15	209
30	687
140	448
54	395
401	653
20	433
228	594
252	475
227	289
175	393
161	258
154	525
65	106
144	534
180	426
13	120
510	614
230	522
38	332
13	223
118	439
504	680
319	575
303	403
413	583
120	560
72	661
20	173
202	324
331	544
108	167
304	305
224	553
15	687
403	663
89	628
198	664
347	530
97	492
484	505
404	503
325	546
121	363
14	659
452	554
21	173
174	551
177	662
369	382
309	365
295	417
193	473
25	463
145	473
371	525
14	39
397	665
425	483
180	267
233	519
231	515
478	496
348	622
268	585
250	528
255	337
457	465
297	653
163	566
75	139
189	667
15	608
391	554
39	655
70	613
504	564
35	223
242	427
239	441
128	274
297	361
311	614
47	476
489	499
285	587
21	694
100	154
168	194
576	652
16	186
611	670
219	540
83	407
472	580
88	194
195	320
49	475
442	532
440	529
500	576
249	336
81	212
110	341
79	666
31	695
495	616
121	287
1	39
57	216
273	550
10	425
162	354
347	444
235	394
142	616
506	514
176	495
519	654
43	620
437	584
393	589
147	357
15	56
35	92
54	331
410	651
279	405
366	496
77	396
412	694
492	622
48	409
233	611
59	394
106	196
68	267
217	318
192	671
232	286
620	623
99	256
27	333
51	552
240	326
51	615
440	523
509	655
207	655
382	494
73	429
252	349
327	333
524	526
342	427
77	371
347	586
26	386
123	207
115	267
99	410
618	653
470	662
391	428
168	622
297	516
108	539
34	442
480	623
365	499
152	639
64	422
265	426
410	669
18	415
84	693
97	145
57	152
280	410
266	433
162	518
194	244
404	491
339	437
1	349
83	353
335	627
190	415
393	541
19	256
332	574
57	650
177	573
400	546
42	218
71	400
260	444
87	695
269	438
504	626
31	404
45	589
541	681
230	658
238	443
133	180
145	397
253	639
108	332
614	626
405	647
388	637
136	624
182	633
250	443
153	663
233	492
115	215
32	313
497	568
558	672
112	382
396	684
355	386
327	384
135	248
452	470
162	164
143	618
407	474
257	686
13	671
163	522
205	511
505	558
370	453
1	395
103	433
146	265
212	291
214	623
50	308
235	374
420	520
548	638
36	555
18	597
80	598
320	638
305	443
58	601
155	418
83	254
390	632
262	474
191	578
81	449
412	493
561	591
59	186
52	166
13	469
165	251
671	676
467	660
41	165
104	575
175	260
280	422
493	549
377	403
238	402
196	402
165	488
415	619
142	497
540	605
68	300
274	372
58	284
73	580
10	284
247	532
4	172
4	55
569	594
105	605
512	657
42	128
469	667
178	340
376	393
513	624
309	556
199	364
149	573
183	622
86	530
264	550
468	474
24	229
228	618
518	564
168	392
85	333
393	543
145	278
579	621
452	620
279	455
110	149
373	609
68	185
554	638
143	241
389	567
427	457
242	562
114	118
55	158
417	584
157	251
187	597
362	492
52	537
198	478
420	471
316	527
295	673
332	484
454	510
218	554
158	412
197	519
324	375
9	35
160	256
100	529
6	600
215	272
181	259
6	159
18	167
75	205
41	159
153	452
269	449
277	495
422	475
236	590
18	428
185	227
265	531
61	507
18	483
28	588
52	557
65	321
4	335
171	267
227	643
290	296
331	615
296	298
60	241
23	409
587	618
565	576
262	433
21	145
473	541
434	575
386	398
574	640
470	559
212	217
109	623
112	681
56	473
413	588
400	418
237	688
310	330
217	436
103	308
622	626
504	578
26	466
95	188
575	617
139	465
285	555
357	458
59	364
113	259
320	481
119	557
241	634
31	92
170	554
216	298
463	620
62	248
15	150
132	695
122	418
127	284
371	676
164	585
59	512
175	678
63	600
0	668
265	348
473	603
323	580
275	510
204	394
191	603
249	300
34	144
447	584
54	286
308	379
165	533
85	125
71	205
577	589
43	299
125	180
321	336
269	676
404	441
604	647
188	536
12	597
214	215
87	305
133	444
363	531
303	519
83	217
257	357
45	177
356	571
158	586
117	606
65	299
189	628
182	260
614	641
44	196
361	440
109	657
363	638
128	592
165	650
404	467
16	374
383	617
277	485
55	575
307	465
352	364
251	590
262	608
692	695
504	506
317	652
587	653
403	418
199	209
240	687
460	610
12	380
626	671
307	675
22	338
383	687
300	697
112	559
485	610
198	325
19	292
37	536
95	226
90	483
123	362
98	148
281	466
5	451
248	306
98	298
103	616
14	454
339	549
104	607
216	338
87	616
283	314
64	562
163	310
105	696
87	114
205	639
152	214
75	210
370	577
11	80
422	690
303	507
281	289
124	455
38	575
316	444
549	682
158	176
162	681
296	531
255	694
405	699
429	436
478	493
15	240
163	168
122	165
589	679
452	564
503	601
288	404
595	654
155	432
512	520
44	622
261	439
155	206
435	545
373	513
306	607
1	84
97	388
343	562
84	188
118	319
7	132
202	587
4	413
116	220
231	418
465	648
128	430
23	135
406	660
413	670
243	566
189	533
124	316
301	444
478	672
205	687
472	680
511	615
227	245
122	353
394	528
171	525
457	472
196	341
524	692
22	360
108	400
268	339
93	176
117	327
146	643
164	563
68	128
51	298
74	318
22	403
488	606
233	296
81	565
30	567
377	542
35	559
42	611
258	499
410	516
349	411
50	667
32	396
24	269
272	646
117	480
0	386
233	558
116	381
187	459
13	297
67	116
256	503
277	600
67	321
353	355
245	376
356	568
196	431
45	515
226	495
225	371
70	105
128	468
147	573
519	672
152	577
9	472
589	688
96	337
521	618
181	524
66	368
45	681
117	187
260	562
474	554
142	488
352	669
334	343
141	523
536	537
67	210
429	540
404	515
258	565
157	459
265	416
337	526
134	150
21	685
58	287
1	139
469	628
246	550
31	87
18	561
313	578
462	658
162	522
135	588
105	129
286	577
311	406
119	574
526	590
89	212
27	131
17	522
316	489
255	391
169	417
259	564
455	604
382	398
70	178
253	446
646	681
326	568
491	622
142	526
100	231
282	670
285	508
451	478
148	651
514	588
66	638
475	535
167	653
305	330
239	660
341	624
10	135
268	685
38	683
201	243
79	510
511	660
248	357
457	521
311	622
244	512
8	52
409	664
45	184
476	620
157	427
119	636
5	520
146	625
622	645
438	567
77	268
72	105
296	697
220	374
159	507
79	619
181	545
383	501
114	205
86	635
586	667
41	158
263	490
273	635
50	154
281	321
279	334
266	573
118	456
498	690
253	443
494	641
117	140
367	673
486	550
408	432
628	640
343	350
176	362
207	379
216	482
205	641
619	680
524	529
610	611
616	634
132	566
222	664
266	534
451	564
283	418
439	507
241	249
163	546
553	575
124	200
180	580
351	397
285	493
247	567
268	494
15	364
360	568
94	142
166	220
437	654
31	95
86	363
90	206
234	674
66	134
323	594
386	423
328	579
97	691
47	660
404	680
113	220
18	573
73	360
28	541
313	521
408	582
63	545
482	649
439	487
22	195
75	189
166	644
56	416
79	422
106	478
57	686
216	238
323	505
176	179
346	434
390	442
398	548
246	606
398	399
624	625
27	678
78	557
60	166
310	376
6	558
25	218
188	347
503	633
70	283
157	214
378	566
242	558
220	366
127	672
680	698
25	614
347	590
135	455
39	228
86	693
323	614
338	363
476	585
57	413
130	671
242	357
332	502
3	230
147	241
36	614
102	140
250	557
5	577
653	678
383	410
97	495
14	485
294	491
232	421
154	451
162	274
119	472
104	662
321	472
34	699
162	300
60	248
179	259
388	640
393	480
228	497
505	698
122	682
238	540
76	614
575	696
145	235
254	555
30	579
90	481
66	128
261	586
354	538
6	240
113	618
225	237
211	444
215	482
446	449
161	247
369	519
183	508
133	283
350	442
313	358
213	545
97	349
262	484
1	145
247	585
45	258
61	533
28	216
230	571
201	522
36	648
232	248
371	390
473	624
416	611
360	633
161	476
135	567
78	305
25	689
52	446
525	659
52	497
309	689
364	699
488	557
334	626
349	666
224	339
355	559
94	467
87	654
192	341
224	366
244	526
212	365
192	676
96	316
312	609
94	522
189	607
509	570
470	643
49	416
163	229
492	594
407	462
52	612
35	459
113	397
560	643
224	676
206	580
476	634
97	372
20	147
251	312
9	374
528	630
64	451
199	628
16	600
90	316
511	687
26	389
170	494
61	272
28	676
175	194
498	543
111	438
35	283
232	600
196	557
28	74
349	535
419	625
452	653
459	522
182	360
177	478
156	485
294	333
25	136
144	515
167	418
399	594
43	141
64	537
519	547
232	456
87	177
527	697
25	455
544	669
68	100
96	389
188	285
406	545
170	468
409	597
155	213
329	683
86	585
70	219
161	489
210	449
260	464
245	585
560	562
116	371
148	268
212	326
0	121
83	605
183	383
267	346
296	610
110	467
576	630
252	525
101	531
310	663
247	574
296	439
405	639
585	586
36	506
389	457
140	159
371	602
24	148
310	564
52	571
482	616
5	199
72	359
239	625
170	375
194	552
128	374
346	391
460	468
364	651
450	567
0	204
603	637
113	503
567	621
370	608
99	323
215	235
672	673
287	525
403	641
235	276
601	694
118	606
119	236
186	228
30	64
144	642
444	683
263	435
61	304
604	650
584	586
39	581
139	217
254	337
30	159
164	211
33	117
188	340
283	638
591	674
133	691
322	456
332	582
475	676
443	616
359	588
29	567
332	420
346	699
114	576
155	602
7	106
44	305
28	106
386	599
0	338
525	657
287	663
104	385
41	326
85	322
146	446
15	340
170	636
92	663
474	595
101	240
272	526
58	669
84	407
359	594
350	387
517	608
373	691
21	76
254	624
350	437
228	644
254	488
297	506
191	261
345	620
48	208
105	362
111	318
117	350
7	185
88	289
17	32
76	696
423	616
463	502
233	310
150	560
456	637
9	248
290	512
160	675
304	366
225	493
439	665
87	318
149	317
30	345
151	471
34	66
70	310
555	665
307	409
294	384
459	596
130	187
253	596
406	512
36	396
566	631
522	642
523	608
338	593
57	453
6	471
273	288
4	195
59	237
407	418
164	533
434	494
585	676
438	490
612	626
63	255
223	285
179	386
61	386
35	358
87	367
188	638
260	472
96	519
373	390
246	387
45	675
319	588
152	156
172	362
157	310
182	495
279	449
88	543
131	344
309	568
343	698
238	696
211	338
531	686
190	592
2	108
634	687
222	636
34	255
340	479
132	143
510	601
358	441
166	477
375	613
155	251
2	368
117	547
601	698
99	121
147	343
355	423
160	668
84	317
312	690
64	321
381	665
72	266
479	651
168	326
455	593
58	220
8	415
360	467
357	573
19	174
131	558
492	647
631	692
262	319
616	649
192	386
211	536
222	585
547	632
5	685
121	697
40	475
313	559
67	487
602	685
166	600
297	307
519	587
407	625
34	146
263	331
57	70
356	596
80	604
98	326
304	370
70	109
524	582
153	620
278	525
213	314
353	370
106	311
193	229
570	623
105	698
405	529
505	619
477	526
251	586
176	285
487	692
494	531
254	612
34	647
358	696
217	280
165	370
634	636
488	563
60	645
78	455
1	697
178	549
128	336
84	633
593	673
328	615
18	624
178	381
234	491
26	318
409	448
57	108
120	515
80	277
257	259
144	212
55	436
374	420
245	464
260	331
318	610
38	371
90	307
353	373
231	535
118	230
167	447
24	226
33	219
206	250
439	655
215	260
395	407
136	651
313	530
185	611
74	575
119	271
101	182
347	476
212	268
122	357
448	559
100	111
2	661
103	486
385	655
172	182
90	197
12	238
293	349
295	582
177	257
45	633
273	368
70	157
111	155
240	369
230	302
77	277
127	462
432	664
313	551
100	544
151	466
195	529
477	689
513	584
213	417
35	42
219	578
563	678
27	128
339	568
353	429
235	279
140	341
166	264
75	204
378	521
244	560
287	633
115	293
104	182
307	580
234	634
185	682
196	264
109	433
523	655
190	591
122	206
651	652
233	594
125	374
359	687
157	621
0	562
226	380
59	397
68	272
416	482
646	661
210	502
288	440
394	586
50	291
169	241
163	602
548	631
13	106
131	155
290	342
158	274
119	278
178	696
28	300
154	521
0	172
418	602
257	296
651	655
139	236
61	476
60	538
187	631
310	488
279	431
345	656
24	408
11	471
43	197
219	678
319	379
418	528
46	626
630	640
11	461
190	484
41	538
27	617
520	635
45	281
96	211
107	424
406	579
352	589
373	402
244	253
37	123
154	494
212	226
314	582
311	648
503	646
242	685
53	226
263	277
178	241
183	576
19	181
58	213
66	597
93	216
632	657
356	379
31	671
142	245
33	684
129	262
312	326
30	533
145	592
0	298
196	538
270	477
118	303
102	182
208	247
13	659
92	536
35	38
126	551
69	368
335	423
495	695
367	427
183	426
558	662
33	86
123	235
285	583
200	639
347	430
251	340
47	70
107	323
23	647
402	486
29	125
377	572
218	409
390	624
63	555
311	354
208	570
175	556
46	562
110	498
144	419
320	594
130	548
282	633
274	309
350	454
115	165
412	491
25	468
169	408
182	620
17	521
78	687
130	433
211	376
610	675
180	200
43	46
75	427
230	600
74	598
104	603
191	559
466	486
150	308
164	602
474	654
24	124
188	349
63	331
508	635
568	650
155	620
449	529
7	562
302	456
486	692
141	615
214	282
232	287
75	424
297	621
75	610
110	502
237	539
629	683
72	491
85	167
463	503
274	457
133	316
29	58
85	551
108	197
315	602
429	625
97	678
562	651
504	597
53	537
2	162
276	433
341	435
155	520
29	334
341	344
181	184
198	591
313	653
3	398
341	566
398	460
53	278
236	692
349	518
95	475
345	531
433	488
204	600
250	534
89	534
235	657
549	589
99	361
619	631
200	483
38	271
17	92
89	175
161	279
87	693
239	317
432	440
305	533
152	590
7	420
231	659
598	652
423	587
63	514
168	482
660	688
23	483
65	385
462	575
224	309
121	456
145	337
119	510
289	539
29	221
99	243
431	574
229	257
511	528
258	295
205	433
159	296
164	394
483	580
239	240
384	678
153	276
24	635
496	562
73	426
557	667
68	370
470	596
116	452
264	343
473	641
240	675
342	667
381	391
617	623
142	144
236	267
51	559
0	248
27	317
5	400
335	422
252	618
5	334
74	470
459	562
522	695
84	667
25	388
529	650
485	628
59	618
324	455
0	292
19	157
38	98
81	349
620	669
653	668
207	549
58	632
424	550
161	372
85	515
25	224
439	446
282	311
562	591
389	590
150	298
225	503
89	344
24	530
126	506
171	452
32	431
269	423
82	271
561	606
216	367
235	272
86	180
192	281
197	609
160	370
440	467
672	689
549	681
523	583
25	616
142	655
190	643
115	284
31	550
64	602
268	623
164	520
41	294
321	621
544	602
217	273
18	135
110	508
384	419
242	404
308	427
479	665
186	195
95	426
125	130
349	603
99	609
620	652
602	629
258	635
2	466
361	628
571	695
258	428
21	200
52	479
161	399
420	538
246	555
121	204
173	289
191	690
354	623
16	61
371	578
465	564
184	444
189	527
384	544
628	683
562	599
508	550
318	418
322	695
152	237
13	271
405	482
310	558
98	205
269	505
229	634
257	394
218	312
91	638
168	659
98	524
213	698
556	624
489	558
210	663
383	691
57	493
13	155
289	431
574	650
1	538
200	489
97	650
84	542
364	499
408	542
2	87
216	566
519	636
463	544
107	496
149	443
387	631
32	47
416	530
38	184
163	637
10	567
207	591
37	68
353	649
260	683
412	547
207	576
246	266
103	668
361	598
190	360
533	622
350	460
27	232
41	579
77	383
196	549
8	307
430	578
83	178
139	497
5	646
343	522
344	523
574	623
367	473
241	392
482	515
1	468
311	360
130	213
179	277
505	565
141	497
13	483
148	203
419	491
85	404
339	429
201	508
393	678
168	388
397	647
372	403
168	597
38	477
197	392
71	75
520	690
97	286
339	516
96	340
122	255
13	88
586	591
75	350
353	616
60	683
440	693
122	660
95	267
76	589
149	181
488	518
278	653
176	312
271	273
616	684
330	339
55	603
30	654
57	369
215	404
144	666
339	481
485	515
228	598
73	443
49	129
471	554
44	64
419	534
467	662
88	595
261	562
138	571
186	669
585	632
664	694
36	468
167	264
513	519
175	400
101	572
549	698
296	370
234	443
21	217
183	337
148	296
349	696
145	152
508	567
29	480
260	609
34	578
548	604
148	476
109	263
128	186
88	294
339	446
85	326
308	489
143	290
226	446
599	609
322	369
19	569
364	456
159	292
128	564
11	68
23	503
173	420
281	494
66	430
322	653
177	432
15	113
223	609
305	537
342	684
408	698
534	569
384	493
165	210
75	311
131	545
122	398
269	689
39	578
627	691
288	289
14	218
461	594
267	434
182	514
682	698
285	630
40	548
354	403
48	298
376	411
490	677
522	672
229	389
407	601
265	316
269	561
281	471
11	169
543	546
146	561
657	664
108	508
544	608
38	132
215	331
332	473
114	337
23	257
450	506
362	671
299	438
95	261
2	316
199	543
493	641
155	198
342	459
282	325
516	659
63	590
218	387
315	450
170	202
131	667
212	537
371	699
355	413
108	586
257	264
284	639
231	672
500	697
302	421
187	324
104	533
172	370
55	688
276	492
207	304
554	683
69	163
209	213
273	286
474	580
102	397
200	527
299	322
102	622
317	612
456	539
657	672
207	458
397	568
314	607
44	617
138	283
363	448
279	390
290	344
71	523
186	454
176	518
76	516
108	334
185	429
144	487
428	563
295	521
13	539
52	135
566	673
154	437
313	384
581	632
118	616
2	211
7	421
134	140
40	395
200	694
235	409
20	558
325	402
93	203
12	362
379	391
328	638
334	340
132	240
186	326
374	476
149	182
104	263
191	244
658	671
217	573
237	409
202	339
555	612
299	590
116	556
310	570
213	650
24	666
462	493
234	439
113	360
322	400
397	670
58	60
100	530
252	343
574	645
263	572
527	647
294	665
112	303
449	657
359	464
308	340
70	136
97	675
593	669
195	383
214	499
30	148
39	427
378	488
17	364
573	619
90	585
172	415
57	442
222	287
8	634
335	442
347	505
28	172
666	684
408	506
203	420
15	500
83	466
32	373
217	522
150	437
268	639
168	603
260	556
66	439
81	684
176	662
126	457
240	307
257	636
536	539
396	496
142	694
133	687
194	466
399	452
137	195
443	666
121	626
49	362
511	603
23	223
314	465
16	70
65	593
119	205
307	320
25	479
54	300
380	541
327	381
501	697
645	677
663	679
437	502
36	413
443	646
566	655
137	570
497	578
253	543
336	401
380	628
114	168
145	280
442	455
501	553
241	558
419	617
389	526
174	662
17	46
133	412
73	142
489	647
1	21
451	655
259	452
32	436
114	513
339	508
384	408
46	552
153	653
532	625
546	654
496	569
22	292
10	678
96	125
37	42
15	171
293	377
146	471
62	119
228	674
151	373
200	338
14	45
60	584
102	465
447	459
173	566
209	568
282	486
208	383
491	494
221	409
399	576
147	210
59	144
185	458
125	647
40	565
35	578
78	574
88	355
196	574
401	416
14	260
78	322
177	677
341	369
248	580
347	358
416	498
390	584
93	391
103	350
406	624
71	677
519	606
149	577
9	194
537	579
23	484
336	576
226	427
5	45
439	630
26	111
188	489
255	323
163	381
56	477
75	579
58	117
238	470
236	318
140	401
105	313
148	361
51	508
26	244
144	610
137	610
33	429
268	435
111	649
122	446
142	614
82	295
359	476
611	623
160	475
225	239
413	420
141	595
356	465
438	440
641	650
341	521
172	392
408	659
235	673
535	676
664	682
456	652
282	388
40	355
226	659
374	577
150	570
137	589
214	589
52	296
57	220
306	390
8	330
99	466
318	481
207	604
16	657
352	620
237	436
132	206
87	120
400	485
208	411
332	479
259	466
281	591
570	593
308	681
356	622
41	612
38	313
159	651
443	530
200	233
331	695
212	683
224	279
394	602
197	249
32	505
161	196
32	376
237	681
414	604
225	459
163	605
410	622
84	517
3	179
239	466
433	457
380	671
51	257
43	97
95	677
141	536
231	348
76	220
159	279
293	295
135	668
329	384
17	422
183	675
339	397
573	591
477	684
403	573
18	376
137	654
101	197
140	191
49	540
180	597
587	665
1	476
220	494
292	401
146	522
38	284
402	568
116	487
174	572
468	563
177	644
62	350
64	270
26	211
12	430
529	676
44	75
156	400
2	590
195	297
298	474
598	668
448	521
65	199
54	225
613	614
327	498
367	535
385	430
216	426
171	673
213	690
159	503
126	455
257	439
193	394
96	362
221	351
230	588
89	95
353	584
13	662
14	332
81	483
62	154
156	270
112	418
197	523
302	360
106	552
200	213
140	586
8	317
146	229
345	468
171	578
433	594
169	550
49	639
174	607
560	564
486	696
94	581
17	444
105	175
214	580
51	79
37	157
573	615
522	653
222	611
205	254
629	641
275	626
315	416
333	403
301	639
342	351
150	472
60	262
209	234
551	577
47	432
220	387
359	647
49	77
18	277
358	603
62	650
442	499
346	574
114	435
177	242
101	515
74	556
239	480
287	343
97	119
366	638
173	644
51	206
63	690
161	411
201	658
83	565
88	628
250	276
98	532
156	262
62	294
31	100
20	625
77	500
36	375
269	397
264	548
253	677
121	553
183	412
135	297
33	274
59	404
19	184
83	454
114	322
656	674
93	532
318	567
525	667
462	586
326	462
95	118
367	497
563	698
435	697
293	353
207	464
399	534
82	541
513	690
58	530
465	555
3	580
332	372
40	254
39	565
210	211
256	696
99	188
154	512
120	389
199	461
103	274
19	43
263	382
295	634
405	411
194	557
96	613
87	241
211	475
95	305
7	432
533	624
196	317
242	391
275	558
56	75
32	464
13	140
255	570
142	188
231	301
88	422
227	649
210	244
88	459
513	588
150	664
36	152
301	658
6	263
4	393
295	413
148	379
300	634
572	588
518	661
26	361
27	444
346	387
339	456
116	200
307	578
83	295
482	635
298	299
198	416
394	615
177	274
70	548
390	419
161	318
342	344
1	106
55	90
76	143
214	484
197	671
349	523
44	142
100	186
280	449
278	505
579	675
216	557
286	504
331	499
156	354
309	679
270	672
162	267
96	654
371	635
370	672
278	587
306	652
138	486
147	414
163	505
111	327
468	626
392	561
132	447
22	590
333	590
140	251
282	420
502	538
240	623
166	543
143	345
165	519
317	469
169	278
365	368
187	424
18	193
207	222
269	354
148	297
451	641
150	164
118	544
56	86
365	655
13	641
54	517
303	584
192	646
282	363
72	553
32	558
100	262
241	461
205	635
438	534
111	405
444	649
255	612
64	692
24	616
39	609
268	290
474	506
231	303
20	131
79	172
122	163
45	541
192	611
352	369
263	656
56	339
111	526
141	446
392	649
497	682
375	547
150	203
254	444
547	655
303	354
115	622
165	643
203	220
144	540
526	592
113	139
222	579
428	549
449	591
228	291
191	294
458	563
49	393
6	535
486	575
48	319
341	376
37	270
82	291
426	468
90	407
69	188
109	165
375	435
106	381
86	170
292	484
310	420
131	486
159	525
161	274
19	459
22	632
255	373
442	613
43	280
282	626
345	536
199	675
221	369
110	637
14	183
97	437
329	449
605	653
138	324
243	298
10	428
527	608
293	649
87	509
289	500
235	260
293	439
614	695
207	668
12	551
422	568
373	617
24	312
116	167
461	557
61	586
229	438
181	238
353	368
278	321
179	242
242	597
110	580
142	381
522	577
104	342
628	647
397	440
174	682
193	483
136	608
588	612
38	481
257	427
136	643
196	271
496	602
204	664
283	426
405	450
452	555
9	567
85	317
33	550
12	213
250	625
232	687
177	492
315	647
201	223
449	670
48	290
179	414
225	578
198	674
545	554
129	390
305	485
25	26
550	695
354	553
286	689
102	334
71	290
318	365
310	452
6	157
219	325
193	281
208	401
255	528
332	599
47	282
484	510
241	645
29	433
86	344
261	444
259	533
144	459
155	411
408	546
171	413
525	553
17	59
371	623
455	595
34	204
253	294
458	543
445	456
494	519
448	581
238	381
222	509
115	242
297	487
295	353
21	379
375	525
20	232
64	152
104	633
185	296
407	566
474	633
129	218
97	426
176	527
200	236
307	393
323	496
73	405
216	265
231	494
35	462
33	206
520	695
256	679
529	629
308	433
281	382
602	623
251	614
21	407
173	176
83	163
26	308
37	105
523	643
305	527
302	478
215	486
216	659
623	668
92	286
72	114
226	672
545	614
161	617
474	542
115	454
367	587
76	446
11	484
128	595
262	554
34	205
47	554
402	682
109	162
122	517
430	684
564	668
193	605
476	561
48	270
452	582
205	215
122	595
562	679
184	423
28	97
26	622
256	508
107	443
513	636
104	593
51	577
40	292
295	427
449	601
43	258
382	594
465	568
128	466
26	434
47	435
109	406
136	445
236	638
15	304
341	565
236	311
13	51
347	616
54	644
115	354
120	588
69	633
311	425
95	291
473	528
415	669
145	601
465	587
235	568
64	496
155	522
615	662
268	311
64	393
69	635
34	182
90	454
182	663
30	339
340	518
3	217
296	590
229	252
224	318
11	296
489	683
384	405
75	683
145	291
152	689
118	133
74	221
23	283
359	569
237	306
41	667
24	492
146	319
101	231
31	367
202	428
173	626
122	596
546	559
232	572
352	597
389	469
70	185
425	627
12	170
81	270
397	509
169	464
44	134
332	464
172	480
264	547
282	673
27	307
111	591
399	574
379	383
544	665
104	140
32	686
292	469
54	444
370	438
365	378
428	585
224	651
48	635
65	194
196	495
447	569
139	604
299	608
177	338
21	385
23	393
3	413
92	317
239	677
350	550
92	578
535	612
409	606
489	547
148	409
465	686
110	497
196	539
90	111
183	198
421	443
64	218
57	495
59	386
30	330
509	551
1	392
35	305
497	672
407	515
45	676
411	610
94	642
141	340
321	353
247	561
166	354
147	633
104	169
307	427
82	110
11	89
305	605
597	676
353	686
12	512
459	681
131	651
364	514
473	518
361	689
225	439
204	698
185	300
116	472
259	632
631	687
229	413
120	570
414	519
264	606
95	683
411	579
144	680
293	629
230	372
121	454
190	685
414	426
61	402
175	502
510	627
236	470
87	423
126	454
428	523
84	516
171	337
240	523
35	554
194	414
5	25
16	35
477	489
153	505
48	521
163	436
319	578
90	367
194	547
107	300
188	461
13	118
184	577
534	597
100	573
3	478
20	157
311	592
168	553
28	673
203	609
417	476
529	637
548	573
49	685
319	540
237	479
197	675
191	555
284	352
259	661
28	529
162	321
164	190
353	680
37	365
103	213
3	420
189	597
537	564
32	463
13	401
90	354
237	454
61	589
177	495
124	552
176	289
131	270
116	285
332	537
234	327
389	415
20	541
526	649
108	279
95	641
148	527
90	672
123	135
209	446
116	417
269	565
304	404
226	398
276	572
61	117
9	574
289	614
265	533
208	422
95	412
203	278
484	571
569	698
140	423
175	411
9	391
343	536
108	591
327	692
162	576
634	675
174	421
65	286
406	642
500	509
248	579
574	636
166	453
483	496
51	392
428	681
29	225
183	509
365	648
111	126
20	115
117	454
16	178
49	467
359	424
109	636
435	533
325	472
163	306
464	489
510	570
191	369
409	670
557	581
208	698
430	438
9	495
98	423
24	462
212	695
221	591
413	431
261	450
590	677
158	507
159	473
148	545
624	675
336	676
319	410
244	432
291	567
476	482
290	435
203	664
69	539
68	566
249	432
373	659
18	566
40	146
439	614
593	626
188	686
76	617
24	268
132	302
21	699
95	437
399	600
298	351
243	544
148	411
65	197
76	362
453	605
72	574
247	408
424	605
103	279
283	514
141	698
498	556
112	452
306	542
3	603
171	310
617	628
230	673
47	583
95	149
187	437
203	419
678	684
605	624
220	385
291	495
208	329
558	601
126	302
82	220
187	422
283	416
103	241
215	388
640	644
129	334
457	570
26	423
25	155
64	699
144	199
282	659
7	327
317	673
155	303
50	312
228	285
511	627
44	503
61	625
420	668
146	683
507	593
280	324
281	423
309	428
358	380
42	440
111	255
81	96
158	305
390	456
368	472
515	563
455	619
187	267
54	198
189	467
95	415
368	605
386	419
485	696
527	568
97	666
423	672
511	541
372	440
137	569
430	534
168	378
553	695
379	447
135	191
224	337
508	651
19	616
614	677
118	638
124	190
439	469
316	614
175	498
5	485
15	479
281	554
262	303
80	352
151	598
72	270
523	553
58	476
48	479
255	540
35	192
2	416
27	421
152	356
462	492
418	605
199	597
117	269
134	682
436	544
268	629
90	602
120	288
492	689
427	534
90	162
14	665
176	479
8	34
244	663
309	641
265	549
209	383
444	605
144	497
15	252
232	582
381	388
189	469
24	384
77	161
383	677
203	263
205	392
296	606
93	370
561	610
97	292
186	506
27	34
75	288
484	660
12	452
153	448
175	271
367	652
240	493
228	382
123	437
428	596
148	513
613	693
135	205
68	443
63	632
297	468
480	629
44	696
46	125
429	448
261	668
389	523
212	669
88	626
13	337
78	386
509	640
218	620
65	165
54	123
135	169
255	315
390	579
66	180
512	518
134	347
502	689
492	526
30	132
230	234
264	284
289	439
287	401
155	541
92	271
575	602
24	495
164	657
234	255
342	582
308	633
252	384
488	499
12	320
148	341
490	553
70	396
146	479
229	573
159	182
359	599
413	556
68	72
139	407
316	680
446	602
28	428
315	521
252	613
297	406
47	326
234	316
56	351
476	590
332	418
347	357
22	267
122	226
530	611
112	136
392	485
41	56
156	345
228	457
109	187
124	555
70	113
643	689
396	487
411	420
104	119
100	656
111	436
265	353
318	334
177	361
180	235
73	95
321	678
334	495
478	520
296	432
169	174
306	598
63	309
209	477
340	677
51	348
233	267
325	509
150	426
244	531
325	466
162	692
493	505
80	195
580	677
410	671
174	521
102	216
199	401
227	415
409	426
187	471
204	650
63	128
55	433
19	551
73	337
151	637
30	182
173	484
167	670
564	661
289	621
334	606
504	610
300	352
443	636
179	692
439	485
137	270
32	562
524	686
104	555
216	590
36	543
291	320
256	290
70	92
31	469
329	466
55	318
50	81
255	527
155	376
317	656
136	674
387	642
332	689
337	681
138	327
373	594
41	85
326	523
601	683
487	631
60	634
51	340
3	650
171	192
385	674
404	482
613	668
158	618
139	209
442	669
36	417
340	491
22	303
358	642
378	612
114	608
93	189
207	351
367	642
20	620
112	513
108	638
216	458
241	334
484	539
344	692
390	564
375	653
389	552
331	451
31	271
34	137
203	506
134	378
179	202
507	546
406	693
138	150
16	79
477	527
309	477
22	296
128	425
621	663
28	120
186	457
237	689
365	366
109	407
53	653
41	193
35	313
366	427
92	103
418	511
42	167
277	505
226	575
122	349
376	639
278	585
23	429
387	421
344	581
295	569
471	587
505	614
528	543
208	520
90	380
201	347
267	268
113	431
565	597
109	600
78	328
167	580
422	607
54	156
172	399
266	275
214	449
264	585
48	214
385	604
175	370
416	566
133	552
67	516
248	438
85	660
525	608
522	582
575	679
152	643
55	646
385	488
17	343
104	166
19	97
255	650
484	652
1	306
123	495
77	668
385	392
493	548
9	291
278	681
369	414
12	29
137	289
236	549
460	607
479	663
167	304
405	504
430	551
101	152
126	448
245	554
179	523
71	661
275	278
192	385
43	417
240	409
198	521
39	497
26	490
321	641
313	583
166	585
162	499
194	250
24	508
182	596
218	687
487	520
43	219
418	691
49	112
6	320
184	187
50	399
255	575
302	395
377	691
222	248
632	645
393	628
155	447
477	497
390	631
172	544
301	516
97	138
424	482
502	579
468	592
360	521
535	552
57	605
160	569
528	660
111	669
71	525
302	403
256	657
547	583
132	548
540	647
522	643
35	423
246	384
267	367
297	661
144	492
178	180
456	533
211	232
143	561
107	643
294	550
83	324
116	616
195	432
307	620
459	683
445	569
528	604
429	661
353	606
242	291
198	555
225	283
132	432
226	559
263	408
76	515
400	502
293	496
415	493
238	255
376	421
343	417
17	520
92	281
378	685
469	607
30	325
341	539
47	589
93	331
83	408
36	447
132	145
556	593
150	509
79	334
64	349
161	252
105	410
48	352
384	519
137	566
431	461
431	534
339	495
166	361
266	618
201	244
54	113
390	474
73	334
352	511
254	387
170	275
343	456
311	492
85	335
233	547
44	658
100	444
302	516
86	412
90	173
97	628
11	376
212	372
150	339
243	373
315	347
303	605
297	641
412	580
176	219
158	593
190	530
337	385
185	498
225	625
610	652
201	338
500	680
15	437
118	379
283	689
537	598
76	234
476	529
608	641
46	324
163	320
511	654
492	565
284	322
15	534
90	368
68	343
240	426
337	448
464	680
420	461
5	230
210	276
142	530
132	642
48	299
136	308
110	432
19	548
123	180
162	177
92	552
353	538
157	640
376	680
45	690
228	569
186	636
77	297
37	663
1	52
82	578
537	585
140	157
39	137
212	675
313	487
241	351
459	507
182	537
112	322
286	304
85	507
425	644
25	475
81	213
294	698
56	196
317	423
199	271
316	337
267	609
596	606
428	548
8	90
141	405
48	237
171	526
248	662
467	507
103	553
25	459
271	287
346	518
293	380
296	605
127	660
222	435
124	444
490	605
335	476
491	541
296	616
128	352
177	619
64	345
289	565
433	561
12	599
8	561
88	207
183	362
225	568
4	476
272	533
374	695
195	243
402	408
268	456
50	299
20	580
236	508
108	590
19	144
574	577
17	689
355	435
350	514
41	606
3	312
100	539
103	549
186	638
23	653
99	229
396	616
263	381
154	471
46	111
28	693
134	384
525	695
0	307
479	528
475	529
280	637
4	600
29	443
351	602
400	576
47	176
443	691
355	470
7	205
494	583
410	509
518	540
82	552
193	212
79	109
231	234
82	404
278	682
287	553
41	219
338	550
108	653
108	518
612	654
316	404
46	54
174	537
469	647
232	355
179	203
332	373
280	341
47	356
96	622
206	453
125	317
185	408
129	365
137	584
238	403
72	437
341	354
292	684
183	545
405	583
37	70
328	503
175	644
347	400
152	487
166	473
234	621
223	675
62	480
218	252
188	372
234	263
233	450
419	525
527	696
3	284
252	419
292	544
98	313
58	146
26	381
433	652
46	623
512	672
17	203
9	64
7	40
72	245
342	356
555	589
198	373
41	671
1	47
39	447
84	323
323	380
49	667
34	141
375	617
236	289
372	383
407	443
222	628
173	178
232	265
290	459
385	589
160	205
422	625
34	134
214	677
54	327
394	437
62	145
39	298
308	431
304	388
319	412
68	307
54	334
86	475
361	690
47	266
224	413
191	502
288	647
311	472
105	169
62	680
58	538
357	529
18	210
173	497
163	647
99	237
388	642
233	655
25	63
475	476
346	392
166	281
235	362
143	648
259	624
9	417
77	570
60	68
12	448
99	325
226	589
368	419
0	513
115	359
231	401
49	497
458	542
546	617
96	132
135	362
118	571
163	228
275	408
119	677
265	602
15	286
23	401
388	496
154	160
347	576
79	223
59	199
349	439
300	427
24	569
353	678
92	194
458	650
258	312
561	629
345	698
452	482
135	658
227	528
9	231
101	404
378	603
187	266
331	354
403	639
67	676
156	538
240	315
110	270
195	692
259	455
479	615
144	536
21	382
112	557
545	659
603	605
611	666
383	663
251	639
195	253
438	676
411	602
23	34
71	271
194	536
98	375
234	462
122	605
56	582
165	616
155	525
32	688
178	245
167	293
587	685
320	323
139	181
401	682
437	626
132	596
77	244
125	439
122	153
136	582
55	546
141	470
420	663
256	560
59	127
55	63
11	528
275	352
379	490
45	176
344	443
578	685
526	545
203	215
44	605
94	343
55	194
377	381
331	390
520	606
60	399
168	594
118	314
268	637
485	653
412	427
280	412
60	331
213	561
401	607
481	542
367	543
110	678
398	486
539	634
660	696
177	612
96	353
23	576
193	266
331	415
366	697
55	98
445	518
238	648
39	283
271	415
163	266
389	646
5	74
151	682
285	454
61	542
16	48
110	328
211	438
204	408
196	199
70	600
253	635
26	252
195	525
210	215
89	561
218	284
179	635
3	466
461	624
206	222
125	391
40	584
52	255
300	698
79	653
58	554
346	691
260	405
415	630
193	622
317	466
131	591
445	461
231	402
195	417
210	429
575	629
58	642
327	495
18	73
428	600
194	430
106	296
23	149
140	483
189	318
0	456
61	325
322	645
173	544
138	394
245	643
246	436
80	685
354	579
297	308
196	283
84	131
372	530
240	419
16	45
139	635
55	347
107	522
490	588
108	697
277	682
286	615
180	456
141	547
512	694
280	403
418	588
293	459
201	394
67	193
341	561
330	558
70	688
134	220
146	570
376	614
341	384
19	143
216	629
34	580
105	549
96	665
167	189
37	302
162	310
186	574
76	532
43	568
360	584
199	277
148	216
184	200
367	683
323	338
270	563
98	250
232	372
496	543
490	653
260	697
139	642
246	327
136	589
446	685
52	321
82	231
400	595
304	540
319	632
287	660
63	435
376	555
140	205
486	516
314	586
243	398
407	484
195	588
97	615
313	438
28	125
152	637
150	482
249	478
435	499
82	444
98	497
159	632
356	484
617	635
395	642
195	215
106	286
435	626
531	592
53	384
525	647
8	195
83	176
457	606
343	510
72	539
434	496
518	535
206	599
184	650
620	697
211	646
526	627
233	355
31	558
407	554
240	446
91	454
390	581
649	683
299	646
154	308
130	599
105	328
63	445
38	317
384	570
305	468
294	528
457	691
78	345
332	487
220	579
4	28
298	508
285	386
324	472
414	631
58	614
320	645
503	540
630	651
254	582
226	247
261	428
124	272
210	491
459	643
237	541
155	598
140	405
329	614
558	576
447	450
417	578
56	216
455	625
1	343
123	176
268	649
78	533
406	510
547	624
40	678
80	179
106	507
266	437
149	503
290	588
3	164
38	541
62	89
107	423
11	687
107	231
6	107
34	108
69	642
231	406
218	529
133	266
214	483
140	667
244	248
87	280
117	636
405	615
230	511
20	311
364	512
525	605
9	219
276	440
118	126
89	595
321	483
84	410
586	651
134	287
428	646
380	529
70	364
90	465
190	383
383	554
5	448
185	674
373	597
93	504
200	574
77	173
243	269
300	691
14	526
221	521
436	482
7	563
405	669
535	680
160	465
432	634
175	436
86	331
319	524
585	655
319	616
447	649
136	490
295	538
184	234
151	307
344	610
83	699
10	450
247	693
144	339
464	675
151	657
167	445
312	571
145	398
56	176
81	488
92	413
94	507
17	221
77	533
503	564
387	572
219	547
113	340
481	519
398	648
252	554
206	286
399	634
252	696
326	447
414	630
397	576
29	653
282	407
48	205
42	506
34	597
265	667
306	314
435	590
171	509
178	335
314	452
128	381
52	330
178	385
258	389
123	432
251	449
295	455
311	593
65	216
81	262
108	537
75	443
283	360
94	230
143	542
477	680
26	455
212	448
103	583
308	560
175	629
251	467
150	436
128	333
290	644
334	355
472	642
497	530
449	602
178	656
245	272
60	697
496	654
60	115
267	408
436	528
54	298
377	554
286	534
114	448
72	532
207	683
141	183
24	415
364	447
124	513
99	336
123	588
327	417
356	654
143	377
272	361
151	371
177	284
253	399
260	365
266	678
100	178
412	552
20	442
89	105
142	676
146	295
518	576
381	686
295	349
460	618
27	103
387	594
445	591
59	283
541	577
500	594
249	385
42	53
116	183
90	498
420	685
176	492
37	497
444	531
262	285
67	559
195	219
230	373
292	585
426	592
142	263
0	274
217	537
168	246
235	248
609	611
273	342
46	309
264	467
541	565
295	315
210	436
352	399
212	665
578	657
149	341
371	415
269	564
176	230
526	628
183	516
511	638
117	251
8	129
50	656
227	317
535	655
279	339
280	454
135	530
401	434
157	620
466	484
48	461
616	638
213	240
405	666
20	531
117	502
23	538
407	493
84	453
3	397
181	263
305	692
463	581
28	569
351	521
422	536
589	685
364	679
452	489
347	524
587	648
65	130
24	122
93	233
207	455
146	509
13	407
142	171
229	472
171	459
3	697
101	457
503	624
326	502
133	380
213	304
552	676
158	543
127	619
272	421
208	396
268	514
138	393
123	396
130	603
309	594
450	461
488	631
262	298
345	675
3	492
113	465
388	539
255	429
331	346
104	627
135	441
40	615
24	412
143	591
119	219
286	658
348	561
79	452
38	220
168	290
284	526
282	421
210	527
218	459
46	645
165	316
76	654
546	664
180	554
148	682
110	628
367	478
314	559
276	463
369	692
33	681
72	242
160	303
401	559
509	695
614	630
90	513
481	538
117	671
337	433
338	369
68	322
380	589
144	455
280	537
370	504
476	558
176	440
45	351
505	577
19	443
49	216
146	484
381	614
6	695
335	618
555	679
268	580
78	625
477	532
324	550
2	191
61	210
105	667
603	609
462	547
125	623
127	384
136	425
655	698
93	606
32	596
140	537
267	539
475	577
293	693
150	396
116	296
166	454
28	203
88	296
163	380
159	518
217	329
117	313
199	481
339	410
97	297
207	573
118	636
78	548
8	470
42	179
560	639
156	232
493	686
319	537
84	695
390	514
497	542
348	660
221	244
230	361
291	587
399	579
205	457
204	542
314	327
498	664
493	625
236	361
272	413
416	485
178	534
113	404
316	587
517	681
270	372
168	528
534	640
299	679
174	534
41	406
345	429
236	505
216	528
569	585
376	521
517	587
324	653
563	686
38	172
360	392
254	368
196	426
38	229
456	631
48	256
75	315
46	580
263	425
362	588
675	688
5	566
50	435
388	604
431	678
18	59
185	456
543	692
362	406
151	167
85	227
82	145
208	301
72	99
68	627
219	468
71	427
449	598
483	530
106	122
31	165
426	687
541	545
380	384
332	640
378	556
450	602
35	547
600	683
409	573
340	471
109	141
255	311
257	502
88	348
566	659
169	627
374	521
474	627
529	692
109	295
217	310
195	482
57	318
143	380
233	490
290	366
228	286
570	588
575	594
374	662
57	150
220	513
269	388
653	667
338	695
71	541
376	436
121	650
495	664
49	494
31	161
319	495
348	574
284	402
101	169
130	509
394	469
96	551
205	318
215	596
57	432
233	698
116	516
2	281
603	612
432	462
310	594
41	278
148	205
544	683
124	550
175	392
316	467
179	191
234	593
329	340
445	509
136	156
334	635
256	422
18	212
389	499
338	658
83	267
223	440
302	340
202	243
492	632
299	379
134	419
161	326
328	333
418	636
17	480
463	511
391	651
440	608
54	639
83	289
354	669
211	353
35	499
226	685
59	659
4	50
27	576
333	434
570	584
463	639
213	407
114	249
80	181
94	267
383	563
192	229
57	105
223	239
11	217
61	190
11	410
285	331
219	624
506	584
56	97
173	606
129	199
190	529
93	696
305	398
79	640
191	649
376	646
395	434
417	603
21	80
47	515
165	652
269	328
6	537
10	338
303	415
296	498
435	594
82	143
153	535
269	320
374	572
349	612
117	303
30	134
502	693
136	633
126	386
124	356
116	123
194	645
304	591
303	641
423	553
414	597
265	402
332	522
154	300
31	408
339	627
241	404
125	322
56	638
548	567
7	271
35	300
49	278
336	511
282	501
377	407
138	319
72	498
285	435
109	164
500	577
69	676
50	482
252	681
226	698
493	645
178	508
227	228
258	436
45	615
96	441
259	513
254	297
35	443
126	629
472	509
338	440
157	477
197	439
268	686
224	335
51	265
74	429
81	517
463	602
15	456
295	602
540	593
76	445
206	383
135	464
69	463
408	413
26	539
419	660
245	533
248	368
629	691
47	376
384	424
124	636
259	613
92	490
7	336
73	217
173	265
291	529
240	413
517	589
165	521
410	641
241	549
178	207
321	554
105	451
275	337
76	522
309	357
103	338
209	511
117	444
187	295
324	340
408	447
372	509
179	402
133	345
284	669
8	156
128	387
226	507
81	324
133	665
155	430
370	687
19	528
117	281
220	641
236	349
83	502
37	184
54	551
111	617
40	251
59	117
472	641
285	573
72	561
282	629
152	699
617	618
455	676
358	638
350	538
22	649
326	538
135	238
172	637
58	577
232	366
244	547
338	628
50	475
469	556
2	311
177	212
180	642
202	445
226	490
163	192
15	520
247	342
187	609
26	40
261	626
197	508
230	655
168	696
234	431
476	549
117	476
187	264
479	513
236	412
76	82
319	606
159	222
346	353
265	314
429	447
246	312
96	549
258	472
485	571
73	510
522	581
362	410
146	268
274	333
215	506
269	524
8	216
26	533
78	452
196	528
215	307
421	629
217	446
488	601
19	583
39	396
71	615
341	403
379	509
102	134
124	399
290	569
74	424
78	605
61	119
478	593
160	533
147	348
278	586
505	550
305	487
64	288
114	362
176	258
246	519
268	283
288	376
520	671
514	612
218	238
176	542
78	96
606	687
59	70
165	460
482	492
164	396
156	516
484	564
220	450
60	333
238	471
475	592
197	493
303	513
82	427
39	611
212	369
117	570
68	293
565	612
328	476
302	327
98	614
128	297
437	601
142	215
134	142
54	608
482	630
92	192
456	578
232	591
646	687
139	588
339	447
177	468
280	552
235	644
116	619
143	679
74	331
1	36
582	655
450	646
381	625
199	493
159	265
186	670
511	599
386	521
308	435
125	593
222	361
198	643
202	318
103	435
152	312
184	261
408	448
313	494
170	231
501	559
196	229
355	446
34	433
422	637
118	446
251	422
70	655
178	526
18	385
304	348
137	690
152	173
47	451
377	518
522	614
286	339
164	172
398	614
21	584
225	483
229	496
517	660
41	557
69	201
203	391
5	223
132	144
316	597
221	621
260	468
307	611
39	92
345	562
251	550
255	426
208	461
49	235
93	530
299	577
44	256
37	171
110	362
54	62
54	252
230	474
375	453
264	563
570	631
666	673
285	545
397	614
192	324
61	557
141	477
212	561
71	208
190	525
166	230
284	340
260	495
151	568
107	375
106	668
27	384
40	98
679	682
53	132
179	395
185	276
336	505
265	381
401	433
68	545
312	446
219	293
297	366
15	369
416	489
243	420
108	228
387	636
371	618
612	662
339	614
542	557
470	577
410	633
111	387
260	675
155	270
46	601
445	631
71	471
43	423
53	396
474	655
276	451
107	233
173	629
202	681
180	523
418	471
407	458
553	676
605	656
252	549
15	155
224	471
8	24
557	670
20	633
243	385
500	698
262	680
82	645
476	588
179	498
426	486
297	342
74	92
272	501
668	686
489	615
259	671
419	692
48	536
556	591
499	633
39	627
282	650
202	391
235	402
114	140
6	291
314	563
207	465
140	412
573	673
78	506
489	602
227	507
180	643
554	635
430	491
202	411
140	330
39	268
124	437
112	498
556	682
266	283
95	684
68	543
129	260
327	413
80	438
373	645
198	318
142	698
473	649
38	198
65	686
368	474
194	198
231	496
181	596
105	571
78	155
148	595
3	531
523	699
8	222
176	380
78	359
16	24
660	663
0	651
345	628
439	656
435	508
12	165
305	505
522	531
428	625
18	148
383	390
425	634
298	331
61	100
281	568
226	508
490	515
26	37
317	366
164	229
153	559
130	241
258	698
199	588
201	662
86	623
599	652
264	627
598	631
122	527
106	592
321	438
262	400
383	549
204	350
34	165
157	541
363	553
81	141
22	163
302	499
190	625
296	307
668	672
21	170
125	306
75	494
299	486
378	601
386	460
353	571
225	244
439	567
63	606
310	499
583	628
306	340
522	640
384	537
36	207
81	211
478	519
107	610
22	633
278	636
28	463
34	323
429	647
13	295
349	450
158	441
240	574
132	283
231	540
158	564
126	297
85	419
41	359
141	417
143	166
96	112
278	661
220	423
232	627
176	505
117	418
144	364
55	273
14	116
110	301
625	661
84	596
400	562
225	354
35	526
180	428
176	315
274	317
120	339
310	597
472	520
156	259
193	362
137	557
117	664
356	560
29	237
631	647
296	388
332	426
229	295
642	677
472	587
17	70
42	165
184	492
204	455
439	593
257	472
129	631
9	609
365	437
137	351
180	316
196	361
151	279
198	682
188	543
384	586
84	489
254	280
366	397
370	649
297	372
161	264
280	372
117	348
63	250
460	689
501	674
63	443
152	698
156	292
268	568
106	301
165	606
247	676
140	529
418	659
352	565
425	494
51	650
226	364
5	185
316	348
368	570
45	565
71	493
348	539
213	353
64	413
343	432
277	561
417	592
469	616
261	517
59	120
485	552
175	427
166	623
257	536
255	520
89	596
105	228
73	533
446	465
620	641
3	444
94	550
8	445
500	590
43	223
267	289
271	314
5	330
305	480
435	616
184	686
211	402
457	625
302	645
357	560
196	457
228	611
72	656
47	419
410	667
216	452
132	295
236	591
10	561
374	581
366	679
158	473
261	588
389	411
309	376
138	689
56	223
26	73
396	530
356	682
282	359
415	671
480	522
216	518
111	448
435	571
94	102
14	239
513	696
5	146
229	638
121	185
139	610
200	337
396	543
50	111
97	320
296	463
32	208
43	491
401	632
96	681
31	566
51	545
267	641
161	323
222	371
205	528
17	257
329	459
20	535
23	694
116	273
543	587
37	281
358	436
179	633
43	379
228	563
78	590
194	480
121	468
140	224
336	616
293	591
111	284
34	314
127	422
206	470
89	623
287	561
185	304
128	576
571	628
144	442
248	501
151	225
180	532
146	490
111	432
39	507
27	555
311	556
146	546
627	693
208	214
221	546
224	602
467	687
390	460
229	317
226	466
268	509
191	317
255	385
58	561
48	394
184	370
504	657
112	194
67	332
150	633
420	620
340	412
364	527
332	345
515	570
394	633
200	413
523	552
412	468
89	686
206	677
213	470
536	684
169	171
97	563
99	392
297	330
13	45
286	597
154	564
61	466
201	248
393	685
134	375
119	664
422	692
156	680
91	311
259	680
184	374
53	81
345	618
209	671
285	476
94	276
274	542
185	358
74	578
24	675
160	461
273	417
6	200
596	698
489	690
7	555
248	289
294	683
23	177
559	698
281	685
342	426
585	620
404	545
195	452
487	694
362	400
176	491
637	688
518	607
23	220
112	193
342	604
174	684
160	510
53	657
169	662
487	642
181	636
536	594
400	540
189	491
575	697
275	668
126	423
56	359
177	646
440	597
486	501
558	603
465	570
189	362
193	366
143	687
382	482
70	465
170	613
259	475
2	640
86	493
197	682
282	542
441	537
518	547
224	507
197	227
76	314
194	565
397	613
7	219
165	469
433	498
296	630
56	615
435	658
199	623
238	449
210	487
7	466
175	412
291	639
174	409
199	438
380	657
185	613
368	371
203	542
135	496
140	588
107	387
69	474
62	444
65	326
361	510
385	689
39	78
202	450
366	405
252	514
45	241
48	688
261	382
220	462
347	373
372	428
391	666
362	402
56	500
459	559
476	645
61	240
89	428
191	227
27	622
239	538
76	657
269	468
91	115
144	617
220	255
257	542
389	583
289	574
32	188
489	655
266	300
37	544
3	371
122	626
267	362
235	269
146	166
183	685
241	670
30	112
249	675
325	481
56	198
135	379
37	115
338	665
350	468
240	454
138	574
70	341
93	454
116	521
135	293
437	545
184	194
250	650
66	159
370	561
129	532
232	678
568	636
449	547
73	186
555	586
444	547
400	605
178	474
240	520
258	694
35	644
101	146
86	171
231	512
356	457
362	370
81	380
127	159
251	335
95	699
585	660
55	475
238	627
239	553
162	326
346	363
98	552
160	649
154	590
31	150
209	331
83	449
195	487
283	555
160	621
424	682
325	442
42	295
176	355
311	545
557	605
71	177
38	43
121	260
350	671
426	433
224	463
73	541
217	583
38	459
350	511
154	454
568	670
435	549
312	382
622	663
484	664
593	689
250	594
619	636
419	634
104	340
475	486
100	548
19	662
270	573
141	557
157	634
229	682
233	583
241	556
54	535
106	644
572	647
541	551
56	294
94	380
87	148
117	345
298	472
267	306
7	591
241	338
374	532
112	493
215	391
167	233
349	461
80	193
297	649
528	579
117	326
283	589
40	230
400	425
243	428
287	363
214	517
429	434
331	397
76	676
158	277
418	576
442	606
227	364
16	292
32	575
227	657
384	654
102	128
166	324
181	470
52	176
391	580
629	678
85	117
213	300
215	567
123	201
433	489
53	236
416	557
452	619
242	680
3	374
471	540
390	484
0	199
315	662
23	84
268	382
333	510
22	538
220	411
171	557
54	609
421	501
446	649
499	661
467	678
488	640
324	417
90	646
582	648
429	556
171	345
47	350
480	525
49	663
106	499
375	685
291	658
375	460
22	326
70	522
607	627
136	694
136	300
381	658
54	566
277	544
294	572
208	682
178	548
220	611
50	198
282	631
56	442
452	535
444	447
237	437
289	676
78	122
341	627
407	557
189	529
528	542
110	618
436	614
196	663
470	593
197	451
147	366
80	521
240	583
100	509
251	462
296	473
42	415
417	477
302	415
256	687
25	615
204	327
137	526
282	434
420	474
236	628
521	646
106	641
139	256
182	328
20	388
43	614
176	581
83	334
85	122
190	642
72	595
262	291
238	531
204	695
314	553
243	668
77	442
74	369
83	463
137	446
83	629
79	545
385	497
268	423
182	364
258	290
160	453
203	510
378	490
376	399
124	604
148	374
187	571
436	694
81	454
2	534
215	297
309	367
271	590
310	545
78	223
50	112
78	698
441	576
79	350
306	519
323	680
213	323
63	536
21	181
377	469
649	674
99	206
311	351
520	687
36	592
266	342
434	515
162	660
87	132
80	491
382	413
150	258
162	487
110	560
395	410
366	554
146	367
459	662
69	600
306	382
43	87
347	411
538	693
108	307
324	353
265	391
19	666
109	588
455	671
288	435
575	636
246	348
450	670
362	392
371	673
67	375
139	278
65	488
116	471
434	689
351	595
297	317
225	638
3	146
183	314
61	323
63	158
179	522
36	618
92	475
292	673
577	578
213	615
488	565
299	404
343	441
148	206
320	542
103	119
67	462
98	581
283	430
372	386
210	618
383	442
131	442
600	616
193	234
82	195
488	684
4	142
457	650
155	606
393	635
163	179
21	403
209	297
119	594
168	313
459	494
183	592
41	238
132	291
380	392
159	283
376	420
207	550
35	386
46	588
468	616
128	678
103	471
661	662
95	152
2	214
345	463
437	473
349	676
628	666
111	302
75	321
446	680
396	488
252	411
223	666
213	366
57	625
260	689
554	687
182	646
103	489
608	627
419	556
17	475
196	578
69	142
518	598
81	615
245	690
250	413
93	111
375	377
91	452
145	201
291	339
328	665
428	554
343	481
311	466
106	282
536	647
167	420
116	545
101	253
153	502
468	556
76	232
114	660
127	475
98	182
32	171
28	386
551	631
509	526
78	111
286	649
366	604
146	326
164	448
97	504
92	463
271	422
473	516
117	128
138	440
182	652
533	635
249	653
193	374
359	486
90	269
121	605
51	623
43	70
197	207
6	339
128	570
295	375
133	508
188	449
483	625
390	531
370	620
361	669
137	176
482	666
57	536
90	539
330	464
130	425
156	688
84	414
92	681
177	542
604	697
103	380
214	318
433	557
436	680
59	529
15	234
366	375
345	649
181	405
109	649
282	382
25	409
221	658
286	630
106	407
301	472
232	690
197	611
119	494
146	395
8	674
55	315
249	597
356	467
46	335
154	360
395	462
350	402
304	686
198	302
69	583
62	661
316	677
172	239
236	251
66	219
443	609
141	671
546	660
479	658
141	341
66	206
342	543
224	505
390	399
187	623
442	574
606	641
472	581
431	637
46	220
346	648
561	605
240	489
2	238
10	257
184	312
146	462
185	337
209	408
337	446
329	404
370	378
27	266
337	377
37	446
173	207
99	492
142	632
23	372
239	385
462	686
116	572
475	615
457	544
298	647
87	448
296	438
167	309
62	400
192	322
7	274
521	623
268	663
71	611
162	698
15	178
372	495
173	632
139	681
252	322
570	586
340	368
37	362
574	643
485	533
76	494
108	328
321	640
256	355
121	423
0	486
237	391
293	642
203	319
29	373
561	642
381	418
463	650
117	238
605	648
80	657
18	255
463	573
46	560
132	552
158	370
231	553
380	678
247	484
449	532
325	667
454	546
69	233
73	377
215	432
61	256
185	633
38	339
485	580
421	578
68	369
245	307
213	374
563	626
583	585
583	638
1	430
325	626
394	452
189	376
136	385
218	650
63	94
129	571
530	662
395	529
195	374
343	606
143	160
24	110
106	582
484	659
100	686
38	367
38	587
142	269
181	274
249	454
345	499
72	629
38	218
163	630
142	472
104	415
211	248
15	97
346	368
626	673
44	220
152	370
111	149
315	525
134	604
154	479
139	467
96	291
29	698
222	292
208	609
72	152
19	447
533	596
65	636
34	620
183	567
364	555
22	82
25	588
20	460
95	603
112	292
680	696
385	600
361	603
133	317
86	545
105	213
57	265
262	316
516	668
31	224
293	464
392	688
87	688
254	487
219	288
469	627
179	269
98	265
267	473
72	354
269	398
237	399
130	515
251	257
490	574
357	537
362	573
146	349
161	301
518	558
159	567
161	603
394	404
134	209
141	654
56	185
35	698
187	205
457	692
81	675
46	340
50	202
228	475
369	507
131	650
30	205
350	668
86	128
2	391
230	615
386	646
66	162
143	409
11	356
7	31
37	299
296	618
54	148
26	68
229	362
10	331
282	623
66	163
275	477
232	306
14	206
467	577
28	77
218	369
116	431
259	497
34	560
51	120
131	258
100	113
173	403
238	556
286	350
306	547
380	638
162	566
330	616
269	687
248	535
127	654
15	681
222	227
425	663
3	197
578	679
464	670
77	328
62	69
413	493
269	454
85	168
97	272
67	563
26	312
395	645
110	245
64	318
171	390
412	456
257	695
431	606
113	228
303	568
337	431
11	660
82	97
35	201
56	270
314	617
538	668
138	495
47	303
369	530
372	449
315	699
130	256
144	532
476	598
93	357
176	444
9	537
16	85
267	575
271	689
86	189
552	568
51	129
62	383
484	600
583	603
94	438
106	686
185	567
105	408
329	617
175	238
328	633
401	404
251	563
172	302
477	623
295	505
302	592
189	251
311	678
261	335
166	180
62	557
138	274
188	663
176	683
47	378
236	290
163	180
34	376
194	241
149	423
34	412
42	431
186	579
176	375
180	436
356	627
213	401
205	586
389	487
304	618
225	537
285	317
47	699
477	589
205	570
16	67
227	625
181	550
301	500
17	112
121	355
7	425
244	631
416	511
331	559
275	495
146	543
318	331
220	539
244	520
79	560
110	176
550	645
173	410
443	579
327	577
328	368
91	554
268	616
182	270
220	265
35	541
357	645
226	305
68	474
109	450
43	413
89	292
97	327
205	321
318	681
336	614
418	580
294	621
171	201
132	494
227	436
15	194
424	585
181	427
387	428
440	565
55	105
60	384
445	490
71	359
211	287
397	549
348	682
172	181
338	637
347	698
102	420
468	660
48	248
469	599
153	218
415	676
398	582
129	413
307	639
45	502
240	285
573	629
4	351
521	624
275	514
564	643
37	442
63	167
108	188
127	465
33	366
25	61
87	682
439	524
206	377
79	664
288	296
113	326
366	488
562	602
496	617
29	668
549	668
352	441
447	696
120	613
138	196
227	473
160	412
24	627
447	564
70	508
293	668
248	507
254	402
339	662
273	491
514	521
629	677
144	638
106	288
116	212
525	573
15	546
110	655
380	649
177	426
162	437
149	611
127	613
555	689
318	466
448	467
271	317
77	584
420	465
47	638
38	359
183	258
144	230
53	270
218	332
194	231
299	306
86	454
154	477
337	386
362	523
381	690
669	694
268	595
331	637
59	437
579	587
269	433
89	671
464	604
122	159
649	656
143	424
117	684
273	669
317	337
100	409
291	393
248	584
190	496
546	601
380	410
20	78
610	639
25	180
330	673
492	626
238	284
523	668
137	581
254	416
108	115
191	437
432	577
248	596
41	567
390	618
219	372
536	673
258	348
39	193
331	582
508	619
14	543
415	447
143	315
275	356
152	202
194	416
509	556
179	459
457	476
9	152
318	398
228	281
21	339
209	643
529	575
503	679
613	690
219	332
369	521
202	385
129	428
36	477
206	380
14	282
176	535
0	345
90	344
157	486
70	673
214	365
317	545
209	535
165	392
37	86
91	163
227	314
21	378
74	518
276	657
171	181
455	628
195	469
136	207
458	562
64	446
181	265
3	275
147	282
300	327
319	332
78	559
350	476
658	675
204	547
355	621
251	447
282	635
625	669
114	623
78	437
44	49
358	381
625	681
284	510
402	625
113	317
272	699
128	246
418	466
108	533
3	518
3	559
265	504
350	619
627	651
408	526
532	617
155	642
120	644
39	597
319	586
102	393
345	477
576	617
107	638
68	394
75	408
73	500
215	407
113	556
75	302
641	687
385	584
218	589
468	653
465	601
369	697
181	366
30	63
493	678
7	22
136	262
196	655
165	517
222	513
306	595
102	548
461	695
49	647
660	673
615	632
213	268
162	207
259	341
48	605
95	587
262	439
252	431
323	361
60	287
312	540
29	324
216	555
204	477
420	655
243	515
78	310
111	696
64	366
273	301
117	521
27	44
211	697
205	376
463	628
343	517
168	481
13	380
247	678
103	541
162	433
441	523
573	638
14	606
273	399
397	487
442	546
566	628
388	674
240	588
121	643
142	581
133	601
165	224
204	248
120	269
101	694
373	577
518	635
391	414
155	314
265	375
370	467
91	407
384	436
110	282
303	660
138	299
46	295
239	492
330	574
251	417
208	326
109	282
67	619
375	405
331	404
160	584
373	470
65	621
16	454
415	698
500	606
62	157
123	612
282	522
127	230
153	680
55	697
92	349
582	692
171	582
210	416
202	472
262	609
196	331
411	480
308	393
542	548
66	96
335	516
249	563
548	684
77	104
137	588
591	667
434	618
423	561
69	433
480	639
184	202
60	71
189	656
22	611
638	693
258	586
110	156
160	290
15	31
307	361
295	304
184	667
40	310
166	482
162	447
200	408
560	576
444	614
307	657
20	484
65	336
5	24
171	173
283	569
458	566
263	423
125	443
380	673
285	346
234	409
56	251
211	295
65	577
541	673
172	309
281	302
172	304
57	644
422	630
667	668
261	594
464	571
3	24
22	629
197	410
29	117
414	542
480	636
114	567
110	453
57	389
305	695
543	547
143	674
52	134
89	339
360	377
32	665
442	517
136	451
418	609
331	592
539	599
413	659
104	689
79	654
139	441
157	232
308	558
7	402
323	520
185	639
115	367
198	545
229	510
120	699
395	640
225	582
196	633
500	513
173	577
320	459
30	329
281	528
38	517
143	670
16	329
73	434
198	451
40	608
325	603
113	625
102	201
136	681
263	346
29	142
54	241
435	639
343	525
30	158
139	360
275	612
17	449
264	588
8	181
193	669
338	500
437	598
340	567
26	390
465	615
143	190
291	377
198	505
40	221
353	570
173	526
637	647
46	268
202	554
418	612
429	475
57	489
388	500
430	562
77	518
98	560
150	519
35	629
135	614
147	378
149	327
349	539
4	625
109	628
221	526
147	416
224	646
354	683
348	512
175	259
151	590
97	386
156	322
436	568
488	511
118	376
201	656
590	687
229	397
277	344
287	563
176	408
311	682
241	362
645	673
349	531
523	568
27	647
64	295
44	344
116	259
157	179
70	604
263	600
514	636
242	539
627	684
57	241
218	585
286	510
367	633
4	53
409	618
15	305
543	606
184	665
203	607
44	350
84	507
58	66
361	613
200	392
39	386
275	646
37	606
404	664
31	576
88	199
47	80
22	167
261	476
186	677
265	675
51	516
318	642
175	288
258	660
133	150
7	353
633	641
430	435
97	590
301	356
204	311
169	263
210	414
215	612
305	491
539	675
199	435
325	559
497	598
232	425
96	320
99	577
188	508
138	665
6	56
249	436
72	307
77	646
352	489
509	578
111	231
626	634
91	241
200	214
22	655
240	482
58	531
268	363
178	550
367	530
568	682
51	473
535	556
324	614
184	227
227	452
123	625
217	579
33	144
359	549
272	345
353	663
597	647
100	565
359	390
395	655
85	384
216	240
91	357
518	537
260	564
420	453
35	615
16	41
409	424
567	582
269	634
21	55
15	641
543	614
131	315
465	517
169	578
120	442
38	351
40	505
175	303
351	566
414	608
106	172
311	521
351	485
274	470
535	666
111	412
84	673
513	655
476	520
329	566
279	679
45	343
4	602
146	221
131	191
195	437
89	622
390	671
559	642
141	410
47	225
129	248
66	472
37	408
146	572
61	243
320	655
328	485
113	211
190	503
102	388
281	658
109	653
355	463
72	467
431	635
360	485
182	191
286	581
298	306
165	398
136	679
293	504
39	411
48	266
429	507
86	400
178	613
143	697
310	324
395	557
10	509
147	641
537	557
235	438
412	590
126	588
7	550
70	504
43	571
57	186
224	642
61	390
626	659
119	330
518	676
266	642
112	318
54	459
185	591
152	273
375	484
227	437
81	406
411	676
333	631
133	523
60	253
156	495
232	533
246	561
137	385
404	656
374	428
69	589
375	672
190	520
319	609
310	410
371	593
93	515
156	566
170	312
12	384
235	614
358	637
53	481
364	368
52	530
297	510
263	352
335	374
381	676
343	367
259	610
281	337
392	663
212	532
404	507
298	406
11	214
75	121
168	233
260	480
82	545
10	302
190	273
26	243
606	623
570	626
539	628
5	27
160	446
166	595
77	158
136	494
280	465
509	614
489	646
571	640
193	664
216	333
18	20
447	475
554	612
231	538
148	466
427	435
121	186
73	346
104	440
15	508
497	589
340	353
324	535
327	480
338	655
402	566
360	653
94	182
211	594
319	493
255	441
422	464
240	322
246	385
158	215
70	615
519	635
146	589
53	601
152	427
140	260
159	557
30	678
266	638
533	665
295	436
218	579
381	507
213	542
429	557
273	322
16	378
79	263
207	642
191	636
469	611
481	612
239	667
383	504
148	178
58	628
542	578
311	569
180	319
459	657
19	66
78	458
227	554
345	665
28	365
443	486
346	632
2	172
134	560
246	489
98	685
126	436
41	215
317	339
404	525
16	101
330	678
488	491
515	672
267	425
201	500
400	518
329	646
125	654
251	483
265	309
75	364
459	466
60	285
269	607
7	164
219	634
170	657
45	70
349	683
397	504
562	606
265	690
155	374
72	518
409	518
3	297
311	366
96	608
74	85
128	512
509	609
246	631
117	698
76	156
532	589
93	551
618	683
195	234
38	154
56	128
198	506
511	621
323	623
19	347
232	488
304	584
168	567
279	628
174	359
451	534
517	519
240	287
282	344
49	84
256	478
170	175
154	311
308	540
170	694
41	198
93	629
4	153
222	454
387	408
270	453
230	520
88	303
609	665
60	205
64	432
36	104
144	315
277	687
56	243
476	605
230	681
74	159
461	642
440	442
188	633
526	699
195	440
279	642
260	569
349	552
67	212
74	548
293	561
242	299
361	478
20	116
92	447
18	157
169	559
43	145
40	77
387	429
35	336
280	693
76	366
292	548
323	552
68	546
171	696
295	377
181	209
75	105
161	181
25	381
260	417
408	627
465	574
144	545
92	129
337	514
134	465
270	427
246	477
536	672
166	559
360	503
405	636
420	426
310	523
259	433
404	494
167	402
233	567
9	40
90	182
661	674
57	512
97	557
118	564
218	437
345	424
90	489
497	675
82	228
203	699
345	695
71	284
504	674
59	549
209	271
238	323
31	270
349	475
83	312
344	521
289	553
292	622
270	457
147	677
26	505
43	500
376	391
302	549
105	324
369	653
424	626
48	576
264	683
238	393
391	457
208	558
136	519
72	275
53	274
4	140
331	465
410	489
530	550
497	668
568	692
249	477
276	632
261	694
271	636
120	152
385	513
220	650
577	625
192	606
374	412
380	446
110	464
132	441
7	119
66	560
585	634
372	658
263	317
451	676
339	637
417	559
27	43
541	597
215	597
261	296
541	570
421	452
232	395
119	694
153	453
216	663
257	482
333	526
409	696
242	528
166	191
264	304
310	498
88	444
36	498
89	154
222	516
372	642
218	266
29	520
361	618
295	558
695	698
136	253
118	290
26	351
557	686
83	661
61	508
157	512
100	193
181	327
2	129
109	521
28	646
54	550
326	399
234	481
224	308
602	641
121	389
463	538
337	626
123	211
68	377
402	444
265	636
408	415
302	433
240	384
22	227
10	483
123	185
120	186
403	667
231	574
74	444
50	78
147	413
252	389
79	459
607	615
220	370
184	613
360	385
237	500
7	229
265	647
346	660
383	650
182	446
9	559
202	363
420	531
365	418
216	395
38	148
415	531
44	221
80	339
305	432
139	247
539	654
34	52
407	673
161	574
61	114
1	490
254	692
315	555
347	426
152	284
39	170
541	655
170	262
186	233
198	430
605	621
527	693
78	408
162	486
313	495
46	183
58	122
163	541
103	320
112	368
361	446
223	309
137	652
482	556
296	377
34	340
189	344
21	271
396	680
108	579
75	645
63	354
150	462
474	588
120	467
326	563
619	659
50	677
604	659
7	83
627	674
9	439
289	601
103	662
337	358
32	63
2	552
366	601
100	241
53	84
162	182
117	180
97	475
269	533
175	423
500	552
190	517
46	259
148	300
5	57
77	661
184	601
179	209
138	446
490	491
22	625
15	609
123	158
459	584
165	627
83	575
364	632
111	311
386	595
481	518
461	622
328	629
82	418
170	425
338	452
238	293
110	195
165	513
595	638
322	333
362	648
108	621
92	165
144	590
411	637
343	479
218	350
182	540
277	548
355	445
8	116
247	478
127	250
299	677
100	147
462	525
155	202
421	458
235	254
190	311
425	655
371	622
204	699
305	623
23	593
5	46
182	188
397	484
122	471
97	466
143	325
302	398
1	475
352	510
333	374
138	399
395	435
149	385
264	412
113	631
239	500
194	553
286	323
386	522
159	382
142	435
248	661
200	446
71	328
365	455
220	397
73	274
295	617
114	175
630	675
552	607
140	403
102	161
39	523
491	525
198	453
420	497
611	616
87	579
120	415
403	470
287	456
407	676
204	496
31	130
22	166
66	563
359	433
105	109
373	697
278	342
306	562
101	454
396	569
186	576
444	583
418	541
447	622
360	566
206	407
460	616
359	695
560	649
474	622
147	479
235	481
40	198
30	695
87	133
530	601
201	599
83	150
96	664
464	638
17	263
333	508
129	697
533	620
229	678
330	512
267	409
186	496
194	329
78	349
260	456
67	74
314	413
137	377
97	577
341	628
400	643
61	699
302	437
103	690
46	276
203	249
180	219
322	688
348	516
372	435
40	268
132	271
149	449
115	698
169	228
113	686
50	614
42	169
444	626
504	625
202	332
360	661
233	412
55	200
89	170
154	396
2	604
300	416
133	344
303	390
613	616
223	686
254	373
262	492
259	650
371	488
81	522
122	187
349	480
254	334
435	643
481	601
323	340
605	609
111	114
1	150
185	292
194	544
141	686
287	348
89	647
485	494
18	220
45	372
346	348
372	540
189	194
267	503
495	501
84	603
237	415
30	357
428	685
91	668
0	264
350	558
445	657
409	693
52	592
172	430
27	322
299	429
141	284
88	170
358	417
117	240
73	573
229	402
178	638
347	473
284	622
401	429
295	433
434	556
348	378
87	109
100	403
40	224
24	452
109	341
136	344
496	499
206	369
111	455
339	489
48	627
89	431
269	507
456	681
439	546
150	427
498	669
343	406
149	234
451	634
165	384
242	267
75	664
148	542
264	400
125	288
459	670
335	346
399	566
276	672
157	394
472	557
96	486
79	451
224	483
91	692
94	599
91	104
357	410
366	432
84	88
245	565
116	683
207	499
352	600
26	372
36	420
4	441
20	630
390	676
280	452
69	698
297	563
227	318
257	677
82	603
516	531
342	685
486	603
60	425
470	594
452	540
19	52
235	607
526	679
80	386
480	654
196	624
526	625
291	562
290	669
21	692
390	689
315	421
236	286
266	673
135	500
128	584
317	625
22	310
49	241
308	320
382	635
36	338
102	390
18	158
79	146
70	284
275	574
215	676
96	372
18	474
101	277
239	670
79	690
389	525
318	356
141	394
410	453
77	254
169	446
47	440
499	666
327	686
190	417
215	256
194	405
215	579
460	634
464	662
24	211
326	420
87	641
213	497
5	653
153	469
211	528
204	680
481	482
52	309
178	565
585	638
124	611
488	569
243	288
442	510
45	696
542	645
26	317
224	408
195	263
42	434
119	623
17	469
430	628
138	653
178	222
107	390
313	699
120	653
73	694
369	547
19	303
10	252
420	511
198	485
488	630
254	607
77	99
496	643
27	340
27	477
7	260
116	121
294	418
114	381
191	377
222	525
149	324
213	310
101	302
298	324
107	354
486	668
191	200
115	173
507	513
37	197
509	647
72	94
634	661
27	625
395	520
61	122
250	286
123	590
378	530
350	601
222	573
369	446
629	652
435	557
119	595
615	670
559	608
53	170
55	657
244	549
472	527
173	295
83	549
172	683
371	587
44	589
104	529
22	379
165	232
596	687
167	253
164	309
609	697
126	187
388	603
272	385
546	548
365	450
33	242
235	328
87	244
149	523
150	452
168	370
395	650
77	141
497	562
265	650
89	630
181	514
592	649
157	644
18	253
237	444
53	558
431	539
201	427
200	550
491	573
142	391
577	600
162	312
495	688
204	295
12	132
10	496
8	342
499	516
392	595
276	432
397	694
109	610
121	314
66	467
409	527
31	626
633	664
529	683
113	548
539	681
247	637
125	293
211	289
317	361
35	397
427	536
7	372
363	462
421	430
311	543
259	367
96	530
116	450
380	575
72	694
95	546
414	612
318	408
405	665
412	525
579	580
124	493
35	577
540	575
276	362
402	666
186	376
569	634
34	414
397	642
101	688
131	594
85	523
236	254
226	315
406	468
18	653
466	576
144	258
28	49
359	570
398	679
383	668
603	690
428	675
479	584
89	576
268	385
9	313
56	520
522	580
105	257
391	416
172	689
207	494
103	163
118	233
58	372
85	503
4	642
72	410
508	518
291	545
103	387
341	652
512	561
1	217
76	672
91	295
201	229
642	682
38	301
524	551
94	585
321	581
227	685
220	276
477	553
352	647
294	661
32	610
253	540
290	425
175	636
172	664
271	489
114	676
524	667
330	658
34	606
243	319
85	434
410	557
61	410
40	659
206	592
424	520
14	471
91	119
215	626
262	572
105	478
96	428
36	197
442	624
77	325
170	673
99	512
31	400
9	451
34	76
636	657
31	665
287	541
136	306
560	625
126	475
58	572
10	318
22	173
274	312
376	580
161	325
367	523
451	647
1	379
136	554
7	89
546	683
324	625
130	698
531	555
482	669
451	531
10	538
435	497
208	658
109	121
453	531
483	536
186	587
194	548
313	640
173	576
384	516
131	696
316	482
4	517
368	407
103	432
125	549
268	665
117	567
307	552
83	485
157	213
97	665
383	445
470	601
260	436
67	694
25	80
430	524
283	602
300	376
3	631
20	164
595	673
147	315
335	373
349	546
257	463
487	647
330	525
42	488
150	415
135	232
2	558
95	253
196	266
5	141
361	383
83	149
131	527
120	318
490	674
519	554
245	398
100	524
162	541
346	535
139	640
90	114
204	665
332	696
251	413
187	600
141	199
481	498
57	555
97	570
60	492
454	694
23	73
62	530
106	464
84	239
358	560
121	432
156	299
538	697
237	534
264	424
114	411
310	531
256	437
10	44
389	542
120	530
172	365
224	678
64	172
87	591
200	496
263	361
361	549
178	434
273	359
335	603
135	228
466	567
221	250
478	541
80	446
55	476
69	406
345	442
147	305
56	109
47	105
136	325
195	354
183	251
534	681
473	488
130	402
2	107
255	485
173	685
477	546
420	494
117	370
252	626
77	627
514	632
550	597
372	665
287	622
229	563
354	390
312	519
208	364
280	388
438	468
28	76
17	666
278	395
108	541
384	682
268	281
242	595
125	558
267	429
278	588
111	194
23	682
186	462
279	503
312	423
152	512
164	342
351	473
550	591
244	646
300	468
439	597
360	632
435	495
226	294
80	553
360	684
288	294
493	575
22	571
248	609
11	572
125	357
130	554
120	434
392	407
43	648
231	257
0	59
172	232
121	281
15	423
71	257
137	525
181	231
568	611
7	38
312	536
442	479
434	610
392	600
170	447
366	676
4	318
280	588
142	563
73	415
114	531
30	303
81	478
83	692
2	513
432	444
474	601
124	496
399	611
24	480
64	663
32	685
327	658
191	620
31	523
11	557
186	258
201	648
53	620
98	417
150	217
404	454
504	677
372	610
374	664
83	240
572	615
461	532
503	637
23	180
335	425
664	689
70	259
367	518
307	522
387	671
18	211
338	493
59	656
60	606
368	445
479	592
226	377
264	574
165	530
277	582
374	534
126	601
142	508
237	291
86	195
108	388
11	485
25	241
512	578
84	637
299	399
205	525
66	527
514	558
296	418
310	329
471	626
221	436
431	600
170	287
165	388
240	460
209	570
119	153
151	500
287	521
135	592
571	584
509	514
121	603
72	451
166	610
55	289
480	567
604	644
289	599
31	295
321	469
286	388
437	516
16	109
656	665
222	358
199	422
241	649
288	609
449	660
91	109
306	493
200	404
240	462
228	246
552	645
126	613
32	540
365	485
105	382
227	568
41	200
237	406
111	134
55	77
176	627
160	595
530	649
97	608
580	691
410	540
630	698
223	308
573	656
45	542
424	611
434	460
546	684
216	249
114	314
408	573
521	663
351	359
3	51
1	504
274	354
307	592
39	455
531	566
361	570
35	237
256	653
209	270
301	436
356	663
260	626
506	507
310	467
231	424
254	573
18	697
320	637
374	611
185	443
16	327
202	688
96	532
307	407
235	463
5	41
20	683
56	646
104	630
315	385
132	375
421	509
7	231
364	669
37	629
319	651
270	520
99	282
127	466
473	576
296	609
211	549
70	399
0	500
658	692
303	579
435	511
529	638
348	473
272	460
175	298
110	442
503	694
186	330
364	665
199	446
83	152
16	96
35	354
23	532
272	294
347	491
363	653
94	617
437	554
495	522
368	449
168	385
310	336
182	423
335	660
240	504
37	418
192	200
178	559
12	244
16	335
159	230
595	662
265	595
418	504
333	360
287	636
146	687
390	648
188	433
260	335
18	646
54	579
93	145
78	214
208	674
452	636
158	423
80	629
103	603
165	692
127	644
427	554
312	670
46	652
333	490
33	444
87	386
15	428
466	534
270	579
175	325
10	558
551	572
391	575
378	514
223	393
262	578
178	268
544	690
380	494
85	571
634	639
219	424
38	665
527	637
105	427
243	565
519	558
260	691
196	477
249	369
128	436
224	628
141	423
461	616
48	107
400	571
220	644
168	366
228	552
109	396
48	478
123	450
169	238
676	697
427	549
604	664
200	314
468	650
288	311
27	191
582	665
12	549
494	692
206	269
171	596
116	269
171	339
601	679
498	646
104	559
456	514
331	345
68	562
393	684
499	564
86	366
100	696
79	143
9	595
370	528
104	367
551	675
284	518
43	93
488	575
181	664
236	606
98	401
101	162
324	687
7	394
282	440
458	593
295	609
140	337
126	673
280	551
609	615
286	559
290	534
242	350
150	274
243	453
478	514
314	535
87	363
83	569
570	592
345	395
304	669
263	668
371	603
35	296
452	692
367	392
75	262
312	362
190	233
255	606
351	414
437	587
344	363
245	364
456	567
534	676
460	507
83	595
272	499
91	394
311	640
614	640
202	526
131	320
344	626
525	596
359	435
255	411
109	322
124	220
172	223
45	430
381	529
302	638
57	531
433	548
59	87
188	426
60	497
273	683
120	294
217	651
208	398
164	230
0	273
298	318
5	226
59	453
56	437
437	461
293	318
347	636
412	623
267	585
11	629
67	416
195	449
601	689
55	141
68	133
84	528
213	646
552	602
415	646
131	142
119	398
4	321
425	665
14	630
258	589
71	304
7	204
20	306
8	657
450	463
192	326
115	566
64	551
115	574
60	546
216	498
9	459
0	487
71	553
374	375
128	617
529	544
358	472
148	324
27	57
2	256
449	537
535	585
198	204
49	127
538	539
280	460
270	323
131	525
271	395
79	357
368	399
3	504
445	464
294	667
86	414
263	487
145	685
540	630
480	625
334	399
463	662
394	501
186	690
453	479
524	555
236	474
57	391
123	281
47	380
50	250
161	313
32	484
436	493
226	244
574	587
340	658
298	368
113	470
215	291
389	391
22	252
38	240
121	271
17	215
220	428
85	456
202	646
210	400
27	461
102	314
76	487
247	482
453	579
37	158
247	505
77	673
16	593
231	277
112	138
256	294
146	584
295	409
466	679
121	383
402	526
316	620
125	275
33	423
226	596
107	172
245	303
11	24
30	640
179	348
575	634
436	589
11	437
20	573
9	435
147	671
38	385
86	247
243	652
70	215
546	592
650	690
523	670
38	333
237	293
21	596
153	297
174	250
202	310
35	269
381	509
148	209
4	479
81	663
332	535
103	416
558	685
394	611
5	341
64	677
178	648
51	506
546	641
17	157
468	488
54	382
266	292
317	493
58	221
50	157
213	449
442	664
74	657
38	230
266	405
126	403
42	394
288	628
238	535
111	205
169	571
56	396
29	109
74	126
524	652
343	603
308	547
216	623
147	613
230	386
101	178
297	404
84	644
49	221
98	187
108	624
2	321
180	699
247	266
441	448
18	574
241	355
356	677
342	365
310	668
177	490
438	485
377	597
135	142
158	495
4	555
149	638
459	504
403	516
84	167
429	533
413	524
188	229
283	667
470	646
48	66
133	415
153	459
182	278
33	34
154	266
150	280
14	654
246	388
79	151
479	491
164	264
66	496
336	447
133	301
283	617
240	603
296	565
518	577
121	370
178	630
644	695
171	323
138	447
52	114
423	696
360	393
230	585
110	531
628	691
91	655
164	283
233	263
133	215
37	438
89	603
123	522
126	484
224	656
471	684
245	335
61	155
84	125
164	679
30	160
248	526
189	599
323	543
605	654
233	357
241	468
108	573
122	591
51	211
177	687
230	243
131	624
274	588
31	155
150	261
138	335
473	662
109	150
146	610
16	694
166	398
394	578
34	427
34	197
80	337
87	476
265	599
112	396
175	661
92	563
429	630
13	642
272	461
115	513
414	647
25	47
183	248
496	648
235	588
369	452
351	411
170	327
90	693
166	546
394	689
33	354
201	697
445	546
156	530
546	582
173	477
118	147
529	570
129	317
306	593
37	110
151	524
437	638
466	575
25	391
142	481
608	693
639	652
534	541
44	530
43	487
431	683
276	347
14	499
215	559
520	584
273	680
253	642
305	530
471	520
186	223
37	411
162	575
156	678
129	195
205	309
334	665
606	612
80	577
303	555
546	655
147	595
174	502
86	579
102	695
119	148
463	691
162	545
497	548
353	566
189	465
71	137
19	27
135	453
89	245
276	390
34	675
655	658
28	436
91	684
24	641
290	419
282	680
81	299
183	372
344	609
353	682
20	272
205	646
201	477
73	469
375	655
378	460
36	612
194	309
109	257
367	520
564	688
39	390
52	83
232	332
110	308
224	673
404	439
500	567
128	503
84	658
49	400
259	628
630	664
166	678
164	664
371	478
72	90
303	619
65	642
44	641
535	608
349	575
233	313
503	626
494	502
323	573
286	307
280	694
168	512
163	477
102	424
145	499
76	551
298	490
211	691
404	655
150	686
503	678
483	665
225	416
92	259
117	530
321	419
4	632
236	642
469	492
32	590
57	255
26	278
153	384
128	474
141	407
606	630
41	398
341	457
51	495
446	566
45	353
176	621
17	145
334	461
575	688
159	356
10	440
66	635
247	394
253	464
366	391
30	187
145	315
418	438
270	648
88	470
378	433
33	633
0	479
382	625
325	571
215	255
43	391
289	582
132	482
145	506
362	560
499	561
515	664
85	532
82	248
146	267
177	236
81	238
418	627
16	89
215	603
528	591
392	522
141	656
362	654
339	431
78	689
326	355
334	379
156	360
542	552
544	625
620	646
112	459
6	446
17	155
411	628
40	480
4	118
274	411
608	644
460	649
140	189
475	606
5	328
36	587
105	303
167	315
30	451
314	432
476	650
299	358
504	619
641	645
449	527
200	544
163	616
276	596
88	386
29	412
335	384
117	456
99	696
32	637
257	418
224	349
400	450
117	501
185	654
359	475
174	564
112	320
10	581
198	496
366	497
280	456
247	300
585	588
23	227
21	79
233	408
544	616
165	623
56	394
15	235
300	693
320	430
77	83
124	392
576	653
594	656
390	533
396	613
18	499
7	86
153	280
291	605
53	189
433	593
132	617
120	697
32	164
213	405
481	621
248	544
64	254
490	630
393	425
219	233
77	273
51	315
33	666
493	544
143	312
145	440
425	613
463	467
250	660
433	435
544	568
13	245
232	654
262	556
190	286
202	547
385	574
565	578
313	434
383	599
442	566
677	679
369	666
309	691
45	168
2	419
162	439
649	682
118	628
5	375
156	310
214	394
10	369
61	697
165	319
263	500
215	470
105	471
55	437
93	137
176	343
267	453
690	697
108	503
233	540
276	366
455	568
294	592
124	584
2	157
213	432
512	546
259	686
295	551
95	352
450	671
229	512
42	492
188	575
467	692
90	310
134	400
64	143
51	317
24	428
212	611
53	542
423	502
41	405
11	179
204	338
81	409
2	34
178	442
393	443
99	545
86	311
109	166
167	428
338	691
53	452
134	521
199	540
70	598
389	420
249	491
344	432
161	642
28	211
80	126
145	637
638	660
350	614
592	628
34	364
101	103
91	414
558	640
221	578
68	451
171	435
119	590
117	663
534	583
48	130
44	292
280	417
78	227
402	584
337	418
136	570
72	89
278	532
264	469
289	519
497	601
343	545
443	576
111	317
354	535
49	610
80	141
314	650
184	699
474	480
184	682
65	295
376	425
553	687
84	536
637	676
402	543
64	410
187	373
389	610
7	19
256	647
258	330
86	427
561	684
54	77
505	620
136	200
307	571
114	302
441	594
165	332
155	511
463	692
342	439
72	558
178	289
211	356
585	684
575	650
320	398
45	156
68	399
466	621
69	206
377	602
186	305
270	461
160	674
495	638
139	682
93	380
207	580
308	316
553	591
206	339
380	492
569	592
118	203
502	640
152	189
122	271
86	398
250	362
445	667
252	433
194	424
37	555
75	361
186	657
119	605
300	560
109	260
33	340
118	554
105	341
241	573
84	659
380	469
78	174
598	630
115	568
54	633
391	478
427	455
30	393
400	633
58	482
156	365
215	233
232	426
297	379
431	621
136	487
99	489
470	621
446	498
487	649
3	430
369	498
192	299
287	391
11	305
449	693
50	473
149	405
278	632
489	629
196	216
7	15
442	498
46	101
187	304
79	171
60	78
353	437
71	292
188	459
5	406
317	415
192	696
417	597
244	364
63	79
80	243
288	568
65	668
511	630
67	410
65	77
333	409
454	639
3	662
290	351
614	667
602	622
365	491
126	497
82	346
203	271
591	666
280	575
71	417
114	206
395	665
557	606
553	609
410	424
117	686
216	497
519	692
308	424
298	443
87	355
134	436
316	541
359	582
327	373
148	484
178	290
413	494
147	358
89	233
290	637
265	383
252	457
460	671
183	683
261	393
549	604
63	417
372	622
177	197
23	524
216	388
641	677
652	681
398	450
123	684
12	620
204	253
146	581
617	633
39	679
26	413
141	306
355	501
415	478
366	648
23	683
496	536
356	375
230	238
291	429
2	327
74	610
15	457
469	536
105	699
647	692
94	478
196	527
10	289
449	590
525	562
502	543
94	421
6	49
197	676
169	402
130	440
84	629
5	531
177	465
519	696
383	600
224	487
422	569
281	408
106	567
43	509
294	389
110	569
99	228
129	291
159	192
336	562
173	473
91	103
551	566
379	579
179	308
35	60
69	439
0	411
464	520
415	566
95	500
193	524
30	377
266	366
457	669
254	498
280	643
539	593
330	507
498	694
326	506
514	532
12	642
514	584
165	380
219	435
360	477
35	178
148	413
128	315
18	179
112	436
352	626
1	77
74	173
16	133
317	551
466	560
64	309
87	563
229	617
168	438
114	172
464	637
118	569
32	457
10	697
491	499
135	649
325	552
93	226
195	468
266	575
267	435
193	272
559	605
626	693
292	480
120	477
116	457
451	522
286	500
535	555
430	494
680	697
67	379
256	362
86	296
157	404
244	605
62	477
99	199
327	665
15	326
87	334
253	346
28	116
228	499
114	470
66	548
118	243
5	465
63	503
214	587
492	654
62	298
76	376
179	687
226	270
546	678
280	492
329	594
527	576
72	102
308	460
410	433
414	622
225	443
241	453
564	567
50	213
349	614
227	619
530	635
8	400
85	493
230	344
433	658
187	281
115	637
102	152
80	91
526	672
399	685
531	535
183	311
114	663
183	513
11	55
208	283
163	255
173	594
373	492
40	614
380	552
617	691
102	138
47	509
307	352
64	620
174	492
260	523
271	542
12	217
191	358
458	629
264	544
101	224
263	682
221	474
536	572
203	306
124	298
614	637
230	652
425	619
223	447
171	446
498	534
23	567
534	671
346	560
90	619
326	437
253	616
185	462
143	587
353	684
158	551
503	660
63	368
414	663
152	360
200	350
134	533
328	358
182	573
339	594
75	175
345	426
38	482
98	252
321	546
58	463
354	442
4	88
478	509
601	606
115	642
83	117
6	359
54	575
216	306
96	295
331	614
57	254
103	143
336	382
76	632
196	211
162	597
431	631
477	688
106	369
507	525
228	558
296	427
118	261
95	633
337	507
455	643
69	449
225	505
181	421
43	284
296	684
17	227
204	642
229	601
243	341
408	574
438	492
25	642
70	626
300	502
309	626
182	634
130	315
590	601
42	88
84	312
149	263
266	616
82	315
16	469
15	561
280	566
131	388
229	368
101	538
7	58
589	684
172	510
179	657
556	584
218	256
316	455
61	309
16	392
355	698
94	161
158	602
356	590
289	386
43	187
475	602
337	373
285	693
274	595
134	486
323	698
399	610
450	458
46	463
352	484
79	432
76	508
528	550
137	539
485	573
357	528
554	588
261	523
97	208
556	678
202	251
566	668
3	586
31	578
107	586
279	557
477	490
324	699
482	595
3	81
142	208
69	586
134	336
215	261
290	682
634	650
62	218
287	382
195	632
93	316
227	291
4	76
296	660
32	241
417	567
4	618
26	112
172	663
327	612
199	612
491	609
39	649
349	426
371	548
138	426
194	200
202	499
232	458
493	554
165	552
226	594
449	507
231	262
397	531
273	394
198	567
330	570
210	318
137	621
303	685
81	665
199	505
146	374
341	608
117	386
115	388
47	602
245	646
37	130
66	385
290	321
545	681
34	97
72	237
357	492
219	262
202	371
366	587
73	184
552	642
18	679
388	590
494	650
304	616
23	91
270	428
590	625
471	474
65	175
400	585
429	468
495	548
543	638
355	539
100	681
390	527
229	487
176	635
156	465
569	663
377	605
223	488
188	565
13	105
35	568
331	423
30	622
198	211
125	496
78	239
75	220
234	415
234	360
101	645
25	570
490	639
127	243
297	594
363	632
375	641
107	614
181	504
152	310
273	674
251	443
264	526
528	571
64	643
62	219
354	662
293	607
562	595
221	375
325	335
312	482
252	383
290	681
51	384
156	546
47	422
235	288
600	626
415	667
396	621
76	646
410	638
497	576
87	395
182	356
99	560
214	617
192	399
185	411
160	541
211	447
507	575
385	598
77	476
374	451
53	594
390	541
598	685
288	405
596	629
309	371
166	476
280	361
106	261
100	419
389	501
131	199
296	699
145	425
147	222
404	504
142	160
285	297
526	671
320	661
58	229
543	617
18	497
109	232
548	652
12	618
358	679
88	122
356	415
39	492
18	94
370	588
421	471
71	80
9	45
560	613
213	477
94	271
48	341
380	459
149	233
146	248
122	627
216	383
293	539
372	510
108	414
303	373
507	610
274	531
372	423
16	437
88	534
236	594
231	459
118	496
196	468
301	398
182	203
246	441
536	552
362	491
384	385
197	505
105	495
164	328
160	643
29	173
88	113
189	547
73	613
225	566
104	252
239	464
90	371
137	434
471	577
116	580
78	193
232	504
153	583
198	683
344	693
122	363
164	325
155	591
264	666
58	483
298	568
126	654
549	565
393	656
86	460
542	559
60	434
5	155
252	395
286	642
112	290
229	427
86	383
111	221
502	532
9	182
446	501
553	632
456	545
115	460
185	580
92	433
343	462
495	699
189	223
164	582
470	575
162	635
309	354
45	366
460	494
66	168
357	450
106	406
44	404
464	658
575	625
97	254
378	527
664	684
138	370
8	554
270	697
390	404
110	422
162	189
382	588
142	248
93	156
32	302
60	204
55	345
20	599
87	377
235	482
398	669
190	656
119	555
150	439
367	574
507	595
580	626
420	506
426	603
232	473
5	231
242	607
19	592
276	540
107	302
71	654
251	415
49	594
107	200
2	160
167	624
234	692
188	333
47	382
573	617
87	278
129	525
379	694
116	635
84	419
387	482
73	399
259	276
274	471
40	508
170	376
57	384
379	612
137	554
57	419
185	479
298	323
102	608
344	354
375	472
341	439
308	333
45	314
238	395
161	438
342	353
419	537
141	447
77	105
398	407
328	511
348	412
92	678
283	522
117	168
68	305
458	607
55	472
93	671
84	469
299	421
436	606
115	658
59	648
505	507
135	147
157	244
265	692
350	374
122	250
146	648
139	307
48	623
295	506
189	594
461	510
10	670
48	487
184	341
22	653
194	537
130	132
395	536
556	612
473	590
173	546
88	378
380	486
138	558
123	191
53	599
225	332
178	642
73	156
240	485
51	147
361	468
516	556
90	695
430	696
375	564
345	396
147	185
61	405
298	620
52	484
496	693
26	214
266	666
401	666
244	397
350	586
324	361
62	217
53	58
384	656
119	560
246	360
239	451
39	254
194	508
82	260
11	369
356	440
184	464
215	646
9	508
260	386
29	580
67	508
124	591
317	626
372	541
118	263
66	205
468	696
40	560
148	233
157	233
382	541
468	688
298	555
520	678
48	182
252	601
554	581
367	591
124	282
163	196
185	609
105	173
287	440
247	481
21	47
214	632
124	527
163	651
521	556
22	395
10	611
186	543
616	680
486	489
299	411
412	663
45	80
74	335
386	681
27	349
290	666
543	622
426	558
50	498
364	584
15	517
60	321
130	684
71	372
184	533
269	602
416	507
53	676
27	388
88	262
506	641
245	248
478	657
295	576
252	672
627	642
234	602
18	203
189	586
81	129
216	404
10	346
172	563
199	523
97	654
215	395
206	526
299	481
205	435
393	627
39	358
314	526
87	477
209	412
371	583
108	241
499	673
626	661
386	607
84	176
338	464
408	446
114	188
199	323
274	539
290	427
304	519
225	548
118	650
253	396
204	438
233	325
437	577
318	465
364	600
65	278
97	674
105	383
51	387
229	585
323	491
627	650
249	396
130	353
186	595
321	509
285	677
293	683
558	630
133	438
105	634
238	317
125	375
157	470
328	405
550	637
361	363
4	198
14	371
53	670
110	465
337	511
153	222
270	367
110	581
41	102
14	16
305	453
120	369
489	681
129	228
327	469
33	225
102	569
211	350
143	494
6	284
118	683
12	30
372	678
59	439
21	288
307	448
42	633
314	344
254	698
425	679
353	459
104	417
299	684
440	562
19	78
272	435
269	479
487	600
574	676
116	391
117	266
27	46
286	672
422	632
9	20
153	414
216	466
52	192
591	687
316	689
370	535
134	278
121	592
324	369
553	586
71	674
503	615
388	410
338	436
129	553
140	196
381	399
53	364
199	231
55	353
302	384
56	560
425	609
396	552
343	437
157	508
282	674
212	382
595	650
142	292
248	641
392	498
114	260
188	334
87	238
146	565
424	559
133	502
569	675
451	502
55	317
537	597
97	449
62	272
398	606
400	619
60	178
179	477
75	686
688	693
158	395
38	674
72	687
59	334
273	392
203	662
318	683
38	100
26	132
295	595
182	408
216	603
237	356
315	436
135	341
230	491
457	485
10	495
85	450
65	215
15	524
665	696
244	671
527	617
41	331
438	666
465	553
483	537
188	455
315	499
12	390
114	192
424	456
631	688
65	600
536	543
103	567
204	670
314	591
141	345
223	541
181	494
379	453
122	180
278	349
124	433
45	368
37	233
485	513
20	670
0	337
278	488
179	244
391	683
264	581
257	588
129	495
315	638
159	402
190	537
278	627
231	665
231	541
155	368
292	295
640	656
345	694
78	251
118	479
14	35
266	604
229	359
536	623
119	373
76	337
549	696
108	491
132	379
505	526
516	641
213	546
143	615
209	417
382	532
87	689
126	217
11	601
510	600
225	659
417	588
115	649
422	693
328	517
69	180
174	510
106	501
379	620
50	139
109	456
50	641
14	698
27	109
110	310
18	630
406	563
70	139
221	441
160	615
600	637
180	470
0	592
224	230
101	615
231	464
133	656
193	680
589	680
102	616
455	605
250	488
156	404
193	199
60	158
8	676
43	672
466	498
191	500
336	527
49	680
108	630
298	514
27	181
26	255
266	330
8	322
204	571
371	388
510	675
156	166
1	164
298	554
105	523
76	596
193	607
668	683
572	614
460	517
95	106
144	273
70	189
167	550
113	389
182	647
405	668
90	120
336	423
276	662
55	184
111	259
315	423
243	607
87	542
378	442
491	521
165	671
57	370
149	512
404	532
394	415
300	301
373	444
646	674
265	347
325	493
57	165
109	289
64	685
204	401
177	309
5	411
430	538
59	423
243	335
482	654
325	348
344	529
273	425
27	562
148	254
403	544
239	573
59	445
30	563
319	599
407	480
280	684
477	640
209	599
403	557
303	694
411	664
628	668
166	254
364	414
387	509
160	272
43	358
325	485
372	448
307	677
340	361
40	682
389	628
178	477
429	458
23	229
97	214
110	200
90	209
555	650
367	460
391	395
324	484
488	516
282	529
77	177
389	450
2	165
83	482
136	201
294	571
113	658
450	541
276	426
100	672
91	157
377	578
470	661
243	365
114	139
30	245
571	602
73	636
27	271
406	435
147	437
174	611
310	662
509	517
226	464
238	560
31	603
233	502
276	442
286	325
51	587
252	522
77	138
20	402
20	302
347	493
73	254
141	375
157	206
335	659
209	532
123	631
231	381
609	651
278	311
90	233
278	361
217	544
113	291
151	328
181	633
479	539
391	678
101	626
463	489
483	639
273	597
147	618
128	476
183	531
53	472
122	567
94	532
339	566
107	598
40	564
167	512
401	512
334	387
137	675
238	435
126	508
26	615
101	273
251	361
212	638
117	395
563	645
336	448
336	590
123	493
29	576
227	346
360	698
422	526
164	425
556	561
286	405
172	484
213	524
202	502
174	483
245	451
77	389
185	301
286	497
243	642
452	665
471	653
345	446
339	613
381	562
168	538
109	220
553	559
281	335
263	281
374	596
293	562
34	49
209	246
139	432
583	612
40	208
175	570
285	546
116	300
254	265
519	687
531	602
399	554
112	510
115	696
499	592
235	566
181	655
273	477
27	450
148	689
384	485
100	532
15	230
23	190
38	421
14	483
141	408
34	398
35	604
341	360
53	430
320	450
214	500
356	670
472	629
478	563
289	384
96	160
540	565
136	265
11	498
20	453
94	296
286	533
92	660
202	432
26	474
361	496
104	545
321	352
128	403
119	486
78	659
201	429
578	604
56	558
75	685
207	387
170	524
212	519
508	537
130	441
122	435
232	443
37	359
48	418
375	395
86	149
125	472
2	458
240	375
68	420
161	302
450	563
121	290
399	525
628	639
85	382
410	697
454	462
343	632
70	564
275	369
357	385
334	638
376	670
119	430
584	652
372	528
534	600
363	413
412	438
260	428
251	629
217	340
481	652
156	572
238	316
100	192
125	486
108	693
19	482
390	465
87	437
193	528
102	264
134	453
191	588
237	309
389	630
85	105
121	606
597	617
319	541
405	457
179	618
228	395
351	398
326	450
88	548
171	349
511	559
374	623
112	181
63	194
590	650
252	583
51	534
366	480
241	546
32	248
45	273
13	70
154	218
477	486
49	587
395	416
499	630
347	478
108	656
73	615
106	161
289	407
135	268
85	491
296	622
51	99
299	507
243	395
65	279
136	683
312	646
119	689
380	641
301	518
225	352
231	432
31	542
160	531
199	433
336	525
5	356
372	657
78	645
296	694
318	382
98	354
31	121
194	359
613	634
322	530
192	235
224	593
158	356
364	605
273	391
539	565
120	583
65	292
198	392
393	442
114	330
264	431
437	661
76	327
392	654
154	536
441	686
44	496
615	673
520	561
59	198
127	652
605	649
162	538
440	457
166	446
356	629
132	140
384	452
279	323
506	531
331	420
326	689
201	294
384	620
2	555
196	605
192	212
17	189
348	451
532	612
75	512
617	688
206	291
209	435
405	444
103	506
49	438
203	216
102	212
294	480
60	247
35	514
181	579
148	303
238	633
337	663
392	423
68	550
268	272
483	677
147	399
220	398
252	285
34	123
421	427
26	238
460	628
294	569
15	91
611	675
114	165
551	607
399	478
78	391
224	455
39	233
472	590
153	216
324	561
418	634
0	178
241	654
249	632
152	315
24	46
133	545
24	573
72	666
20	414
255	632
164	189
425	523
14	90
88	156
195	418
398	619
187	326
242	264
429	633
43	274
443	682
615	641
524	676
7	73
235	562
203	591
486	580
175	560
251	313
54	507
151	173
106	657
401	586
105	401
489	641
160	640
211	427
491	610
199	520
32	486
180	277
475	643
399	553
382	507
241	378
201	698
65	88
165	587
14	269
263	266
63	269
276	683
345	398
90	419
454	634
85	291
280	310
9	352
433	441
88	630
118	278
273	633
18	427
214	390
408	564
377	580
141	297
430	570
322	405
166	699
574	576
247	657
331	504
359	686
6	534
259	316
507	543
111	379
155	685
101	473
130	610
30	99
169	677
359	696
407	433
1	507
27	68
44	114
386	538
347	567
7	662
94	519
130	572
526	582
175	623
9	624
240	519
25	664
139	665
265	691
498	666
21	281
511	624
150	565
96	444
212	227
120	536
268	534
439	669
25	154
322	374
292	649
335	574
121	471
91	281
234	659
241	672
192	446
213	516
208	303
213	614
336	684
108	423
535	618
107	515
191	292
185	534
223	300
544	653
363	512
311	680
72	444
32	690
250	419
91	382
19	687
108	362
197	425
39	324
98	529
209	519
5	671
94	466
320	611
438	635
489	650
24	606
82	522
175	587
180	190
28	555
124	381
254	688
111	328
456	622
182	277
313	624
49	114
365	526
569	615
424	658
129	619
390	532
236	571
329	533
293	582
104	517
282	464
239	693
78	102
15	692
32	480
302	664
373	667
171	597
390	526
42	95
110	592
213	697
329	561
100	543
102	487
3	177
529	654
21	278
296	696
336	346
70	642
235	660
44	681
529	679
209	640
478	522
355	499
101	490
169	501
80	683
70	500
69	507
331	521
66	143
187	321
19	694
164	345
52	170
60	508
271	376
466	491
382	526
358	578
404	568
483	609
406	458
216	417
172	578
199	349
415	546
25	676
591	593
580	676
296	360
546	579
26	276
299	693
125	232
336	480
515	542
242	245
93	564
42	380
289	610
185	269
236	499
74	91
160	614
172	360
350	436
516	627
325	418
260	647
218	251
623	696
401	575
397	400
310	563
31	468
311	325
219	526
319	637
18	631
522	569
317	543
221	634
233	269
105	195
427	589
359	681
29	602
291	404
442	655
463	580
193	324
23	584
34	661
317	436
1	582
207	525
77	220
74	94
24	639
371	544
288	562
246	488
14	217
342	534
647	686
62	362
72	297
59	628
282	299
98	280
76	340
13	110
173	404
269	350
401	420
283	622
339	413
658	688
3	454
151	459
256	553
106	249
72	522
309	654
465	474
197	205
24	301
152	672
122	562
176	354
140	657
8	621
25	152
248	612
127	340
405	572
97	115
2	326
448	549
296	557
73	355
174	206
176	389
330	523
113	575
142	586
205	476
118	500
330	459
352	588
208	313
201	680
332	657
351	365
18	28
87	259
70	74
20	313
562	668
57	151
164	510
260	427
156	621
24	164
417	424
394	623
363	412
267	678
244	273
204	516
348	623
125	673
363	514
267	667
538	675
296	342
93	112
348	686
606	609
322	468
7	516
225	572
283	586
303	306
116	581
39	448
144	615
458	604
285	682
111	632
81	402
174	422
55	690
189	551
393	646
414	626
273	406
165	501
585	698
198	238
124	277
198	324
34	387
234	552
39	191
358	494
410	683
309	465
104	292
414	587
187	444
365	425
644	669
119	204
321	393
128	129
16	301
265	552
355	648
141	235
529	677
59	201
508	646
70	202
230	580
362	685
100	198
38	641
272	679
147	475
581	582
168	289
400	409
325	694
169	433
202	296
453	685
210	698
178	540
198	212
426	554
97	369
25	182
76	218
213	507
448	599
485	501
277	327
304	526
141	204
163	212
14	405
312	601
231	355
96	255
260	640
35	317
302	568
11	307
198	571
438	592
0	657
181	523
393	472
271	308
281	327
102	411
294	497
346	596
245	386
348	680
342	393
273	277
8	605
385	595
369	576
576	656
128	581
46	689
7	299
316	377
375	622
69	83
193	455
31	448
15	290
198	207
11	408
30	166
221	316
208	362
476	508
160	289
24	459
131	217
351	619
582	613
307	464
396	619
491	587
88	657
17	594
360	527
172	341
148	430
277	321
206	683
338	520
212	496
163	493
98	513
399	673
363	621
226	658
313	430
208	544
0	423
458	476
356	452
130	134
70	320
36	418
229	486
430	553
340	439
265	582
385	568
456	469
68	213
160	563
195	339
183	400
49	117
321	607
385	495
364	686
111	360
618	689
550	586
347	395
27	295
41	239
250	640
107	461
389	433
43	597
376	642
281	468
385	519
175	268
208	375
144	582
310	442
1	218
179	400
156	510
39	164
423	548
266	665
214	579
526	682
403	654
392	684
319	320
354	541
77	409
378	589
500	641
547	697
582	592
296	376
75	164
49	582
111	579
1	43
345	479
310	645
393	422
386	495
68	368
657	674
229	365
604	648
39	183
215	410
281	690
104	428
488	605
550	675
135	430
254	293
212	498
250	695
75	624
294	568
25	60
6	328
101	241
183	534
304	329
372	594
19	73
337	594
520	570
34	103
186	607
65	529
273	631
51	599
161	613
15	192
275	439
182	281
358	618
284	459
21	470
208	447
105	288
256	413
563	651
228	506
386	523
491	513
574	692
258	615
547	646
329	512
171	553
436	662
399	456
285	675
269	447
128	355
105	284
83	579
240	543
108	183
649	660
182	221
612	642
131	232
55	361
148	401
275	686
262	478
209	210
207	620
557	625
122	664
104	597
192	467
270	592
94	133
10	530
33	353
318	626
6	300
439	662
23	303
6	392
248	387
542	655
176	584
331	558
126	294
321	468
389	494
233	507
16	145
43	468
390	495
24	128
192	415
412	457
334	686
283	603
133	395
394	614
54	653
297	586
398	421
168	592
144	488
118	302
130	337
266	539
306	630
39	473
466	654
22	579
474	500
104	271
655	667
147	294
22	393
80	183
25	220
143	509
157	398
467	550
41	447
27	498
284	688
547	694
42	70
159	650
512	691
413	458
554	580
337	620
151	441
29	458
68	402
461	543
221	232
192	490
347	611
478	592
100	428
402	523
245	289
313	492
331	545
188	412
21	35
242	408
503	531
123	477
292	359
538	666
30	506
162	317
351	548
207	582
217	568
37	251
187	514
121	236
279	341
109	379
177	509
76	286
237	386
38	65
73	304
193	590
173	645
83	105
14	481
312	605
50	56
8	589
244	305
392	690
461	516
556	675
382	451
57	228
127	180
109	298
105	409
61	278
523	529
82	311
30	301
529	647
214	689
245	695
40	341
205	517
59	95
345	541
190	219
108	173
636	644
614	656
497	620
463	664
230	579
144	486
215	522
66	212
221	532
235	619
572	643
267	648
311	484
152	201
177	329
12	229
253	375
251	653
63	509
276	477
132	176
177	520
202	315
158	364
385	588
107	462
452	498
134	529
33	78
13	249
500	546
388	667
137	670
96	209
180	574
94	672
77	125
184	534
427	654
332	686
150	351
38	668
203	230
181	597
328	345
316	485
621	677
29	350
165	467
13	341
109	135
349	350
23	489
8	366
336	513
320	652
133	179
120	162
232	439
239	694
367	625
134	376
38	186
205	279
142	462
461	612
59	296
555	652
343	587
118	220
326	596
489	556
44	679
53	425
251	360
18	405
154	461
278	591
235	434
533	656
111	608
603	670
120	367
295	502
197	529
127	583
416	630
210	397
64	491
50	366
536	575
158	291
16	188
173	602
67	645
21	33
29	49
133	429
451	599
426	671
447	573
348	687
445	614
156	359
223	438
241	256
444	677
494	578
115	581
363	598
58	371
27	87
257	521
262	417
376	661
229	307
15	401
106	341
662	675
160	464
61	375
187	467
230	553
41	213
252	372
559	575
51	320
355	645
64	284
550	649
315	355
42	430
320	649
396	617
339	582
56	518
407	532
177	622
52	263
148	159
325	602
420	637
467	488
242	385
125	630
680	684
232	257
353	374
372	406
246	663
69	197
102	480
196	601
386	493
454	501
293	356
308	364
61	419
143	343
211	448
130	545
286	695
329	470
319	602
365	510
263	565
67	111
99	559
174	642
416	670
227	592
187	628
188	509
292	610
181	518
64	146
138	372
29	121
523	640
290	532
264	522
599	695
652	690
69	106
288	514
155	604
31	321
321	597
72	460
297	313
205	567
235	474
501	531
33	261
228	588
215	436
542	562
529	546
132	225
109	374
195	639
111	570
80	606
538	599
210	448
376	449
124	297
376	537
217	266
462	485
188	247
570	610
530	560
216	376
59	205
106	596
227	391
462	618
126	224
155	379
78	439
352	520
162	574
556	586
154	556
120	391
400	671
283	394
320	591
11	673
100	132
483	619
159	186
8	257
262	575
66	404
310	440
91	567
61	326
227	498
68	319
91	223
294	526
45	202
93	372
44	558
289	495
105	196
273	462
155	487
333	404
437	695
115	616
519	622
139	626
199	322
508	580
244	643
427	657
93	344
99	107
53	185
16	583
426	553
299	532
364	635
361	447
100	392
636	666
177	422
264	403
99	343
80	454
92	483
273	619
466	507
386	529
348	608
206	346
295	640
195	321
53	164
151	632
69	248
380	604
227	539
93	174
247	579
136	609
283	604
17	698
27	114
113	173
70	179
62	312
137	350
320	410
192	548
9	573
570	650
276	402
602	626
83	636
58	226
116	613
8	47
16	281
167	597
66	106
418	682
282	604
170	670
439	633
123	370
266	364
138	311
355	525
28	101
27	551
1	231
7	329
297	667
165	599
251	259
517	560
359	512
81	311
12	553
266	674
366	599
289	521
256	460
200	695
459	523
79	558
133	433
53	77
349	384
246	616
426	536
40	213
327	484
418	611
96	287
81	438
94	255
147	286
264	459
294	517
130	220
233	337
87	212
306	673
211	618
90	128
340	629
122	630
94	160
60	123
272	620
493	657
220	688
16	47
250	354
21	62
381	449
651	659
15	123
288	455
28	122
370	560
133	498
171	605
288	304
562	680
373	384
115	553
429	643
135	204
319	406
92	163
371	650
436	673
181	198
389	651
70	196
93	695
224	572
87	634
1	75
392	608
80	473
237	250
623	679
111	354
162	525
37	603
31	331
195	448
95	363
127	570
172	353
246	321
13	399
347	556
246	641
269	614
302	684
391	431
396	606
82	551
227	270
486	508
111	636
59	102
306	678
264	409
302	341
357	431
372	400
118	582
267	573
42	691
174	594
63	595
184	262
317	631
246	498
197	489
253	538
535	665
498	658
451	682
9	91
33	267
7	206
410	467
365	422
213	399
483	505
363	415
76	538
108	290
356	655
112	562
465	654
68	230
49	508
295	351
156	463
54	139
196	407
160	628
531	546
418	621
629	659
169	268
303	690
93	619
81	241
79	698
132	629
322	508
82	294
136	286
301	543
171	661
38	488
82	200
155	542
114	600
33	455
309	571
323	620
61	665
38	343
210	339
92	179
263	523
317	477
286	373
433	549
230	659
15	238
68	529
55	358
318	602
2	653
415	467
29	457
290	469
233	618
259	575
63	182
442	661
27	529
154	659
114	424
100	277
19	549
15	134
114	313
1	340
142	629
444	620
254	333
342	554
440	621
266	537
430	500
154	632
290	515
169	647
365	585
427	480
381	512
598	655
85	512
331	486
106	214
187	341
15	624
426	611
120	643
346	493
54	248
19	188
28	674
472	610
82	353
390	576
38	507
111	429
226	628
298	529
47	342
258	610
146	205
432	519
183	206
225	444
160	206
156	285
451	580
43	321
374	617
322	463
361	417
486	502
185	570
157	297
283	518
121	481
318	588
130	398
279	562
351	451
122	558
48	277
130	582
193	642
325	342
187	381
53	312
409	410
31	513
279	641
381	657
22	49
30	311
291	598
78	629
110	255
95	663
89	375
453	567
255	326
513	651
360	515
254	686
227	312
323	393
104	161
6	370
47	646
230	687
422	460
364	387
231	326
79	157
187	282
61	104
466	474
248	583
623	642
163	432
13	348
64	415
285	539
368	582
248	568
495	554
375	690
158	471
635	694
266	679
44	522
126	319
157	520
451	574
256	550
205	256
168	229
287	294
203	604
194	226
148	307
17	353
111	653
2	57
89	305
180	672
174	310
165	546
26	123
67	497
84	393
36	233
55	527
250	364
356	620
140	630
324	587
239	435
426	625
174	478
474	571
142	164
357	684
356	389
43	83
428	556
50	72
337	569
242	675
441	445
248	389
423	455
603	620
141	524
15	300
0	6
255	393
122	140
9	43
246	355
258	647
51	378
439	475
162	407
162	356
113	547
513	544
175	690
405	661
182	266
108	461
123	438
61	118
203	435
596	637
332	570
305	577
98	234
309	479
385	661
0	252
0	201
95	160
487	638
359	488
149	400
188	596
28	661
176	288
11	264
359	622
425	524
43	124
60	141
79	433
556	685
32	113
299	498
241	533
10	696
431	623
121	320
106	671
368	438
677	678
430	455
492	621
245	359
281	579
386	418
15	654
233	579
23	637
185	246
321	332
387	510
197	621
279	635
401	594
37	671
264	379
169	644
351	353
59	174
62	259
125	209
182	334
73	591
510	660
96	164
486	524
273	303
380	660
223	653
189	512
60	689
430	637
257	553
178	579
581	682
228	567
296	577
271	277
23	474
118	559
83	84
252	608
139	160
69	475
21	485
21	78
499	657
255	428
356	684
334	553
124	456
294	543
381	647
176	394
5	276
583	644
346	674
428	653
131	351
44	135
19	345
412	601
630	680
13	669
223	416
208	534
211	562
158	387
253	691
224	583
61	666
70	205
294	495
152	159
305	358
144	151
185	202
44	297
419	606
225	404
372	681
253	521
414	433
517	606
211	260
42	338
36	95
64	443
407	632
396	609
439	489
109	527
275	281
516	648
156	594
344	642
81	681
505	652
258	320
127	228
187	376
400	640
113	406
264	267
143	342
46	612
155	408
85	465
215	251
156	184
310	644
218	660
23	266
490	510
63	90
575	682
11	348
407	649
83	517
80	552
97	350
230	629
122	597
273	605
354	697
36	253
237	593
355	665
289	569
92	692
143	399
71	85
413	674
221	274
95	667
462	476
547	588
417	612
209	375
428	490
248	468
350	410
92	619
600	621
498	539
14	385
21	206
151	654
531	640
285	412
343	628
95	520
445	475
32	285
216	247
325	369
163	170
221	344
202	409
463	610
9	659
105	146
42	595
381	679
538	659
466	660
256	568
127	624
37	209
257	505
16	517
67	461
433	569
115	233
375	461
79	692
227	408
202	295
458	546
385	547
434	665
386	479
264	276
48	671
90	261
60	663
52	643
494	671
274	557
149	554
379	604
589	613
528	688
255	288
354	463
390	421
118	542
122	125
594	596
24	679
109	217
11	105
479	667
7	245
133	217
79	110
186	367
591	689
41	248
289	421
269	601
383	618
24	650
421	691
459	638
66	639
343	533
233	475
481	535
55	282
301	422
47	658
121	620
164	468
33	130
393	464
33	47
33	504
8	553
287	307
634	669
513	561
156	313
235	651
540	642
435	522
41	347
447	545
370	417
195	203
146	201
74	349
164	494
229	286
359	580
91	608
378	655
418	512
323	599
57	281
139	451
84	120
279	406
209	467
229	654
412	434
533	648
630	653
291	671
91	297
135	624
135	300
337	538
206	244
22	384
179	261
69	696
152	653
391	544
644	684
10	656
54	647
26	257
305	628
0	567
128	677
18	656
163	640
220	271
90	482
95	597
353	563
556	574
499	537
332	416
141	418
483	541
64	133
195	620
150	205
545	698
212	590
89	651
128	628
126	157
413	478
447	603
200	229
59	398
214	413
179	556
303	348
201	341
553	623
294	649
93	230
429	635
181	352
482	643
597	602
398	581
12	595
494	573
191	652
426	476
71	517
32	586
304	573
387	465
136	209
256	670
479	676
91	150
528	678
250	426
374	381
594	607
34	156
118	627
356	578
190	341
90	577
412	476
480	558
305	540
299	482
494	686
104	626
570	684
563	610
277	653
418	617
423	678
20	527
286	490
381	393
117	650
42	281
478	668
178	644
45	409
35	376
506	571
110	178
410	599
78	332
662	687
370	609
238	660
72	177
197	640
283	521
590	642
39	575
45	71
18	103
558	645
320	421
20	457
519	663
150	305
196	324
579	616
464	671
254	520
201	646
218	397
279	535
195	551
152	297
155	613
514	667
406	623
438	614
359	468
251	690
493	638
415	606
160	293
326	348
40	533
128	409
45	169
137	531
548	681
378	529
627	649
188	695
451	614
49	504
13	382
32	383
370	579
230	249
639	674
546	696
248	681
277	413
431	576
90	292
137	338
219	699
115	654
164	511
260	311
231	486
385	549
56	58
265	461
95	250
273	559
268	570
503	565
94	552
447	678
166	223
483	539
255	562
471	507
9	96
608	633
195	303
314	326
272	546
422	600
16	381
184	657
226	537
70	400
230	425
309	508
185	204
630	638
324	683
7	411
226	678
332	632
227	606
51	521
490	673
38	165
65	244
289	631
460	642
417	593
402	608
160	352
440	505
509	644
208	451
632	666
509	594
237	609
361	566
389	685
283	406
204	240
186	640
365	579
238	346
589	627
429	592
244	290
271	460
289	662
254	260
183	584
239	410
401	667
21	103
503	517
136	660
316	695
108	473
44	247
52	690
182	599
296	617
152	589
245	589
320	461
7	114
277	387
419	582
425	671
233	560
161	626
140	473
518	581
516	541
64	93
66	518
375	548
326	362
459	665
469	694
253	528
129	674
408	696
647	648
74	177
47	123
32	630
533	575
17	126
239	503
166	448
292	327
430	631
494	662
521	645
220	380
45	166
435	686
241	300
42	290
477	674
190	467
315	612
312	342
165	343
302	376
319	446
389	472
173	595
197	547
289	389
100	658
157	372
343	684
379	695
190	579
376	634
171	183
253	608
469	698
103	602
307	561
625	642
164	594
315	579
271	328
221	392
23	408
224	436
138	415
147	472
180	477
211	313
335	691
70	183
15	78
77	260
141	259
634	667
576	615
184	413
33	408
444	573
447	652
368	531
513	524
582	696
92	372
327	530
236	326
350	547
9	245
182	651
160	417
198	264
33	619
438	455
77	459
348	407
246	672
31	325
443	623
116	447
313	390
190	287
140	152
214	453
205	383
230	331
550	621
2	45
591	636
670	687
7	682
154	570
85	424
534	635
74	197
96	675
145	206
468	614
476	668
86	122
277	596
7	196
144	194
144	493
128	455
153	639
360	582
351	355
248	669
329	585
184	240
495	599
421	463
242	368
158	355
68	628
562	587
172	213
373	557
402	611
109	146
220	389
435	468
114	170
345	447
50	241
419	608
48	328
366	489
143	147
158	467
258	540
420	456
178	461
6	484
505	648
52	207
183	350
481	686
479	671
53	147
385	421
27	543
254	458
82	681
204	503
64	633
49	377
480	506
79	667
61	611
56	382
561	697
93	209
1	286
275	647
82	476
334	498
192	647
295	438
417	674
318	473
462	630
150	681
67	431
75	452
279	401
296	547
111	521
12	624
43	204
196	267
302	585
143	537
229	614
157	540
666	668
189	532
11	156
400	508
69	647
435	647
500	538
93	531
587	628
134	476
540	692
337	653
469	684
354	555
129	535
124	548
385	432
173	273
81	185
251	546
182	586
336	444
172	374
338	451
73	517
216	355
110	111
258	568
91	345
425	560
58	197
279	650
203	302
290	646
234	335
175	581
70	213
76	613
54	381
210	442
77	334
95	651
113	285
65	639
61	452
354	432
53	578
324	365
165	184
517	547
212	333
147	565
527	605
204	439
228	624
480	626
197	448
46	458
228	554
328	490
348	650
335	652
40	158
342	597
516	671
4	16
301	333
344	627
340	444
118	330
62	669
443	555
446	660
49	424
496	589
143	158
501	630
71	154
42	459
109	211
141	450
445	681
75	393
317	388
273	458
310	439
507	529
505	689
607	661
144	348
420	519
279	510
422	433
61	429
164	269
115	281
298	506
69	371
217	539
145	587
20	345
221	271
30	391
145	311
162	231
58	527
397	686
452	626
153	379
130	567
94	224
9	299
315	625
576	688
470	582
276	696
46	673
96	550
176	616
89	638
218	604
461	539
205	545
83	328
79	255
76	166
12	487
313	364
332	654
648	652
116	197
208	393
162	378
6	243
194	259
73	449
500	636
412	429
283	562
124	414
328	537
126	141
36	544
217	271
141	566
3	614
415	518
23	254
441	577
308	444
14	349
185	323
390	529
25	564
223	605
604	634
83	354
100	481
275	318
88	484
208	543
115	129
48	249
144	304
179	205
425	533
13	439
432	639
152	302
551	560
213	346
30	69
454	471
103	524
12	268
96	420
17	309
210	333
439	672
265	409
506	536
266	644
223	623
121	384
89	311
213	636
363	643
127	642
261	435
218	419
488	556
62	625
196	297
461	647
17	582
326	400
231	623
87	467
597	661
319	487
103	157
364	641
214	431
580	615
248	318
327	592
242	610
330	393
190	363
425	465
345	389
315	461
54	455
490	687
106	603
628	664
281	590
222	402
155	161
371	493
8	606
387	480
182	575
88	148
127	592
43	52
378	429
155	193
119	541
494	698
84	512
19	49
28	299
231	357
224	363
252	303
8	102
464	540
71	283
615	677
170	534
383	647
286	608
140	530
112	362
22	616
120	607
108	193
26	657
74	129
177	404
335	668
39	107
25	497
469	651
237	295
317	674
480	499
178	283
11	181
166	369
117	325
48	484
35	172
474	644
89	512
27	129
406	606
44	361
388	451
241	406
293	394
45	395
212	497
467	659
56	307
1	503
71	313
609	687
610	624
339	656
412	619
190	401
406	648
67	345
194	224
20	441
200	526
284	560
45	101
301	659
501	687
24	491
86	257
278	664
580	593
332	471
383	537
113	483
286	433
358	457
99	683
489	559
27	342
396	416
120	387
44	357
165	567
394	439
93	455
190	200
27	425
399	588
53	307
207	557
124	367
243	532
266	603
191	206
267	511
624	688
94	209
154	422
316	420
375	609
63	113
14	506
532	692
187	455
487	543
112	667
212	460
53	408
257	491
83	151
495	680
146	677
170	662
229	558
116	152
140	402
240	624
332	584
156	687
43	687
215	402
275	638
588	627
251	407
305	561
201	547
311	530
32	399
454	518
18	677
57	527
497	566
182	283
170	432
152	165
48	383
479	536
255	374
527	633
526	607
110	625
314	316
51	106
170	698
424	440
103	651
148	606
43	133
396	637
226	257
68	526
242	541
438	550
247	577
341	545
229	695
289	629
409	675
109	357
190	634
28	305
511	531
250	606
312	500
278	533
49	543
120	268
320	505
111	173
124	570
62	421
557	570
460	589
45	213
563	574
126	165
239	420
142	617
284	392
522	568
190	620
77	214
22	364
199	252
72	243
19	681
497	518
64	186
322	458
44	480
492	538
103	248
159	318
127	512
258	443
66	374
289	515
140	297
36	71
154	546
201	358
270	485
47	551
357	597
220	537
13	419
337	587
534	625
410	578
55	240
248	688
3	540
85	145
111	295
181	541
336	673
70	589
6	573
9	551
426	494
164	640
69	168
293	515
48	481
522	565
282	404
34	617
25	109
242	544
234	645
287	366
287	504
206	430
284	697
333	429
117	279
338	600
298	624
112	605
297	624
108	577
48	661
499	531
144	580
50	201
175	277
334	574
202	204
301	656
244	602
2	269
597	654
69	624
361	372
204	514
654	683
358	401
200	287
213	358
455	681
198	252
138	570
187	655
94	427
484	504
344	663
106	653
185	262
546	607
41	574
75	280
132	659
138	302
88	438
230	409
367	407
181	237
59	209
598	643
83	264
357	658
188	279
94	104
108	410
53	61
592	690
193	364
125	578
203	289
108	189
113	116
97	559
145	553
162	324
499	634
276	453
183	635
138	261
23	640
248	585
69	426
371	680
327	621
217	312
422	556
110	626
455	652
211	394
36	54
298	540
223	630
121	277
359	509
67	344
195	668
371	619
141	505
205	207
133	695
89	321
177	417
101	138
312	523
200	578
170	695
127	251
64	136
84	591
56	456
29	451
397	467
470	590
234	276
539	641
340	536
43	372
109	329
378	446
440	493
498	521
532	693
170	542
624	647
382	524
193	331
62	505
585	685
614	662
427	639
53	389
550	654
168	402
102	636
508	600
527	619
21	91
266	608
386	535
393	450
295	314
334	531
277	290
371	686
5	62
252	443
112	233
539	665
377	442
132	436
426	552
349	631
368	564
58	586
31	395
276	310
171	474
1	88
481	573
447	495
123	181
53	109
306	530
284	351
287	425
517	549
67	562
14	228
574	579
10	11
1	483
174	362
79	177
541	662
59	571
194	664
129	323
101	161
202	482
22	639
475	596
6	503
266	348
350	665
424	587
191	625
363	479
48	616
255	269
354	588
2	258
529	643
454	663
204	242
227	420
295	496
109	195
257	452
4	204
187	503
342	699
49	318
459	530
148	311
97	318
225	318
139	541
51	262
45	507
57	235
337	469
246	494
387	651
10	85
217	244
214	225
177	499
37	510
285	370
43	122
7	521
312	625
73	180
41	665
120	179
166	455
280	317
18	626
157	647
16	459
155	405
52	477
393	578
236	551
600	671
573	614
542	589
132	149
297	608
145	417
290	564
209	328
217	694
236	605
96	286
350	518
407	425
38	239
580	664
250	688
42	246
19	252
45	519
38	450
149	379
371	657
352	581
251	264
231	403
349	428
455	510
71	453
323	691
315	622
83	250
69	619
385	503
129	527
232	446
23	601
467	693
56	504
442	578
436	439
254	313
125	546
151	622
41	206
226	382
187	532
211	592
23	542
195	676
162	633
382	545
22	312
133	250
214	264
152	369
45	313
630	679
243	469
2	331
186	578
395	699
322	364
229	346
338	590
488	626
117	513
74	679
108	243
183	192
64	187
496	529
388	628
123	240
15	114
617	653
140	571
154	176
223	243
193	510
268	551
203	595
263	269
116	132
52	489
218	293
217	306
104	520
156	674
192	195
523	544
59	550
53	527
530	676
72	251
39	266
49	242
14	322
20	238
494	676
208	633
137	363
311	433
48	175
177	467
302	515
93	473
191	255
12	209
162	435
43	386
163	224
110	519
222	437
421	425
468	697
231	630
110	462
92	282
269	377
353	421
252	361
240	481
32	124
486	582
43	295
484	593
373	462
104	403
520	655
577	696
317	566
341	427
84	593
178	193
452	532
547	605
183	331
404	569
2	475
268	578
105	504
267	552
657	689
9	582
38	438
314	571
185	678
86	497
389	576
170	281
330	698
391	617
243	285
195	494
483	687
101	681
509	555
305	458
152	564
99	126
109	478
41	288
11	187
85	191
15	499
336	402
142	191
588	599
137	208
177	626
299	413
28	391
5	267
320	633
7	533
188	569
7	319
74	415
192	618
430	547
311	440
113	255
394	680
75	525
73	260
114	254
147	689
244	292
590	617
556	681
28	285
448	652
84	335
304	545
147	669
78	543
366	608
18	318
117	677
373	528
371	667
104	539
183	602
252	388
24	381
348	424
47	353
327	476
54	391
281	619
149	156
231	351
142	261
256	672
46	209
98	377
60	690
402	509
9	418
30	349
481	568
595	686
163	353
73	225
207	385
433	605
123	134
345	615
76	292
72	427
160	525
411	614
25	444
35	369
498	533
180	213
488	658
94	664
4	108
461	595
261	377
79	642
133	526
314	576
154	668
142	406
430	450
370	673
151	472
183	428
224	249
222	337
58	198
77	507
192	378
281	481
82	91
497	691
33	565
349	652
288	417
355	456
171	588
526	647
375	524
122	621
183	411
506	622
179	287
52	595
332	545
137	445
177	515
117	504
273	472
59	180
606	672
140	360
66	279
339	490
143	275
234	489
315	506
12	439
108	505
3	277
205	690
172	487
292	490
54	345
585	611
71	529
239	267
365	379
109	311
166	334
100	160
114	654
320	599
182	434
47	116
29	311
123	152
271	320
197	624
92	630
483	520
271	588
229	665
113	200
219	510
285	605
440	497
288	291
19	456
535	548
604	653
72	363
369	513
5	553
586	695
256	390
68	159
383	425
45	249
176	381
87	585
55	265
368	637
0	15
289	383
190	481
67	614
328	610
112	647
31	667
524	571
178	653
366	627
639	669
108	116
428	627
25	639
126	512
111	163
380	627
347	467
73	499
298	464
274	407
56	62
116	144
476	696
128	134
3	74
60	431
135	290
306	594
424	662
239	485
173	310
372	641
345	672
34	624
5	630
80	574
142	300
418	598
90	194
626	650
430	446
205	561
47	401
483	668
52	485
102	534
165	537
474	681
368	477
146	359
15	391
134	512
287	298
239	477
382	608
186	642
408	489
462	601
266	444
188	547
533	588
458	505
203	608
39	499
290	446
167	172
459	684
321	446
507	683
168	189
134	245
225	492
350	386
137	513
2	337
436	615
223	478
21	371
88	331
316	363
161	306
200	649
81	227
120	474
593	608
367	634
368	631
67	256
433	472
55	511
369	461
402	522
496	676
402	623
462	687
164	638
195	365
448	479
497	661
61	472
308	678
25	175
70	229
122	533
11	428
495	546
356	384
126	513
243	322
238	372
154	693
125	267
239	375
168	525
281	395
376	484
271	688
159	399
514	654
312	659
114	408
423	488
1	189
483	517
562	567
57	210
36	57
296	488
3	530
117	311
384	420
444	559
2	694
594	678
83	581
412	581
73	75
348	609
16	77
373	620
384	664
167	391
285	645
361	385
296	460
465	485
434	529
403	640
49	486
433	566
190	212
249	276
383	586
59	499
275	518
58	269
54	94
448	464
317	684
65	325
538	654
108	455
117	669
313	347
183	645
244	336
33	446
449	560
53	460
235	688
284	666
216	359
234	452
170	351
359	432
166	415
480	659
251	396
461	527
265	586
38	346
162	563
28	75
370	460
127	427
268	527
489	604
271	670
285	582
174	416
40	248
197	509
376	689
298	504
5	342
385	579
209	469
10	212
509	510
221	487
329	510
378	539
6	181
269	278
634	635
110	260
164	182
76	483
49	459
577	698
146	318
434	664
38	597
412	697
460	505
508	513
414	531
110	164
473	520
59	254
156	364
654	694
515	531
125	535
385	686
226	268
17	560
176	342
11	630
619	637
129	541
405	427
167	466
239	326
130	506
519	531
134	306
238	421
52	322
147	497
90	580
41	88
239	684
344	512
165	227
77	615
4	643
665	693
439	667
191	366
128	200
235	648
452	659
8	699
439	673
65	693
66	350
171	559
194	195
139	431
397	591
304	401
219	260
211	476
54	435
446	622
41	266
86	135
13	181
400	552
59	251
19	501
104	635
73	206
194	237
1	136
83	292
511	604
83	593
39	316
362	501
156	694
94	572
399	677
181	477
258	567
295	575
321	473
89	489
541	571
105	162
13	209
421	453
243	578
375	440
569	647
692	697
329	632
54	549
175	365
591	617
612	633
35	602
383	385
89	272
106	404
31	449
330	589
317	514
78	229
206	254
519	589
13	558
173	581
180	434
371	393
313	592
159	293
111	214
399	459
487	698
145	352
126	254
600	676
11	94
138	581
370	575
400	431
111	497
10	204
375	577
169	635
596	655
147	680
87	485
191	238
14	309
436	517
219	682
0	196
128	683
585	671
12	566
453	690
245	581
351	488
1	234
66	145
208	562
58	562
289	344
605	698
424	465
334	645
95	369
87	553
567	699
48	311
685	688
20	34
31	459
458	499
15	516
17	455
169	418
65	697
392	528
165	504
404	458
1	497
328	455
91	604
74	605
44	424
239	653
455	617
69	466
355	597
315	325
87	625
475	635
1	281
299	582
66	348
214	537
323	401
23	305
118	611
504	655
59	280
298	441
85	169
10	565
213	328
44	224
0	492
61	673
202	471
40	370
473	562
62	542
273	434
135	227
201	289
213	622
35	359
168	621
60	240
260	481
14	440
35	104
378	402
403	563
160	237
191	664
41	151
413	503
10	143
28	390
245	492
109	582
203	557
526	554
178	655
86	573
368	620
414	632
678	699
373	583
45	187
105	390
206	398
387	533
81	99
244	615
145	424
389	488
309	598
319	655
564	605
410	425
17	305
210	625
152	170
260	521
250	308
268	593
191	253
50	601
183	366
19	604
418	608
599	610
233	320
252	484
20	298
266	307
158	518
313	456
563	606
409	457
318	634
307	426
310	582
57	156
193	553
263	554
163	491
441	450
58	177
502	509
73	134
652	697
428	445
230	517
109	561
104	176
307	564
485	652
95	441
88	163
338	352
223	284
419	558
567	689
172	379
223	650
152	681
422	552
230	538
136	518
251	306
177	308
244	460
438	692
275	677
627	648
538	588
460	500
540	592
220	661
414	457
294	295
33	184
222	689
201	489
50	560
264	277
323	374
229	269
472	595
235	535
175	343
427	434
364	451
292	472
79	532
413	489
13	514
53	272
46	541
126	282
31	96
139	558
108	266
77	229
21	659
52	153
31	556
12	557
187	397
368	463
128	229
262	570
252	313
21	134
249	284
187	446
172	454
101	179
289	490
79	600
131	479
82	535
205	262
299	458
96	447
133	326
555	603
152	607
2	556
270	585
570	638
114	570
569	608
155	397
19	605
353	562
113	481
35	240
385	416
100	397
31	514
265	407
112	321
229	501
424	650
404	601
213	241
86	631
217	637
271	464
147	231
75	401
63	515
542	657
149	326
4	673
310	487
457	514
22	147
338	542
675	697
105	377
258	413
338	570
169	586
278	333
429	535
412	596
326	637
452	614
361	476
110	475
263	632
282	511
466	623
246	675
331	533
116	669
396	553
390	401
118	486
280	303
56	287
100	393
180	266
439	621
110	643
352	550
76	365
235	265
199	321
540	650
173	175
283	448
574	592
184	639
72	136
12	670
137	447
191	525
118	474
475	527
319	639
18	320
194	295
7	364
459	635
319	553
139	401
54	63
304	533
136	277
139	305
89	379
220	261
110	279
87	239
55	412
178	617
618	664
35	439
168	558
292	358
103	271
116	667
84	572
601	692
23	458
403	480
208	620
33	356
199	330
43	246
552	577
565	586
29	670
383	659
96	321
7	193
87	697
419	479
491	644
319	510
15	481
363	506
60	614
11	439
230	503
263	694
61	221
382	393
345	546
77	680
334	477
230	268
237	283
123	249
224	493
65	629
270	584
240	600
406	486
176	539
196	320
361	386
608	624
102	491
208	356
246	403
305	496
13	408
275	501
126	668
25	674
462	609
81	547
513	539
15	552
334	571
95	588
510	537
123	512
74	297
281	379
181	563
408	493
158	546
397	555
15	526
152	464
64	614
533	669
327	652
29	46
511	525
52	344
356	551
382	602
228	641
197	642
411	603
13	573
51	283
65	303
61	158
58	427
69	241
244	295
425	600
486	583
57	276
236	519
261	624
53	285
130	341
599	685
103	654
350	510
28	229
330	683
578	697
422	518
515	651
280	688
4	127
232	668
49	315
373	404
277	382
116	186
119	264
273	435
95	562
159	284
457	522
262	640
80	334
409	486
29	304
492	651
558	641
36	591
68	641
170	187
42	530
104	374
151	378
669	686
384	520
276	570
444	503
256	489
298	510
404	560
573	652
146	351
90	624
635	651
321	442
375	592
206	334
44	694
5	352
46	391
6	477
151	438
76	104
56	212
181	186
330	506
7	94
217	261
93	420
111	462
210	638
273	690
213	532
284	390
297	341
284	643
198	517
415	616
644	679
347	693
147	457
407	419
230	552
174	191
26	644
197	557
196	336
535	583
568	639
48	682
393	449
354	371
217	650
6	162
685	697
410	581
114	507
637	668
637	651
149	387
22	561
195	419
345	524
55	341
400	592
203	222
568	599
51	687
427	537
24	463
339	671
326	674
255	621
159	617
236	492
633	671
248	660
4	289
116	419
225	464
161	345
399	617
557	666
73	416
127	160
500	630
288	578
325	637
438	602
0	437
118	130
191	323
131	432
333	387
394	627
2	79
160	226
143	437
494	645
122	691
440	589
122	384
21	317
144	321
446	474
436	688
31	379
62	413
18	265
397	542
10	438
10	18
448	568
432	495
212	620
229	588
40	119
118	514
110	197
106	496
416	516
119	294
51	645
197	551
538	591
111	273
370	655
21	430
183	593
301	329
469	630
102	586
127	634
376	526
170	652
132	389
178	419
24	172
590	694
52	138
96	359
24	191
20	165
496	655
10	528
36	50
222	421
191	449
589	611
183	532
325	542
140	233
21	90
399	417
103	150
338	614
332	371
11	134
314	359
108	640
463	483
10	238
119	407
147	511
192	524
47	201
405	596
245	495
144	236
591	641
49	476
102	634
213	349
518	681
164	665
42	124
10	360
14	124
452	456
77	119
229	495
520	569
22	424
523	630
433	629
175	381
177	482
61	70
271	605
408	691
270	650
171	547
342	603
335	585
359	471
288	613
11	459
440	468
46	211
402	605
206	337
194	347
524	668
73	300
162	490
242	686
303	573
16	516
80	305
254	448
297	573
36	105
239	519
566	613
498	683
98	318
409	411
260	284
288	431
247	670
0	618
73	265
79	140
186	613
137	313
509	572
48	490
553	587
3	61
231	678
60	295
517	612
392	405
345	653
418	484
559	644
13	131
245	674
577	649
127	222
102	302
447	648
415	539
36	107
19	581
69	257
156	451
361	448
613	622
295	644
148	448
29	202
150	368
311	651
48	673
69	183
180	268
228	496
47	252
25	379
116	139
136	153
122	278
248	540
103	455
383	693
145	247
2	353
572	609
253	406
246	563
120	571
257	286
152	388
191	293
98	256
194	683
340	425
212	410
109	315
227	621
458	694
95	99
327	521
154	609
81	294
78	331
371	397
81	363
204	334
477	511
383	566
147	404
246	286
183	656
35	441
192	268
150	669
365	518
8	628
138	532
239	687
119	598
89	697
74	185
312	421
224	381
425	512
2	483
375	505
17	673
423	476
227	525
45	580
237	482
3	434
116	252
147	184
149	506
192	275
38	562
150	192
332	405
631	666
20	551
140	603
383	458
243	380
50	571
192	260
70	497
129	142
513	532
602	690
162	584
126	650
297	697
136	323
142	335
133	593
466	690
300	341
98	275
111	226
84	656
489	583
389	399
530	653
583	678
467	589
85	201
281	386
404	522
290	337
340	448
261	535
29	562
400	492
415	654
688	696
461	649
342	392
188	422
192	576
299	489
0	538
30	188
305	450
139	162
459	603
27	117
172	187
136	437
144	406
447	554
513	642
390	622
509	581
127	415
38	336
171	422
175	233
468	605
259	663
74	267
414	508
128	146
219	689
195	696
606	636
164	421
271	456
338	662
120	464
89	366
420	460
335	457
100	633
134	567
44	282
478	575
12	176
140	504
399	686
273	292
245	266
126	447
438	525
0	360
287	330
633	697
212	248
250	666
184	449
3	620
569	633
57	486
13	123
287	506
503	619
99	478
98	512
261	443
20	549
458	475
263	295
56	465
15	505
371	568
14	157
545	690
163	333
97	313
55	635
60	186
209	264
336	417
382	397
93	617
55	403
124	579
597	656
96	134
518	653
136	420
533	551
60	318
414	574
391	659
423	544
448	665
143	558
401	699
22	71
4	569
123	254
65	601
31	586
375	557
177	399
15	414
110	416
480	646
616	669
570	635
15	293
169	590
136	411
683	693
258	652
330	410
485	499
190	333
243	623
278	358
379	401
63	571
49	75
338	504
212	576
24	387
514	673
8	97
214	521
275	600
302	441
151	518
128	686
147	332
0	465
170	198
255	438
202	581
150	474
607	622
634	676
43	262
3	551
180	544
240	380
178	363
143	630
487	640
423	685
265	623
109	238
470	483
82	500
26	79
166	545
260	416
320	669
168	428
176	419
155	176
313	370
37	381
290	445
205	463
57	667
53	453
691	694
68	93
346	553
170	421
414	676
37	152
304	373
380	662
100	263
557	575
373	456
164	381
127	547
513	648
49	483
18	602
354	476
53	55
477	557
31	658
265	451
109	672
292	476
683	688
419	486
380	573
12	664
64	207
458	493
46	487
217	289
49	375
158	346
109	439
244	378
357	553
100	222
166	550
407	615
383	666
30	186
172	269
276	653
249	471
90	426
76	393
11	644
443	509
175	561
13	130
126	655
611	677
288	308
39	504
83	555
223	557
385	387
430	520
354	572
414	563
24	50
173	221
29	331
144	690
167	180
200	423
99	432
417	522
2	194
373	665
305	488
81	199
49	671
412	502
207	363
446	496
282	655
7	151
145	462
252	507
377	483
229	628
522	586
279	667
45	516
140	549
345	630
391	566
463	474
641	649
376	423
513	679
14	533
390	469
169	396
597	636
379	486
71	231
208	434
113	572
383	510
75	322
360	623
228	314
146	620
76	203
318	519
622	635
319	364
95	418
372	556
279	619
247	557
202	376
8	495
18	286
80	613
274	277
99	235
34	328
366	620
164	521
195	225
246	259
457	561
318	475
254	603
106	338
226	365
408	445
158	531
332	625
203	392
190	604
610	653
511	648
54	302
8	83
553	621
288	551
90	150
120	573
296	459
23	138
455	688
171	581
162	466
295	649
66	417
207	522
58	339
300	581
655	689
132	546
265	464
268	688
124	571
89	284
260	352
232	246
97	331
579	631
315	695
54	353
217	599
299	599
439	525
33	89
83	525
336	361
73	78
23	568
147	528
129	300
461	633
428	573
69	73
565	658
362	652
25	597
577	616
53	612
179	226
51	661
335	593
217	594
48	317
306	371
83	461
305	314
292	657
397	634
149	425
231	632
348	420
157	452
474	560
85	150
550	628
429	470
482	483
213	533
308	491
350	523
82	571
469	552
71	593
190	521
186	337
133	420
385	449
547	664
350	650
110	632
173	652
99	294
316	370
196	306
557	618
190	242
459	674
291	332
421	438
158	280
239	344
40	555
84	158
233	308
150	549
27	517
158	340
215	476
180	185
65	420
195	634
283	491
20	236
453	502
135	681
120	678
253	549
43	567
14	544
155	171
113	523
163	572
122	599
286	493
449	581
472	489
388	452
172	530
71	567
318	680
185	571
351	617
252	524
406	488
55	442
266	492
146	334
59	380
588	698
510	551
562	579
399	648
5	214
485	528
447	583
223	314
615	617
327	613
161	646
94	415
168	511
81	172
19	273
456	583
151	376
225	536
327	526
103	161
114	370
336	677
12	21
44	269
82	536
275	622
349	690
243	653
252	530
326	548
257	321
238	652
127	208
43	172
149	520
316	566
236	694
331	587
106	677
322	357
338	681
64	512
241	590
2	602
174	575
108	366
9	176
293	513
10	339
45	657
212	378
357	523
109	163
498	527
123	225
630	633
655	678
362	634
426	582
621	642
238	622
76	544
549	632
369	616
265	696
302	494
228	413
504	566
236	554
7	557
46	678
103	190
94	676
154	545
292	619
340	607
199	656
41	50
361	697
222	680
235	364
542	649
54	534
92	634
80	118
218	446
199	629
125	642
86	572
141	197
536	550
302	609
120	126
513	680
351	506
138	161
38	266
654	687
605	606
98	489
86	637
87	405
18	400
89	680
159	406
273	526
24	406
386	511
243	509
190	570
352	403
130	690
37	584
116	520
226	240
315	644
428	528
392	424
602	666
246	443
418	433
111	298
109	408
200	304
522	529
151	575
112	628
427	642
77	317
195	625
75	543
56	599
512	658
58	139
318	685
176	391
54	413
582	632
269	484
177	697
331	347
260	492
113	208
73	535
67	534
264	433
290	418
243	660
420	579
49	288
242	537
23	407
6	101
188	223
672	696
349	622
651	664
318	688
29	485
187	211
612	668
239	489
362	500
445	486
50	460
162	168
29	367
110	136
52	229
382	652
80	688
410	664
542	623
258	686
22	652
439	514
285	699
97	377
417	634
14	150
48	556
132	148
685	693
322	483
449	520
40	693
292	691
357	425
145	292
168	612
54	205
573	593
72	278
79	338
363	532
308	369
14	462
141	281
58	83
296	320
41	681
598	653
166	221
245	527
392	552
417	572
319	591
630	632
44	470
411	671
65	675
399	603
137	354
275	489
52	531
162	334
288	388
356	373
32	677
41	220
298	528
357	581
34	54
33	398
240	622
256	558
192	552
467	539
68	350
89	594
389	449
498	684
628	672
13	447
72	181
77	498
645	669
3	307
275	631
115	340
382	612
371	438
501	683
139	351
105	600
237	462
72	560
41	90
13	621
533	672
108	532
153	611
464	551
378	593
134	216
589	647
445	609
99	484
200	610
411	548
220	408
243	613
30	480
298	327
195	373
44	97
292	572
151	197
185	379
86	357
126	644
88	270
67	357
211	314
587	655
114	222
437	533
211	484
8	384
355	604
287	347
56	239
595	664
239	513
124	255
347	404
24	382
303	676
216	353
442	579
159	238
194	484
125	540
402	594
159	361
10	623
291	380
176	508
104	368
41	509
210	461
283	534
196	497
242	287
499	649
573	636
186	698
155	210
265	555
42	190
612	681
260	314
33	663
143	369
495	512
59	238
370	519
260	281
625	652
622	688
194	487
415	650
21	56
148	619
25	513
155	618
237	412
250	604
31	547
242	288
412	451
463	679
29	472
367	412
145	302
421	473
4	502
295	398
48	187
418	489
204	230
7	576
245	648
652	667
177	462
79	657
83	129
72	142
303	643
74	582
11	270
413	633
53	271
483	515
92	300
343	669
34	658
279	393
188	402
81	163
203	676
359	680
85	352
309	643
128	435
15	458
452	590
128	300
37	633
227	537
295	386
79	393
116	198
23	176
305	679
382	547
279	652
168	519
362	572
78	658
427	505
41	53
123	457
23	207
280	497
129	420
231	318
1	65
29	591
306	671
191	454
6	58
307	398
507	567
187	430
48	534
151	334
11	346
252	263
30	538
577	670
360	570
264	665
385	693
72	324
398	448
230	359
112	483
133	187
418	662
89	586
99	273
35	697
75	648
56	447
84	89
592	601
345	553
326	468
122	333
401	491
99	698
274	358
93	681
68	489
355	406
122	234
492	597
90	644
215	253
222	286
172	693
553	698
54	130
486	529
62	616
192	661
173	688
105	403
539	567
117	390
83	616
142	201
268	650
312	448
82	616
300	394
623	691
6	495
541	631
165	214
204	597
134	643
190	527
542	693
338	601
224	643
262	300
277	433
44	381
253	347
319	383
267	536
311	455
190	229
379	595
485	523
547	634
490	684
42	363
78	135
284	336
364	384
66	395
251	657
65	442
66	164
42	130
597	674
106	516
500	682
376	648
4	190
176	566
139	326
477	550
483	676
180	380
235	428
483	685
156	499
140	295
333	679
501	561
183	415
353	558
128	684
138	463
290	372
42	517
535	672
96	386
192	515
466	581
206	343
319	478
249	255
486	586
74	467
392	543
171	675
18	675
529	693
11	147
134	327
12	466
21	461
438	685
80	103
373	640
139	486
41	311
195	685
5	611
104	665
296	404
584	661
18	308
363	686
491	686
181	603
448	547
517	572
304	585
482	509
371	414
418	696
103	531
253	643
254	650
278	575
3	660
68	242
274	582
329	578
435	690
339	357
53	79
96	426
122	668
147	541
332	649
244	488
181	531
190	334
40	503
172	384
471	519
132	266
513	660
581	672
129	263
64	155
626	666
170	424
271	471
473	519
163	286
19	414
101	514
0	497
60	80
123	398
494	617
41	125
478	580
63	168
217	278
500	570
125	515
89	692
16	570
136	172
42	66
331	448
46	536
236	671
186	604
417	453
198	598
628	650
220	246
19	418
103	233
213	302
67	290
333	341
181	600
276	399
284	350
184	586
235	236
124	366
313	602
205	603
95	224
168	566
326	652
112	603
465	532
388	598
4	665
16	511
322	351
180	679
430	531
115	490
71	404
2	626
386	527
185	588
408	588
55	160
79	661
215	324
577	608
524	665
89	199
517	564
10	15
344	458
324	669
329	421
491	696
122	286
79	249
465	619
77	97
78	225
116	261
184	437
428	613
125	246
265	616
187	669
89	386
657	682
253	591
35	194
20	178
19	382
544	635
425	597
198	658
14	165
165	260
386	477
206	372
280	691
35	299
87	209
393	534
455	597
87	495
198	690
431	690
46	338
553	651
462	592
266	422
99	555
267	375
520	664
182	427
4	38
202	629
159	660
34	375
27	241
264	390
39	590
42	469
306	456
296	698
36	164
456	574
91	551
189	426
193	668
152	226
90	118
435	469
190	247
105	433
144	557
415	614
56	539
331	622
226	303
6	62
24	310
458	621
419	475
160	535
351	514
389	548
308	430
474	668
0	519
96	508
536	695
520	585
89	357
650	659
242	508
157	633
223	499
209	369
440	546
116	466
59	83
286	396
24	687
1	242
124	630
2	156
244	683
414	621
67	179
110	259
25	338
225	472
508	653
649	684
390	615
453	658
12	603
404	448
7	76
114	218
580	669
118	364
112	504
466	638
186	229
179	627
138	671
39	340
199	353
258	362
53	233
315	516
620	658
381	487
87	443
213	378
375	637
46	322
309	668
131	560
210	686
3	167
67	457
231	537
596	628
523	692
162	616
137	267
170	208
28	293
39	42
211	308
51	527
571	632
158	521
505	645
233	566
42	683
156	208
216	494
283	383
95	630
284	286
492	668
250	463
22	205
307	392
212	556
58	73
329	405
4	122
483	509
147	454
32	71
359	545
606	680
320	496
248	251
366	374
268	406
92	379
541	596
495	600
226	453
199	246
198	437
118	264
77	666
119	646
412	530
373	447
309	528
197	660
533	638
179	317
434	572
229	457
189	333
246	486
129	454
188	684
321	588
9	41
241	410
196	546
257	275
97	578
427	449
99	587
26	28
673	676
524	643
60	147
97	575
70	662
70	171
533	587
107	108
223	483
343	446
88	596
90	568
266	507
536	599
220	248
202	320
367	686
194	549
72	380
618	627
221	267
96	272
1	692
325	693
93	243
29	261
477	691
308	510
114	323
178	667
99	306
596	662
229	378
45	231
10	693
99	378
325	383
80	536
218	223
24	248
41	337
48	573
471	534
74	559
30	396
89	518
87	226
228	379
238	634
14	164
90	656
9	401
541	699
225	355
244	513
246	377
200	294
46	518
408	555
254	261
79	488
47	406
486	503
132	259
398	691
103	296
432	660
166	497
309	433
465	618
156	460
343	372
257	484
393	606
293	446
243	569
286	652
12	433
231	477
464	523
289	671
533	572
260	268
293	454
416	627
355	586
336	456
156	254
153	244
168	305
558	644
421	633
428	497
206	518
280	409
91	387
313	637
188	591
236	444
244	421
106	574
283	537
473	539
25	600
443	534
438	662
375	464
7	436
19	357
249	463
614	683
531	533
49	103
5	643
439	561
215	389
609	685
173	293
216	453
607	621
191	519
25	166
285	431
329	620
199	541
77	385
28	426
315	346
80	588
47	686
163	277
40	42
428	667
158	160
201	605
71	506
25	582
694	695
20	150
257	558
459	539
135	412
399	641
484	601
373	548
446	480
316	641
124	698
36	515
518	625
327	693
24	350
474	507
389	639
507	583
92	126
149	172
467	643
15	465
312	366
2	673
536	562
153	199
474	657
405	463
484	682
278	306
210	257
264	506
654	669
97	411
93	100
131	474
270	433
434	587
324	557
311	574
85	355
78	301
27	457
552	580
139	587
39	317
27	148
332	491
132	538
574	606
77	478
278	411
377	641
177	652
56	301
368	439
462	564
343	430
482	668
228	361
228	612
69	416
594	670
322	509
187	296
100	176
296	500
31	110
42	623
24	104
680	695
348	581
429	432
503	691
324	439
510	531
107	420
283	312
443	590
30	680
339	436
282	528
647	660
351	476
300	517
24	336
322	474
45	637
487	500
328	567
302	573
309	632
348	398
304	602
64	499
64	303
82	94
176	600
564	669
142	288
434	635
432	671
358	456
136	342
254	361
248	630
186	301
380	431
213	579
246	470
225	629
531	637
246	351
191	302
183	189
258	587
27	429
46	53
20	509
53	615
104	162
208	251
161	221
150	500
57	251
321	418
9	442
317	383
261	345
385	695
209	600
496	687
393	560
529	567
393	540
483	658
596	676
0	673
317	485
131	190
58	302
380	653
159	532
591	640
104	108
191	389
515	603
42	578
345	673
429	586
281	451
132	516
255	299
208	576
612	673
176	205
45	381
99	684
440	652
83	514
183	305
196	410
153	419
62	214
372	407
665	669
41	335
149	282
160	698
198	277
423	429
498	673
545	634
2	619
406	470
35	569
300	569
107	397
242	549
331	538
19	185
63	235
263	334
247	360
191	285
206	364
180	367
326	699
285	633
22	431
166	335
65	413
285	665
229	301
234	319
422	699
188	467
57	320
215	283
379	398
43	294
605	684
236	273
338	346
266	695
576	579
101	118
160	297
77	583
14	192
201	601
113	286
61	362
34	558
295	589
14	297
70	556
501	513
573	675
451	463
346	617
90	124
189	635
530	682
287	436
228	440
413	486
55	509
224	617
309	484
231	274
312	515
51	338
173	253
138	224
19	555
131	473
264	645
98	371
412	658
85	568
505	688
480	663
358	565
418	661
520	636
286	361
372	413
77	210
334	519
247	553
270	397
310	596
114	246
122	679
286	288
60	190
62	636
296	334
63	453
293	661
26	543
199	516
319	535
50	423
85	160
380	566
158	626
161	207
166	337
84	178
120	344
304	407
240	417
0	681
460	528
223	601
135	529
84	539
193	681
192	652
555	577
8	482
220	608
32	410
194	306
103	552
55	565
145	188
77	152
59	476
288	292
336	471
17	358
350	610
536	650
529	697
209	596
138	505
596	678
111	601
303	575
63	83
174	353
388	512
153	648
189	356
435	553
129	249
157	268
330	501
368	532
188	586
317	418
91	413
87	332
10	309
180	395
202	331
608	668
169	533
369	491
122	203
21	463
105	375
209	541
107	234
113	524
236	511
99	495
336	530
581	677
172	368
111	692
157	327
158	258
280	647
570	637
277	457
262	633
237	365
71	651
109	328
118	321
338	674
262	410
104	122
146	649
249	507
83	639
148	149
87	551
95	567
403	497
438	552
175	205
259	396
323	624
419	643
218	352
321	579
34	533
131	384
41	458
384	591
115	657
516	544
118	687
149	170
5	640
3	440
32	303
384	398
185	345
98	289
136	322
69	267
284	549
11	26
9	236
65	101
63	345
444	684
184	263
412	610
26	86
53	683
24	250
68	533
243	327
383	602
25	473
455	577
56	205
85	288
143	552
38	525
144	547
483	525
25	142
168	645
68	256
169	646
203	648
476	698
74	282
112	316
220	532
193	410
171	259
143	376
285	313
368	652
213	422
134	332
354	412
352	544
105	212
98	143
32	591
157	195
280	439
133	169
8	517
568	659
43	69
221	239
244	685
77	342
91	555
228	239
237	552
456	662
248	458
613	674
344	439
247	373
0	98
650	676
254	411
242	423
375	522
114	524
55	526
1	90
377	436
10	411
210	508
70	697
101	523
316	631
88	490
42	276
304	673
277	540
79	477
386	568
4	617
276	336
442	600
51	205
354	560
20	192
213	607
445	459
86	607
306	645
90	630
14	443
350	587
334	391
213	571
304	433
327	563
331	693
192	301
286	291
281	662
168	624
206	440
24	467
23	328
302	561
176	194
25	488
290	410
254	553
16	229
621	626
171	335
5	179
224	465
63	578
281	357
184	595
328	644
251	521
229	561
324	541
54	110
581	678
78	278
40	109
296	601
50	253
197	316
87	153
106	632
324	543
151	281
380	468
37	352
569	579
125	296
56	347
458	547
48	219
217	251
243	564
272	452
180	197
194	242
69	508
634	693
346	540
389	551
280	659
298	430
376	481
130	156
317	686
223	662
137	178
91	278
253	301
210	364
610	678
207	399
450	576
255	327
81	117
10	658
589	625
48	120
18	670
363	416
93	395
21	556
65	238
480	611
217	331
93	394
148	593
83	680
1	64
107	129
78	282
148	242
337	338
458	526
391	444
4	423
12	605
2	489
518	656
47	400
307	567
101	199
63	407
259	469
485	530
304	509
480	547
243	582
217	582
237	496
212	668
361	559
313	483
264	297
36	641
98	465
334	630
132	525
217	631
513	578
16	508
386	610
78	199
241	341
209	310
213	418
25	176
134	590
242	684
289	459
545	642
309	444
100	687
43	162
121	517
98	103
206	393
103	522
382	525
206	663
29	337
3	544
408	534
337	429
533	695
88	665
157	464
277	696
112	197
58	288
97	639
281	322
119	283
370	518
67	245
234	607
284	326
26	650
319	480
283	400
47	596
193	308
162	178
168	347
234	355
28	241
169	697
77	475
184	530
200	370
395	567
405	409
107	498
9	589
102	123
515	682
9	103
183	540
173	635
330	641
205	268
70	536
647	657
463	464
128	540
283	508
189	428
67	685
149	291
383	696
311	612
102	610
85	536
38	250
518	552
297	526
6	326
90	537
106	413
53	584
4	542
179	667
14	353
185	272
324	608
22	358
179	373
524	640
363	654
306	538
106	220
92	118
201	265
163	600
160	196
290	689
403	653
37	456
169	414
272	616
375	496
230	395
382	456
92	518
185	333
427	622
164	587
325	514
120	691
537	573
289	523
92	314
111	280
154	405
313	425
105	447
150	391
311	355
37	578
104	363
349	421
529	543
73	342
230	349
261	340
46	671
500	644
280	520
329	551
44	440
310	657
203	663
445	684
152	244
111	331
159	502
290	506
113	120
426	519
338	690
73	349
282	426
241	457
474	680
138	442
26	698
332	595
214	491
238	567
71	540
35	152
113	249
455	592
34	663
621	684
220	268
133	441
259	565
289	303
32	323
401	504
667	698
187	257
31	219
224	294
310	695
5	538
94	203
12	109
145	275
128	201
3	136
337	666
566	567
491	689
156	502
287	544
291	583
62	67
568	680
457	620
508	674
121	344
267	404
395	514
553	597
339	453
228	451
17	29
193	614
358	397
221	674
615	633
238	327
437	537
13	424
72	447
30	289
166	379
306	324
289	376
183	693
480	661
317	692
51	401
169	519
400	523
152	256
292	690
128	196
106	421
261	522
27	223
276	545
197	287
148	471
94	367
305	360
73	133
231	587
175	402
295	642
442	688
532	541
294	555
509	684
257	615
291	376
13	95
480	507
15	417
94	132
373	593
34	297
8	421
138	583
142	512
552	613
14	434
182	621
101	479
472	551
107	699
195	445
335	465
194	287
3	159
324	438
143	195
528	699
555	662
32	181
178	205
116	449
130	519
214	691
93	650
235	255
151	238
167	567
24	683
170	367
447	529
23	352
168	266
143	204
29	667
338	469
415	457
332	462
106	455
88	283
268	418
219	312
434	673
42	377
88	225
88	358
177	584
456	523
209	537
15	688
228	315
336	640
256	271
389	535
178	187
19	96
185	597
150	188
253	417
12	417
258	667
104	507
163	189
314	494
235	283
108	122
412	458
44	531
68	79
124	160
536	681
544	636
62	244
393	645
583	592
320	428
475	684
102	462
519	671
74	201
402	539
71	678
197	286
53	536
418	618
75	317
116	608
197	265
272	418
234	374
493	517
356	488
94	299
85	295
244	540
485	591
464	556
242	439
71	374
197	390
569	587
148	163
400	649
206	550
586	594
336	362
264	656
585	589
436	545
82	584
43	424
444	588
393	431
473	607
511	561
503	663
181	591
44	642
161	541
217	501
388	389
482	665
29	63
195	281
425	661
339	688
179	389
624	629
291	336
125	252
24	401
345	478
472	693
186	299
320	550
239	593
397	424
300	437
305	502
46	559
262	545
378	509
458	647
461	473
164	352
225	229
204	405
348	365
483	648
228	364
21	568
15	435
171	325
172	445
105	595
293	600
200	256
576	586
248	394
3	392
346	432
196	543
8	374
175	421
390	513
212	374
468	628
313	392
427	601
267	645
44	550
215	516
336	351
462	517
309	334
109	363
182	511
180	204
273	594
350	541
427	442
189	274
628	645
305	545
24	576
241	668
378	422
314	319
155	168
317	681
182	213
513	621
27	390
196	202
329	622
372	501
4	349
90	238
403	514
273	343
40	353
195	298
353	486
134	536
246	677
245	536
467	479
295	515
295	479
232	613
182	557
12	394
406	574
298	384
180	458
140	294
526	594
375	546
70	376
19	196
3	534
75	483
230	548
56	568
238	250
158	180
267	363
114	177
4	21
254	596
450	664
537	644
37	380
46	109
78	153
210	696
139	622
114	588
67	465
56	445
277	588
239	434
295	382
437	445
37	201
0	391
107	412
19	495
175	579
88	129
240	274
132	264
262	421
639	689
27	234
406	689
117	679
274	477
52	59
271	427
346	607
66	530
6	397
145	579
64	95
311	523
197	540
627	660
587	602
564	646
274	297
450	543
22	67
10	604
151	234
195	343
200	368
105	211
250	645
376	402
49	325
53	587
63	333
320	659
37	132
232	290
225	413
205	434
171	542
52	269
106	597
92	102
243	559
405	475
73	688
86	554
153	465
461	610
147	362
4	553
240	694
321	505
257	431
478	666
9	347
192	453
13	19
308	690
45	195
256	636
60	682
125	631
313	479
623	660
121	660
40	685
261	499
383	523
151	686
182	226
60	153
137	503
196	427
436	599
3	233
221	365
106	306
267	683
52	377
371	449
139	581
164	538
524	603
392	602
195	605
394	554
42	275
471	480
445	655
85	325
240	640
577	690
51	471
437	631
316	536
407	427
147	461
340	614
100	476
10	171
79	534
40	658
189	615
306	600
217	498
275	479
578	630
414	584
336	558
329	695
363	452
112	358
48	640
417	628
483	630
90	410
249	680
128	608
97	622
339	661
128	334
48	515
38	458
48	546
491	661
244	486
143	506
398	459
59	383
40	241
288	502
7	649
387	412
321	464
151	534
572	575
60	451
183	292
140	363
228	233
321	497
341	620
287	461
535	581
230	540
154	286
19	507
348	675
138	253
15	518
22	339
256	356
41	92
98	559
125	426
38	302
317	548
280	696
564	682
52	183
58	517
642	681
3	428
201	576
132	297
138	566
495	541
261	311
72	637
50	305
178	285
499	551
263	652
510	668
12	446
523	576
87	128
22	261
112	591
135	431
88	357
358	462
545	693
146	204
24	436
352	571
304	588
67	250
426	539
323	562
621	623
81	645
140	242
299	545
280	687
61	615
214	430
333	415
34	680
398	445
488	652
54	521
89	498
100	683
189	449
107	471
10	365
147	335
0	289
532	554
260	287
548	565
21	491
85	595
320	425
476	479
99	513
493	628
225	450
54	447
354	479
431	627
434	652
173	423
311	566
116	219
90	326
644	654
63	151
403	496
301	571
30	361
40	47
88	399
60	276
47	603
288	480
75	142
56	250
250	318
132	675
142	487
112	585
565	654
503	570
308	521
158	410
91	92
105	366
437	570
221	671
49	172
232	452
8	541
307	655
571	583
37	498
382	633
340	419
548	657
27	330
387	633
173	302
187	555
262	353
419	671
635	679
421	563
527	694
208	341
312	592
19	441
156	305
202	352
157	422
264	389
163	475
4	518
135	444
339	365
10	674
505	607
171	658
314	656
432	694
42	697
109	175
415	597
184	664
10	598
268	588
150	215
103	487
0	653
119	364
131	552
153	403
131	682
42	388
269	558
156	337
452	471
280	359
241	413
327	636
162	417
44	623
344	675
602	630
112	640
438	522
414	567
462	607
31	211
26	260
75	120
430	599
220	675
60	513
151	454
245	641
102	611
303	401
14	556
118	244
67	155
428	645
266	454
19	620
111	610
193	692
335	404
423	525
174	213
58	251
58	222
15	494
190	337
74	430
518	572
21	255
134	252
131	494
373	446
296	588
190	214
272	510
296	663
283	550
565	696
519	618
548	649
324	412
377	561
94	622
298	397
320	547
232	640
144	375
208	330
426	610
326	673
246	261
178	409
452	559
275	368
683	691
122	148
230	254
23	275
241	521
563	595
262	699
181	378
157	616
275	503
453	554
301	577
41	309
297	466
328	430
228	572
458	557
85	644
147	569
150	465
654	678
353	567
58	677
78	519
272	402
34	426
98	644
359	500
225	451
413	600
432	666
352	614
418	574
299	351
347	597
211	523
277	568
457	607
213	508
196	270
270	345
548	628
654	672
161	261
238	489
131	159
451	567
69	141
32	671
33	205
319	640
336	343
291	329
139	447
527	574
150	583
227	573
40	326
57	258
109	285
116	233
394	629
238	580
362	550
247	282
222	502
248	553
347	664
150	535
386	468
258	339
300	382
237	397
453	503
570	648
145	649
434	480
107	599
455	580
382	622
36	560
198	285
121	242
198	244
442	625
317	364
33	520
81	656
65	655
298	439
534	686
415	475
420	564
295	491
234	592
400	550
416	699
453	517
16	160
137	142
176	661
56	682
180	647
343	439
143	292
270	494
37	401
129	544
142	290
291	387
553	584
20	41
125	669
275	591
278	412
107	128
1	56
109	300
160	380
126	170
149	236
278	512
400	662
88	178
328	332
143	663
181	222
32	325
27	675
21	205
266	494
269	483
112	455
77	558
273	699
158	560
221	433
212	462
14	510
407	529
131	485
244	509
178	251
133	659
86	597
160	302
359	406
63	625
14	311
230	582
9	151
560	691
351	367
298	681
384	522
193	230
58	69
81	607
304	346
34	272
377	675
211	681
205	468
173	290
104	474
279	338
48	568
400	635
484	546
240	465
244	278
440	494
503	643
190	307
272	650
653	696
56	370
286	473
86	639
371	402
83	426
111	177
272	516
182	476
158	460
46	436
281	621
320	489
409	539
504	662
159	215
271	379
329	438
317	350
259	306
123	128
221	686
215	347
20	55
433	546
445	504
175	481
21	228
312	410
234	280
386	556
220	232
102	400
42	690
80	547
528	533
238	594
246	288
306	440
679	691
181	637
256	481
40	683
39	227
236	445
401	500
115	314
198	317
23	603
84	210
389	421
79	322
263	614
246	506
650	688
221	533
377	551
43	56
450	679
214	378
442	497
460	580
145	385
18	623
25	134
236	602
506	690
242	574
320	412
414	470
535	640
107	284
138	661
504	543
89	405
277	677
537	587
100	120
101	566
288	660
7	324
95	366
119	525
320	390
40	351
91	496
14	110
333	536
97	638
357	361
14	133
315	357
464	565
148	280
294	560
26	70
370	506
132	391
91	126
495	661
43	383
278	315
452	606
150	432
531	542
8	266
59	206
44	680
165	417
382	610
418	629
402	531
132	328
352	636
236	634
225	462
5	17
94	541
218	294
489	491
186	224
371	608
294	611
348	380
259	484
408	479
46	170
435	463
173	179
158	520
290	403
60	616
117	654
251	293
154	242
288	463
348	459
25	344
544	618
417	438
138	413
485	676
268	449
171	282
167	429
35	398
487	667
41	699
414	427
97	371
266	570
272	674
243	682
256	268
91	156
482	510
117	190
344	355
345	369
223	665
141	474
177	289
107	288
362	463
124	606
79	360
430	693
28	659
84	425
203	626
574	669
367	647
227	683
56	342
141	502
331	396
662	694
148	269
334	535
92	211
165	368
271	336
334	372
159	315
66	570
310	391
88	365
285	411
512	673
316	582
538	555
82	226
253	323
33	460
404	446
205	257
51	258
267	500
132	268
70	375
350	531
552	661
123	286
359	645
137	426
265	576
14	373
198	417
146	688
242	592
289	695
196	354
401	638
400	574
604	637
58	217
374	610
484	582
348	428
44	388
359	650
259	434
119	276
461	492
163	410
310	667
271	321
104	107
267	615
56	132
130	249
653	674
62	121
60	359
386	570
464	518
516	611
109	698
411	502
631	665
568	694
127	371
193	461
122	631
521	605
287	642
174	635
625	645
271	617
101	613
532	674
166	655
157	217
245	564
253	546
121	136
566	625
91	389
283	455
270	410
252	670
43	328
39	665
363	376
186	261
459	696
308	473
205	508
56	340
491	614
600	603
444	452
111	421
373	627
139	439
430	544
599	625
138	151
113	316
6	591
234	376
85	564
84	267
360	691
285	632
99	603
499	614
248	314
327	507
123	666
361	541
37	420
156	486
484	567
284	613
282	414
54	460
303	398
33	645
185	493
24	485
461	547
321	667
300	315
25	517
405	579
329	698
82	641
96	599
610	634
326	455
364	505
35	90
111	404
53	646
222	347
171	577
92	496
237	310
467	522
96	283
456	553
483	641
415	485
7	453
142	143
80	401
272	509
203	252
221	325
592	698
94	318
139	184
681	683
119	356
626	678
17	467
113	325
137	325
320	477
25	401
39	208
5	635
180	518
14	438
271	663
196	399
314	669
108	625
406	443
57	299
19	173
304	689
47	482
151	582
396	475
214	475
29	683
477	485
58	188
257	545
199	614
591	601
504	624
96	646
443	612
143	632
367	504
14	42
96	370
357	551
159	603
138	160
178	203
494	592
20	315
154	289
259	278
150	296
376	569
240	320
138	509
183	437
208	427
176	561
223	677
431	698
108	209
399	606
520	573
62	231
213	589
42	422
404	524
309	442
127	586
357	379
3	240
209	257
103	532
56	121
163	258
508	541
271	403
26	228
248	467
109	308
38	561
3	460
339	507
274	492
372	634
7	378
421	500
375	529
124	583
249	259
274	395
189	392
83	125
88	474
170	688
413	433
358	482
131	455
152	363
110	688
269	408
54	367
280	306
81	116
310	580
34	539
12	692
92	185
129	172
147	338
200	307
356	567
153	423
401	604
350	356
103	106
388	682
139	362
648	693
222	569
37	403
186	319
5	548
137	380
355	443
568	691
149	540
207	481
10	229
265	472
92	685
18	109
316	456
224	609
342	398
251	370
172	326
108	529
50	152
403	577
61	530
123	347
336	427
62	247
96	223
353	610
228	469
57	233
478	479
131	499
464	699
172	644
80	361
119	157
180	256
7	247
221	335
530	686
355	699
345	361
70	217
314	552
146	583
18	260
325	439
22	541
62	209
595	615
34	47
79	347
535	668
15	177
468	586
61	554
12	424
336	531
184	687
20	68
329	437
54	448
135	690
409	646
39	159
250	334
344	584
128	680
56	629
370	380
166	591
214	296
195	335
345	455
332	693
591	618
9	320
371	447
550	572
397	506
66	325
674	686
33	387
188	367
353	377
173	358
479	551
336	545
157	227
40	414
87	273
41	80
2	423
388	554
299	385
131	440
198	289
18	72
37	684
193	355
254	651
226	536
7	587
167	287
432	600
94	207
153	323
402	570
62	238
127	543
283	669
281	574
280	337
146	331
305	346
132	276
71	165
7	315
22	548
635	652
342	374
53	654
441	625
113	347
342	635
98	392
22	479
211	445
276	352
271	323
5	59
511	551
337	379
85	233
372	595
85	311
292	357
128	665
61	299
106	699
312	403
78	403
140	409
197	426
333	542
150	463
55	120
195	216
557	621
334	469
171	419
102	663
385	484
249	672
254	695
120	633
196	261
34	150
368	632
65	143
25	174
218	666
415	427
7	430
479	544
442	451
80	363
247	388
1	149
144	248
13	622
61	592
134	406
248	427
68	146
219	261
246	423
139	484
129	316
343	472
143	392
361	474
260	522
174	337
48	663
306	662
373	684
252	287
292	339
197	371
289	663
454	626
128	401
161	363
229	296
383	607
254	331
266	554
68	182
73	183
352	651
110	521
115	419
262	516
458	530
175	435
45	352
136	284
205	234
163	187
174	566
439	604
647	684
347	479
204	528
18	629
34	264
463	687
287	323
47	75
180	339
494	628
171	412
285	528
594	610
550	576
438	566
38	391
103	196
215	234
403	451
31	212
272	324
294	414
146	419
187	547
112	392
198	597
86	160
146	533
182	494
99	180
39	618
306	453
96	342
471	619
56	656
552	657
71	628
185	256
436	693
411	436
26	188
102	488
345	441
385	683
465	623
191	471
373	635
540	674
533	562
51	640
114	632
276	379
296	486
163	421
208	297
270	294
140	259
116	660
149	401
170	640
181	666
289	460
160	414
243	329
44	397
146	689
325	452
284	686
278	509
80	318
109	366
124	261
343	438
363	508
443	526
51	472
134	440
76	116
62	576
547	549
130	266
288	557
47	421
205	520
422	511
42	98
237	669
7	220
478	507
280	574
170	243
184	593
314	596
301	646
336	428
486	536
144	343
199	213
45	234
155	566
165	591
229	310
97	432
130	369
65	696
536	593
255	546
260	270
106	270
219	475
317	393
525	679
48	111
589	634
54	584
32	696
279	294
60	672
324	583
355	436
389	622
46	628
172	520
252	495
208	372
311	537
134	208
210	579
190	668
237	483
125	379
414	634
485	694
328	389
196	544
22	221
11	167
465	691
36	203
295	696
349	366
252	567
116	569
472	503
97	258
478	630
458	692
309	377
57	188
228	317
3	532
170	646
113	185
362	667
2	284
38	460
274	652
59	176
91	253
73	213
32	95
135	166
296	344
118	594
302	455
327	505
274	619
302	431
416	446
147	514
147	478
88	188
49	366
349	597
225	633
142	265
5	560
41	229
66	663
280	689
32	499
190	532
122	335
514	695
58	149
47	673
149	220
401	523
31	375
193	447
2	679
209	235
128	286
84	467
469	570
85	444
94	480
161	422
68	623
375	634
141	393
192	644
402	551
348	454
32	678
104	622
53	201
270	504
128	622
381	656
376	691
93	602
415	598
3	334
17	101
209	251
262	472
446	579
274	625
214	696
116	578
153	389
476	640
172	186
177	407
108	632
338	696
594	687
178	436
224	261
316	595
113	321
297	336
54	272
66	543
540	598
576	614
180	653
607	682
325	444
100	652
12	316
495	610
490	681
136	319
79	349
372	432
355	593
188	436
172	639
330	588
319	324
23	80
234	405
354	500
258	458
361	687
156	225
279	416
83	658
440	681
22	197
439	603
133	303
313	500
477	668
318	383
21	413
74	648
59	412
48	374
560	655
104	116
415	512
120	382
345	373
58	174
87	118
66	169
431	573
342	518
25	156
366	594
294	461
619	656
442	472
289	468
171	563
261	653
184	495
125	206
309	583
516	651
360	396
23	75
322	625
357	543
147	502
21	40
0	109
248	267
1	282
124	144
384	627
199	692
192	314
5	312
394	665
128	558
329	597
475	662
218	224
389	505
485	638
300	389
14	676
523	688
444	655
442	577
118	292
323	666
278	605
194	634
623	656
136	612
242	318
298	697
331	419
140	306
124	145
52	82
274	469
205	609
438	649
328	467
196	643
213	686
179	538
616	672
346	618
169	692
137	319
216	271
94	669
488	577
394	462
35	425
176	599
14	224
108	567
111	551
86	648
116	182
152	566
95	613
621	627
530	698
114	339
223	644
607	633
280	470
426	535
17	385
142	221
549	661
74	678
438	625
52	487
561	612
347	437
443	596
384	638
0	305
247	534
129	599
498	525
67	445
500	533
338	509
223	631
55	166
259	689
177	331
151	393
597	673
4	43
301	626
164	219
231	510
143	379
249	654
129	394
42	494
67	368
222	567
126	530
5	131
301	589
0	548
274	621
30	646
114	237
24	244
396	401
407	429
111	599
51	576
171	316
595	693
71	199
195	220
300	398
406	538
337	606
626	658
66	71
41	576
548	690
471	617
74	374
179	492
468	659
21	376
276	368
398	550
21	221
362	683
327	584
152	486
57	543
138	390
477	581
154	155
128	514
461	593
21	471
26	412
577	640
620	674
44	252
140	579
36	277
589	695
145	289
268	607
203	456
295	396
196	602
293	558
629	639
21	646
149	313
71	414
167	613
105	177
141	445
148	261
156	371
254	641
240	374
249	625
406	607
479	649
108	385
497	650
360	368
467	494
145	384
204	498
84	276
226	369
115	122
124	567
96	399
136	596
50	650
99	676
489	549
267	310
359	474
167	669
375	559
53	373
59	122
9	110
676	687
405	637
19	105
60	502
176	291
441	460
168	363
114	560
269	596
286	491
2	58
163	261
266	654
264	391
207	596
256	610
276	660
164	629
257	316
22	340
460	679
155	478
498	629
72	126
371	610
59	562
428	484
363	406
82	102
294	622
55	92
62	302
135	494
196	319
36	405
469	660
520	685
206	604
300	488
7	108
18	544
511	524
21	201
534	695
118	675
480	575
62	186
488	668
27	127
186	204
67	106
296	311
628	634
230	444
498	598
162	230
13	508
227	462
20	210
200	281
43	125
171	178
443	505
260	382
263	480
285	683
55	607
351	423
21	195
199	311
235	586
105	250
106	364
113	194
16	650
15	44
31	405
544	571
77	529
159	412
345	699
281	502
466	544
197	239
58	270
179	562
94	516
525	531
349	487
247	562
111	391
184	300
306	541
474	556
28	520
115	336
117	542
380	476
419	652
152	190
20	462
131	133
2	338
443	671
12	258
65	117
459	548
169	297
208	250
67	283
432	518
151	673
320	504
391	589
211	556
80	602
46	228
467	636
91	107
531	679
331	498
272	556
194	245
247	302
53	207
137	310
362	496
255	451
224	281
0	631
378	584
78	220
63	478
84	454
392	483
160	171
95	281
94	270
100	574
111	482
309	558
343	681
195	328
102	625
124	430
249	297
463	515
98	161
335	490
567	680
421	650
309	570
92	333
279	357
187	456
388	683
200	443
215	316
544	675
155	419
574	600
229	423
244	603
314	388
49	353
370	404
309	611
200	333
247	453
79	325
469	658
102	698
93	685
13	78
384	667
120	676
154	268
294	399
56	489
88	533
143	200
257	532
251	652
135	323
173	498
258	616
222	331
341	675
292	340
189	432
171	199
215	457
195	329
40	308
14	298
188	498
488	591
191	407
61	556
89	140
131	362
245	350
52	252
282	614
98	518
177	322
461	566
557	639
38	586
163	321
252	255
432	497
151	346
390	662
195	393
15	199
261	521
1	30
112	524
238	559
388	620
401	647
301	542
208	416
238	319
131	222
431	560
381	594
261	608
310	515
211	636
321	433
642	656
594	682
552	583
307	322
422	614
408	484
486	588
394	498
444	507
348	544
101	143
221	289
195	481
272	277
50	68
372	636
227	677
245	479
441	649
423	448
152	384
419	541
163	428
196	584
60	66
95	678
113	636
187	359
233	292
247	311
294	537
85	427
180	331
305	529
498	588
204	218
211	348
32	255
114	622
221	475
68	253
39	241
51	164
600	646
395	551
404	485
33	244
153	683
388	414
285	532
36	321
64	552
560	614
430	466
76	96
136	588
193	662
31	350
219	370
271	515
2	473
75	453
174	327
247	602
380	688
47	461
372	607
440	649
48	104
128	480
116	442
179	305
219	502
544	666
511	662
340	562
362	577
29	393
74	405
146	571
509	595
136	239
99	328
83	424
11	67
412	664
272	286
348	575
383	594
116	599
308	370
270	645
218	535
99	477
425	631
391	620
124	695
7	179
65	81
305	372
194	620
367	472
184	431
92	274
81	389
400	602
455	699
65	233
60	540
132	277
332	679
328	375
24	82
68	171
107	294
169	532
119	658
522	644
18	445
101	534
233	279
121	450
248	531
235	485
45	334
216	633
108	198
22	116
448	626
83	584
332	407
575	664
149	430
277	547
82	301
372	526
117	401
440	537
9	187
77	147
672	681
176	337
125	234
379	514
208	355
140	278
355	427
305	385
94	489
10	146
160	530
334	362
329	441
266	493
584	690
178	547
59	307
417	681
32	476
483	575
123	489
176	349
110	556
315	500
33	299
244	413
149	359
345	516
187	452
84	268
286	656
432	604
290	617
234	579
189	302
57	576
53	572
480	578
108	260
57	603
362	594
250	564
183	194
69	572
214	644
255	467
82	521
436	699
186	522
63	305
255	538
222	333
31	581
298	302
212	452
387	486
2	509
87	214
505	529
0	188
81	433
331	509
246	564
61	685
590	661
36	487
265	442
137	414
342	687
371	531
76	426
136	307
61	512
13	188
251	459
57	339
449	508
95	327
413	673
81	588
191	567
332	381
123	375
65	633
626	643
50	636
224	376
99	286
28	110
207	537
24	489
185	193
377	501
306	467
186	580
589	623
114	511
392	502
217	528
8	228
84	284
49	662
51	170
31	263
273	568
549	605
391	699
41	110
331	595
356	503
342	549
171	575
132	157
438	639
521	672
453	698
106	635
556	688
480	627
464	529
298	330
527	681
360	480
150	446
248	663
11	409
274	698
474	594
452	588
120	481
10	236
241	477
359	416
46	280
513	663
193	293
549	644
118	653
257	667
161	250
392	629
236	386
245	500
151	191
47	423
238	691
142	523
323	461
267	292
393	537
82	186
193	214
427	660
372	382
335	621
102	330
167	223
369	535
338	444
448	684
177	637
594	599
95	551
393	619
303	609
537	594
594	621
562	649
313	673
8	408
260	315
579	615
509	554
357	572
455	630
416	553
111	530
284	604
267	308
292	355
108	169
210	654
253	336
636	683
64	409
225	228
304	626
38	513
80	696
333	667
384	486
221	416
426	431
244	459
137	397
265	571
100	332
277	562
305	517
265	505
388	440
182	414
108	205
273	490
174	400
89	526
317	333
594	623
289	580
283	473
201	583
297	455
124	655
520	629
418	589
210	239
10	281
352	524
450	534
151	402
312	400
54	222
173	272
172	385
560	586
555	666
598	648
220	244
368	691
107	490
197	645
67	590
134	392
432	510
408	594
262	336
81	510
387	699
123	330
131	392
478	483
322	520
421	690
39	593
127	400
51	276
423	620
348	564
136	259
87	438
212	430
126	362
259	410
505	625
309	664
60	267
404	688
508	595
0	663
579	655
84	353
506	534
386	687
411	553
9	144
154	567
461	517
41	578
81	480
120	422
247	686
300	489
151	687
45	120
225	313
225	631
623	644
76	83
58	116
149	557
167	314
177	368
0	211
466	566
87	649
71	161
518	671
272	393
108	330
78	285
88	519
250	263
63	284
344	592
25	170
279	523
502	507
86	183
294	681
280	553
21	198
257	425
111	340
103	360
232	252
0	520
199	514
196	551
526	674
348	349
94	260
218	565
34	320
320	634
97	542
29	141
217	343
209	689
140	449
120	608
110	290
486	649
203	285
473	614
60	291
294	530
452	478
204	402
395	603
95	451
212	560
269	527
253	304
238	629
549	583
355	407
118	266
429	642
231	657
322	428
208	458
287	443
119	415
84	90
187	288
290	472
196	429
50	261
158	294
386	590
140	523
95	148
506	558
463	614
353	477
40	90
47	53
468	489
207	559
284	314
332	367
439	529
338	492
62	559
389	667
200	595
185	627
207	680
527	622
94	348
615	678
117	468
435	655
354	513
117	466
431	477
242	324
52	143
143	263
3	298
519	578
84	616
118	626
40	453
104	448
33	358
351	449
140	563
63	224
237	425
5	308
451	675
22	686
184	287
305	536
191	621
69	444
231	359
260	371
510	663
128	135
96	205
207	248
509	583
40	512
214	540
82	445
81	381
28	290
182	464
158	486
246	532
334	375
479	653
358	402
72	369
531	659
28	137
259	349
197	447
33	308
292	530
54	253
250	499
279	550
181	529
59	297
138	172
339	622
341	480
273	698
221	607
227	582
305	402
304	422
384	526
245	540
192	283
205	255
29	586
427	551
132	603
101	165
187	193
469	688
12	481
387	481
13	561
457	645
104	139
145	680
227	384
303	429
256	376
195	678
23	376
39	127
491	514
295	567
56	259
71	321
37	631
602	615
95	459
222	626
524	658
412	492
109	490
238	355
24	503
142	229
422	440
321	496
217	673
102	456
197	204
406	461
544	563
100	494
217	562
55	611
92	558
352	424
313	614
118	308
305	457
268	571
12	63
489	685
388	482
94	168
536	629
222	300
285	522
34	160
426	447
7	657
2	49
172	176
147	498
66	77
150	585
355	389
565	592
382	447
464	495
143	378
60	243
473	561
200	505
189	378
333	443
578	690
59	171
542	690
510	577
416	456
106	305
134	338
271	401
319	561
17	73
163	471
173	231
61	396
344	414
161	324
209	353
58	579
14	479
504	651
254	259
49	552
358	531
80	417
74	342
225	621
83	393
306	531
191	538
128	281
53	230
9	58
368	597
54	218
355	579
183	588
113	131
118	270
179	417
483	503
194	455
9	156
347	595
170	645
35	66
193	277
16	586
547	573
323	450
82	457
38	210
83	441
272	285
164	293
10	336
115	294
166	202
497	645
126	377
61	216
78	453
49	510
448	459
43	139
216	347
204	430
208	249
31	117
391	479
89	430
318	575
386	533
95	673
42	479
51	249
470	699
20	639
336	674
266	667
89	312
154	232
423	658
61	524
379	405
405	681
42	213
166	181
139	689
311	686
214	421
447	458
425	603
192	485
510	522
269	554
159	499
2	600
153	682
125	698
138	304
273	682
48	50
154	172
173	532
132	682
340	551
50	500
379	410
79	168
13	654
245	476
54	210
408	686
462	593
92	95
186	291
14	397
157	190
69	563
330	563
294	691
159	195
82	266
324	589
329	381
486	621
3	291
373	415
500	522
195	283
310	321
58	438
413	490
360	478
47	253
60	329
367	378
243	422
293	543
266	397
217	624
183	684
266	406
220	684
311	629
33	368
482	636
195	636
337	627
317	464
285	615
71	621
84	156
104	588
506	672
223	473
629	672
247	548
647	682
128	232
369	649
254	661
190	196
301	683
24	209
162	614
469	675
20	577
53	507
40	280
126	540
82	643
230	465
401	646
475	692
121	205
343	485
65	440
6	615
56	603
117	457
200	386
362	405
273	296
308	500
517	627
96	571
51	172
70	281
360	696
140	454
417	696
56	654
175	244
61	135
15	535
75	284
96	560
156	291
255	390
146	254
362	603
354	530
473	501
528	598
595	641
165	598
350	691
50	318
148	580
459	571
39	670
86	601
478	482
147	440
240	353
128	652
437	479
367	385
290	562
385	440
259	551
385	544
211	358
527	556
233	446
251	367
463	672
346	528
59	262
201	626
70	138
358	608
486	642
146	168
103	232
89	606
48	580
91	528
394	550
150	665
111	522
351	631
185	637
60	344
0	539
0	521
415	476
529	534
446	518
121	435
205	470
98	201
212	446
83	507
573	659
137	168
60	390
100	559
219	226
319	633
327	689
466	697
33	515
41	663
441	473
675	686
70	515
454	591
233	688
86	329
403	581
547	569
26	343
399	560
76	635
354	563
81	290
18	673
66	677
629	685
259	403
29	460
176	513
497	610
250	331
232	303
275	666
206	523
10	13
250	610
126	188
215	686
276	287
98	226
288	499
70	82
214	259
313	654
130	629
51	491
205	446
136	205
10	352
27	502
29	630
463	673
4	164
306	383
408	503
159	592
124	595
586	650
233	240
456	475
101	396
61	159
63	699
52	675
149	667
319	351
280	673
474	557
146	353
203	430
50	532
116	287
171	206
71	666
168	333
248	460
175	535
18	498
582	628
156	695
317	526
119	182
27	110
20	461
534	679
392	488
196	376
143	168
101	491
148	310
133	139
507	538
242	344
644	680
264	339
370	457
397	698
134	688
213	573
158	347
235	312
441	690
290	648
475	609
64	440
580	643
36	451
361	653
113	275
502	551
137	300
178	451
223	467
349	398
58	264
316	483
315	340
37	695
376	653
586	687
380	622
206	359
41	305
90	234
385	451
459	687
267	657
68	74
104	550
204	382
127	399
13	427
227	609
444	552
33	672
462	595
153	258
464	493
436	645
4	22
163	375
5	422
392	571
14	278
200	497
467	470
56	190
170	681
30	47
177	617
63	363
4	376
332	475
160	623
544	584
340	514
227	541
629	648
312	649
325	345
508	536
0	91
98	218
23	426
407	472
255	561
329	626
39	675
19	472
496	679
261	636
190	216
361	641
390	464
248	416
184	609
272	586
270	531
463	505
262	541
519	695
176	532
183	603
652	654
102	469
83	180
111	171
126	586
50	286
319	533
425	583
56	563
89	243
17	246
16	228
109	650
415	527
77	382
128	207
242	456
129	580
54	462
318	538
180	619
51	595
242	576
335	515
73	363
58	462
235	528
211	389
135	504
560	623
412	582
581	660
525	615
108	184
187	361
517	685
98	620
120	685
189	395
323	597
351	507
374	424
406	429
141	472
575	632
611	635
247	284
85	502
164	633
160	222
304	371
139	344
377	552
297	480
257	305
361	427
164	549
15	255
5	645
40	291
399	536
350	659
442	672
530	592
458	690
46	658
21	322
94	452
242	599
219	568
104	261
399	443
50	340
461	499
97	248
454	574
275	636
158	670
74	573
294	583
173	346
374	470
223	626
74	426
186	611
309	401
497	659
373	377
215	534
323	529
79	272
206	419
12	82
86	598
253	263
260	560
244	267
124	568
245	367
491	601
299	538
275	308
176	302
168	532
108	686
95	519
307	619
153	408
496	548
11	256
424	601
365	612
72	530
637	698
83	120
117	402
85	501
167	520
303	526
200	588
287	441
443	589
241	515
561	649
450	557
151	672
140	559
491	607
47	674
225	248
470	557
424	430
224	424
63	179
217	484
155	207
107	501
39	606
58	249
186	219
523	530
370	482
248	279
465	675
493	658
96	417
53	485
270	445
278	671
228	610
180	414
253	650
1	11
174	243
401	644
56	592
61	251
131	194
416	497
14	600
13	59
103	476
195	250
220	279
570	629
241	529
443	490
251	626
11	451
143	562
87	187
392	464
353	559
251	393
32	131
94	423
174	207
53	221
554	571
277	515
185	533
349	607
8	157
186	561
116	301
47	343
71	609
19	374
297	355
249	363
65	410
576	592
314	590
335	358
85	262
260	273
177	581
45	471
485	529
293	554
416	546
287	428
242	682
395	651
175	346
80	130
180	506
297	666
174	276
217	612
326	591
133	598
395	506
356	667
160	655
304	324
289	518
80	404
125	479
256	349
80	340
101	643
147	563
490	678
214	464
5	415
259	576
87	568
204	347
412	478
373	397
477	540
635	688
172	698
79	167
20	664
277	578
203	482
295	601
5	673
18	139
450	550
493	631
238	666
37	211
254	346
653	689
532	620
72	396
113	559
92	696
452	514
4	564
91	617
32	689
31	680
70	225
532	683
148	343
217	252
336	502
523	585
157	425
106	676
280	383
590	598
200	396
143	581
12	458
27	484
75	574
641	665
371	669
312	642
202	347
33	525
26	457
39	478
541	648
159	630
293	417
38	446
309	514
217	666
165	588
147	237
302	404
368	388
541	638
586	664
43	207
35	483
207	291
170	653
61	123
34	232
415	424
92	186
49	232
154	167
17	482
406	688
36	690
187	480
326	695
230	546
75	268
383	632
42	546
184	316
632	694
326	482
313	426
202	571
203	683
281	418
306	455
547	618
413	440
348	495
196	635
83	462
29	490
180	508
538	632
216	470
446	664
338	396
200	601
84	552
139	644
4	344
439	484
209	502
37	210
122	609
157	451
57	272
657	695
295	584
289	293
374	628
108	262
36	380
8	245
473	554
380	681
107	595
254	653
347	653
63	343
303	340
234	603
413	579
266	549
98	137
448	466
144	620
116	245
372	563
603	667
129	463
103	607
82	463
91	284
426	530
187	465
266	563
29	274
19	246
112	501
450	689
598	620
437	652
145	590
365	561
514	553
91	523
464	636
315	345
184	329
240	614
89	693
201	237
230	430
297	414
250	358
6	515
144	254
527	632
173	191
179	471
536	607
226	532
136	680
48	468
287	546
201	669
546	675
115	633
86	437
452	661
255	348
108	607
1	407
87	546
295	411
285	602
81	571
615	665
89	299
135	435
214	688
216	422
308	661
256	377
124	439
21	628
195	671
352	486
215	601
36	171
386	396
267	313
544	576
400	617
541	615
590	602
67	691
184	638
8	600
239	379
154	412
43	371
65	222
126	252
524	645
67	429
109	671
297	393
193	437
72	227
148	485
545	596
166	658
216	595
196	413
2	536
31	292
44	193
295	442
131	393
96	457
251	571
465	672
37	320
153	354
489	512
29	396
67	404
106	680
453	509
5	579
262	614
152	323
228	280
99	144
417	518
85	573
319	363
310	377
166	358
87	352
167	609
100	674
202	535
40	499
232	578
525	698
83	679
164	353
235	441
555	664
229	479
138	193
142	278
329	346
23	260
96	107
186	492
137	318
160	372
427	470
94	245
41	586
242	298
194	483
668	699
599	682
214	470
73	261
18	698
613	637
410	650
215	477
132	554
388	622
317	658
255	447
138	174
115	316
21	211
99	502
248	602
332	615
27	453
8	533
22	580
163	642
280	583
145	330
374	677
133	281
549	669
55	382
315	531
31	373
178	603
176	202
188	437
110	448
214	380
68	668
217	284
226	480
181	476
358	611
82	321
245	502
280	448
2	235
13	565
160	673
510	620
5	86
61	282
156	617
157	194
47	655
542	692
57	622
146	420
14	558
345	689
339	444
2	295
23	667
503	661
382	619
28	242
200	201
203	211
266	411
424	584
26	391
235	666
138	407
105	202
195	346
246	628
142	692
39	678
205	466
284	572
276	479
187	261
173	317
20	52
615	653
82	312
340	625
157	203
52	425
265	301
159	577
456	537
212	383
215	584
52	379
126	679
635	659
333	531
284	554
159	203
272	486
587	614
260	346
68	207
98	315
345	570
299	661
112	485
61	363
594	671
491	680
339	575
344	612
486	554
27	315
63	144
8	271
408	439
212	575
199	449
33	494
49	495
184	502
105	345
370	613
176	473
194	247
268	298
48	633
2	85
7	65
371	582
179	677
212	234
513	565
266	553
107	597
299	554
21	186
449	669
258	454
458	663
440	526
86	244
437	627
33	253
214	567
186	356
394	565
60	483
44	255
97	231
425	579
12	443
134	358
66	198
417	631
267	433
256	596
145	652
165	687
362	554
142	352
577	693
252	308
34	564
157	365
462	616
326	680
318	527
380	661
348	430
269	376
199	249
363	678
33	65
358	406
11	271
193	313
18	425
246	640
138	555
453	512
450	451
331	659
83	399
473	690
345	668
229	506
35	414
294	433
68	544
430	673
17	267
204	442
493	556
305	497
388	680
274	466
441	637
361	582
59	422
23	264
160	411
160	212
425	670
217	390
560	606
83	685
395	550
73	280
31	143
278	357
79	580
116	582
424	692
43	347
229	594
169	451
85	652
152	534
275	420
198	395
187	453
285	490
135	689
470	681
360	593
415	657
489	563
245	524
402	663
648	691
195	395
50	463
436	498
371	552
425	590
444	685
90	617
309	599
338	534
552	556
206	511
369	655
213	465
434	580
302	410
164	565
70	470
17	372
182	690
376	497
121	489
136	218
127	578
159	428
96	98
225	235
121	593
251	431
452	637
414	668
118	663
17	317
422	670
223	293
174	186
305	425
46	62
118	248
479	589
117	653
589	614
164	241
179	604
20	481
351	361
62	174
35	260
31	668
69	684
50	155
487	586
91	652
180	259
425	501
53	148
544	597
47	196
137	462
394	421
68	329
104	612
226	671
169	564
28	288
428	492
404	499
514	595
402	604
206	488
86	522
354	488
194	340
402	699
13	507
170	393
140	192
400	626
75	440
166	468
185	207
195	652
581	639
107	111
112	370
419	698
70	586
381	513
257	449
260	385
256	332
374	414
535	683
100	430
177	496
172	373
414	674
38	108
103	324
326	436
37	325
172	471
481	523
183	445
368	468
473	633
51	349
437	476
131	405
394	472
178	611
186	253
138	330
63	677
522	633
465	578
505	597
128	306
121	193
294	438
223	331
190	512
121	699
14	570
272	424
31	227
249	557
172	424
8	430
245	587
322	434
98	104
59	385
691	698
126	251
200	380
349	616
261	431
90	362
113	346
56	510
274	498
229	424
101	438
25	111
444	647
138	617
216	227
59	624
74	271
521	692
246	654
582	633
531	538
68	155
153	326
255	440
300	451
110	558
40	411
611	618
207	391
218	569
479	685
206	229
182	576
115	514
82	349
486	606
241	644
156	526
408	693
545	598
468	631
266	648
236	448
456	572
346	614
237	420
12	27
374	564
5	382
152	216
265	462
236	500
495	577
369	404
21	38
410	593
206	388
435	472
404	574
176	655
518	643
48	282
413	429
223	442
2	255
230	495
61	656
166	208
314	423
413	550
264	591
165	239
0	118
511	542
85	542
305	351
217	279
272	375
19	413
171	609
195	421
98	363
155	568
291	335
171	632
141	479
152	224
163	494
210	664
28	625
163	388
0	195
214	630
48	457
57	356
363	411
536	678
218	583
458	691
273	383
20	626
479	561
73	539
287	549
582	694
286	357
634	674
348	605
44	454
10	486
39	538
593	648
60	129
127	516
430	588
404	517
310	432
2	370
252	264
290	488
70	509
413	691
226	279
347	401
100	506
89	395
562	614
306	507
201	291
216	514
567	625
580	638
270	661
650	692
96	525
411	513
77	171
638	679
133	405
15	618
280	675
314	438
418	651
77	404
486	628
151	350
400	697
104	251
40	43
216	675
71	578
338	394
11	76
495	594
246	294
278	578
80	314
454	485
126	404
292	557
501	508
118	332
287	597
296	378
183	234
140	386
146	369
385	662
335	440
202	311
434	500
170	462
102	133
145	609
312	388
421	630
178	204
133	306
413	475
444	621
384	680
276	417
68	200
62	229
266	588
675	677
307	688
427	650
127	639
330	544
190	618
58	277
229	394
650	698
236	547
23	671
506	614
216	673
233	657
93	157
318	647
209	468
170	610
466	622
221	445
209	608
92	538
2	593
216	354
383	652
31	38
527	594
178	377
227	254
325	478
71	547
429	622
50	415
407	660
210	546
89	478
241	280
299	467
332	604
166	509
394	485
8	492
281	641
294	300
261	355
12	265
12	418
239	550
193	373
17	239
38	81
142	414
117	541
289	640
606	649
192	660
72	548
200	298
497	504
377	565
40	588
253	472
85	651
113	657
58	417
345	581
395	588
440	699
116	336
154	374
332	639
466	628
424	536
214	508
573	663
207	650
361	546
99	429
308	442
59	688
5	397
452	526
61	585
117	500
174	185
2	294
275	437
97	164
346	449
270	365
304	402
223	495
302	391
269	635
84	463
0	198
427	515
92	528
27	214
9	377
295	392
256	524
4	274
25	127
248	691
435	546
26	655
64	319
129	415
642	676
168	256
76	372
55	258
130	338
175	242
90	229
145	362
6	281
26	570
240	631
370	375
121	369
18	503
196	343
70	698
613	664
210	640
144	161
100	609
5	119
24	149
71	426
147	464
106	519
114	487
487	521
57	406
439	651
81	618
143	501
159	167
9	671
28	609
215	462
307	364
429	576
185	330
68	467
39	605
191	473
0	675
516	550
158	377
538	612
146	514
225	544
104	439
585	679
270	507
349	543
237	663
143	176
138	591
283	489
352	458
34	284
264	364
180	445
184	528
169	588
596	694
222	590
199	611
608	613
349	499
132	537
203	503
29	464
335	546
23	523
175	544
97	433
128	209
205	599
376	453
107	274
315	645
366	510
259	607
229	311
258	512
484	554
387	393
100	580
156	537
19	57
90	377
71	282
351	474
511	591
538	623
117	518
157	267
323	391
152	547
406	681
400	674
23	199
126	326
148	666
298	629
272	522
547	576
316	484
139	379
233	520
249	442
61	411
316	367
45	449
260	374
131	364
274	538
33	648
280	616
604	672
112	641
180	281
62	460
611	654
197	507
533	636
48	86
36	627
176	282
97	596
1	455
172	654
2	179
276	601
540	562
341	673
7	248
195	458
199	306
48	504
362	618
182	526
92	249
277	662
119	369
201	565
228	405
93	354
239	306
234	663
187	563
336	554
181	568
53	415
292	521
135	673
150	542
85	228
531	624
166	625
68	183
187	497
216	678
30	52
5	167
206	454
51	90
638	645
107	247
55	532
7	215
165	212
496	636
137	676
67	440
55	118
97	404
27	480
429	564
175	525
100	626
106	310
287	374
9	127
253	585
667	694
135	645
234	250
169	670
553	574
158	685
104	421
582	656
233	572
92	334
147	494
11	377
54	558
218	528
264	651
3	574
113	362
299	591
136	598
226	543
323	332
203	675
70	477
542	591
144	271
21	64
43	242
130	145
273	350
535	572
78	419
533	560
474	584
69	674
568	683
83	140
341	505
324	464
446	530
166	547
383	443
92	315
192	222
240	443
461	563
128	331
30	129
1	233
397	656
448	518
280	297
278	436
102	232
108	199
41	187
69	229
634	699
3	557
599	687
542	695
45	462
215	581
49	415
154	244
131	563
268	544
336	344
580	668
233	291
462	539
41	243
66	296
138	396
307	350
225	569
223	680
104	616
545	630
144	195
204	220
331	467
74	183
437	530
348	503
245	552
23	365
132	679
75	140
68	498
269	371
34	428
537	619
565	573
246	453
122	476
49	339
5	263
646	695
317	617
417	682
207	292
24	514
286	453
363	591
171	441
546	549
481	628
254	508
282	374
101	410
265	457
92	387
251	678
120	372
242	577
403	510
396	436
41	264
97	567
150	417
9	289
174	436
133	203
576	626
381	443
330	449
515	527
153	628
576	616
181	516
172	473
385	390
119	536
158	493
56	80
230	379
72	449
299	475
123	173
297	472
210	352
5	85
167	220
359	620
79	154
243	514
175	555
222	455
153	369
163	272
104	222
488	670
237	390
122	560
17	328
36	265
249	509
41	455
82	384
387	496
214	607
324	644
294	664
218	547
158	202
162	644
370	532
519	659
638	653
609	681
162	391
291	359
434	645
208	631
604	652
365	699
308	507
573	616
91	581
129	283
10	498
358	510
124	357
34	229
89	587
22	647
171	368
123	222
89	269
134	260
122	515
78	257
65	548
131	670
136	166
156	653
389	570
251	619
259	586
111	341
279	471
302	448
294	343
180	453
217	618
237	452
295	340
568	612
417	502
291	470
370	419
311	415
62	648
289	657
124	245
98	346
201	278
73	644
156	248
150	587
19	95
236	682
316	405
268	365
97	112
269	492
43	309
80	565
31	136
207	601
415	649
10	234
69	221
526	693
27	606
415	487
668	677
222	639
105	197
286	440
244	561
546	630
13	428
82	660
3	506
65	275
92	622
103	569
199	250
79	421
524	535
218	303
227	310
65	387
59	543
293	302
416	429
132	183
479	508
138	147
64	390
490	544
146	311
277	471
283	647
75	283
82	262
532	543
178	459
261	454
286	416
636	658
534	648
125	141
381	561
384	542
363	533
170	214
43	605
99	255
135	219
172	311
433	563
272	425
299	310
430	521
362	574
267	520
435	476
67	476
66	258
213	563
425	460
80	669
515	621
179	480
177	527
380	546
232	622
159	376
30	379
29	564
2	263
29	535
465	679
72	96
436	523
326	351
104	523
462	487
292	571
521	607
84	228
118	187
278	501
203	689
90	427
136	192
438	642
195	236
281	657
324	509
410	566
159	224
265	277
517	582
365	667
198	429
25	698
471	550
500	678
135	398
293	566
95	535
239	324
160	424
328	454
449	658
220	272
311	434
500	596
79	112
33	160
291	664
408	449
194	542
557	689
322	401
326	571
563	607
398	476
497	695
516	594
306	692
171	528
111	307
32	636
536	563
221	664
416	615
59	564
43	95
589	683
114	363
87	496
110	336
459	556
25	266
370	468
393	555
414	618
157	550
301	614
580	646
359	669
224	458
311	558
507	517
319	483
42	289
98	474
43	429
307	569
192	544
361	461
212	482
96	109
391	646
341	530
30	231
265	406
331	492
269	401
233	453
312	512
152	353
194	457
203	561
364	539
109	542
558	655
179	283
56	283
366	575
408	572
160	175
223	353
342	363
96	565
393	569
134	398
200	428
225	247
514	663
398	677
104	151
554	573
120	516
140	509
84	599
136	305
325	563
98	117
299	516
318	604
9	166
63	292
154	312
280	603
13	119
235	377
513	531
40	130
14	27
423	581
433	645
549	614
516	537
227	353
46	83
333	343
255	604
40	605
447	556
620	696
268	590
81	214
195	597
197	234
281	561
481	526
416	541
560	595
648	680
402	616
160	191
552	579
323	511
94	376
251	583
106	254
95	331
185	326
189	371
463	600
377	662
217	517
145	367
226	510
275	293
639	668
108	582
246	499
383	585
359	409
283	660
143	525
119	535
599	623
159	671
99	285
260	470
223	608
208	577
251	612
150	172
224	516
241	587
88	118
482	663
350	527
165	471
563	603
545	640
195	414
173	530
559	567
458	699
552	677
502	519
388	434
519	579
97	173
172	573
298	539
343	670
472	513
318	606
185	472
39	68
63	449
174	273
115	342
60	311
219	603
106	512
362	600
437	490
413	609
138	221
61	142
376	671
502	663
110	446
48	70
485	646
31	49
363	536
56	189
122	263
615	618
22	516
415	596
187	398
116	603
347	521
78	571
43	403
84	273
283	466
205	546
222	341
299	453
367	487
215	560
458	565
161	557
132	234
89	455
44	60
240	547
17	270
96	317
374	429
157	556
485	693
96	253
333	691
651	681
234	310
150	327
177	411
34	302
132	575
555	668
357	576
102	359
75	80
9	515
158	430
205	621
118	404
109	431
219	386
33	238
112	148
628	665
142	356
11	208
272	563
489	695
441	453
239	558
12	453
469	646
3	376
119	632
483	626
199	266
150	546
54	545
411	605
91	392
162	376
11	674
407	470
15	493
150	564
224	426
226	311
469	638
134	578
82	634
265	545
217	373
41	108
42	85
22	672
82	219
569	627
210	616
358	533
23	555
277	357
379	652
133	521
254	395
99	411
176	188
122	132
180	482
46	159
323	548
80	207
362	452
390	603
77	598
71	111
423	630
191	289
28	262
396	674
546	699
47	664
174	423
452	497
208	480
484	533
474	477
135	697
401	536
326	676
173	513
393	690
222	606
68	660
185	671
53	362
527	625
478	525
283	289
132	518
244	300
286	529
47	411
86	495
523	672
15	376
131	431
140	581
336	488
98	655
568	624
248	411
65	454
114	573
375	507
217	314
172	452
18	619
60	211
212	510
18	166
171	456
183	550
287	634
3	72
327	428
383	538
326	417
16	496
197	325
188	573
8	128
44	640
457	475
74	366
42	62
244	247
419	466
178	680
239	330
394	636
217	496
370	646
315	620
325	477
635	674
324	523
344	679
344	568
381	581
7	570
342	384
144	531
281	351
45	678
278	584
26	365
3	592
602	637
33	471
41	522
43	693
472	604
14	71
134	201
176	216
141	455
15	356
121	333
45	459
243	326
310	365
401	635
64	342
30	522
284	536
195	353
88	532
276	664
213	245
195	304
166	222
162	615
611	627
123	547
317	584
175	695
260	651
131	318
575	597
685	698
453	589
169	534
283	359
3	382
128	571
137	668
253	565
97	394
152	604
11	478
289	362
362	504
189	391
421	656
9	561
183	294
519	632
47	190
358	411
101	674
497	594
215	495
300	470
284	545
164	410
80	671
105	374
590	644
350	507
79	496
252	532
300	595
177	206
125	580
205	661
162	241
240	282
35	61
525	649
47	404
30	149
267	287
244	677
29	416
23	221
153	660
158	220
352	461
6	187
157	293
85	361
411	521
250	384
272	568
260	479
118	269
180	320
40	582
367	618
199	507
103	272
382	473
6	440
11	246
322	617
124	447
200	556
172	649
407	579
388	609
34	409
132	210
154	507
582	595
69	460
168	183
118	221
413	591
180	258
164	491
90	556
568	594
317	633
144	395
70	261
95	168
307	321
391	497
555	590
527	609
277	603
491	699
585	600
52	72
245	452
9	696
107	150
501	562
62	236
211	340
315	362
603	617
155	273
425	539
612	666
199	669
7	35
466	586
271	686
284	294
60	551
166	645
420	535
149	159
167	467
4	309
8	549
156	563
225	274
159	367
398	515
210	602
450	655
447	625
202	344
47	337
161	405
147	572
160	404
309	575
0	9
278	351
504	656
65	347
280	294
584	647
367	593
123	518
159	474
149	689
177	516
259	526
293	348
191	245
254	518
66	520
120	508
86	349
177	521
282	597
2	618
299	344
84	192
4	508
354	494
589	696
524	660
570	669
483	582
70	172
207	607
61	432
413	530
150	454
125	470
8	656
224	332
175	562
280	428
462	622
84	171
164	459
263	449
300	371
284	375
357	462
17	199
32	165
395	649
385	471
577	581
264	657
49	227
210	509
100	507
313	508
393	466
264	501
107	589
320	607
246	309
487	602
584	627
400	527
332	579
356	595
322	454
254	290
516	527
126	646
4	15
13	417
186	364
553	560
109	425
313	671
92	646
274	526
130	447
327	679
83	207
487	573
288	363
17	363
554	671
543	580
8	535
302	401
411	458
43	582
289	516
31	250
211	298
84	242
441	477
178	369
182	341
71	198
286	547
437	469
314	628
173	549
428	446
164	416
440	558
312	469
382	618
109	174
488	664
518	642
445	641
131	240
324	435
149	640
466	661
85	107
396	603
280	424
200	519
70	322
364	697
20	471
392	605
109	684
44	131
560	589
203	316
52	388
165	247
175	692
135	597
455	518
341	585
272	573
418	553
2	209
85	520
461	654
200	563
258	604
280	442
425	685
391	663
363	666
67	333
170	457
86	273
13	650
203	625
218	233
53	82
310	468
52	453
316	343
6	680
189	622
506	523
341	578
21	285
309	665
425	553
99	260
126	263
318	421
274	681
254	592
7	422
31	481
338	384
235	427
75	639
130	152
171	357
243	467
85	448
583	591
49	591
416	591
545	618
268	598
495	628
228	433
11	216
482	486
83	370
555	606
397	681
324	533
476	562
161	630
108	619
169	566
562	662
270	283
583	633
103	266
4	347
660	668
232	435
428	465
206	691
55	364
618	678
408	558
130	492
503	532
347	592
110	257
76	128
97	379
376	494
333	395
337	617
358	526
429	585
234	681
259	566
212	654
61	91
20	507
408	412
291	600
494	498
233	626
133	583
247	419
388	578
255	696
488	515
328	509
92	328
341	500
230	596
251	364
14	453
541	612
74	673
251	311
144	300
109	350
388	582
109	429
243	520
256	612
222	663
606	659
159	338
56	647
568	626
123	641
393	651
467	574
475	556
26	207
298	304
46	226
116	210
20	240
23	39
28	136
162	654
184	496
290	668
168	417
146	638
102	650
191	362
240	407
278	521
195	474
359	644
626	677
652	657
70	419
352	528
130	366
93	668
222	552
239	674
93	511
481	493
500	677
26	645
71	587
153	190
268	420
165	237
104	311
201	220
564	573
163	646
365	578
266	360
231	644
228	522
6	228
492	639
271	309
138	489
197	428
41	564
451	551
409	481
477	560
436	456
93	277
628	659
591	613
73	79
47	671
30	81
550	696
413	564
83	339
31	561
27	372
622	674
169	232
179	698
95	444
215	594
265	342
220	571
135	556
515	562
593	617
219	409
43	537
603	685
567	609
403	576
64	587
57	98
153	208
554	614
79	655
167	378
315	536
456	488
297	574
138	483
237	641
31	648
150	397
331	604
57	257
38	440
17	26
59	291
96	201
200	534
410	550
35	477
271	695
194	323
260	290
201	632
121	652
332	524
106	518
186	541
194	621
235	654
459	531
168	501
554	657
110	529
216	621
194	239
156	477
389	538
39	579
136	454
111	586
403	596
112	310
244	482
2	210
69	613
112	490
355	614
643	671
362	364
84	500
108	437
238	572
407	499
386	693
632	681
492	611
598	600
159	487
257	455
44	604
60	381
133	588
164	390
11	28
409	642
19	584
287	336
285	563
114	666
13	332
22	598
60	65
11	261
202	480
7	505
28	486
522	652
55	101
659	665
79	184
173	285
252	317
313	482
484	683
114	510
233	331
57	248
17	507
121	233
29	181
132	598
428	495
424	664
304	630
71	241
530	579
332	661
376	422
301	590
204	538
327	640
545	615
118	485
182	461
512	625
232	269
47	560
223	633
259	529
134	253
190	603
516	601
92	664
208	622
198	609
343	529
251	314
289	321
146	447
94	470
137	388
576	673
133	342
246	515
355	469
226	570
151	332
526	667
207	277
158	600
79	688
202	234
291	307
510	661
162	163
14	28
505	509
216	680
499	602
267	571
328	499
531	674
292	388
324	398
252	458
94	535
30	229
53	563
189	644
40	134
135	254
55	687
122	316
110	673
121	460
370	616
331	473
572	577
15	565
39	464
117	323
238	269
334	406
401	610
197	415
76	599
445	501
329	619
258	292
337	665
214	274
193	487
37	543
88	568
233	345
302	504
533	594
154	639
83	444
43	544
70	181
416	440
544	629
335	356
269	333
41	156
204	470
126	411
216	401
28	310
272	608
31	362
251	352
233	417
506	684
188	236
363	615
85	302
49	319
550	648
232	311
31	457
438	503
387	495
369	544
256	405
165	295
83	106
47	537
455	697
258	562
207	588
16	208
476	480
112	648
463	699
88	610
492	511
175	460
323	564
119	499
173	261
45	186
479	686
247	290
216	473
440	624
48	469
170	526
171	533
234	340
212	294
112	165
289	350
394	631
133	195
250	506
355	502
291	638
222	597
208	676
535	649
115	660
340	477
23	433
528	626
132	420
84	361
48	90
242	254
122	629
78	417
164	543
62	183
396	465
263	293
15	568
296	553
382	460
370	441
50	474
440	446
182	279
527	659
199	218
344	350
55	115
372	392
230	439
93	557
652	680
358	529
442	551
13	607
252	503
236	486
373	672
16	386
132	230
28	478
282	303
514	623
552	600
221	638
271	399
284	398
98	193
365	372
228	368
130	195
154	670
419	444
45	318
92	172
401	598
77	219
381	523
231	490
625	660
246	343
138	630
59	477
48	193
195	406
6	14
288	527
198	632
247	348
159	516
258	554
28	624
340	547
116	421
62	502
121	609
640	680
477	574
68	501
10	488
39	439
458	571
124	497
206	368
34	105
301	334
97	424
213	479
183	363
260	293
389	666
165	344
296	493
212	527
366	521
69	101
252	459
64	561
358	404
229	557
12	323
5	229
132	373
328	647
585	629
78	472
359	467
116	213
450	588
79	471
586	633
397	496
614	679
496	546
498	602
212	325
269	464
257	620
470	503
382	655
129	592
427	485
217	451
38	631
209	323
220	475
11	452
143	199
36	180
480	674
501	503
174	365
165	255
117	393
91	178
46	439
452	671
163	446
390	582
293	431
59	457
105	256
204	280
192	400
379	428
297	686
53	198
102	652
2	482
251	411
181	457
80	515
474	532
359	518
128	674
55	600
243	484
339	664
86	157
81	429
38	87
169	411
249	539
56	451
123	146
205	441
67	199
120	395
249	357
87	165
191	321
298	484
536	638
362	658
294	607
120	166
103	105
179	189
197	210
14	210
159	324
241	278
50	314
93	365
132	670
110	121
333	352
406	592
162	520
297	571
571	574
12	287
138	660
132	655
145	495
6	121
56	134
485	673
0	644
403	503
122	345
16	90
19	20
288	565
6	87
17	681
275	683
601	628
51	115
353	431
333	651
208	290
316	327
393	438
327	578
35	617
193	231
57	594
52	570
545	624
234	446
38	623
361	416
165	489
64	340
397	597
432	657
176	400
289	382
489	536
122	522
289	440
398	513
367	386
430	516
415	451
102	438
378	403
192	481
209	437
315	498
259	509
55	641
413	521
229	441
228	323
120	425
552	599
313	411
391	628
124	678
515	640
451	585
95	115
207	400
184	540
507	558
379	381
355	696
257	391
474	541
547	681
203	541
421	459
72	438
13	488
62	223
363	528
78	540
134	562
27	415
108	662
252	506
181	635
196	403
419	654
287	433
573	627
45	650
3	105
5	166
563	660
162	347
52	542
121	485
10	221
346	463
510	655
233	562
62	642
129	309
471	558
348	440
120	301
491	668
498	568
25	361
41	581
186	672
345	454
204	614
269	593
325	389
27	597
59	329
264	634
204	697
577	615
137	632
57	298
292	670
200	406
112	405
637	674
473	692
145	526
458	603
467	626
282	354
25	687
235	417
84	428
212	582
576	603
249	334
418	423
549	625
50	192
47	300
93	633
181	306
121	200
245	688
247	545
211	385
231	680
240	408
104	348
92	682
300	610
542	584
514	550
438	563
225	288
114	609
25	92
406	499
137	292
5	191
25	45
157	187
230	246
79	556
224	361
276	608
473	495
231	636
2	248
231	421
167	171
30	549
265	405
344	468
439	598
357	536
123	399
455	543
162	674
496	538
33	617
112	204
427	579
54	569
564	616
138	534
320	404
563	570
214	332
547	695
23	345
79	302
77	111
174	415
577	585
600	693
88	110
234	308
473	523
421	550
225	363
435	622
580	696
375	699
109	474
211	440
16	449
615	624
595	682
602	676
488	614
47	606
257	514
610	679
487	684
310	616
525	561
222	532
3	489
212	595
94	627
131	579
520	617
298	602
236	560
436	577
385	676
281	631
246	585
248	445
416	571
131	402
84	154
172	640
279	429
241	360
9	478
150	541
14	180
13	265
21	99
18	186
174	260
9	195
505	573
220	222
694	699
32	508
320	577
34	239
202	274
425	443
48	697
138	155
544	606
381	648
380	438
67	356
468	570
300	559
208	221
131	445
82	213
399	518
283	642
218	619
250	352
123	213
251	253
111	241
10	61
650	652
265	622
227	253
19	24
343	412
351	593
268	352
17	230
55	520
451	554
289	473
381	605
170	482
164	196
35	530
439	492
104	611
299	371
332	335
331	444
226	696
245	358
73	403
140	639
278	491
217	457
415	572
12	678
380	400
142	466
667	689
10	490
25	482
19	598
111	535
307	613
48	420
475	627
480	691
430	594
121	239
82	530
342	491
292	583
175	554
196	509
546	665
242	275
64	658
308	658
48	646
31	220
622	652
266	456
79	241
440	660
106	627
10	326
453	563
42	500
435	561
56	64
231	302
135	386
396	539
394	639
80	327
108	124
89	625
43	102
216	661
452	698
178	275
330	609
260	441
6	214
87	167
3	577
195	682
159	210
312	620
109	312
425	505
118	596
205	402
236	305
96	496
118	275
147	544
254	694
321	653
420	480
108	320
196	540
263	505
370	410
222	339
306	388
145	165
476	491
170	474
164	674
21	333
150	677
196	668
143	252
380	414
231	654
17	173
77	109
460	654
523	607
161	341
157	498
339	690
197	278
264	535
378	421
135	352
92	522
392	626
161	641
359	616
306	693
280	322
17	20
48	564
321	397
298	315
150	693
429	604
201	677
654	665
358	413
142	505
294	482
148	432
84	570
22	676
200	412
31	70
121	209
285	498
63	533
192	201
392	620
227	382
78	535
449	523
137	533
121	668
260	553
151	639
295	430
263	609
45	322
96	226
284	417
171	395
256	607
23	388
223	481
176	697
299	513
172	258
32	237
108	559
625	690
139	312
13	356
84	447
63	644
271	574
59	155
299	557
77	441
173	490
489	668
227	279
370	491
390	665
19	217
316	376
123	467
302	559
157	488
397	438
68	397
342	468
94	215
252	364
120	414
557	559
172	259
173	258
230	345
86	328
250	635
180	257
232	351
599	688
244	527
129	417
222	234
295	660
39	319
197	255
149	614
29	206
63	109
135	353
264	345
199	394
151	465
96	566
27	656
205	389
448	472
375	646
288	579
424	507
247	471
203	558
269	427
8	363
55	238
276	397
20	379
106	589
399	421
232	509
277	560
138	482
226	426
16	377
81	416
539	657
329	528
177	473
654	685
349	648
428	632
29	317
243	549
543	664
531	632
75	679
333	486
537	681
536	697
492	500
3	384
194	451
72	326
296	560
175	611
76	397
442	508
156	221
400	603
14	447
299	641
666	669
20	160
273	274
646	694
308	588
103	400
543	611
123	538
194	254
185	284
153	632
361	472
279	685
326	666
56	221
138	406
151	217
392	412
334	536
210	261
37	285
231	559
463	499
93	171
269	488
52	125
408	597
127	473
167	479
56	130
13	275
320	503
307	428
57	519
43	164
272	597
348	481
3	437
460	486
23	203
472	692
116	168
402	690
100	485
294	392
53	353
21	254
190	230
62	584
203	381
251	594
19	453
370	541
299	341
319	423
123	238
201	325
371	520
102	263
326	410
177	259
23	121
16	20
131	676
62	605
90	506
246	527
210	494
21	61
36	55
33	328
448	636
68	671
238	367
210	420
470	637
289	504
588	687
83	577
156	540
280	606
560	684
7	492
93	569
358	667
243	308
491	675
252	671
9	545
289	395
411	645
341	490
150	593
101	411
177	604
260	478
506	515
111	416
120	688
164	697
126	432
319	581
132	511
555	576
510	587
161	435
387	593
49	388
235	384
517	652
243	277
389	679
373	626
45	49
237	319
285	614
596	682
158	175
36	116
169	549
54	623
81	336
439	661
234	651
125	268
485	493
255	490
128	539
185	589
101	102
130	158
175	685
412	600
211	361
127	553
0	478
277	314
289	655
253	624
58	167
183	301
98	625
224	665
603	682
365	581
92	350
59	218
568	597
132	638
119	517
184	621
605	657
171	591
89	639
15	141
181	216
118	575
66	201
60	529
98	129
323	646
55	135
84	325
65	349
52	395
70	537
494	623
451	694
79	584
232	496
271	292
176	634
600	663
172	691
6	691
3	327
58	555
60	631
269	532
549	603
160	377
30	589
453	645
224	439
135	307
48	509
274	535
316	612
65	96
230	323
67	661
218	336
403	570
209	256
94	312
253	509
298	525
82	538
163	407
194	573
44	592
287	559
361	467
145	466
142	267
191	623
444	509
91	393
151	516
409	443
341	446
6	59
226	399
194	495
169	412
61	536
1	72
169	672
432	550
326	431
365	664
63	527
44	335
34	36
193	378
225	238
115	459
231	370
530	588
416	613
70	334
546	679
569	636
411	604
31	81
131	443
129	382
227	516
83	416
92	479
252	628
90	252
524	575
501	656
594	617
444	543
46	357
327	387
191	297
370	552
197	437
189	284
328	449
53	565
57	311
287	317
262	695
532	649
47	251
59	371
262	416
422	695
60	454
72	329
225	577
172	515
120	267
90	312
188	479
287	341
38	366
329	625
15	521
202	469
221	225
53	489
464	693
234	540
74	506
0	528
45	434
80	285
316	610
74	392
646	659
397	464
184	490
312	490
91	458
170	440
345	583
89	251
134	319
59	623
307	652
105	648
227	506
642	645
195	613
436	562
409	452
222	243
584	662
391	492
95	577
193	243
205	444
131	256
76	581
347	645
143	145
151	574
9	626
185	698
331	626
365	525
542	582
509	513
339	606
138	387
40	204
493	541
161	285
219	381
214	250
161	191
47	510
11	430
145	198
342	641
475	499
440	547
35	402
161	595
157	379
298	493
180	206
349	584
503	649
150	599
579	650
51	358
60	174
427	666
56	297
387	579
226	278
306	577
69	243
226	606
59	150
197	331
110	315
246	437
141	492
339	559
76	480
72	419
241	522
612	655
660	666
332	515
288	521
519	574
105	182
3	643
102	286
357	602
355	404
470	619
107	466
330	395
169	443
236	310
14	681
240	354
27	481
34	495
126	507
573	613
59	244
312	573
141	436
506	618
12	211
7	81
262	682
80	673
446	533
423	533
182	393
270	673
386	560
485	542
40	635
283	540
402	675
139	296
65	343
126	422
118	291
115	352
384	446
69	394
220	614
105	200
406	600
263	676
419	619
332	410
78	628
132	586
187	637
564	636
11	259
427	440
249	537
36	244
258	272
351	635
166	228
197	312
574	638
522	566
27	75
19	392
128	513
625	640
60	535
94	425
284	413
635	662
424	632
67	518
251	290
540	558
479	639
235	639
327	630
255	270
70	434
396	626
162	472
301	315
113	593
332	436
8	93
299	654
172	467
163	358
259	548
313	331
679	699
1	530
70	244
431	592
3	527
420	510
169	304
178	259
441	530
62	356
189	303
496	560
36	642
4	31
220	402
18	271
228	357
4	644
429	555
490	575
217	488
324	385
268	342
51	530
75	627
391	465
148	699
44	401
416	537
517	536
15	353
248	690
234	635
429	578
223	367
620	634
356	562
81	333
537	595
524	671
283	308
363	402
141	387
209	461
42	327
144	648
142	219
224	464
230	554
285	515
237	567
259	366
129	337
471	586
55	189
606	674
89	97
138	369
556	603
141	323
301	564
19	446
136	514
99	134
207	343
228	531
91	613
0	591
331	661
59	182
109	529
129	240
134	690
29	242
133	543
58	293
105	241
5	84
493	668
86	256
74	322
30	581
438	482
407	555
500	600
313	496
326	543
259	393
284	452
146	535
8	237
16	234
96	671
485	549
18	612
93	113
465	497
65	179
260	535
197	388
168	648
109	362
106	230
323	629
412	414
258	584
12	586
147	173
304	564
36	440
58	97
350	642
13	373
10	637
151	564
40	335
201	597
93	159
10	162
133	358
22	130
0	228
228	406
165	555
223	619
281	637
176	553
280	667
474	614
167	608
616	635
314	420
237	489
57	197
93	108
6	112
95	318
323	554
357	633
202	253
65	200
423	512
411	686
88	149
193	526
392	520
475	628
14	199
507	650
295	306
57	462
43	564
4	202
298	573
527	537
223	562
461	579
406	677
374	495
254	584
511	565
321	693
83	410
243	615
107	658
482	541
155	226
80	221
528	637
227	404
203	402
238	486
437	494
627	639
399	422
474	566
399	650
31	48
84	398
207	294
332	419
209	621
62	269
19	192
399	411
201	242
383	593
24	206
356	662
234	342
35	229
12	396
293	403
195	573
154	694
490	645
100	412
71	197
127	659
87	203
386	694
426	508
131	308
388	458
55	214
157	461
541	603
194	469
24	291
301	409
282	361
303	523
29	345
54	325
142	557
530	531
377	696
545	601
26	690
117	433
4	461
318	650
220	457
378	545
74	200
170	632
140	185
571	580
322	423
307	556
211	614
280	680
45	651
256	408
133	579
443	562
520	542
406	674
390	554
501	666
150	692
103	382
380	595
236	581
291	506
198	474
51	641
298	519
244	469
617	624
196	525
227	618
282	669
97	547
203	354
393	399
81	652
93	424
62	187
94	576
80	113
244	610
385	388
144	445
532	605
366	578
330	527
283	399
49	566
5	688
520	594
165	279
14	553
368	639
100	661
314	687
297	603
141	242
91	526
578	676
324	387
256	419
262	350
430	569
79	363
262	489
42	89
329	686
138	418
253	458
321	633
84	439
45	688
111	153
230	390
157	697
111	446
69	663
74	182
227	332
198	457
14	25
58	342
178	339
1	454
26	240
270	539
554	570
467	524
150	533
94	635
280	549
215	267
376	576
137	596
568	653
315	656
189	636
122	681
473	536
423	601
6	540
355	682
266	473
584	615
451	492
124	440
47	54
640	689
252	275
178	681
401	473
227	421
334	408
231	552
429	454
246	615
450	694
258	520
476	680
15	490
383	505
93	588
534	537
271	289
274	455
149	505
24	126
633	674
404	596
298	689
257	627
192	668
144	370
449	460
374	679
488	541
279	317
301	651
268	444
15	59
221	324
127	684
310	542
79	533
88	395
130	589
44	392
16	630
416	520
202	699
139	212
51	213
221	657
416	488
448	562
186	260
628	638
409	667
210	548
279	342
195	644
168	271
5	624
193	361
354	566
268	414
256	400
42	571
118	226
331	413
399	408
327	414
479	494
294	585
484	638
246	380
61	651
478	490
515	545
38	275
263	344
23	215
602	656
439	678
2	226
325	510
296	532
245	632
262	450
42	461
10	248
367	388
455	618
600	639
598	680
246	297
418	478
67	507
227	331
313	586
177	370
225	552
192	693
519	682
261	596
274	382
285	503
64	427
2	4
40	154
317	509
208	235
41	196
259	541
312	576
144	412
8	294
72	500
511	695
29	224
131	612
203	551
13	85
255	581
168	282
294	403
135	358
214	451
343	679
249	667
380	599
151	439
566	630
62	321
121	291
219	493
119	266
229	476
524	537
135	682
226	447
68	395
58	505
14	146
7	413
213	580
52	385
264	518
474	565
191	301
283	616
58	623
249	488
46	403
283	328
397	551
12	426
92	233
36	536
10	622
460	520
445	611
67	95
493	661
112	115
87	560
7	661
158	317
359	648
160	388
380	460
74	79
364	481
63	374
104	554
207	437
61	205
336	457
37	398
66	490
144	657
230	339
589	671
92	560
617	689
59	161
14	115
125	345
217	667
326	353
238	546
186	211
310	491
525	565
275	313
665	687
243	538
431	483
266	521
15	478
382	603
546	658
204	254
312	699
53	428
602	643
108	145
134	407
393	482
465	661
158	590
199	263
551	614
368	583
55	84
413	518
11	627
388	663
70	481
109	687
122	661
483	628
143	638
26	47
133	214
184	339
246	270
170	486
223	259
475	502
114	613
283	627
336	476
41	617
296	393
181	689
162	208
247	363
258	675
142	156
427	464
59	697
44	652
454	659
652	662
151	551
83	266
51	171
128	224
419	597
349	610
305	595
367	496
162	580
436	617
264	369
359	378
77	101
384	546
198	279
222	363
129	610
343	657
0	453
43	599
202	580
139	440
127	420
49	496
424	431
104	305
174	507
360	383
220	369
14	208
107	492
184	252
436	440
469	614
390	471
283	352
64	453
200	330
61	443
150	154
66	634
257	494
151	525
78	655
443	504
315	508
300	311
127	181
126	146
125	202
103	691
188	554
104	656
277	498
267	305
1	79
391	610
387	501
8	323
110	220
85	143
0	559
58	407
111	204
220	320
213	502
146	403
580	598
435	488
273	419
138	642
309	454
520	631
4	432
132	306
28	155
479	629
218	518
396	593
79	147
237	501
587	664
235	439
472	585
440	639
59	583
509	568
300	415
382	565
157	361
209	602
649	699
350	624
95	591
179	485
35	163
124	499
228	484
102	503
10	397
533	674
254	327
94	234
207	421
83	535
206	674
58	224
269	609
443	668
263	413
296	299
4	291
222	288
98	514
582	645
301	462
260	415
538	646
604	642
222	226
239	406
274	684
387	646
321	443
32	102
2	387
305	677
120	564
29	531
593	597
523	589
260	262
28	121
89	325
6	443
322	330
357	656
77	692
488	552
403	582
70	590
330	333
98	268
328	431
106	576
44	354
337	591
37	686
174	342
120	243
235	298
629	663
79	689
171	418
307	328
125	250
44	545
301	381
196	252
312	468
50	609
393	495
75	472
414	450
529	671
402	650
201	327
326	650
251	325
27	176
42	631
36	72
339	574
434	469
122	423
73	96
485	564
30	624
117	163
198	359
178	646
219	485
87	269
386	502
321	477
205	340
513	560
18	449
523	611
355	658
309	360
418	610
40	194
131	686
333	540
163	543
373	615
380	624
237	335
261	425
150	413
510	561
205	589
548	698
426	560
230	458
249	370
123	520
39	43
39	459
420	689
578	616
301	454
505	587
386	663
297	643
6	447
393	492
27	497
99	205
333	653
453	638
243	633
457	505
5	588
15	58
142	604
204	694
432	500
609	671
60	156
113	190
208	531
499	506
185	692
481	582
367	406
140	410
137	634
105	285
536	567
345	355
234	275
314	632
151	626
28	238
203	637
84	609
579	676
84	473
198	408
320	685
309	328
383	450
335	481
488	690
191	422
560	644
39	483
237	564
80	222
357	630
186	306
40	494
424	434
7	644
431	578
413	423
287	355
20	220
131	283
348	437
203	588
395	633
100	378
289	670
319	429
175	479
476	646
161	694
541	661
113	691
490	507
375	378
518	666
518	526
665	691
171	490
619	687
6	11
114	566
256	360
245	598
389	678
555	630
183	253
306	419
131	526
11	129
82	189
94	184
16	638
440	445
115	309
138	524
4	135
118	414
400	681
26	688
350	490
421	621
133	560
17	22
0	261
83	212
204	624
166	342
131	340
303	651
419	492
313	333
321	620
167	561
32	395
34	65
507	662
366	487
80	139
329	685
74	220
185	319
521	533
216	541
474	623
101	619
253	480
78	516
120	284
275	438
402	648
150	157
527	599
154	542
23	494
351	432
294	640
560	584
151	252
472	649
450	490
135	599
408	411
626	631
15	651
394	496
40	692
430	581
84	348
76	131
9	629
80	275
420	542
438	672
313	541
490	503
263	560
57	657
125	658
275	444
109	277
2	203
42	648
35	564
65	441
125	490
449	626
213	292
23	98
85	417
400	688
419	495
292	427
119	513
242	614
92	693
267	640
94	656
40	113
315	519
456	588
264	542
50	92
480	528
231	506
623	650
276	599
16	206
384	582
232	433
12	546
73	212
184	610
12	295
197	521
297	485
275	588
623	626
8	239
405	551
37	273
197	694
68	567
163	650
16	667
106	533
8	537
247	403
89	571
12	99
273	276
199	375
159	448
382	600
340	660
440	613
463	487
353	438
493	652
528	618
3	114
52	218
469	534
174	627
367	433
516	691
13	61
153	485
160	250
264	319
258	555
376	384
20	258
474	597
351	650
466	475
140	258
417	519
183	423
46	164
98	676
569	648
545	567
313	558
128	454
25	345
56	649
232	612
100	284
343	447
86	496
328	564
132	634
77	579
295	387
357	558
560	687
360	627
46	386
153	346
378	390
632	665
204	355
341	362
243	425
426	438
128	228
255	422
268	651
70	258
139	342
187	279
141	564
418	614
562	633
80	87
156	224
192	297
131	389
615	621
102	562
275	557
135	216
165	420
41	223
6	40
206	504
366	454
306	589
223	651
209	696
247	493
108	297
201	585
186	695
124	404
57	143
221	329
82	146
238	282
233	252
154	246
423	680
167	435
542	551
232	663
15	652
82	309
336	526
72	474
28	213
551	649
108	200
333	613
253	435
525	654
17	632
56	601
165	225
209	357
545	555
94	632
290	358
10	207
205	399
479	529
599	690
194	625
14	79
29	316
335	528
31	68
9	256
88	276
3	65
64	233
264	342
217	534
565	613
507	665
51	153
222	555
187	698
194	448
237	535
414	509
235	581
510	545
590	618
203	373
363	635
200	506
560	622
50	610
318	524
115	411
84	643
169	322
17	601
346	567
175	669
15	448
19	416
533	607
148	436
19	133
327	371
117	427
209	289
170	512
139	288
345	612
180	361
222	572
159	311
457	508
277	552
546	551
254	279
462	571
134	267
35	566
43	229
418	482
411	451
178	458
198	248
155	299
68	338
253	280
629	684
91	224
72	615
351	608
462	663
450	688
323	383
109	545
369	399
279	281
108	218
296	415
457	474
235	464
25	373
82	139
32	282
391	559
395	622
187	246
387	612
509	605
117	610
551	592
378	478
271	584
321	485
640	675
101	471
64	424
568	668
450	685
539	613
273	409
222	247
343	486
397	521
144	461
408	677
123	651
470	492
58	684
277	669
105	643
59	482
240	372
126	383
94	481
388	503
272	686
251	378
461	512
69	380
82	415
32	228
63	543
108	219
203	477
60	345
233	497
530	677
331	581
18	582
80	469
335	450
149	493
310	502
214	301
242	369
376	478
206	493
116	591
117	617
422	579
313	371
157	670
244	535
208	359
399	462
120	192
207	425
434	663
171	293
151	547
128	555
41	466
78	674
4	234
154	608
182	681
485	503
166	344
173	573
437	657
371	670
411	495
27	455
28	341
505	579
493	582
23	421
154	175
505	613
323	364
16	137
73	550
272	397
103	511
11	364
77	428
116	356
104	478
374	465
583	639
122	171
462	484
195	512
125	520
280	542
374	637
513	530
15	482
119	438
171	250
40	270
118	208
17	389
181	559
122	436
191	532
298	688
306	489
1	495
189	627
108	618
35	129
204	557
384	687
417	474
66	170
280	668
60	70
127	186
35	626
276	681
166	286
457	598
28	403
50	149
639	681
144	522
123	145
85	388
554	566
480	573
17	355
227	586
125	311
57	74
86	450
493	532
453	477
261	622
188	243
16	624
283	635
12	32
204	581
473	658
195	619
568	688
272	300
373	408
404	425
71	663
210	572
288	426
581	694
145	449
57	284
275	340
394	532
109	245
408	428
478	660
93	194
244	332
245	395
1	550
160	602
185	352
138	201
162	578
648	694
195	286
236	596
211	380
154	274
201	630
253	627
106	345
375	671
521	588
249	629
251	496
344	604
217	466
473	635
153	182
141	397
25	550
424	684
67	587
205	663
86	552
235	406
540	690
13	474
392	642
105	187
346	428
206	520
486	522
359	379
22	441
428	633
24	427
30	167
417	650
184	446
425	426
25	434
369	686
129	241
139	286
31	393
415	488
189	616
301	303
407	467
325	522
378	391
211	480
429	623
485	543
42	120
292	321
308	555
174	461
261	342
11	659
361	395
115	127
153	236
516	628
518	591
415	450
20	431
149	290
202	488
199	581
653	694
247	398
352	653
5	537
156	462
34	159
230	642
7	601
184	560
444	470
108	566
53	431
304	432
416	490
372	618
295	365
516	523
398	474
479	490
33	631
48	617
342	688
158	353
212	324
252	392
157	418
189	191
553	693
522	544
161	585
258	311
198	273
138	189
246	314
409	577
28	43
160	413
424	680
352	615
153	672
369	646
141	175
233	406
8	422
5	314
127	281
217	437
218	598
260	439
572	616
66	679
234	549
467	476
529	573
510	693
38	50
307	640
358	689
237	600
184	426
141	293
458	646
70	218
529	669
140	614
23	460
117	301
261	693
403	512
240	645
10	626
82	296
340	517
137	226
236	541
44	601
166	190
389	454
425	535
285	502
88	180
307	666
104	204
252	487
138	412
114	477
513	545
59	344
133	494
128	147
422	565
255	292
279	546
32	199
4	103
54	552
141	495
470	671
54	335
156	585
86	504
263	279
372	624
396	699
5	300
396	681
154	685
490	632
168	611
185	318
346	398
119	580
144	523
23	314
181	354
419	469
152	684
320	575
286	374
568	696
225	386
447	550
233	444
149	650
359	426
258	394
234	578
501	677
150	297
124	361
293	542
163	171
139	345
408	509
149	259
452	644
94	503
157	384
302	623
490	493
451	656
76	144
376	511
515	534
159	441
148	560
16	691
29	64
378	440
250	579
119	409
227	435
298	550
245	475
38	595
544	575
549	633
164	667
106	334
47	110
144	394
265	388
291	515
82	508
126	566
263	567
184	428
121	147
22	324
218	418
304	671
85	513
227	488
299	415
530	620
407	590
447	510
290	434
161	675
330	692
162	393
505	656
272	322
393	637
619	666
471	627
261	654
99	569
252	282
71	423
432	531
410	685
72	483
78	466
192	609
25	341
343	558
93	338
105	271
177	249
618	633
443	561
421	687
347	571
225	682
440	676
119	392
403	459
47	363
131	685
200	570
111	602
59	203
211	230
29	579
86	99
182	197
306	563
285	607
9	578
642	644
392	435
55	606
207	333
551	692
165	482
236	301
278	479
448	642
216	622
158	197
193	491
322	558
453	676
334	381
109	598
403	541
322	694
116	295
83	160
116	126
285	631
612	643
163	525
478	494
65	259
225	535
535	606
29	568
373	649
126	456
130	411
566	689
410	623
264	327
127	695
346	630
136	695
236	536
10	592
111	437
156	312
167	373
176	552
249	379
288	332
467	611
86	405
128	662
308	569
266	434
138	550
542	652
124	233
47	161
23	586
233	318
233	638
81	525
105	673
154	213
438	516
122	219
343	612
85	469
8	96
421	599
468	629
222	299
545	578
30	35
35	63
335	512
190	266
292	376
200	475
21	148
56	694
271	582
282	452
119	676
86	215
102	376
324	341
393	432
163	167
34	249
208	584
1	101
412	425
441	682
185	466
444	654
304	575
1	691
497	559
277	304
143	502
44	520
357	432
153	497
100	631
23	302
502	607
265	674
47	317
114	138
11	555
418	583
38	566
65	208
199	607
635	685
275	684
570	697
46	212
73	697
587	605
82	108
415	639
456	619
112	598
447	636
544	664
105	204
1	225
393	403
532	687
416	628
156	437
176	237
22	382
300	397
3	658
253	445
29	696
464	632
361	365
187	699
341	632
249	583
344	395
134	387
595	696
230	490
16	364
108	155
74	685
574	651
126	623
219	442
73	275
302	655
270	594
159	489
213	628
213	575
55	615
35	242
45	154
271	507
47	493
564	676
82	389
413	543
454	652
225	558
154	664
395	513
224	571
208	466
37	291
22	78
440	656
242	669
278	518
179	298
275	402
473	650
213	434
102	181
159	508
52	250
126	380
182	678
10	150
162	345
23	40
362	503
505	568
372	458
41	614
150	222
115	222
434	552
584	608
293	528
369	604
319	529
14	52
392	413
54	346
571	581
548	696
425	647
397	421
104	120
7	47
6	368
355	628
313	693
450	642
173	491
579	625
73	439
474	568
178	356
301	493
178	213
82	239
123	484
0	594
157	694
205	551
45	155
82	154
57	538
382	439
449	450
358	489
18	259
1	100
307	371
429	446
3	348
73	319
277	369
361	537
98	290
126	149
457	460
356	517
216	637
330	667
423	450
195	485
190	272
87	468
566	686
192	472
114	646
121	447
379	594
102	396
137	613
254	431
193	626
98	590
185	349
186	630
349	520
286	604
191	465
15	212
223	319
323	558
563	608
50	444
70	518
20	660
656	657
323	648
255	472
164	599
324	530
289	572
328	617
409	425
276	556
230	293
557	584
193	541
209	354
344	632
97	223
133	669
178	523
325	601
107	275
281	455
227	298
472	475
186	378
304	387
5	383
203	622
188	519
5	556
40	173
93	390
139	174
183	625
178	433
43	134
125	498
177	430
194	512
222	655
338	385
165	675
168	295
12	33
288	503
69	593
67	145
548	659
227	647
310	693
381	580
392	428
349	561
250	580
200	390
170	392
349	510
110	662
68	458
241	353
6	584
40	393
347	406
365	540
307	314
0	544
504	568
151	405
89	572
195	518
310	686
462	591
537	546
186	518
347	552
231	557
496	567
259	681
107	241
0	8
338	577
419	434
117	589
316	578
669	677
231	495
20	377
125	139
73	603
0	156
204	467
15	168
28	595
88	518
70	312
278	415
297	322
454	505
196	672
197	684
76	161
496	638
24	619
455	550
54	432
265	487
423	508
326	627
273	311
320	342
433	582
457	689
273	287
401	492
280	463
229	375
613	631
13	174
567	612
202	683
212	570
256	472
273	557
363	623
574	668
548	642
278	466
290	565
324	647
0	61
151	377
162	285
506	545
102	360
621	650
38	309
107	287
137	230
33	476
235	493
428	530
592	644
173	587
14	337
95	511
314	486
661	695
442	580
541	617
244	377
110	198
214	358
664	674
88	95
51	581
220	465
91	192
438	644
125	665
580	655
74	255
321	439
197	335
365	494
73	414
128	533
219	240
180	315
40	424
283	579
367	532
45	518
137	395
55	74
140	488
422	443
443	464
17	425
194	562
81	308
42	538
156	236
62	360
229	455
443	670
192	624
117	665
111	419
318	560
14	122
340	640
304	369
68	654
289	398
523	675
261	536
157	456
122	620
246	573
490	607
52	260
381	510
243	354
153	200
330	397
66	188
23	669
63	107
500	647
205	371
133	514
50	422
199	531
78	567
175	654
43	415
20	283
386	417
144	698
176	682
245	361
539	647
184	605
260	364
82	241
41	127
452	649
493	523
165	317
58	533
563	586
227	311
281	487
243	681
432	549
212	681
281	400
10	27
4	59
30	247
42	601
223	682
39	691
309	499
123	353
63	312
204	371
287	522
92	250
309	607
7	630
529	696
243	246
142	344
214	548
150	287
413	557
17	233
190	392
101	156
428	605
49	516
38	352
521	535
201	204
464	646
185	614
100	104
338	463
185	240
90	211
596	670
30	548
76	468
459	611
20	120
129	352
58	250
11	539
58	79
417	508
203	270
41	271
406	673
248	634
92	159
140	594
71	90
459	533
212	627
85	428
121	215
190	671
332	355
43	201
587	607
136	349
113	196
408	437
160	225
61	72
428	511
122	431
528	600
45	689
679	694
318	487
1	198
572	603
181	341
67	591
258	561
99	534
136	475
157	583
7	182
66	642
128	688
469	519
91	425
0	439
194	396
28	57
562	604
28	459
353	426
184	288
89	114
391	436
107	282
377	466
210	396
171	645
17	628
436	453
162	540
525	527
352	604
224	480
345	520
295	477
520	644
124	149
121	248
275	691
181	335
75	581
286	669
102	398
297	562
129	401
349	494
143	490
534	620
46	438
359	483
229	323
65	346
410	458
218	653
173	449
319	346
666	695
88	271
313	570
34	399
58	314
15	217
62	692
391	505
354	571
268	572
229	504
260	680
523	573
257	527
550	653
255	618
145	584
82	279
209	561
154	515
375	530
68	353
113	458
135	274
320	667
272	319
28	570
32	411
4	42
170	569
255	353
158	242
368	507
17	426
15	501
77	364
146	147
244	308
175	330
74	270
126	698
216	548
48	246
414	444
33	424
76	673
277	393
134	276
468	584
66	460
253	355
195	348
130	520
177	280
246	666
538	651
54	99
103	609
640	686
121	179
83	204
540	626
176	393
85	239
242	676
611	686
239	289
100	158
111	589
297	399
143	236
171	214
430	448
316	396
397	695
179	696
193	519
223	566
74	222
102	164
78	164
124	693
17	416
641	648
228	449
47	516
191	616
62	283
338	596
191	483
210	372
515	636
75	174
258	264
415	517
277	559
174	390
243	563
480	495
528	532
407	498
237	516
66	247
60	365
109	215
164	593
409	688
9	337
393	467
102	193
286	329
169	482
152	283
280	538
130	470
34	131
102	340
402	687
438	520
264	281
124	135
476	533
274	691
106	111
191	606
143	404
484	626
329	645
161	624
402	544
403	442
367	695
17	285
495	679
46	56
1	652
75	508
187	523
119	388
398	430
462	588
492	564
442	505
195	315
91	630
226	440
90	218
402	473
438	597
386	578
307	443
11	237
99	639
179	460
359	528
357	628
110	487
263	542
404	661
119	523
309	683
115	341
237	630
50	211
192	569
34	361
100	394
0	445
418	550
456	465
561	563
385	415
39	456
147	453
92	445
30	603
238	459
339	696
26	203
469	491
371	687
361	550
115	174
557	624
99	281
40	481
7	511
448	673
486	494
222	613
327	666
63	291
112	587
437	496
582	612
442	482
3	259
457	628
62	516
265	329
373	534
95	276
492	609
435	515
284	458
111	582
201	307
436	683
477	655
135	196
318	374
250	304
89	247
135	470
417	460
48	332
182	583
21	112
313	632
250	585
149	602
291	551
200	222
33	187
109	493
18	644
39	573
145	162
86	477
285	417
224	581
141	371
232	328
218	321
0	604
243	342
89	515
306	581
106	495
324	379
456	509
96	615
279	492
367	402
68	563
137	506
76	584
91	637
152	635
453	607
65	679
361	450
21	299
179	264
66	190
96	612
500	693
219	304
144	189
387	576
127	662
149	565
467	669
44	111
296	603
125	675
452	682
21	622
109	145
57	90
327	699
34	569
292	393
378	384
36	254
52	496
610	687
90	517
480	549
374	675
436	529
48	615
426	594
376	696
585	686
197	627
166	490
236	385
524	664
74	102
282	398
252	695
94	250
92	184
22	272
178	415
336	639
45	244
120	543
91	328
110	657
268	411
385	608
322	650
30	401
56	69
111	337
98	586
350	458
315	478
323	335
125	594
23	141
498	537
43	593
127	598
135	468
18	276
464	621
241	677
213	429
419	667
54	470
143	526
119	132
343	588
123	553
442	697
31	444
55	354
89	610
121	302
129	312
58	439
396	457
621	696
305	340
316	439
249	455
296	639
112	589
220	594
241	387
98	633
424	459
204	630
0	482
557	645
193	206
342	563
57	317
284	298
350	426
124	691
33	495
24	590
54	423
231	319
448	528
16	130
97	328
130	598
78	308
124	699
51	63
536	556
348	363
8	335
64	480
241	525
186	389
56	186
520	523
118	410
310	478
52	459
82	157
16	426
212	364
280	619
627	669
3	467
364	443
611	673
281	589
55	421
83	327
322	490
260	285
98	223
43	515
91	166
39	351
459	654
225	685
162	595
209	569
23	634
426	649
166	597
5	625
358	492
397	579
124	191
384	670
287	567
155	280
333	453
375	518
10	694
420	607
322	412
22	132
89	159
354	613
481	614
566	572
39	524
178	445
41	83
8	282
143	264
208	515
108	221
430	593
85	280
310	614
317	461
229	579
391	448
186	404
529	549
529	555
53	134
420	495
164	457
410	643
257	281
495	528
203	659
26	35
226	273
62	526
561	571
0	530
214	286
158	690
143	533
592	608
157	610
58	253
226	321
3	120
169	293
509	548
169	642
358	568
172	531
47	576
378	609
301	623
424	631
113	169
501	527
144	341
392	477
244	252
390	492
98	356
142	185
260	579
402	641
587	634
78	481
286	515
42	226
437	594
323	632
5	197
94	191
57	171
34	250
396	450
98	687
336	655
339	469
464	539
224	546
81	638
65	589
461	571
121	619
264	462
79	635
213	601
46	204
156	211
343	374
410	584
17	588
66	177
42	477
307	586
118	551
316	513
100	618
289	525
97	159
396	439
559	680
304	677
61	252
68	466
392	457
104	126
158	282
619	661
76	102
424	599
399	664
182	662
214	641
608	615
123	597
339	354
283	567
25	620
276	695
316	389
80	526
538	547
271	389
535	551
291	452
430	658
190	359
240	639
59	234
475	667
315	639
345	385
227	305
82	400
175	193
79	264
297	614
45	178
586	659
335	362
199	316
461	660
243	404
82	209
146	276
74	420
4	439
338	580
120	433
388	393
352	519
292	520
339	695
47	679
173	503
400	659
364	683
211	547
161	654
311	634
69	509
550	603
133	487
51	523
427	531
276	357
466	680
151	668
112	312
500	674
220	249
474	610
98	306
184	232
0	634
284	380
335	631
556	611
296	527
315	651
89	445
118	649
509	538
638	678
340	644
219	638
174	269
153	299
22	269
186	377
257	498
476	489
194	218
61	223
146	412
124	174
112	655
125	159
157	294
222	384
472	643
262	663
19	479
151	243
439	632
152	676
358	505
96	666
88	535
170	604
362	495
431	610
209	356
229	460
357	611
59	463
641	646
87	283
336	516
200	395
342	408
512	580
177	532
173	485
266	469
175	646
191	207
96	332
0	588
124	658
473	502
249	598
7	638
202	208
504	509
51	441
101	177
29	259
579	683
162	629
20	65
98	416
286	553
435	632
100	315
64	621
103	162
43	376
197	372
137	336
374	484
85	500
375	608
176	510
500	579
180	351
52	556
328	536
124	198
127	308
161	684
187	680
205	264
67	500
405	415
364	595
296	552
429	667
455	495
86	683
381	490
221	486
62	488
20	373
169	605
88	440
339	415
56	613
0	325
25	670
598	678
606	640
492	618
403	638
505	600
258	322
59	96
121	133
20	622
510	538
522	682
329	558
152	623
574	633
400	555
547	600
86	420
322	553
386	524
59	402
339	649
302	615
446	505
442	689
309	498
240	370
208	655
68	154
471	686
261	459
413	510
95	184
301	401
582	697
575	586
33	542
159	541
87	653
79	590
19	449
45	315
175	499
192	292
256	598
451	532
4	662
243	369
374	411
374	689
247	400
61	481
87	144
570	678
33	128
155	687
174	623
428	487
9	86
294	594
98	175
1	57
39	123
62	666
136	155
199	339
280	652
69	119
100	688
544	580
477	600
575	601
176	414
321	382
492	577
51	593
395	433
16	227
67	141
268	521
58	258
11	593
411	606
318	624
335	397
535	633
407	573
681	691
404	687
418	689
189	494
242	294
350	656
518	693
460	491
54	240
268	324
262	299
4	449
440	517
346	350
36	479
278	663
12	216
263	424
300	425
400	680
301	601
329	663
204	330
44	184
166	587
411	504
391	571
296	445
243	621
585	683
336	607
26	453
319	667
68	473
278	448
76	364
447	532
331	438
97	288
5	40
352	368
134	487
102	490
138	421
65	150
177	352
30	240
280	623
319	619
53	276
283	509
87	188
1	397
646	683
213	661
49	592
220	463
183	342
75	676
60	164
321	566
60	249
103	495
565	650
235	526
260	289
92	609
223	534
380	598
65	366
344	454
18	215
48	97
517	553
185	213
389	558
603	630
425	698
88	486
53	665
115	172
136	395
91	215
4	654
248	463
0	111
117	590
364	621
164	298
380	556
372	615
260	613
221	468
209	303
13	67
511	555
385	643
2	158
88	511
252	309
372	529
192	580
260	568
499	501
284	494
262	610
263	507
102	115
305	637
392	681
202	558
247	688
229	385
232	453
216	225
90	220
151	369
318	530
97	299
70	289
321	623
90	520
270	292
0	210
167	398
157	618
216	409
107	112
328	619
210	430
103	550
431	671
147	521
61	268
179	570
81	685
169	216
20	69
81	366
133	528
18	669
78	413
491	603
171	445
67	184
71	303
595	680
428	542
298	588
247	608
16	222
622	630
126	276
412	632
289	661
330	620
151	260
296	602
252	594
606	662
256	575
253	534
65	250
336	481
223	448
393	632
184	476
376	392
67	572
50	561
278	446
267	582
67	672
29	140
411	533
36	669
19	240
234	677
217	626
327	477
7	291
354	682
223	318
595	660
110	168
83	286
183	459
450	520
430	687
39	250
158	249
135	384
354	416
162	286
42	122
363	457
476	543
161	218
2	697
297	333
618	694
297	449
271	651
39	645
18	119
305	477
86	696
245	314
87	578
261	671
253	437
190	298
309	440
56	384
376	455
230	335
328	699
89	390
280	536
391	649
282	453
98	428
180	317
127	426
19	94
522	585
12	462
210	589
100	214
226	261
279	488
59	295
172	550
323	489
308	458
54	441
495	636
177	369
419	446
238	520
623	675
181	634
264	644
73	441
43	490
239	249
153	391
263	455
548	645
197	674
251	428
219	674
291	564
131	203
478	512
16	244
543	570
2	93
377	689
138	631
343	530
159	252
232	316
14	138
169	640
137	521
263	437
91	416
82	275
444	540
244	495
82	336
576	578
614	646
511	629
117	403
237	693
260	431
620	695
33	290
197	511
26	408
117	519
12	532
7	515
16	376
655	692
142	304
357	516
28	622
294	489
37	557
373	656
18	467
655	699
352	665
118	686
326	383
211	328
5	605
552	683
106	325
131	439
277	532
307	378
16	434
147	187
261	299
304	633
445	579
617	684
152	455
4	380
406	413
57	591
110	680
105	347
327	623
534	656
17	181
247	566
38	77
222	228
326	532
129	546
545	582
557	644
321	389
483	571
98	222
558	647
338	689
79	502
198	661
287	534
125	128
77	637
171	620
259	293
359	526
589	697
290	385
331	399
217	260
305	519
105	573
362	372
26	336
246	696
217	645
308	392
682	693
355	452
21	542
198	344
481	615
32	455
177	328
155	448
106	297
587	659
537	600
345	559
150	159
64	359
196	588
96	648
94	455
111	296
139	365
119	347
258	543
240	297
39	673
293	453
136	402
12	179
117	494
69	505
273	450
409	557
235	365
17	573
202	549
39	230
209	238
85	430
186	315
284	295
72	622
219	362
148	672
493	580
336	544
10	587
506	624
427	617
413	541
469	593
157	649
325	696
191	522
30	564
40	427
452	534
269	402
182	456
154	214
343	673
559	609
92	537
70	110
59	387
354	475
176	556
236	580
240	534
172	417
48	560
134	303
648	674
114	350
156	627
193	656
329	358
186	357
365	426
503	681
187	526
323	676
403	526
19	439
132	486
197	626
393	676
152	194
187	639
355	533
3	669
407	634
294	529
104	527
389	627
130	269
218	645
459	605
577	652
99	201
267	665
63	205
255	506
59	396
9	392
34	245
458	577
116	307
332	415
100	279
522	681
135	396
118	408
260	440
310	379
216	368
288	530
80	475
259	388
468	534
63	640
99	236
151	339
416	644
203	351
165	180
192	637
166	330
70	401
226	476
571	573
248	296
375	639
2	356
426	439
165	638
119	315
184	251
523	685
137	560
303	589
52	578
113	506
203	666
196	238
87	95
270	685
169	239
49	679
83	439
240	244
357	422
162	659
120	694
168	238
219	270
296	627
110	507
118	471
385	429
381	588
260	566
76	137
513	607
108	677
70	634
186	343
451	481
610	699
453	614
157	250
336	465
221	340
11	413
292	423
116	636
167	303
217	623
227	368
124	221
307	496
171	338
237	469
258	307
163	412
327	643
23	453
62	396
474	581
328	493
201	528
192	300
249	291
285	537
16	597
182	490
38	133
337	575
40	440
141	320
399	506
46	519
82	630
112	623
75	614
139	675
10	417
95	117
161	602
20	690
125	620
103	698
99	561
22	125
18	651
313	346
436	470
46	691
433	637
160	238
180	369
343	523
285	599
26	512
101	516
165	334
7	211
159	450
434	524
203	586
54	589
151	409
473	510
255	670
479	554
238	257
25	38
562	619
39	485
111	661
193	301
369	570
665	671
520	536
419	477
371	577
29	392
189	190
193	405
339	396
69	420
138	168
242	389
99	131
88	132
124	281
206	687
469	550
206	374
129	356
286	334
226	682
198	365
271	372
459	469
116	689
576	611
369	660
60	142
139	617
432	546
65	694
420	528
304	527
321	661
112	527
39	75
8	388
149	388
636	639
89	349
59	111
29	474
141	493
459	672
9	221
13	94
137	553
44	87
61	482
83	469
294	549
82	501
103	513
382	438
490	644
246	605
463	621
508	690
61	567
26	332
437	541
83	90
89	521
530	638
481	508
254	310
166	620
302	347
313	325
251	555
298	408
45	129
171	376
362	593
272	584
521	539
289	522
91	583
55	308
141	693
9	460
275	453
206	480
162	444
160	608
31	692
428	644
237	362
637	685
233	550
458	523
269	290
341	699
323	644
14	682
100	458
610	651
240	330
382	538
529	547
429	534
50	232
212	309
43	148
317	396
241	430
243	598
76	278
381	569
417	622
447	668
202	539
87	589
0	655
448	523
166	274
19	633
239	630
412	689
47	409
494	504
431	602
151	452
240	269
216	554
55	529
497	567
107	579
66	605
226	445
152	673
225	497
210	507
18	512
17	668
39	101
97	398
199	693
323	500
472	538
239	338
110	451
510	546
107	652
7	285
73	205
201	571
543	610
44	463
415	618
67	102
153	476
122	369
178	506
234	420
243	262
353	386
614	652
231	693
194	278
55	178
216	676
79	679
41	497
479	532
225	249
219	446
96	652
185	514
477	556
5	246
76	322
70	699
150	497
213	677
33	193
106	606
123	178
314	498
128	191
17	567
317	528
282	288
193	406
500	654
118	682
77	190
114	595
162	607
359	660
138	416
28	301
214	454
233	443
520	563
461	641
373	636
31	696
434	453
250	655
413	648
13	411
294	590
199	580
49	684
147	318
243	427
409	685
34	175
251	465
134	317
123	282
313	409
294	507
20	168
79	278
201	297
164	620
204	420
30	44
198	464
285	674
240	633
149	655
17	134
340	653
245	275
236	635
378	591
383	429
226	454
221	473
183	478
17	91
102	188
19	638
684	692
406	613
265	659
593	656
446	678
309	398
4	525
416	682
447	638
259	432
135	491
341	422
263	633
187	225
280	600
538	575
552	610
109	510
42	174
212	623
145	255
119	135
84	117
71	639
273	620
224	529
212	649
327	445
28	214
239	265
85	237
66	68
290	572
29	467
4	544
418	561
262	602
185	596
169	535
324	678
30	270
309	435
244	406
495	558
135	185
270	420
620	699
626	647
215	414
34	186
486	694
396	668
132	698
315	457
409	438
339	352
246	694
535	671
160	268
155	338
259	618
84	676
533	658
67	163
198	431
127	508
360	395
651	666
403	461
45	205
33	163
53	595
162	469
45	396
239	302
502	610
117	309
7	355
465	576
243	392
86	98
159	407
55	288
199	545
170	271
169	407
33	567
19	212
617	655
194	258
335	467
176	294
156	277
248	506
388	641
22	180
87	287
220	309
244	394
133	346
120	468
445	491
316	500
356	648
366	634
249	693
40	490
136	243
259	599
150	596
161	266
354	665
593	640
127	239
128	313
397	691
257	277
34	81
28	458
109	264
119	629
250	418
174	403
454	577
458	554
485	505
200	271
157	575
18	468
530	641
565	651
445	578
68	698
354	627
69	495
485	618
221	321
241	466
359	556
30	183
106	195
478	629
506	594
138	275
152	255
137	429
30	253
56	695
26	596
50	146
48	239
533	682
112	279
333	694
236	673
61	569
267	672
379	529
291	353
153	306
45	349
39	461
124	243
504	585
337	532
135	404
139	540
117	527
7	484
148	480
398	628
106	456
134	499
139	625
14	80
55	486
157	598
552	553
458	460
325	331
388	459
161	361
18	355
661	684
451	587
242	502
280	624
378	499
347	604
87	229
445	528
292	329
168	682
128	437
486	539
29	154
564	584
96	523
71	200
50	562
368	492
455	503
130	623
45	297
181	246
543	605
203	511
76	546
671	682
16	166
139	555
342	438
27	173
417	478
85	263
118	455
180	573
569	626
118	652
217	581
37	459
212	516
324	576
111	630
148	388
348	513
137	265
557	649
493	518
280	289
596	681
311	374
1	59
151	268
26	520
155	233
81	83
18	190
14	444
121	571
29	347
78	589
195	531
172	528
504	549
483	593
82	128
100	234
123	163
328	591
17	36
343	615
245	467
178	220
143	202
124	642
454	655
191	237
293	565
575	612
651	675
154	690
358	418
28	202
82	528
63	474
68	165
3	480
119	482
134	698
313	382
80	112
138	662
454	512
142	683
326	645
145	666
123	609
215	634
61	230
100	395
181	272
89	210
85	154
501	591
203	298
211	602
432	472
109	546
53	417
418	527
264	611
210	355
68	518
74	118
166	493
294	318
170	252
445	644
449	593
394	397
4	197
62	546
162	327
490	646
471	527
219	572
323	541
124	229
437	483
197	307
91	539
237	267
378	546
106	395
450	507
133	372
320	668
60	543
2	280
145	497
298	669
394	460
252	424
442	562
290	525
233	598
49	419
59	486
367	659
409	459
398	671
235	431
358	543
31	464
41	154
450	674
511	522
18	658
133	638
398	622
503	696
418	548
132	567
246	692
612	685
48	377
665	680
278	391
516	568
25	627
407	556
136	247
350	515
398	562
620	678
167	338
119	220
263	464
527	562
175	273
86	448
262	418
491	520
128	362
456	584
79	515
627	644
94	505
280	568
249	503
71	244
228	685
220	425
276	517
159	446
54	201
192	439
77	450
230	437
274	397
522	626
174	530
4	216
1	280
129	244
401	520
183	686
68	75
665	684
82	196
160	677
494	530
112	283
2	630
73	215
6	650
630	691
263	617
52	151
418	568
109	206
144	463
232	570
129	503
261	318
160	409
53	299
138	673
193	523
269	584
526	588
16	31
86	223
5	446
29	348
199	380
16	532
297	663
33	110
256	416
200	385
61	290
170	481
68	84
106	141
227	418
179	601
16	423
340	352
56	206
43	365
31	435
101	248
355	380
158	161
16	226
391	516
327	617
304	427
220	627
318	549
165	404
552	578
158	655
20	246
83	283
190	240
73	171
203	571
493	640
28	348
602	614
278	693
175	386
208	438
521	682
46	631
396	518
42	250
221	342
212	266
311	342
480	530
26	226
205	327
262	561
192	659
277	401
164	188
44	656
383	460
25	634
539	673
34	674
258	578
146	272
392	676
268	671
510	530
93	653
80	95
36	227
145	537
473	551
410	520
385	569
147	636
223	660
474	589
182	309
388	563
20	199
343	514
19	152
535	584
619	670
165	437
314	336
325	651
235	500
515	613
401	681
354	677
114	247
223	290
228	410
160	224
105	264
143	628
287	650
445	690
213	549
194	211
29	437
60	487
268	429
11	203
46	176
212	690
260	383
11	194
150	672
90	222
128	650
608	682
72	458
178	439
222	457
437	643
207	254
486	648
366	589
258	397
189	498
384	657
194	497
190	631
548	695
214	345
139	548
46	470
237	446
213	595
194	505
107	201
89	565
87	333
303	314
10	344
75	547
343	687
396	407
184	675
462	509
275	642
298	373
481	571
470	678
135	153
585	649
41	100
401	650
19	496
128	225
265	604
27	632
471	581
121	630
132	547
330	677
260	608
198	242
519	691
591	634
426	632
47	533
371	440
48	397
176	537
209	615
68	598
289	548
100	112
285	669
30	175
343	478
46	372
90	558
595	672
90	230
437	539
23	153
57	624
587	647
62	266
211	392
24	577
341	655
464	615
317	567
55	134
134	605
445	530
134	471
223	291
90	450
48	112
66	454
321	632
475	678
150	486
336	446
432	581
406	670
16	18
83	436
1	190
121	382
285	624
334	612
494	555
272	317
84	119
53	488
224	317
562	685
137	475
38	295
290	312
19	101
182	435
292	354
66	222
252	279
135	454
229	306
429	444
193	604
237	551
178	309
106	370
189	571
353	405
239	585
384	600
111	556
3	253
504	605
468	596
394	453
362	653
361	411
418	592
145	406
387	601
97	301
581	593
274	673
465	478
454	668
550	689
299	601
225	641
636	651
473	677
169	365
31	203
173	680
290	496
158	372
174	444
499	643
5	407
15	442
57	690
216	684
137	612
337	427
23	114
12	324
28	79
51	498
201	360
75	252
150	279
18	291
453	525
136	644
134	428
279	337
477	651
7	403
623	640
19	341
176	591
170	269
112	431
339	395
4	453
188	318
210	678
26	566
422	652
33	592
173	499
11	231
226	401
295	540
151	446
13	403
259	279
176	603
461	494
17	31
14	246
648	686
484	633
342	397
77	368
495	674
336	384
268	601
457	495
193	336
344	500
448	628
259	530
101	467
497	521
289	327
35	253
249	413
340	464
389	602
14	594
197	692
19	26
210	347
368	435
115	499
259	441
462	666
64	291
270	566
172	655
215	553
10	159
204	398
120	324
115	624
439	503
19	346
331	478
189	411
404	495
42	209
502	675
200	523
431	612
425	541
26	663
328	413
346	555
383	610
399	474
571	653
341	385
316	669
467	544
165	431
309	663
129	279
656	671
232	696
0	205
118	407
49	501
208	525
353	670
27	151
128	320
254	676
148	340
136	484
78	255
446	513
120	696
94	111
217	249
90	152
99	362
70	459
346	693
276	322
3	85
257	578
79	199
160	455
196	444
58	382
166	650
298	544
346	690
166	214
463	537
103	207
99	376
457	688
508	662
4	290
148	616
43	529
414	660
157	346
220	293
579	609
117	464
221	511
248	639
3	239
200	592
572	619
460	598
305	572
87	534
378	534
74	514
23	648
434	542
299	614
182	498
62	649
236	665
99	574
429	691
246	681
149	312
130	300
592	695
446	597
9	425
256	685
77	293
337	694
282	442
124	532
117	569
110	436
19	204
381	678
257	334
573	601
209	527
1	7
6	658
20	570
22	225
73	462
523	581
264	446
143	156
100	129
96	477
357	570
138	315
68	209
17	605
228	515
291	542
294	361
51	478
316	335
1	285
281	409
454	553
222	632
129	556
64	358
227	343
261	477
610	632
301	635
34	362
262	454
192	387
332	683
159	543
484	513
224	588
38	452
367	699
217	371
467	503
276	618
123	674
539	559
391	595
485	684
63	598
118	184
109	603
646	699
244	516
200	541
301	545
639	685
89	609
39	219
240	368
283	587
139	340
184	622
213	447
167	485
523	623
310	585
0	389
235	635
407	683
46	184
262	271
432	494
238	504
219	691
283	338
196	292
16	83
221	484
208	597
271	652
35	204
495	681
56	165
60	405
101	257
138	334
288	354
367	440
11	489
258	444
162	479
125	132
130	238
551	575
245	424
555	626
20	100
177	298
325	540
438	654
376	613
476	664
30	447
141	144
242	445
109	441
269	693
147	206
3	22
120	551
331	340
576	686
6	111
164	240
379	516
440	615
181	226
75	405
110	235
394	645
179	473
179	228
93	550
229	417
240	548
65	415
427	573
13	298
247	533
45	483
113	651
78	665
416	493
134	323
408	669
408	665
7	514
480	553
588	630
35	500
109	351
218	428
394	443
307	667
121	394
27	252
352	370
220	235
369	478
87	234
26	638
205	320
157	412
328	410
137	490
619	676
357	394
333	683
540	601
435	548
209	317
393	410
18	614
13	299
130	512
215	658
146	402
48	645
394	535
170	378
505	516
204	320
6	154
294	504
433	625
393	634
21	690
147	598
52	87
121	497
143	457
306	431
308	605
55	185
144	418
174	356
275	594
196	500
360	472
93	545
219	632
299	652
279	576
42	588
545	611
105	404
72	680
79	682
579	594
285	651
413	451
444	490
422	562
298	654
380	479
2	59
199	480
121	678
8	148
115	420
56	71
54	326
370	644
339	678
181	288
180	675
158	479
238	434
91	606
206	379
107	537
330	435
336	469
116	508
428	654
146	425
97	431
210	519
252	338
170	614
535	681
214	371
37	294
579	665
262	434
236	686
8	118
346	462
206	448
305	565
161	237
116	475
316	554
81	334
290	440
16	555
309	374
290	327
440	678
398	464
79	511
334	474
366	576
208	271
160	520
38	203
79	106
199	504
87	210
285	339
259	591
135	472
455	505
67	112
6	19
119	202
203	417
197	560
38	424
29	372
91	173
0	100
172	414
375	510
11	314
204	210
279	466
210	608
307	654
72	215
33	532
269	456
160	286
284	329
66	453
1	439
472	539
538	694
126	348
103	395
215	450
156	513
110	227
173	516
165	491
2	406
347	631
316	676
510	666
387	557
111	165
600	690
54	687
16	367
360	677
160	273
233	601
247	431
100	182
379	386
261	300
313	398
129	403
510	548
318	631
370	463
97	237
495	691
286	443
78	619
259	649
19	646
50	122
225	306
149	477
551	659
261	551
6	461
514	633
73	117
454	621
359	386
127	527
624	632
236	546
190	669
228	311
183	632
145	312
423	686
37	111
209	410
396	437
269	471
39	98
259	652
173	326
355	546
253	271
157	254
79	337
552	665
45	522
47	179
25	484
276	586
207	301
12	406
221	550
44	434
213	670
132	622
247	581
601	669
417	687
279	402
64	324
104	179
162	549
652	660
72	131
82	621
147	197
18	164
9	77
108	294
490	658
88	160
536	637
108	598
153	284
145	608
95	364
196	349
577	614
66	225
486	651
324	469
185	625
326	330
124	156
448	534
179	683
119	142
137	264
373	460
281	499
133	625
307	403
222	283
95	671
62	285
98	491
170	318
574	632
644	694
309	404
38	397
481	696
53	633
125	445
22	61
31	189
394	608
428	691
78	414
260	379
569	628
441	568
221	659
160	309
21	655
322	500
78	149
536	685
48	103
84	212
306	622
73	516
9	602
252	427
110	113
16	538
86	365
1	262
105	142
123	434
140	521
76	301
220	483
216	361
156	203
339	434
352	580
299	491
5	670
374	561
338	563
103	311
225	690
48	378
440	619
85	677
302	323
114	578
115	645
45	647
251	632
170	478
642	695
424	442
396	556
83	421
260	513
138	366
558	620
219	417
131	540
33	135
348	602
514	687
553	633
125	284
5	426
570	603
166	412
3	635
327	340
22	601
43	275
378	462
273	639
262	500
64	668
207	581
189	664
431	437
303	451
35	634
70	441
172	670
291	521
414	498
82	670
319	337
517	556
89	451
253	563
164	637
221	243
581	662
96	346
143	573
49	404
544	667
51	402
41	502
20	334
14	89
72	606
457	528
319	635
200	485
35	227
157	355
442	524
244	532
331	552
341	363
182	515
275	321
520	681
289	323
310	430
499	631
438	636
487	504
262	636
91	267
234	688
185	220
320	483
27	135
125	537
39	643
262	280
592	602
404	558
258	541
446	666
85	332
259	264
519	534
102	223
81	317
120	171
70	572
296	501
82	224
357	406
417	689
362	507
174	242
472	562
160	319
191	291
431	616
330	417
116	271
69	107
243	367
25	493
92	467
299	671
7	328
192	633
289	692
204	526
74	305
130	180
598	626
181	264
129	359
505	695
562	582
578	602
261	598
386	485
157	367
279	507
205	495
248	605
251	458
92	205
204	407
295	621
197	264
130	458
93	603
135	572
137	658
136	210
1	607
198	694
157	204
169	215
97	667
549	560
81	686
560	683
324	332
40	461
15	164
118	499
414	672
277	644
194	369
44	376
46	114
50	419
455	551
394	628
183	660
119	341
228	268
216	381
264	311
465	552
245	309
65	127
67	259
65	210
162	559
100	651
121	598
150	582
593	693
63	64
145	345
597	680
237	519
74	421
401	455
323	445
412	461
133	264
141	620
222	424
551	629
302	409
54	159
117	120
131	517
7	635
49	276
327	337
111	484
57	668
83	102
611	655
283	388
571	673
63	484
564	621
254	363
98	661
426	637
16	223
140	458
85	221
52	400
533	696
256	292
350	583
487	574
576	691
72	570
203	469
300	375
558	608
221	384
151	341
15	531
177	388
72	171
8	386
182	545
9	485
412	673
275	287
159	383
514	583
327	424
165	619
260	401
344	499
31	531
628	644
170	331
78	376
67	372
22	615
374	419
20	90
66	617
390	628
52	244
473	691
291	448
475	681
61	170
34	471
209	276
433	477
41	475
204	603
642	652
268	362
121	224
213	239
65	637
47	631
545	646
346	356
129	421
106	425
394	410
171	616
111	615
297	363
54	554
567	574
288	434
114	523
155	651
33	251
123	460
39	239
64	338
208	298
88	288
470	520
5	107
484	698
52	212
22	366
45	275
252	580
73	350
170	352
187	198
106	346
190	274
262	444
17	558
481	651
158	379
341	638
493	581
258	387
336	690
432	433
96	219
95	688
411	635
305	552
97	353
242	587
242	530
98	407
555	629
158	538
122	354
45	52
130	636
15	55
297	428
146	391
235	547
428	543
6	644
3	178
424	530
47	82
52	374
191	399
5	115
394	571
212	441
522	588
29	628
226	524
330	409
332	655
434	578
121	284
222	523
171	302
457	525
251	658
470	475
412	681
27	334
572	626
130	564
120	602
501	532
232	338
248	646
120	270
111	447
140	619
350	591
244	341
489	658
293	365
179	356
459	488
369	526
268	321
235	389
218	538
432	627
47	538
527	603
205	206
343	393
71	349
388	430
368	405
182	381
62	340
35	600
81	515
424	537
378	632
230	320
395	460
2	245
335	344
205	237
104	276
276	650
340	687
231	631
65	448
91	356
342	692
335	441
269	560
420	490
339	463
44	482
189	485
147	258
253	529
160	466
396	493
365	656
143	478
13	543
160	275
203	657
95	271
10	244
218	410
52	432
82	272
161	648
299	418
431	448
108	289
515	627
428	604
319	431
255	631
27	284
369	558
322	355
97	316
126	548
90	540
169	448
184	399
106	411
177	547
84	399
335	473
315	614
58	113
74	142
110	355
123	150
354	600
102	458
82	469
275	331
555	575
37	617
460	602
164	371
119	603
7	37
460	558
62	567
184	625
44	253
249	377
330	415
343	611
116	614
258	654
10	174
127	621
228	575
549	581
68	223
673	695
295	407
119	230
157	383
381	591
117	430
130	159
64	468
85	234
513	634
218	487
209	586
139	336
30	219
330	524
262	620
187	312
350	439
223	225
536	619
460	470
572	593
105	219
95	449
157	604
531	568
116	368
190	651
177	621
259	636
169	201
20	112
242	511
7	117
467	599
356	428
113	426
408	497
522	532
367	476
367	517
196	346
426	624
262	684
281	294
521	639
113	177
186	241
92	236
327	443
66	271
559	568
75	191
236	312
387	463
132	217
79	464
72	544
149	298
407	695
210	684
64	629
466	592
403	552
84	320
141	299
212	305
141	611
23	467
57	190
545	603
82	257
545	683
10	546
40	97
154	596
530	600
220	557
91	216
127	254
261	408
250	638
246	619
0	105
65	468
333	599
515	629
590	634
282	651
18	287
75	456
231	429
51	474
183	648
230	235
610	685
1	68
152	397
174	605
38	616
181	625
336	583
82	557
296	591
187	190
225	454
71	288
373	538
464	531
226	334
229	670
159	662
249	470
227	376
91	277
47	536
404	634
43	504
144	627
352	431
259	327
439	594
155	216
25	527
172	263
10	379
508	667
522	611
293	369
44	464
45	545
95	246
209	345
598	657
413	415
240	388
110	457
208	673
213	459
171	277
204	354
196	487
165	270
347	492
259	291
120	552
432	436
16	545
171	657
22	547
59	456
108	405
127	563
10	548
177	616
172	684
609	682
121	165
291	315
185	510
199	215
551	568
499	601
339	603
20	140
36	663
250	558
367	479
308	371
347	615
255	545
292	397
522	601
183	191
117	670
357	609
160	641
35	188
75	528
492	667
205	241
514	535
96	351
413	597
392	656
528	685
5	664
425	521
126	216
27	213
191	631
309	495
262	678
620	621
476	535
302	550
81	676
17	608
504	514
352	648
39	167
237	683
597	628
17	96
269	396
439	504
483	521
378	637
526	538
470	632
78	206
228	442
25	244
608	666
297	547
169	491
308	563
222	233
229	602
216	574
229	696
427	462
259	659
388	566
315	371
3	380
296	551
250	674
605	692
32	175
430	464
114	128
113	613
429	505
366	431
254	631
84	682
260	502
369	575
43	78
466	635
108	432
34	522
401	679
301	399
226	353
484	685
425	514
127	352
414	555
535	670
379	388
41	106
237	680
208	319
64	79
459	695
376	603
100	301
127	453
6	681
22	550
7	270
402	457
480	541
566	614
61	284
176	448
106	693
249	674
310	546
387	388
177	324
411	649
59	346
533	629
222	392
474	530
389	438
43	211
434	674
35	156
637	640
35	150
624	681
231	333
447	671
226	492
372	581
21	394
337	434
335	594
25	217
365	574
326	487
496	510
553	570
447	524
100	611
568	574
57	182
474	558
475	695
64	216
52	104
135	150
22	58
49	539
44	245
228	566
405	516
88	424
322	639
357	539
202	622
157	668
110	690
390	565
320	472
434	464
33	42
38	225
288	567
37	562
307	570
70	348
357	426
555	585
54	645
281	545
146	686
59	555
188	274
50	487
65	367
225	417
83	696
69	599
0	355
470	486
65	684
31	235
133	357
102	443
95	313
233	672
40	514
30	698
115	146
98	381
320	476
161	507
231	612
69	351
341	410
121	337
404	437
99	272
62	228
480	605
498	583
334	507
473	653
354	505
164	321
517	618
191	685
24	258
569	656
76	328
244	465
17	271
61	306
189	496
25	369
74	390
283	286
114	341
344	567
472	611
145	332
345	690
1	288
139	645
180	460
57	292
66	463
333	686
201	493
378	575
182	666
664	665
282	563
395	535
193	386
268	331
419	531
453	475
168	447
170	639
161	608
187	423
464	602
14	261
450	492
85	220
93	582
90	262
373	671
308	317
9	479
19	314
2	438
243	315
303	670
116	525
252	543
110	134
84	496
268	310
259	267
7	23
607	611
236	575
249	547
32	139
122	202
485	509
123	579
98	319
11	195
197	665
28	401
259	538
116	423
169	598
593	682
136	148
351	625
2	69
369	381
74	139
74	587
466	574
173	641
0	587
406	518
60	219
21	493
12	617
128	588
118	183
293	370
284	553
564	623
475	619
540	602
49	545
437	561
132	155
148	282
349	594
294	693
481	632
482	499
16	190
549	555
62	512
356	605
441	474
142	514
367	384
127	247
5	484
75	391
101	104
56	517
381	607
43	634
230	281
430	649
282	640
390	414
632	692
242	504
502	594
488	673
103	422
294	532
357	548
19	290
216	399
1	146
34	192
269	618
392	589
19	515
445	699
87	535
324	620
12	259
268	410
592	657
116	510
32	344
158	676
20	253
359	663
275	656
433	663
407	675
37	104
462	515
504	667
350	419
54	314
501	534
186	593
189	325
158	563
31	343
323	669
195	456
302	306
109	437
88	361
38	116
122	676
300	406
81	386
221	314
461	661
85	540
341	401
50	607
269	523
204	229
76	88
284	474
207	611
448	454
129	336
604	675
558	568
54	648
19	387
240	616
42	456
368	601
30	45
227	671
335	596
333	600
24	403
213	228
123	648
215	284
119	641
401	436
262	318
425	635
77	689
460	483
519	658
11	544
60	84
69	333
281	368
43	238
75	144
304	579
321	564
130	232
61	313
311	316
23	387
371	381
78	244
187	449
155	182
269	487
592	672
205	543
242	654
467	468
288	542
107	572
101	151
28	636
546	652
361	695
393	538
72	241
268	397
388	509
295	319
291	500
160	279
344	666
22	565
530	634
34	120
33	533
167	592
306	506
107	348
126	438
98	450
438	628
8	564
19	247
381	624
172	271
184	295
480	599
495	529
119	619
313	417
204	441
125	690
56	549
108	477
156	591
510	515
348	598
562	659
31	641
219	346
380	655
52	99
23	487
325	607
415	609
78	399
202	689
381	600
370	657
30	432
377	453
433	597
354	489
83	631
537	660
223	295
79	656
126	518
173	241
264	519
436	531
178	456
36	547
252	415
193	315
437	611
508	578
291	660
255	548
230	427
189	471
29	505
426	562
192	376
263	673
114	398
152	683
376	471
30	402
377	463
139	637
43	465
594	649
164	331
315	380
3	145
349	465
345	655
67	609
42	75
346	525
203	463
253	395
251	444
352	563
69	134
679	681
522	656
76	357
117	340
229	341
216	652
175	438
393	483
423	621
491	638
112	642
106	212
329	480
563	664
97	104
214	528
158	224
224	675
185	371
62	495
202	511
340	691
331	525
436	441
622	625
127	256
490	514
238	676
561	579
190	479
414	592
594	661
142	572
462	498
82	683
213	319
466	689
283	334
71	245
364	385
266	596
236	523
211	390
218	396
288	679
197	268
141	164
121	515
108	141
505	575
151	450
97	538
195	323
35	297
490	618
155	160
188	468
186	387
504	698
26	452
168	691
179	493
218	421
74	602
206	689
61	489
43	551
216	667
263	538
633	660
26	159
32	128
178	392
430	660
93	687
38	196
440	661
297	350
238	408
465	543
456	599
388	588
239	380
400	623
104	653
255	636
121	304
149	397
350	401
237	240
67	82
264	690
314	682
281	313
347	498
571	644
126	357
35	493
280	481
150	691
439	462
138	220
54	572
128	692
468	597
163	244
158	610
45	153
384	451
0	54
148	187
33	595
169	177
276	663
20	126
245	626
254	590
500	507
425	457
172	630
64	449
185	235
74	198
66	625
218	277
186	385
81	508
126	482
107	523
60	97
174	322
190	535
273	660
243	513
117	229
501	592
127	636
286	483
155	441
304	320
427	451
559	591
253	610
55	259
208	352
241	689
85	674
557	623
94	574
212	525
546	695
49	646
337	659
331	377
201	232
62	342
28	232
74	588
272	447
319	695
184	393
253	377
112	678
192	370
522	634
205	484
91	547
176	465
57	87
131	695
466	605
90	163
402	630
113	361
404	565
161	350
165	459
559	576
98	699
115	547
195	424
550	624
14	310
130	487
462	617
316	553
504	591
422	497
276	403
240	308
545	689
193	535
87	235
256	563
227	665
673	692
540	549
191	442
219	612
327	607
294	429
91	214
325	541
0	180
25	288
228	418
274	328
36	434
36	256
46	366
116	303
155	244
333	427
400	401
243	597
50	319
529	620
299	353
30	516
340	525
275	678
125	615
244	420
395	479
406	501
140	315
154	446
359	575
211	611
18	57
54	438
95	518
228	252
509	559
130	335
64	514
471	574
347	537
78	375
159	542
72	299
629	664
43	678
147	624
96	459
103	484
281	516
306	446
222	409
83	89
181	408
249	352
237	629
177	593
95	197
100	445
224	551
196	458
152	573
112	422
313	548
122	162
396	500
150	444
394	604
310	412
106	129
275	312
133	221
263	463
35	273
529	641
158	228
106	316
65	533
116	499
662	695
32	353
323	600
256	629
52	582
262	423
29	272
47	584
102	526
510	681
80	432
183	246
198	219
34	415
567	630
113	162
106	108
339	624
118	399
507	568
12	573
348	522
362	585
197	602
203	386
165	243
212	420
458	612
276	370
403	565
374	406
345	502
295	393
236	352
144	350
623	624
15	66
433	480
569	678
97	289
543	572
20	104
76	652
191	427
210	633
10	510
251	273
38	330
374	475
269	386
209	617
295	675
186	625
193	489
55	550
191	346
178	512
47	292
292	356
28	488
636	641
28	658
429	512
183	405
115	446
1	350
162	568
94	548
284	695
19	652
440	632
10	250
4	90
314	378
243	286
81	658
382	531
122	648
261	615
326	641
517	521
184	216
17	549
418	506
128	638
556	616
527	602
475	611
158	406
240	422
54	691
0	243
460	526
323	617
265	607
433	516
450	613
10	193
50	219
239	287
390	424
489	570
321	530
282	552
111	638
49	698
290	484
290	453
420	516
202	453
173	483
177	534
85	550
203	384
295	537
171	209
622	633
74	413
50	376
502	504
141	344
119	479
21	400
71	86
392	476
222	610
26	353
117	228
120	204
108	674
552	562
375	418
190	574
20	97
321	329
3	425
311	697
464	515
401	408
581	608
328	452
2	268
443	689
190	371
604	622
309	557
122	361
146	590
114	144
16	569
283	358
307	334
63	390
206	513
250	636
338	630
28	619
101	344
377	409
235	583
209	426
348	664
164	302
414	416
82	499
502	516
30	116
306	341
232	541
47	218
153	265
389	395
416	509
151	294
24	232
214	571
324	450
71	235
351	526
117	517
515	624
140	638
200	692
411	630
179	425
48	553
144	246
50	397
416	596
259	622
22	172
176	666
160	204
83	159
279	514
86	87
471	590
596	683
351	468
504	579
499	692
526	659
35	337
505	594
352	482
280	357
385	459
317	536
253	431
3	498
355	408
180	657
76	496
328	662
293	691
169	360
427	448
13	238
26	477
185	257
550	601
222	474
362	659
227	444
502	612
363	667
103	628
164	415
75	367
154	602
241	492
111	334
35	274
345	567
205	436
62	257
323	425
486	690
553	580
191	550
55	425
519	651
87	432
67	320
243	281
433	464
71	307
250	295
10	522
362	377
332	393
116	588
478	602
220	523
218	502
87	106
65	331
540	649
485	608
176	595
133	271
272	472
156	458
35	255
211	645
246	372
239	432
4	394
16	345
251	504
350	686
238	677
85	162
203	330
509	696
66	125
515	653
245	483
171	684
258	629
437	450
638	648
229	500
481	665
152	489
208	299
113	206
357	619
125	440
22	352
434	579
370	426
228	548
71	164
297	432
74	585
585	593
324	416
184	348
236	578
146	203
157	679
418	437
380	442
482	555
5	82
463	681
452	486
212	667
151	694
265	415
25	563
215	431
579	663
124	417
326	425
173	256
63	460
323	536
364	578
4	615
264	285
61	343
207	589
411	634
53	442
55	555
27	95
329	436
284	679
677	689
79	100
245	331
28	45
69	434
389	476
276	491
305	580
8	371
639	698
33	461
194	382
222	506
395	669
156	449
389	436
396	459
141	411
209	338
133	537
99	231
535	647
92	136
117	493
405	437
297	589
58	318
259	593
55	96
4	211
66	406
539	614
200	351
169	389
110	332
579	692
297	680
63	462
17	228
169	572
283	350
152	198
397	479
306	608
467	591
231	569
324	698
82	238
46	396
322	465
167	211
51	627
401	479
581	612
158	195
176	182
13	519
194	673
60	439
40	586
251	499
25	415
116	337
389	431
301	681
249	274
100	174
97	465
248	258
16	120
223	556
149	171
31	35
347	510
481	541
47	471
58	466
344	607
201	259
283	554
340	666
220	392
71	429
7	379
134	539
394	555
297	360
294	638
616	633
52	486
525	559
223	379
419	436
58	208
329	511
15	202
284	539
280	291
486	684
583	613
52	317
84	103
57	691
446	659
421	699
471	523
42	607
74	590
510	644
75	253
126	435
172	184
204	227
248	588
41	349
91	369
83	372
113	147
525	636
226	409
540	669
169	470
194	577
475	488
33	412
43	290
101	621
337	572
69	361
294	465
27	594
129	156
86	510
114	638
2	198
251	661
232	487
267	324
284	393
276	439
20	361
53	151
329	368
75	86
594	652
115	414
241	366
316	321
129	326
416	523
216	563
0	697
478	675
158	300
358	405
379	675
292	364
311	577
653	663
104	632
171	622
178	632
202	321
250	679
288	576
244	618
67	503
40	437
111	693
73	470
232	602
80	374
122	518
482	685
171	536
158	222
46	261
461	684
486	506
72	556
57	469
104	329
146	413
4	235
92	225
313	623
31	188
86	463
24	63
475	659
451	459
9	641
357	512
227	520
435	563
103	440
13	455
399	499
516	692
4	622
53	215
386	598
145	371
43	234
215	413
58	655
278	378
205	317
106	188
171	224
139	253
26	56
673	685
148	475
484	544
269	343
559	641
423	461
349	657
192	404
123	664
373	425
268	653
112	395
28	66
89	497
113	366
162	264
74	168
591	697
142	500
50	559
327	510
215	557
210	485
380	501
89	250
175	675
213	665
283	662
525	678
178	402
43	357
349	566
153	474
69	310
17	81
22	183
115	522
57	305
67	656
381	496
105	174
229	578
334	598
200	389
247	383
26	577
481	488
155	259
411	496
15	586
207	330
538	672
13	142
412	638
35	158
206	284
442	525
11	342
99	678
460	619
573	698
292	444
621	697
111	141
67	270
109	255
273	408
104	322
333	470
645	656
490	563
49	78
2	367
261	546
297	371
540	691
317	524
114	546
196	685
459	538
473	521
433	607
306	384
323	506
306	568
488	598
179	436
131	680
154	465
365	689
19	596
186	234
108	676
449	579
40	415
243	641
414	441
597	648
321	331
626	694
10	195
93	273
205	540
394	654
83	261
177	500
240	421
238	383
236	283
238	344
52	262
63	71
525	574
457	512
110	514
417	636
119	651
523	642
500	605
480	679
662	690
364	560
10	663
30	475
465	510
62	87
199	511
52	625
179	382
311	586
8	454
133	548
259	392
88	157
37	390
325	597
152	591
357	612
566	699
199	667
154	331
222	517
166	526
71	652
20	317
90	607
0	36
366	564
243	290
41	603
307	560
632	655
348	394
258	671
108	450
231	674
33	74
130	253
314	577
263	412
350	379
318	443
219	401
126	557
154	654
69	157
45	427
174	665
160	163
20	257
418	655
253	693
255	522
211	485
478	511
311	515
267	361
217	327
300	445
593	594
96	645
298	523
436	547
300	669
531	588
46	371
466	480
406	492
361	577
184	267
87	295
89	302
347	484
463	653
55	137
18	567
204	281
628	686
267	474
180	274
51	644
231	474
554	622
98	100
616	624
5	336
170	274
632	697
353	676
72	117
41	214
497	631
259	292
20	565
51	117
506	635
159	209
70	503
0	197
118	598
302	386
592	684
11	473
373	424
96	172
11	482
331	697
50	445
436	675
560	631
239	254
474	546
17	286
339	552
148	354
474	650
131	176
108	367
18	121
250	657
494	688
28	123
580	631
510	616
87	506
8	125
520	639
76	339
186	485
238	618
100	451
396	535
307	616
177	218
493	614
114	345
167	383
579	673
346	471
125	522
210	667
143	508
105	378
45	65
567	670
91	198
153	268
265	293
618	690
93	508
338	382
365	563
176	350
213	345
439	512
134	156
41	444
124	423
365	433
283	623
222	245
306	509
270	467
54	209
275	338
241	687
303	547
247	421
629	673
93	583
32	299
42	249
21	421
111	200
154	509
83	308
177	286
239	437
75	171
133	453
2	564
43	577
373	563
379	432
534	653
227	656
137	312
555	661
488	532
142	272
384	449
305	602
128	386
165	275
95	114
186	668
134	261
291	628
113	604
174	536
3	118
403	423
676	690
301	625
429	562
387	524
100	317
281	671
238	244
217	285
246	668
330	586
290	480
61	490
650	657
26	547
444	535
410	698
271	583
309	353
15	607
500	566
465	630
557	685
31	226
545	623
80	315
658	678
26	611
31	525
83	404
283	557
233	644
167	214
83	206
145	313
68	403
260	292
670	694
137	275
270	643
108	416
232	434
552	660
374	522
39	223
92	198
110	509
28	309
267	626
57	85
248	483
12	509
50	166
296	470
671	673
18	238
14	582
119	569
266	380
517	580
105	119
371	644
258	486
56	67
0	226
374	659
406	615
126	353
429	657
128	139
488	659
91	171
10	404
65	113
76	388
130	541
124	288
161	586
168	223
46	699
56	261
25	498
402	643
265	275
137	647
328	640
140	505
424	455
429	465
400	422
229	467
72	519
276	604
416	668
38	180
407	685
254	407
413	574
67	697
361	509
81	545
440	540
90	278
189	434
395	548
464	591
297	694
287	687
215	373
216	681
92	398
189	579
171	499
384	685
33	664
589	664
202	690
19	546
48	400
152	422
436	535
247	483
299	426
554	681
73	393
121	195
63	674
13	640
363	605
488	635
108	280
258	419
456	680
223	487
565	661
321	381
412	595
644	672
102	180
448	678
179	332
47	301
134	177
384	512
363	451
66	391
211	333
198	522
30	317
396	567
331	333
33	343
68	241
58	654
256	648
318	420
435	470
90	653
62	693
125	339
477	606
254	526
250	678
89	270
342	413
240	650
118	578
184	378
255	502
89	177
380	698
10	38
76	472
245	378
73	223
258	287
14	131
102	320
224	591
271	445
149	605
225	227
470	502
617	660
577	661
81	221
242	342
27	640
381	453
170	608
186	321
27	159
557	638
82	482
457	511
335	564
75	567
417	420
458	651
40	689
184	239
76	139
82	319
358	521
246	607
59	622
256	303
211	695
390	451
410	484
104	192
506	671
489	578
536	564
27	170
304	657
40	589
400	456
220	670
191	436
53	339
125	231
427	552
75	522
182	367
315	634
544	641
224	562
254	581
62	263
105	370
145	622
32	441
549	648
272	454
101	455
513	535
17	399
301	689
534	542
161	443
599	656
413	529
608	694
292	326
42	630
226	693
107	216
597	692
15	121
167	629
599	654
261	344
83	293
127	139
46	201
459	518
4	428
333	448
191	384
70	425
150	370
134	514
9	80
100	385
470	657
54	506
30	262
91	160
606	610
223	254
475	591
280	577
304	557
384	496
605	691
110	287
236	469
171	211
68	431
310	342
130	510
340	628
65	189
387	587
89	144
528	649
85	170
195	436
173	338
136	422
197	237
314	657
589	672
14	74
31	583
1	687
79	543
153	582
441	671
146	566
158	681
18	322
46	508
35	646
452	579
323	378
286	551
88	266
213	236
175	176
191	544
658	699
9	530
263	419
126	295
250	435
99	659
338	430
72	281
117	618
463	516
292	319
346	379
448	539
100	547
8	79
154	223
260	576
261	637
81	320
90	677
249	402
434	505
30	436
210	406
55	654
648	684
222	263
156	317
111	409
14	448
353	615
181	680
307	515
288	639
104	220
167	272
239	508
375	390
548	602
192	256
50	385
573	653
113	678
192	452
10	67
177	431
32	202
479	550
141	610
384	565
238	539
121	340
442	446
474	643
150	197
492	579
403	647
152	275
141	561
239	312
65	186
318	454
30	110
75	404
95	132
134	551
184	359
532	634
19	180
166	192
104	241
82	513
187	647
217	307
56	372
106	624
12	636
105	343
263	466
419	595
273	573
143	330
265	423
338	625
371	457
294	484
168	504
88	594
19	68
186	440
412	426
188	581
344	401
305	383
316	365
435	473
6	150
394	517
365	570
100	280
163	563
108	350
70	149
14	275
49	91
12	115
187	416
140	589
263	469
236	356
292	302
43	565
615	683
30	359
127	212
84	124
250	612
27	462
133	569
328	642
159	175
282	632
610	680
329	525
180	430
218	525
359	395
62	92
530	671
310	422
454	561
127	501
51	62
127	412
38	39
443	641
11	132
418	628
156	223
156	197
405	646
25	625
310	513
422	567
118	448
581	650
436	558
460	627
39	158
160	231
125	371
394	405
101	200
575	631
509	620
8	94
322	436
219	387
81	678
175	297
106	412
123	305
94	629
187	511
337	582
125	634
436	653
327	415
473	666
5	631
50	367
429	605
276	443
501	545
158	371
163	639
154	592
106	356
93	636
176	336
584	601
83	468
350	594
145	236
296	687
203	470
15	266
250	532
507	584
162	664
261	690
498	586
65	67
300	506
461	599
214	572
134	547
47	650
359	410
274	675
188	488
139	242
30	399
585	653
47	677
7	581
362	693
167	498
132	349
224	252
376	573
177	258
248	370
378	523
398	670
69	304
459	542
86	174
332	600
273	678
194	521
533	543
315	359
361	560
341	533
31	119
369	542
45	400
374	573
291	352
5	458
264	584
464	689
256	269
239	672
398	500
178	625
471	602
275	581
26	322
24	358
234	354
391	447
286	523
561	623
112	446
169	269
115	331
77	211
220	468
608	675
74	384
381	478
116	392
9	168
434	625
43	512
132	541
65	551
413	655
223	355
590	636
91	506
86	165
3	175
475	514
101	333
17	318
8	562
46	281
424	570
19	121
336	666
247	267
386	489
48	259
592	697
7	523
48	393
229	565
30	131
164	360
125	436
129	577
51	439
12	550
157	688
19	635
120	541
114	336
48	670
549	593
32	489
235	267
131	355
321	355
436	443
252	663
258	433
516	681
335	584
541	679
89	186
407	666
132	260
155	316
56	349
338	383
482	656
26	274
149	461
284	607
134	262
119	263
54	485
428	637
285	367
141	222
67	493
479	605
91	657
202	292
489	606
308	527
374	620
203	613
121	371
220	439
466	652
458	473
360	444
375	663
311	688
34	61
23	293
358	444
134	354
143	386
432	454
29	184
194	464
374	584
92	617
323	395
118	642
226	362
62	287
154	432
42	141
121	576
633	638
366	699
58	114
31	176
97	295
21	488
73	219
535	678
132	604
108	346
368	454
239	589
355	433
394	399
100	136
140	656
262	581
153	241
172	236
93	358
5	158
115	425
63	344
501	585
120	213
406	483
144	307
70	621
205	658
309	586
204	352
157	373
110	114
144	598
124	677
382	564
48	172
169	191
78	234
18	27
570	686
298	627
81	338
157	445
52	178
15	327
357	526
144	563
4	681
23	184
446	483
294	644
12	272
76	460
277	307
55	424
301	337
662	697
126	264
114	627
101	380
188	599
243	410
8	281
62	417
250	653
456	684
562	581
389	393
436	543
252	541
393	574
121	367
147	218
233	367
340	588
101	577
61	269
176	604
133	693
155	694
20	529
170	672
492	666
369	480
208	285
253	380
281	624
134	451
33	492
276	651
476	556
385	475
166	316
631	652
58	205
74	319
518	684
225	626
234	448
276	452
59	248
150	264
311	482
84	462
226	488
432	442
226	521
392	586
49	257
222	687
386	518
633	642
277	627
155	281
117	439
70	496
103	656
139	324
177	385
190	600
489	693
63	562
96	653
360	460
203	587
114	264
165	423
287	357
217	423
94	238
187	568
285	610
154	606
50	536
218	317
338	414
433	533
554	690
154	282
269	421
460	477
498	522
5	349
56	376
359	583
466	663
236	410
222	414
376	588
140	471
257	476
509	697
274	692
347	378
345	528
229	509
356	633
8	543
9	540
138	278
624	654
177	276
55	228
174	466
208	455
115	196
9	434
327	353
107	217
498	510
173	542
211	435
356	618
51	207
105	239
307	678
267	542
8	127
316	681
232	262
335	357
23	613
44	91
20	327
281	394
415	660
51	568
199	501
526	600
189	224
274	496
331	698
18	628
425	658
157	471
223	224
252	518
45	59
249	376
593	601
203	369
4	149
203	432
92	226
294	509
378	573
382	694
389	575
361	489
84	87
324	555
481	513
15	633
0	526
62	643
427	695
149	494
119	675
169	675
531	589
146	631
53	649
97	151
277	306
407	523
146	564
234	243
154	178
212	317
49	155
91	201
451	458
272	675
441	676
105	117
230	507
515	543
10	402
291	428
181	310
303	617
272	645
0	619
88	310
117	440
180	626
349	571
529	619
421	635
242	542
234	468
462	599
79	301
34	171
45	357
450	582
311	489
460	475
305	337
82	230
313	475
157	307
15	321
340	355
184	242
190	549
510	525
591	598
158	674
33	152
119	451
43	659
533	544
72	612
311	444
275	611
48	245
190	203
313	468
27	528
616	667
116	455
498	589
607	688
118	430
167	258
256	540
181	620
602	695
5	618
364	670
160	369
416	481
21	486
161	560
361	539
74	453
238	358
130	185
548	616
389	408
84	288
476	569
121	559
42	428
99	375
243	616
326	485
349	416
538	587
420	563
22	465
557	592
571	609
44	638
369	609
123	557
157	665
453	664
69	148
30	376
163	236
566	577
256	341
110	189
470	509
167	366
87	326
403	556
114	290
288	381
127	438
441	654
169	287
186	582
337	529
191	457
150	390
59	460
486	681
302	628
229	513
148	351
342	501
125	524
163	673
257	304
435	528
371	450
151	532
171	350
260	645
158	205
47	526
12	232
31	377
215	340
552	694
136	234
192	533
20	183
241	530
398	439
324	682
42	235
160	440
8	135
317	691
432	638
196	390
114	699
80	513
218	676
86	647
15	182
212	662
82	496
192	280
180	565
269	286
310	343
183	455
320	515
464	691
137	169
478	641
330	403
162	360
102	654
585	661
577	598
216	696
259	665
81	94
283	303
224	622
122	400
224	621
271	555
107	221
143	455
622	679
392	545
230	470
136	202
40	211
241	511
434	672
21	442
200	415
21	477
36	114
134	508
125	198
106	115
195	313
41	547
177	559
253	363
354	419
173	374
35	454
121	381
141	202
16	410
253	269
164	672
357	534
490	662
89	488
422	628
228	303
255	660
131	297
500	683
257	572
327	368
435	698
254	451
3	79
571	620
513	611
58	697
326	572
610	643
38	585
195	305
151	398
247	256
41	430
110	232
19	659
444	560
28	660
13	692
282	684
389	670
11	690
85	148
335	535
410	487
52	527
255	695
116	310
35	384
590	652
280	281
27	259
97	592
360	676
309	596
102	276
316	535
142	664
70	609
229	374
438	571
402	692
276	444
268	670
260	615
234	610
102	287
411	443
286	430
185	542
211	401
557	594
255	486
437	591
308	385
282	347
505	671
111	142
87	552
90	417
350	647
437	668
31	528
58	492
309	515
19	404
127	449
54	698
45	194
412	602
210	576
38	516
548	653
426	674
292	599
284	405
186	370
8	227
230	648
253	634
22	315
132	287
524	687
115	152
50	270
53	591
74	343
84	208
72	600
287	371
315	689
60	440
260	509
54	433
397	491
232	539
81	546
108	372
109	234
123	685
290	627
139	188
236	538
161	199
286	640
420	537
642	663
247	347
262	267
36	306
12	476
122	640
189	249
85	345
64	510
27	570
495	597
77	489
294	671
115	409
258	313
306	437
53	257
331	625
384	691
62	489
446	632
82	364
143	335
34	351
588	605
570	679
152	154
119	258
257	361
375	414
7	614
367	538
146	241
15	245
666	685
351	499
381	432
453	678
466	590
390	530
166	339
100	582
53	509
130	217
118	367
230	589
74	608
3	685
249	447
59	675
168	664
239	618
306	353
123	564
55	673
55	211
368	508
294	536
632	667
286	399
186	296
60	235
126	614
296	504
483	590
14	607
565	617
251	440
62	612
48	255
225	545
348	511
144	631
484	524
3	652
17	510
43	368
321	479
295	511
284	426
582	657
225	400
162	601
527	585
159	604
205	378
222	316
413	414
248	349
34	604
134	410
62	490
287	474
420	548
192	405
315	565
301	368
366	678
302	662
130	207
77	684
356	678
211	349
179	577
90	135
16	218
90	177
99	316
556	601
415	436
145	288
170	236
469	613
556	605
52	293
242	598
53	461
300	399
115	694
95	234
450	628
62	73
330	592
116	542
134	686
13	564
485	695
130	435
180	495
192	480
288	473
656	697
598	615
8	138
14	200
529	680
45	64
464	617
13	446
28	71
13	655
37	630
283	547
184	297
324	330
281	571
209	309
277	668
510	586
64	387
200	642
27	637
179	266
23	31
244	458
17	288
45	468
188	629
183	358
270	681
110	320
280	406
15	429
519	572
322	674
210	574
151	224
512	617
318	613
638	669
489	628
583	672
536	576
184	439
125	186
133	328
411	592
441	604
50	413
181	685
82	620
25	362
327	654
226	473
159	236
313	412
70	691
346	582
356	466
125	369
411	413
159	558
170	685
77	440
564	694
255	583
115	466
587	641
497	697
422	558
30	304
3	618
20	182
304	592
345	533
560	582
341	456
324	339
50	138
136	261
294	587
81	492
210	453
78	380
353	394
384	444
575	694
382	498
83	113
42	92
278	692
205	538
169	273
590	610
112	337
130	188
659	670
539	637
521	596
355	693
92	285
30	473
263	619
155	670
256	516
19	657
139	157
0	212
529	627
240	412
77	565
34	35
393	615
21	513
228	652
267	674
11	587
179	654
327	354
485	688
298	538
405	678
536	585
8	22
47	151
385	417
6	231
364	668
397	455
263	430
600	679
77	682
644	645
101	446
120	627
110	203
388	558
123	422
185	249
345	346
385	554
62	197
77	504
228	231
256	608
49	297
29	647
217	396
90	552
30	259
177	476
374	636
396	398
430	669
475	654
506	659
289	372
189	648
387	426
305	625
399	689
42	403
22	68
200	318
422	597
483	671
289	394
367	508
143	201
57	204
488	643
215	582
471	566
105	645
407	524
313	546
277	617
597	696
247	328
382	552
184	355
53	651
247	661
305	524
90	311
53	697
89	365
149	613
99	643
16	533
54	132
7	218
328	550
47	345
316	674
243	632
98	408
5	161
372	692
436	508
219	533
46	158
70	428
157	684
555	693
102	550
13	340
240	432
406	601
152	247
508	608
184	693
150	520
68	665
229	653
323	593
327	667
87	189
284	597
15	643
45	384
255	386
370	600
223	657
17	281
247	495
147	523
136	446
76	335
253	419
67	367
487	660
561	658
154	660
131	420
72	503
289	552
219	570
42	117
451	526
258	611
421	559
362	445
83	546
454	556
46	298
77	186
174	177
420	627
138	487
168	203
214	504
34	228
433	483
129	410
355	509
212	514
39	413
536	582
136	347
295	487
326	424
443	594
10	104
660	669
39	99
275	348
388	519
330	344
99	522
628	658
423	460
401	487
462	513
519	623
114	134
406	659
33	332
66	74
111	420
240	511
336	660
292	449
537	692
354	423
273	456
303	493
187	375
103	355
313	391
124	682
561	601
266	382
20	642
244	438
93	665
150	569
79	136
237	470
21	587
371	694
161	359
251	463
115	467
77	582
184	363
93	670
182	300
118	531
238	621
28	339
67	389
43	533
19	405
197	545
298	471
408	510
80	105
345	493
125	548
384	538
104	250
337	414
184	185
374	558
397	548
43	241
292	554
130	358
347	412
62	589
96	252
669	685
517	600
341	372
340	414
166	452
43	279
422	622
90	591
125	346
220	259
580	685
235	523
198	294
103	281
153	404
316	454
107	499
28	270
88	525
96	572
277	531
478	526
427	528
410	417
2	144
35	407
134	660
199	437
52	387
51	389
419	572
376	459
411	650
160	421
468	699
188	443
11	508
119	685
118	323
123	321
406	535
142	194
344	421
186	648
535	595
361	557
354	451
4	217
378	387
152	473
451	621
5	682
212	642
445	582
141	636
66	535
513	586
141	457
44	390
416	581
253	385
439	647
230	583
206	531
66	664
297	512
30	150
15	299
26	459
62	113
34	225
383	500
145	215
521	545
176	411
246	373
414	682
165	527
426	682
98	593
257	373
41	687
188	458
373	378
125	638
66	144
414	546
62	626
141	282
111	399
126	211
111	588
229	523
131	507
349	403
453	617
129	567
1	339
361	663
345	440
10	279
161	604
172	577
180	448
534	559
420	573
197	656
238	529
361	555
577	607
99	670
61	385
155	621
384	625
423	560
85	440
99	368
79	315
277	311
430	536
305	379
553	596
426	628
204	269
122	328
500	633
31	557
120	581
438	577
52	64
460	570
217	324
524	697
153	364
111	233
143	523
656	690
331	570
55	699
134	203
270	493
636	694
73	448
230	665
115	360
232	305
234	400
88	410
60	131
47	542
224	607
214	524
74	416
353	483
41	510
113	628
189	207
562	695
35	316
29	208
152	562
75	276
177	371
5	575
469	489
111	525
312	572
555	673
659	672
445	473
412	443
142	251
39	506
188	435
463	548
231	321
93	632
38	111
100	488
91	427
97	545
9	373
185	344
253	609
402	591
278	621
188	401
269	329
8	411
135	243
80	415
138	500
305	562
62	162
125	411
383	459
389	595
119	406
374	396
362	690
105	693
5	590
355	671
50	263
497	647
378	664
426	565
25	347
524	552
206	278
241	553
165	374
13	63
90	469
150	586
388	694
164	688
472	479
559	604
390	496
220	486
29	462
79	509
465	486
41	382
254	497
227	602
258	571
185	569
250	378
329	574
152	262
415	652
141	309
127	213
87	569
199	408
316	601
91	512
215	548
234	334
320	360
70	505
521	696
56	660
354	437
60	622
344	367
6	511
53	504
33	195
674	675
230	389
55	587
256	357
457	467
357	457
231	619
156	398
400	600
427	474
208	465
56	306
249	643
437	553
484	623
133	397
163	186
424	435
133	635
388	611
121	685
195	495
99	418
351	508
358	628
168	563
101	697
53	277
326	429
164	271
56	471
173	599
151	388
29	438
153	542
123	384
136	165
245	689
294	604
59	495
276	418
6	172
47	206
138	616
10	650
232	367
91	314
72	156
111	147
313	401
337	521
96	254
484	583
221	454
301	373
144	585
57	274
308	630
137	585
232	688
105	279
575	588
400	445
100	212
285	577
365	443
73	524
407	658
205	644
368	539
447	548
283	292
32	112
3	171
220	621
187	223
174	311
73	144
92	431
59	376
200	552
187	469
414	445
56	409
662	680
513	646
240	488
244	334
79	431
418	441
302	335
466	647
374	650
103	496
122	670
83	124
81	107
5	550
230	426
210	348
7	641
62	80
109	306
385	605
156	320
63	646
75	371
44	594
10	692
244	301
256	432
12	510
46	87
437	560
331	550
147	232
202	426
263	287
24	448
328	680
1	546
472	684
143	225
178	311
488	502
336	635
306	403
86	516
384	602
70	182
300	486
194	220
123	689
62	82
142	479
512	697
108	311
242	505
213	375
10	552
304	678
191	653
578	678
54	354
25	696
527	616
154	583
441	580
82	475
105	278
116	523
377	441
392	585
94	485
85	664
451	588
16	627
608	625
122	144
283	693
127	500
420	586
331	379
38	211
59	135
421	613
69	602
230	535
212	228
72	86
272	638
564	610
194	413
142	567
279	670
488	677
329	548
200	509
304	693
293	309
270	360
504	570
167	622
550	638
307	492
73	238
225	277
2	95
198	335
65	614
343	596
610	689
152	602
239	502
358	471
11	602
362	691
19	89
588	695
142	503
4	315
105	335
441	639
96	355
158	365
74	275
39	692
80	309
260	414
228	665
373	476
91	120
6	422
103	339
51	646
246	274
500	640
65	89
168	468
266	697
211	332
390	635
471	664
296	481
76	653
293	676
202	579
113	284
6	580
227	325
65	82
309	414
420	469
271	547
396	526
240	646
265	672
318	380
313	519
109	585
259	601
94	399
9	283
542	597
57	662
216	658
358	371
249	331
300	629
180	557
397	520
102	509
327	496
173	620
57	606
236	308
238	369
254	689
553	598
390	697
611	647
216	219
350	428
66	403
145	331
31	592
126	569
21	44
292	428
297	612
146	627
221	432
529	604
143	684
126	612
128	263
395	539
146	385
424	695
17	146
323	549
122	137
63	177
68	653
111	375
119	150
109	403
184	461
95	611
80	180
424	490
215	552
157	645
117	249
174	309
310	496
187	421
129	151
203	656
68	158
9	654
236	621
537	584
36	47
538	579
373	696
162	543
171	343
13	634
413	671
97	605
193	348
94	542
41	69
377	596
373	584
529	537
18	293
268	540
167	584
404	640
125	650
461	643
246	365
16	415
50	478
175	500
309	407
423	644
595	658
65	265
144	472
479	557
40	295
198	604
164	356
302	349
98	558
411	470
90	260
309	637
202	341
42	259
629	636
338	609
16	461
535	593
301	494
18	155
212	393
303	627
97	657
52	118
386	656
243	576
141	168
114	492
427	566
188	682
87	465
26	445
114	258
326	458
447	452
589	681
450	621
2	643
62	196
93	443
89	118
214	310
435	634
130	594
99	499
504	616
439	563
627	690
79	377
221	434
98	564
87	277
59	289
259	514
174	420
263	574
94	145
307	653
265	315
185	643
112	275
177	415
339	342
23	512
298	393
570	634
38	426
575	599
375	576
634	664
117	124
350	479
663	696
426	471
25	586
580	581
176	575
647	689
170	520
413	619
137	460
175	609
100	290
83	100
150	336
23	616
33	145
384	594
93	463
326	349
109	287
186	470
118	469
161	211
194	428
88	687
232	647
126	179
235	571
377	619
461	675
104	358
273	459
6	295
122	647
217	404
88	197
144	626
46	266
405	654
55	391
160	311
366	513
52	116
374	607
108	387
449	570
44	515
233	538
185	511
629	665
387	546
307	624
174	628
227	333
153	348
269	544
230	654
543	672
230	549
117	630
223	502
310	371
182	325
285	344
128	690
237	274
13	342
250	495
94	304
39	409
11	511
95	419
270	656
614	628
28	37
240	659
150	619
187	682
91	493
458	659
321	650
419	695
124	377
644	668
320	441
92	272
69	689
170	390
6	35
280	592
352	568
176	417
295	572
49	658
294	405
120	209
42	310
36	41
497	535
534	577
342	415
400	579
262	312
77	398
116	661
63	672
44	598
15	42
38	662
184	451
390	540
313	419
111	197
33	77
658	666
51	584
263	640
62	338
435	507
241	637
204	585
418	658
191	424
510	610
177	272
14	400
148	299
174	235
241	695
47	93
186	511
41	642
446	468
199	302
344	643
249	374
185	437
591	679
281	373
278	388
319	624
23	48
101	539
374	473
180	222
102	109
375	627
295	571
300	618
52	604
141	219
62	590
117	133
172	556
151	497
231	293
590	668
196	490
11	370
399	607
28	653
78	143
40	596
323	635
9	31
158	272
199	528
82	138
141	331
207	540
187	384
100	526
415	638
69	224
446	633
51	130
340	682
199	615
212	321
207	497
117	601
477	696
73	587
195	631
152	367
35	696
497	643
509	694
505	636
142	518
277	688
227	583
187	370
218	633
76	663
50	209
628	667
230	262
671	689
145	441
453	486
151	644
185	530
272	468
243	526
261	625
539	585
29	649
34	113
61	336
233	615
151	189
510	557
283	310
264	445
17	311
200	623
244	478
277	373
451	681
275	559
270	405
347	670
164	183
100	139
665	666
422	598
437	449
261	560
113	268
580	672
313	351
105	242
197	435
282	634
484	589
304	697
486	560
621	656
210	278
214	442
38	120
561	562
125	539
189	304
503	586
457	462
100	569
323	630
490	592
100	141
65	550
467	635
29	309
464	620
397	468
185	427
358	589
214	385
24	581
551	583
384	603
534	599
55	417
218	348
203	682
180	462
627	685
26	440
538	679
338	512
141	317
76	206
299	653
487	696
11	39
38	437
502	620
276	538
193	325
48	121
32	185
306	656
161	202
106	312
109	382
65	525
70	119
342	661
179	525
293	352
239	654
450	612
236	291
405	426
293	319
459	485
175	688
41	454
170	404
269	553
232	275
376	584
187	581
604	679
554	577
304	515
59	447
290	503
28	326
169	489
256	320
21	543
571	654
22	569
282	619
557	615
71	192
542	639
2	285
645	672
40	418
327	576
283	551
400	483
286	538
314	400
320	396
23	344
104	571
291	473
424	610
35	365
440	686
388	467
502	680
85	223
60	656
577	633
67	608
22	549
445	447
41	381
206	366
73	347
153	567
269	284
106	690
235	375
197	693
147	517
123	697
99	455
408	416
14	487
626	681
423	577
461	578
472	537
113	341
88	693
161	610
431	593
176	301
242	473
193	201
282	390
77	509
201	240
474	674
107	213
31	664
365	659
189	396
112	269
40	599
97	168
306	496
97	484
425	431
293	627
212	360
94	154
231	483
283	572
26	660
501	664
120	145
258	626
194	257
546	571
180	633
188	476
110	589
387	536
390	609
70	206
512	698
13	49
98	111
292	693
257	268
187	415
364	628
470	656
292	331
256	284
290	316
131	291
493	694
421	593
237	570
13	273
75	655
321	537
122	510
294	676
11	618
159	547
196	441
52	450
308	552
1	160
16	134
46	445
572	583
182	610
370	675
90	355
517	530
542	689
10	470
411	471
397	684
524	659
355	590
332	346
171	334
127	341
460	698
262	692
304	542
38	602
244	263
311	317
126	597
657	658
417	569
435	523
32	451
501	502
82	666
130	189
38	377
309	636
237	380
245	440
238	508
238	659
132	252
545	593
368	373
12	572
274	290
354	467
66	109
369	485
438	640
464	470
301	525
347	553
325	668
119	378
245	360
266	378
212	682
199	389
203	444
418	442
165	378
266	659
212	354
197	554
456	478
110	447
415	613
348	419
41	459
20	634
165	421
199	340
28	608
362	446
64	310
471	472
105	601
533	610
226	395
236	334
302	601
266	391
444	450
174	249
80	149
202	698
109	599
249	341
277	586
337	430
419	553
486	568
227	378
207	693
132	175
403	474
263	370
253	482
2	134
116	479
30	341
65	291
396	604
92	428
8	179
348	567
250	361
267	272
543	693
204	336
104	413
81	668
308	411
53	316
76	428
309	552
232	403
449	490
256	317
438	653
376	552
163	690
439	452
38	286
109	645
124	651
524	583
202	584
71	108
359	382
144	225
52	368
69	506
288	645
236	572
205	514
518	669
340	511
70	214
82	96
107	601
85	315
174	632
323	428
24	380
312	507
369	693
527	546
168	636
264	640
324	468
233	686
515	692
377	631
1	195
134	664
591	652
64	131
389	572
120	343
112	608
257	345
184	290
102	433
373	579
353	630
532	551
34	608
103	421
353	490
47	140
142	380
108	552
171	576
118	272
633	643
644	648
27	248
44	270
5	34
230	316
597	653
537	662
183	644
24	422
287	345
102	441
44	349
530	630
376	698
163	604
544	678
116	665
376	405
107	340
127	206
99	234
192	608
280	483
325	388
214	320
346	441
340	578
50	349
202	559
40	538
431	546
352	549
53	596
362	630
581	620
4	424
94	313
73	572
380	648
131	637
387	683
528	647
22	592
536	546
359	566
107	167
269	445
359	478
255	297
200	226
158	583
274	306
237	645
254	410
329	424
225	517
86	408
507	681
124	263
248	257
323	611
470	648
58	118
235	379
321	417
76	577
81	585
171	228
192	549
554	576
240	587
164	518
151	596
347	513
322	466
159	578
287	411
54	285
328	596
24	454
80	110
288	560
79	336
414	473
420	550
457	685
49	436
179	584
259	326
579	647
229	315
400	489
174	399
393	625
88	300
14	392
395	627
152	528
56	576
132	471
404	539
208	573
17	611
189	409
274	630
28	423
378	555
274	353
24	302
90	553
91	248
10	93
496	668
4	484
355	378
203	441
576	639
118	309
59	81
44	572
218	394
331	675
173	508
215	583
137	608
47	49
321	558
118	356
245	539
643	660
150	186
57	275
582	688
204	276
98	527
138	354
343	641
243	300
319	413
589	669
458	501
367	521
151	239
238	605
15	148
51	309
202	555
258	365
405	656
164	403
43	601
294	503
17	213
383	440
571	642
111	185
365	398
274	422
399	649
183	224
201	269
123	618
359	448
263	443
219	596
179	437
637	695
85	690
150	433
287	585
238	254
455	600
33	300
28	522
260	665
320	345
131	509
340	466
522	617
236	513
61	543
136	668
390	561
232	598
262	338
668	693
21	426
56	406
229	666
151	349
209	629
262	497
353	397
453	516
133	566
58	103
217	418
20	88
21	418
178	293
207	521
73	357
80	119
409	584
261	630
158	608
57	244
51	412
379	670
227	457
371	407
379	435
655	657
109	595
73	125
34	127
281	431
218	632
221	635
282	644
172	551
283	607
56	586
142	439
117	611
520	643
33	399
305	597
28	178
174	364
9	407
135	385
152	482
132	190
205	451
40	454
56	148
236	612
140	279
437	618
584	609
54	494
276	633
451	604
154	688
472	573
297	515
91	254
385	528
222	278
136	163
343	640
377	621
439	654
2	5
522	641
136	374
66	499
216	414
339	554
183	669
95	423
495	630
286	470
368	514
331	368
307	466
294	415
29	530
344	594
90	590
34	402
74	205
132	445
450	573
441	563
293	488
177	607
23	172
564	652
132	226
508	679
115	256
414	504
587	606
293	451
0	213
402	644
370	678
619	653
116	280
153	193
342	470
137	536
46	492
395	561
557	593
171	367
465	507
230	634
26	303
230	586
143	198
240	310
395	493
135	642
448	612
461	470
468	546
211	311
230	557
328	459
245	549
437	468
452	643
159	418
11	295
373	382
450	673
363	530
66	428
121	651
272	339
123	245
143	441
156	402
615	687
383	616
78	436
363	558
391	586
63	278
29	534
252	497
78	160
560	652
122	531
268	596
270	657
120	153
273	373
222	366
458	485
101	168
337	510
133	159
248	587
37	165
113	605
262	446
288	458
322	441
305	382
308	376
159	467
3	459
82	112
503	549
407	618
137	603
188	605
274	402
359	412
178	542
70	266
282	333
73	513
148	262
334	667
192	262
48	658
507	552
341	548
2	242
401	691
275	332
91	409
44	278
88	240
380	652
534	623
131	511
148	622
165	637
127	331
22	202
257	267
86	513
349	406
58	576
11	36
208	369
37	288
114	436
303	396
227	634
43	524
290	568
78	106
397	652
123	575
428	432
263	289
2	195
53	289
18	230
344	697
337	605
224	568
36	458
117	141
446	699
436	592
175	310
6	432
250	591
326	655
131	207
68	406
284	608
181	269
147	253
35	575
142	571
45	99
212	476
36	333
273	551
208	407
155	434
151	650
34	282
2	435
327	676
211	575
138	652
150	655
369	518
1	222
133	343
85	580
147	193
3	511
263	340
36	632
439	578
13	454
203	388
143	196
19	550
236	562
92	352
248	266
484	618
299	387
165	199
214	543
271	470
97	213
265	620
51	237
385	687
346	454
517	671
95	505
515	608
139	443
626	669
153	631
361	655
95	244
221	385
108	684
368	635
92	368
278	368
1	647
100	434
209	522
311	546
677	695
83	672
138	343
547	556
324	685
36	52
449	674
208	403
536	626
46	501
410	699
152	181
74	442
52	493
393	583
63	80
13	673
264	675
0	522
177	501
154	226
209	699
181	485
21	445
221	488
228	604
524	675
424	647
378	404
160	590
210	219
26	178
327	352
299	541
487	544
576	597
106	460
344	578
140	479
404	474
33	70
295	662
81	452
544	637
672	674
294	456
111	238
219	666
235	264
43	163
316	627
281	669
15	510
269	480
564	565
35	39
484	696
8	617
175	234
197	303
208	328
518	651
151	581
100	518
379	504
446	652
2	373
172	427
380	385
355	543
237	286
365	627
354	659
195	546
357	520
601	684
194	310
525	614
187	196
254	691
62	431
164	428
61	77
287	679
3	183
225	276
142	250
522	629
434	473
26	397
418	678
465	512
69	403
360	453
151	188
422	655
154	327
510	626
78	651
37	229
51	342
169	465
300	566
29	521
182	600
222	257
92	512
507	603
237	530
304	646
446	688
75	649
269	694
322	649
113	437
457	578
72	528
148	326
211	300
276	595
77	224
162	624
565	662
25	123
225	449
58	313
320	379
164	451
479	590
247	390
39	508
343	577
528	648
55	584
268	613
173	308
251	598
298	410
249	401
134	588
378	492
493	654
269	589
16	637
306	615
18	557
323	326
415	681
230	328
642	685
140	542
55	171
34	600
182	623
219	681
166	506
69	472
186	513
250	371
135	239
12	340
20	563
273	583
33	119
496	501
137	389
334	440
544	674
248	449
351	396
348	410
212	639
112	578
352	512
596	680
327	697
347	655
99	262
67	696
307	550
59	101
110	120
276	328
6	256
211	561
23	537
174	212
498	564
285	348
285	648
113	279
165	691
299	543
152	636
271	382
360	442
93	493
558	590
33	197
127	628
54	598
102	662
383	576
164	696
34	406
98	115
136	585
6	663
378	638
319	368
249	381
122	350
292	318
317	554
358	518
388	644
37	696
299	450
43	502
6	270
214	562
142	355
233	494
359	404
52	560
7	556
276	428
98	123
372	632
574	624
206	694
75	357
65	391
214	546
81	155
554	603
377	698
67	384
223	683
145	428
48	642
264	314
96	106
2	511
237	677
645	666
152	529
235	551
164	627
423	631
348	572
247	663
71	454
22	144
60	526
588	606
21	476
277	342
166	615
33	557
298	621
419	505
176	436
14	148
265	514
103	138
237	646
374	686
476	661
173	507
207	675
138	157
39	175
184	253
101	262
488	621
422	555
244	687
393	485
212	285
93	435
659	694
415	687
172	190
33	292
135	518
300	400
436	475
284	505
164	576
369	610
17	428
18	473
149	246
249	282
547	679
25	477
352	479
452	457
204	681
460	560
159	552
47	344
8	80
239	452
356	427
90	675
280	586
74	645
89	618
1	541
90	697
162	179
52	580
5	489
282	368
30	257
105	417
261	681
55	481
154	264
486	617
177	271
346	644
394	678
450	695
287	536
212	507
141	440
134	372
119	431
126	445
251	613
4	277
271	687
81	106
102	389
316	661
86	241
356	502
344	545
64	82
29	255
42	248
120	202
377	666
183	499
127	472
180	692
395	468
145	505
256	398
22	41
99	443
79	89
304	530
7	30
7	210
361	414
257	380
129	559
51	136
336	557
312	591
413	685
88	242
169	256
636	652
619	626
100	522
33	671
383	471
355	664
204	598
281	371
25	525
234	576
359	484
36	640
243	356
264	298
263	541
194	393
59	231
99	349
308	312
1	676
275	690
352	509
224	266
194	661
121	338
414	437
438	693
633	687
221	293
309	693
450	478
385	692
124	558
59	281
100	501
121	597
172	306
100	389
616	663
112	694
161	416
495	629
143	412
80	567
39	425
181	605
238	439
210	431
355	541
328	418
408	488
22	426
158	388
541	546
410	668
6	122
330	681
35	610
336	698
604	660
336	694
0	601
402	560
414	484
387	474
104	495
391	539
175	299
438	481
511	553
294	660
317	575
298	476
131	523
376	489
99	335
260	462
180	371
403	566
224	506
458	641
412	523
17	435
282	540
388	413
77	656
258	572
389	428
308	383
33	96
287	303
425	651
597	657
603	610
17	222
337	506
479	655
50	324
119	309
464	642
133	280
336	499
534	652
156	584
85	128
165	274
250	549
476	681
300	428
191	489
9	689
57	393
502	678
121	285
494	535
516	586
101	371
192	209
218	634
137	523
77	231
111	625
160	686
403	592
242	436
44	317
240	250
13	600
131	518
420	434
40	110
425	684
1	625
79	591
26	369
4	303
30	658
171	460
256	549
36	294
286	596
145	276
51	489
520	677
62	467
15	397
66	658
153	178
543	563
207	213
202	678
57	394
116	579
159	695
229	233
277	445
531	684
127	304
474	582
256	611
233	295
393	689
465	639
331	641
69	408
348	441
245	644
471	690
662	664
190	243
18	191
58	602
397	476
24	584
406	640
431	473
221	438
4	111
199	261
79	342
173	638
75	413
489	555
168	384
188	657
395	491
46	464
374	446
587	594
130	231
18	686
441	570
431	565
239	652
388	507
236	640
317	679
466	644
178	306
487	591
568	665
6	604
81	548
203	300
308	550
180	233
407	678
90	461
28	400
422	576
588	694
469	499
50	212
328	444
127	444
98	624
78	508
329	684
388	473
214	655
19	411
165	307
145	316
83	121
401	692
545	684
480	509
334	419
266	421
88	671
235	683
171	495
54	319
111	176
295	508
91	118
292	350
48	147
46	630
305	446
327	596
665	683
125	588
84	513
210	232
76	611
180	419
446	601
61	171
172	482
30	58
312	444
318	444
83	385
237	445
309	452
575	605
487	603
144	600
74	479
94	450
239	310
359	640
66	696
508	593
629	695
422	468
54	352
134	641
46	227
107	559
135	598
223	486
385	424
589	678
80	530
63	234
11	285
122	495
368	459
283	571
27	530
377	486
159	228
74	143
74	193
155	232
265	673
86	370
366	607
393	460
218	360
93	440
169	363
47	131
161	369
171	394
375	443
293	502
297	352
318	699
397	513
149	535
108	191
152	364
143	529
473	629
178	217
84	604
608	657
259	584
74	593
111	364
134	456
67	258
110	621
395	694
100	542
7	61
424	481
413	442
390	497
318	682
567	572
419	432
463	661
124	634
70	150
332	505
36	541
312	314
59	277
173	315
87	340
32	639
572	666
216	589
559	631
135	422
427	681
12	367
99	181
71	266
201	473
370	449
115	291
415	567
675	682
275	294
252	605
197	416
190	395
231	568
81	661
177	346
127	178
61	116
421	534
337	633
490	509
219	335
532	553
394	425
369	502
324	419
596	666
502	658
16	62
245	415
53	149
221	348
486	626
165	217
170	379
168	666
426	615
147	189
253	361
208	612
80	623
121	612
441	599
167	668
31	330
479	495
133	463
155	342
412	572
69	541
72	313
115	373
51	612
47	528
194	420
398	636
80	645
325	554
84	598
463	534
43	54
54	324
317	489
79	696
493	591
78	443
560	645
203	653
331	435
407	691
508	524
207	583
132	540
273	317
14	437
276	420
6	383
156	323
608	643
69	492
17	453
3	62
191	691
339	560
179	600
73	131
302	417
390	454
153	537
276	288
258	685
193	368
177	675
90	306
230	428
84	182
317	516
503	698
539	605
517	542
660	695
89	469
217	659
151	387
35	654
34	181
197	565
51	319
404	550
100	269
37	67
376	567
24	237
192	628
299	333
103	356
7	242
275	381
252	272
238	437
120	621
415	446
516	698
177	562
243	368
173	552
309	323
209	639
365	457
84	339
142	210
175	694
4	99
73	568
224	285
613	635
395	409
458	609
506	607
454	509
138	191
29	429
317	661
300	556
382	624
125	170
68	622
412	643
435	529
16	457
305	678
81	153
184	306
216	343
625	685
149	361
363	651
210	470
45	670
150	662
265	618
90	285
180	423
539	547
599	648
155	195
248	410
42	260
160	426
254	299
201	346
321	373
354	651
0	299
19	327
415	443
95	561
453	485
393	470
166	421
41	184
136	158
114	190
71	151
232	237
172	202
189	418
452	656
199	439
172	273
595	675
48	74
530	544
238	562
598	672
307	679
419	604
5	429
190	509
108	353
137	345
412	626
351	565
124	206
198	249
0	664
260	671
248	626
366	380
433	448
212	350
357	632
297	584
130	494
52	182
219	497
171	284
345	645
21	615
14	252
559	599
414	452
147	158
191	535
255	633
513	622
8	213
143	487
152	271
27	124
412	549
76	343
248	638
253	327
233	365
313	678
35	169
159	455
127	397
385	593
83	637
47	113
41	662
37	541
344	504
448	566
209	628
242	277
277	482
398	442
270	443
73	356
14	550
328	618
186	600
7	290
390	585
243	480
127	579
134	300
362	651
327	379
55	342
236	276
18	506
430	667
89	508
518	686
218	300
58	524
25	621
326	337
78	343
154	612
48	353
299	365
100	273
411	452
365	589
332	580
507	547
0	373
360	613
255	513
295	331
145	344
412	518
120	421
38	487
68	384
96	206
66	346
95	319
439	584
279	574
93	506
258	613
18	622
12	50
191	272
593	630
204	344
267	587
25	665
477	493
223	335
202	368
125	446
234	450
5	623
354	457
176	295
26	78
12	429
142	528
262	482
272	538
275	639
277	501
201	695
80	442
78	449
288	339
123	526
130	514
39	467
120	332
226	397
166	588
251	368
555	609
62	105
440	519
191	401
87	439
394	669
396	568
94	319
446	549
231	428
69	519
48	285
265	541
439	649
28	30
5	257
286	612
129	208
225	658
139	349
120	365
303	463
131	136
410	537
499	685
417	629
224	477
100	540
505	682
245	486
125	208
176	410
203	449
26	654
214	321
73	181
46	181
194	422
4	547
151	424
85	375
364	369
28	58
141	346
551	698
2	333
93	250
62	262
273	521
365	566
331	480
135	172
322	497
192	678
155	578
79	210
303	618
21	687
232	693
90	105
280	662
327	334
40	657
235	690
411	539
406	439
541	555
129	174
13	327
421	652
170	280
597	672
263	397
15	559
20	247
50	563
174	691
37	548
191	248
171	523
176	594
181	268
298	578
231	591
158	622
413	508
645	661
23	261
4	605
255	355
86	192
322	470
315	398
113	394
280	516
285	616
123	125
657	669
16	687
412	625
453	476
160	583
366	477
242	247
297	456
439	538
56	299
363	613
273	498
441	452
7	427
175	620
220	672
64	110
417	489
327	583
365	582
231	445
65	612
329	388
17	562
237	620
255	308
451	589
475	570
101	218
263	636
120	148
257	376
302	402
582	639
11	517
273	431
298	442
280	352
464	492
187	535
369	384
203	536
36	198
158	363
183	221
433	449
460	529
130	691
88	404
151	684
154	472
179	679
239	408
129	252
430	486
85	112
14	639
185	279
553	556
283	387
13	211
282	636
176	366
376	463
569	578
125	502
547	690
108	300
41	457
225	596
212	246
61	681
632	698
181	438
37	45
132	652
119	593
16	135
25	229
446	692
231	478
89	676
384	476
168	575
430	675
193	579
474	525
168	239
51	261
294	630
198	409
203	299
181	599
244	358
243	552
0	251
273	675
400	438
61	327
629	661
175	693
20	498
28	207
643	673
490	680
471	571
45	563
195	301
123	391
169	199
106	525
143	351
430	650
71	482
376	672
66	615
560	612
79	329
167	305
466	513
11	455
337	419
343	345
458	606
208	340
84	686
29	35
134	330
158	611
95	620
262	415
229	566
200	241
116	589
469	477
460	611
30	491
57	455
141	563
177	651
80	584
298	379
549	616
204	416
300	620
311	418
467	578
65	158
527	557
298	678
186	303
177	557
473	664
465	665
488	624
478	498
119	181
333	369
5	396
312	476
313	418
67	490
348	600
77	308
129	288
14	546
400	690
92	539
271	656
527	630
20	399
173	282
272	481
369	571
129	292
141	223
519	525
613	677
191	684
136	692
79	482
37	410
239	439
366	424
248	524
225	576
406	485
516	559
320	609
134	531
286	546
45	423
75	369
15	81
128	415
145	483
181	382
51	436
318	359
120	640
185	525
113	425
13	415
497	634
15	160
319	531
129	247
254	442
53	351
235	452
130	295
165	354
291	317
77	456
203	246
13	180
84	187
63	687
68	285
331	513
114	178
133	533
78	296
244	536
611	693
208	488
493	667
381	469
86	488
430	574
101	282
167	486
210	651
116	564
11	160
55	272
84	252
588	649
91	276
210	296
345	383
235	266
349	590
213	400
28	560
272	507
671	685
513	536
618	645
125	475
64	655
654	664
427	482
248	275
9	164
104	209
53	284
98	303
523	663
558	583
262	365
153	523
157	664
272	440
353	403
217	570
272	557
381	465
494	651
50	632
261	366
54	624
11	685
228	639
353	430
516	554
12	160
317	539
410	618
296	365
159	685
426	475
115	501
245	619
113	184
104	412
153	573
286	527
185	686
344	596
400	693
368	506
76	642
107	491
455	660
345	660
145	547
84	455
42	351
141	552
371	565
250	575
249	367
58	509
222	386
282	606
379	419
215	465
93	642
79	487
348	432
231	628
516	679
20	171
144	234
14	97
363	511
473	504
51	71
429	636
45	126
297	552
37	168
48	117
149	435
334	465
270	396
76	553
458	687
502	639
145	639
15	183
31	108
242	260
186	544
243	473
315	462
377	588
176	601
8	389
374	442
341	644
273	384
349	688
221	403
315	577
215	290
119	189
199	616
519	675
411	696
176	570
386	584
15	668
288	500
392	453
274	660
126	265
287	410
13	614
98	176
231	287
615	676
550	553
59	259
296	559
333	354
78	668
450	522
148	417
28	506
45	222
18	645
228	422
168	202
236	466
51	386
510	573
239	255
316	450
310	680
236	369
343	425
107	368
142	369
513	691
85	633
11	146
295	390
328	406
256	459
599	601
128	699
202	670
593	632
258	421
97	406
316	619
43	508
242	621
185	652
35	315
534	628
294	501
174	579
352	434
84	146
321	345
316	624
48	427
135	167
231	410
157	666
229	689
114	200
158	293
118	234
69	357
191	699
165	418
22	627
259	284
333	425
420	458
134	227
406	643
89	583
47	483
159	683
170	265
452	499
109	129
280	318
213	652
139	240
475	683
37	95
184	511
124	309
143	585
105	627
424	688
120	435
398	600
228	513
35	419
0	327
637	645
375	642
508	606
85	103
77	264
361	674
111	315
63	145
46	139
399	578
270	422
262	301
434	559
148	225
6	452
21	559
605	638
222	396
191	326
386	573
26	281
73	663
299	391
132	330
10	237
190	589
353	675
238	266
271	517
223	542
141	539
434	615
311	323
305	409
331	406
123	409
165	273
72	222
150	501
88	347
249	498
363	398
412	609
220	473
596	626
224	500
289	643
221	393
380	558
7	524
390	494
78	627
203	589
425	566
69	565
183	594
11	354
115	140
155	544
418	558
132	134
381	629
158	516
535	554
30	679
75	84
257	367
355	594
10	547
464	583
37	181
460	465
285	426
17	251
48	157
400	465
449	474
429	479
104	259
377	664
422	640
403	490
248	508
135	469
295	296
553	696
267	323
339	454
404	638
193	307
127	558
38	550
5	505
72	670
70	627
460	596
347	441
133	565
532	675
487	565
47	215
98	140
439	666
12	19
229	620
224	406
68	309
187	201
524	616
180	418
156	551
485	691
71	415
107	285
139	564
403	609
408	687
15	470
274	613
19	255
500	559
417	544
341	631
544	685
55	218
185	684
326	553
231	607
143	610
528	551
94	364
524	614
346	581
474	482
498	698
15	149
205	360
527	667
108	126
123	198
295	679
531	629
472	689
72	482
44	208
104	493
49	354
287	624
42	534
17	306
44	698
160	343
59	200
634	638
286	680
547	554
408	649
326	419
285	625
155	581
249	281
400	428
129	453
368	501
513	597
290	353
493	656
180	379
0	286
97	524
124	528
42	155
98	293
137	378
206	671
11	79
178	543
79	394
437	466
399	513
543	631
70	345
592	626
64	674
74	315
495	573
600	618
39	333
455	530
190	638
387	619
431	554
319	617
344	418
309	487
55	557
404	648
105	311
205	351
128	245
195	413
86	119
26	181
507	582
189	430
618	619
296	467
190	554
120	465
343	419
499	668
447	517
275	620
256	279
83	687
274	456
309	359
229	589
283	583
104	538
223	536
217	430
53	95
75	291
16	94
91	689
96	453
214	377
71	464
245	681
431	470
283	462
123	336
586	665
583	594
184	198
461	605
271	696
339	547
412	651
211	668
28	148
25	117
112	157
12	314
14	513
312	325
244	493
154	364
336	467
54	293
362	389
66	691
16	388
310	601
54	377
192	308
591	607
157	366
332	630
204	282
94	592
323	590
576	636
95	357
530	546
128	145
324	392
112	304
109	553
203	227
107	228
115	587
22	138
343	427
175	615
175	378
138	480
29	554
135	545
311	396
242	331
37	620
356	500
528	689
243	414
143	482
513	664
81	111
75	114
402	688
164	581
75	549
146	263
336	604
598	682
644	671
135	650
317	410
19	310
226	486
325	636
369	586
242	281
42	504
208	442
105	513
471	689
102	539
157	252
268	486
44	465
500	659
310	411
406	471
330	450
59	333
339	551
435	459
294	393
313	354
521	525
218	543
585	636
315	507
26	296
275	435
253	607
24	188
118	695
263	509
47	248
303	545
465	660
441	505
3	539
329	433
161	278
264	331
85	324
637	652
43	679
61	596
392	504
264	521
219	639
329	429
165	674
148	257
310	631
433	687
231	372
271	458
55	570
674	683
212	345
240	475
275	652
35	391
10	527
309	579
120	407
109	532
23	500
544	570
141	236
553	654
213	277
67	174
76	658
376	682
241	415
183	657
264	472
34	161
100	310
133	647
74	287
144	368
516	548
405	690
536	569
391	519
420	619
86	200
57	641
554	611
279	659
336	648
151	463
612	695
42	413
182	680
198	603
494	630
238	411
423	634
479	487
21	499
425	471
189	661
332	337
257	519
62	273
123	126
9	345
29	654
37	151
490	612
193	360
503	592
72	78
155	188
269	446
313	431
371	405
153	531
439	690
2	499
211	285
42	583
270	364
116	666
245	670
226	550
235	423
408	610
463	698
47	352
136	469
136	204
95	323
13	512
356	606
261	333
90	337
473	503
201	603
132	360
250	637
562	586
282	618
323	665
128	242
493	618
341	573
87	694
384	511
543	669
193	246
429	628
25	270
55	279
229	537
185	668
25	659
164	234
418	647
227	290
141	277
32	98
41	176
369	676
258	407
152	208
79	492
298	482
139	355
432	547
308	327
8	286
138	186
140	183
215	227
576	666
92	100
517	526
51	582
303	408
33	432
354	433
153	514
275	585
450	569
92	614
557	664
51	318
330	396
241	537
16	640
527	588
65	559
30	690
356	469
595	648
372	474
79	284
61	206
676	699
100	499
331	554
191	281
208	484
613	666
292	475
121	130
81	614
15	658
132	273
319	539
35	540
231	366
363	596
163	300
360	692
73	698
536	606
135	433
20	539
417	575
473	517
126	481
286	609
48	331
518	534
64	635
334	646
476	684
327	566
344	348
284	415
131	285
250	409
568	578
56	124
161	232
120	238
182	376
64	377
353	669
275	392
271	591
195	277
621	661
297	576
274	304
53	470
282	377
291	403
167	568
243	394
325	350
255	437
355	507
224	519
26	473
279	288
119	298
12	133
160	210
2	254
470	664
177	506
22	421
683	692
3	241
458	481
349	459
20	443
576	690
199	485
270	698
201	481
25	297
244	449
390	499
181	522
132	573
545	648
542	601
411	493
124	380
14	233
489	603
236	620
219	686
3	273
550	560
344	514
127	192
228	432
323	337
6	97
285	518
72	346
46	192
70	292
250	690
50	654
134	311
501	686
148	653
94	602
402	624
442	537
217	578
131	595
364	410
47	449
123	660
378	582
141	591
506	540
109	161
12	525
209	397
107	281
11	58
126	291
138	192
280	683
193	350
9	297
243	468
253	553
268	300
73	633
74	408
67	536
470	546
89	364
359	507
54	599
204	595
26	667
41	677
367	582
410	644
263	666
275	486
421	455
336	453
49	74
223	321
236	531
241	667
178	687
364	630
260	503
512	656
27	324
400	593
286	393
229	622
123	155
155	356
453	654
329	411
150	422
374	517
332	516
625	646
46	478
22	30
373	376
110	494
423	451
394	497
27	133
287	609
349	457
136	433
159	297
392	533
345	601
256	591
20	211
414	692
160	635
598	684
196	381
431	665
484	608
101	456
221	404
403	517
57	553
119	296
24	558
174	216
196	284
32	64
303	631
142	247
457	621
28	500
357	495
549	670
101	294
30	629
33	536
63	584
202	301
63	118
87	313
27	113
149	600
326	442
346	426
304	330
2	183
30	555
437	688
360	401
224	668
39	498
213	391
105	302
395	602
45	362
38	535
494	548
34	570
84	457
225	623
357	566
253	473
535	645
517	664
299	492
216	597
257	509
144	427
28	507
173	580
57	444
87	658
276	568
152	517
226	647
295	321
119	282
173	180
294	589
253	659
526	597
157	444
64	673
227	682
34	584
233	250
149	566
197	238
535	541
664	679
156	544
226	531
494	577
641	675
142	597
430	527
121	297
339	389
593	621
474	678
221	622
264	669
292	486
33	298
221	266
36	369
25	677
464	597
52	313
365	458
167	197
235	424
246	397
55	368
11	344
163	447
214	272
421	527
5	602
630	678
514	579
1	529
323	443
320	463
481	534
407	432
87	113
212	533
191	425
332	589
50	686
18	168
424	667
313	681
466	589
414	517
220	542
26	335
317	529
102	367
137	630
187	670
180	216
297	469
381	498
225	612
298	446
212	442
10	615
149	681
309	405
14	238
306	514
187	506
111	299
206	626
43	354
217	288
66	659
180	594
516	663
190	609
12	695
374	437
359	455
219	264
600	630
87	281
255	341
115	393
214	398
32	117
107	540
105	122
470	583
529	656
171	360
468	494
538	616
274	523
518	645
449	577
195	435
102	282
7	558
661	668
490	641
71	418
43	205
152	460
245	438
284	538
343	429
552	686
418	481
91	193
106	357
246	354
496	526
65	616
219	419
112	119
77	418
492	509
472	668
426	563
99	617
5	412
508	631
168	176
91	165
18	58
375	486
127	244
338	360
311	426
403	690
337	533
324	402
362	646
24	553
371	645
172	492
490	695
172	667
272	485
248	405
274	590
203	644
151	384
420	595
401	539
139	353
439	559
126	495
291	450
421	523
234	447
344	659
240	526
155	673
559	598
82	615
155	573
253	689
275	378
99	543
147	419
193	660
441	552
282	400
496	516
255	284
269	462
197	522
17	649
11	490
175	308
112	439
295	680
342	574
340	390
595	665
281	464
9	394
237	427
264	699
466	683
80	698
457	555
294	699
243	622
115	534
299	470
324	493
639	643
423	524
1	576
15	308
95	629
296	659
474	618
85	390
106	450
386	563
319	509
37	60
415	636
374	408
295	647
56	407
95	299
149	222
107	114
151	244
134	546
23	392
312	428
332	408
246	483
624	693
130	191
392	434
22	491
99	672
142	516
499	613
51	284
87	328
341	666
46	538
362	479
371	462
439	646
144	619
235	578
10	256
19	272
285	520
28	387
146	301
265	590
41	330
552	639
630	661
78	695
575	642
329	351
173	515
322	331
56	664
502	657
49	182
504	691
11	202
181	333
497	633
43	374
553	699
248	581
226	246
365	538
1	206
79	243
85	266
278	323
516	609
123	593
216	567
0	410
36	428
215	355
198	625
145	160
217	353
215	629
280	585
44	655
221	277
271	371
125	483
148	290
75	333
422	489
179	509
384	430
383	469
155	585
315	611
28	372
203	333
4	359
486	517
362	537
97	569
136	537
40	579
146	279
466	473
247	675
480	566
429	433
27	134
435	451
270	617
17	171
119	343
389	481
49	163
136	417
236	399
294	329
152	344
121	354
197	608
255	420
46	323
228	578
97	698
234	372
65	438
330	475
239	679
455	539
602	669
132	307
117	568
106	550
126	235
366	580
54	112
41	297
35	357
37	451
416	593
276	378
477	516
254	282
17	235
61	173
202	336
85	650
435	580
253	339
156	482
84	285
448	645
561	627
193	284
46	163
538	563
548	635
198	222
101	289
266	435
227	338
94	597
303	481
145	599
343	405
78	502
135	392
477	675
608	680
161	639
5	73
257	423
18	564
264	628
281	644
314	675
592	624
540	583
28	273
169	361
43	85
81	255
283	318
235	512
312	395
182	327
214	480
589	642
22	28
284	437
187	590
186	537
415	560
39	392
239	367
25	502
53	65
168	377
274	665
171	179
9	606
454	541
546	673
50	405
221	251
500	604
38	601
420	527
128	579
359	377
0	244
141	369
167	413
293	422
355	634
128	261
23	140
286	654
164	367
405	651
214	432
453	661
1	492
276	548
280	677
460	556
5	549
111	470
173	593
171	290
156	170
51	233
423	624
103	214
480	667
52	513
160	368
558	636
314	430
202	496
385	572
482	655
298	420
234	313
126	350
146	178
75	411
209	219
200	573
36	474
275	492
74	191
136	267
24	253
483	568
248	510
226	314
45	247
517	615
285	656
596	600
14	508
537	650
118	242
250	547
396	470
378	532
63	468
343	483
160	624
456	614
451	537
204	297
118	258
43	107
398	682
309	686
390	429
316	696
92	369
249	572
256	606
121	550
359	684
393	602
429	575
244	291
475	494
192	567
220	652
272	521
186	273
12	60
425	682
266	544
73	293
654	659
101	511
463	527
247	446
506	669
191	256
98	369
65	267
199	309
79	448
153	319
219	693
364	564
134	405
356	407
404	686
135	562
9	608
169	475
246	336
62	435
143	627
548	663
28	553
278	500
105	681
48	387
44	151
333	568
87	615
379	440
166	366
113	377
511	634
321	455
169	325
380	454
355	426
433	573
238	251
273	416
98	424
426	602
164	213
421	620
419	635
210	378
581	630
236	382
612	627
184	573
182	459
192	231
307	630
328	667
401	501
483	560
165	485
139	238
251	604
62	474
220	498
105	674
408	549
388	504
46	662
167	430
386	567
240	247
256	674
198	360
178	317
548	559
167	405
190	586
513	652
141	251
291	297
102	426
313	556
324	524
116	349
150	321
480	612
179	534
512	527
70	416
309	567
597	695
6	416
511	596
41	181
210	394
9	115
421	575
181	422
602	662
127	264
185	278
477	698
165	547
380	612
361	617
196	392
87	484
668	674
191	668
139	641
137	646
472	559
612	653
175	353
96	250
192	230
487	525
365	388
116	267
209	223
365	453
35	392
135	622
271	319
93	686
575	667
518	525
83	373
480	697
244	254
35	484
384	443
76	325
405	607
143	213
97	224
339	579
19	524
582	666
552	575
111	413
616	658
79	439
90	674
361	651
210	622
127	137
50	184
349	509
143	400
79	446
589	615
347	520
251	319
0	83
80	478
257	288
100	408
525	629
120	312
228	381
510	568
282	334
69	81
383	574
21	527
25	432
235	388
87	166
36	204
281	692
236	414
225	384
204	289
174	307
140	243
190	271
256	532
454	650
90	319
203	343
321	550
634	690
623	630
549	606
204	602
370	559
490	692
183	266
121	509
68	388
129	654
175	506
163	208
105	592
209	680
207	235
506	513
385	602
131	138
495	504
404	528
13	384
63	627
3	581
165	168
143	306
21	297
653	687
19	33
199	463
31	216
124	292
427	565
337	365
196	228
166	197
447	687
316	331
35	166
27	560
65	618
215	229
151	235
170	246
34	545
2	500
496	566
48	181
420	554
96	343
60	143
148	467
50	550
173	687
167	230
173	486
459	689
178	292
39	124
318	432
18	270
288	622
431	648
81	277
408	418
75	241
163	287
486	505
261	475
450	454
460	603
193	462
3	390
342	581
443	657
300	440
306	557
145	524
217	341
148	166
181	283
295	559
39	634
75	419
488	627
185	457
143	564
516	564
59	494
412	594
417	563
346	550
319	356
208	436
201	377
227	324
186	394
92	308
152	352
206	241
295	651
85	680
337	417
120	151
377	593
315	459
210	464
197	222
66	400
247	554
86	116
67	291
636	668
438	698
459	650
630	657
227	529
574	673
284	457
398	662
478	633
355	398
268	624
36	301
330	689
328	496
201	523
84	362
304	571
587	619
237	665
130	592
460	479
69	355
134	645
98	194
481	509
399	613
123	284
258	608
15	662
227	543
491	532
26	671
489	699
96	290
28	399
44	234
27	397
142	442
30	669
82	237
118	460
480	680
110	572
350	381
313	442
647	654
246	589
55	669
58	682
314	546
518	605
430	609
186	411
223	344
356	460
112	572
83	493
229	564
314	631
271	573
17	291
196	315
220	584
248	677
107	208
97	351
276	382
26	250
384	468
339	485
127	623
116	633
67	549
385	667
291	346
85	284
217	448
337	640
170	510
340	472
126	579
305	355
80	392
533	606
146	361
317	565
47	511
134	497
14	467
300	431
274	424
235	476
515	660
145	617
208	566
256	579
26	59
271	385
323	325
320	650
220	311
159	216
82	548
137	508
48	312
98	455
423	568
173	379
56	644
80	659
111	667
135	406
343	655
242	274
258	681
220	638
380	493
70	592
26	239
349	623
255	514
350	499
130	376
277	593
255	362
212	416
244	589
202	548
139	208
61	407
400	522
342	530
431	568
543	601
135	600
368	500
158	693
249	581
96	339
420	477
438	448
209	470
550	554
26	687
61	286
274	311
210	326
79	523
429	655
343	608
132	612
177	392
239	666
51	199
333	596
177	514
267	423
161	276
118	235
34	410
622	680
448	669
261	447
115	305
66	378
305	445
60	310
239	348
244	442
164	537
178	532
12	113
348	465
137	458
33	417
101	692
229	444
200	673
234	252
26	467
90	673
218	267
38	88
115	677
62	426
90	172
0	441
175	301
138	465
8	546
502	673
143	332
662	692
139	270
54	177
494	589
164	426
398	437
484	625
79	222
20	362
188	534
10	235
563	665
75	256
85	359
44	360
0	659
141	476
121	473
214	429
345	467
297	440
213	445
1	558
186	215
315	615
97	672
4	651
451	584
164	481
299	319
286	643
2	136
142	370
140	395
225	430
427	557
103	570
345	659
339	403
287	491
327	606
97	645
464	552
100	682
228	354
289	397
448	546
94	149
337	426
110	641
180	656
234	428
265	588
30	620
424	581
440	502
246	540
204	421
211	368
76	306
112	538
250	693
59	633
59	505
290	645
264	338
13	636
2	412
60	617
77	332
159	619
240	638
178	201
335	390
642	648
25	368
213	263
364	393
465	511
115	224
118	535
433	545
129	271
62	376
147	192
7	478
121	633
254	611
37	511
266	556
129	652
14	207
181	562
521	569
401	453
97	467
2	371
18	233
595	611
23	618
472	478
449	472
182	499
82	587
498	636
241	463
170	334
29	306
386	402
191	376
174	384
322	656
27	190
61	113
32	96
248	491
75	658
11	103
185	502
173	459
168	281
379	690
548	699
27	686
249	453
325	608
407	516
152	218
315	514
50	638
88	351
433	630
385	460
306	315
503	575
608	672
122	616
55	367
12	151
164	369
137	166
53	306
374	510
124	650
314	573
91	690
265	292
77	395
174	675
34	405
534	669
239	491
265	542
40	428
212	219
351	668
191	196
431	536
14	516
496	579
231	556
53	413
16	176
69	438
12	404
47	134
366	467
184	277
153	260
195	296
70	514
572	675
348	576
99	473
120	384
105	224
8	678
28	568
91	584
320	582
64	678
130	601
115	497
401	642
64	280
96	423
436	667
32	184
99	611
13	256
391	482
209	374
46	98
85	101
19	218
5	124
135	493
265	621
201	546
219	571
436	639
218	658
233	358
338	678
272	453
62	88
215	258
359	506
19	183
420	498
91	577
434	693
138	602
287	290
331	612
45	373
149	574
151	381
622	651
19	645
370	670
151	218
109	483
331	551
79	485
563	611
526	697
279	624
37	360
505	691
489	517
412	486
221	426
537	649
201	436
36	412
510	617
470	674
151	435
46	693
591	620
264	291
145	600
77	577
270	542
175	246
404	430
283	325
385	465
613	641
444	513
107	435
458	539
14	335
212	469
159	217
384	488
263	576
187	434
185	662
0	385
176	300
193	227
33	304
378	428
91	346
450	666
5	129
299	547
79	355
394	449
333	674
358	422
505	634
209	674
251	258
459	637
327	600
448	537
307	600
437	641
252	438
560	640
155	398
278	562
201	328
149	444
630	694
111	389
278	320
627	663
101	562
38	386
337	513
173	502
141	167
344	481
203	594
227	377
260	653
233	631
37	145
485	661
181	377
124	575
87	404
300	444
184	603
89	487
2	541
41	361
170	384
569	584
74	391
289	428
89	435
222	230
178	244
286	691
556	609
169	314
89	343
357	563
296	689
384	649
49	469
200	463
87	294
117	234
80	96
114	180
159	633
96	298
197	262
162	585
88	507
484	550
526	571
122	509
638	698
517	559
70	328
184	481
23	147
372	543
74	77
256	409
72	678
353	372
656	686
277	650
88	253
31	299
293	296
125	203
311	321
70	445
2	305
550	665
234	423
171	291
63	518
81	578
77	619
483	551
493	563
233	339
46	593
318	511
322	596
511	523
75	626
249	416
208	580
233	361
148	317
203	499
83	506
83	167
97	395
172	588
202	494
164	482
83	498
10	64
128	183
23	366
336	686
98	484
89	457
228	443
306	554
38	307
182	533
123	412
108	306
221	333
311	312
84	590
469	687
413	470
152	691
338	482
217	532
24	692
400	419
394	624
358	597
543	568
273	584
285	570
199	230
334	506
284	379
1	619
248	334
262	390
190	328
403	607
149	355
367	575
517	647
515	544
222	303
17	514
91	204
206	354
46	634
37	503
17	224
588	613
413	464
419	659
281	544
166	298
152	164
18	541
216	442
310	639
32	203
17	334
59	493
275	534
249	666
277	408
269	425
29	427
281	608
28	689
207	536
261	397
189	455
73	234
572	659
25	647
176	625
554	692
377	673
544	655
248	644
441	606
269	547
317	458
60	254
645	698
218	327
322	522
321	672
315	389
477	616
586	672
228	498
103	160
414	547
140	508
353	648
346	371
417	654
487	527
16	658
594	646
249	451
54	269
186	548
147	543
71	516
87	230
21	275
231	471
341	695
71	79
185	275
47	88
201	533
52	495
216	447
359	493
377	385
424	683
256	551
334	359
350	595
574	682
109	330
465	545
279	491
348	426
173	650
351	480
229	651
206	238
581	583
156	158
127	380
412	445
181	298
371	671
73	256
81	444
54	468
60	154
55	426
24	677
684	691
334	373
299	692
493	675
222	531
144	566
21	590
453	641
22	349
16	168
622	661
75	434
325	502
195	295
203	234
81	666
347	416
175	379
279	400
329	539
278	543
388	678
38	492
139	211
303	439
183	254
164	259
310	322
287	535
7	32
174	330
108	232
72	682
16	215
27	42
366	632
652	668
13	377
266	310
191	575
321	362
42	121
33	64
570	612
85	630
116	491
233	333
386	592
130	612
170	545
388	595
340	417
262	374
69	592
9	350
349	544
87	98
168	406
279	414
126	558
493	528
147	303
160	692
526	673
96	246
584	666
581	586
135	669
145	410
205	490
376	514
310	388
190	253
131	163
378	520
486	593
456	651
305	413
423	543
230	319
296	349
161	213
351	592
418	525
426	660
347	654
333	601
116	670
217	449
131	192
544	620
269	509
33	199
491	540
183	605
415	569
11	360
27	84
360	563
269	355
373	619
228	591
16	373
340	540
339	535
138	687
472	499
308	309
34	618
247	556
428	536
292	532
12	112
170	541
44	453
568	664
180	223
175	207
409	436
209	650
262	688
86	603
53	116
116	135
355	510
355	521
558	683
603	696
585	610
377	547
85	369
234	433
74	452
248	562
274	565
274	558
222	267
287	543
26	430
220	424
510	603
391	654
420	667
493	562
318	479
260	674
388	535
327	382
78	309
359	683
133	244
51	457
79	513
393	459
116	583
146	183
48	519
165	660
165	461
328	329
106	224
471	543
229	405
171	268
293	525
73	593
81	253
434	511
12	631
149	378
355	691
297	340
472	552
121	579
366	441
377	473
2	204
5	319
117	543
99	139
358	495
216	692
99	660
255	446
47	320
100	127
211	690
385	563
146	150
41	43
143	310
502	520
586	589
180	504
92	162
420	659
229	478
140	267
355	610
2	290
67	547
107	555
202	404
202	239
646	692
390	543
154	580
258	546
86	304
20	643
268	307
32	644
71	319
368	518
41	493
134	301
339	504
173	679
3	337
79	617
135	224
373	431
121	405
159	334
152	457
441	591
0	666
205	299
271	611
485	578
242	431
363	692
77	526
414	415
62	517
482	545
194	350
89	539
550	642
57	608
557	662
101	184
12	660
208	559
214	266
31	351
509	547
190	202
585	607
54	292
110	408
495	562
59	416
328	494
229	567
383	661
408	577
197	342
302	481
10	29
558	602
602	648
331	483
289	531
63	452
406	559
33	254
465	606
163	554
63	565
399	622
456	573
279	680
178	351
358	507
134	595
222	434
407	527
175	564
231	438
397	572
307	363
214	465
69	181
23	323
657	688
251	281
509	610
280	540
419	456
170	674
185	575
466	633
22	245
467	613
28	189
99	317
93	645
69	72
255	620
265	609
212	306
303	682
30	583
95	569
94	441
149	498
309	520
217	462
371	599
134	249
366	475
485	699
61	434
593	651
95	252
107	248
29	468
189	248
273	567
333	550
277	676
168	633
118	281
185	317
22	222
497	514
459	591
151	272
21	249
4	9
118	195
189	595
189	203
71	551
457	602
88	130
11	610
165	201
103	673
353	535
4	385
51	652
107	163
253	633
244	403
234	691
83	136
103	676
3	500
34	554
190	428
90	375
403	488
426	512
313	577
267	396
530	605
121	449
128	311
136	584
10	241
412	435
156	424
64	690
152	321
341	483
223	359
17	51
534	551
160	320
92	600
236	559
141	232
133	207
5	16
528	587
152	447
388	688
106	670
487	657
480	608
396	529
502	598
308	459
300	356
188	480
154	275
247	522
444	585
53	438
127	556
12	349
212	357
133	685
392	593
417	491
48	92
255	342
418	426
23	395
416	550
21	102
23	120
429	469
41	481
349	674
217	458
299	476
123	293
369	390
239	369
483	667
11	652
364	638
218	441
125	449
206	281
397	507
120	542
362	579
1	91
110	242
58	303
82	383
40	576
247	578
102	452
453	471
74	131
372	414
152	316
200	668
439	482
293	372
515	665
661	670
339	517
36	76
59	78
20	672
307	631
172	493
92	510
273	677
321	437
11	65
375	644
414	466
4	270
104	514
31	279
178	476
97	446
330	468
329	687
182	617
505	591
302	695
292	536
466	668
55	113
64	312
497	555
349	598
221	641
32	195
176	255
42	582
29	247
79	662
23	62
374	453
230	317
48	59
243	382
310	457
171	621
384	530
31	276
637	678
555	608
119	637
55	150
86	558
377	402
310	356
96	624
223	329
321	357
376	490
365	432
52	430
303	556
69	275
32	474
328	689
225	402
419	615
41	655
68	112
317	451
131	257
563	672
263	493
109	575
255	574
130	155
128	133
119	233
120	428
477	605
412	471
16	359
190	419
378	617
53	486
338	386
192	476
43	149
157	573
13	186
445	497
352	437
231	466
230	602
208	491
96	515
269	681
620	642
162	188
425	485
226	697
93	340
87	302
500	626
570	693
103	307
203	505
165	477
214	481
607	667
438	558
331	680
405	566
166	637
254	400
219	408
155	682
551	658
103	499
335	632
366	440
328	481
205	533
452	634
205	406
91	463
222	310
372	375
487	516
439	556
121	273
346	665
273	612
121	329
25	413
295	639
17	580
64	107
273	453
186	512
284	456
176	308
499	579
67	388
394	427
144	636
174	489
508	658
631	680
182	669
128	464
313	449
9	457
193	256
493	634
156	385
60	664
85	341
401	446
66	427
506	642
271	311
68	555
157	345
409	458
118	134
23	691
224	482
136	539
7	309
97	574
133	518
359	584
77	88
174	301
438	658
409	478
255	378
384	490
330	509
485	626
171	381
62	359
28	46
197	484
76	176
315	694
28	219
690	694
529	616
175	469
245	698
559	619
28	417
47	60
271	297
68	468
128	357
152	282
420	515
62	470
566	618
301	423
73	188
440	563
519	640
284	361
124	674
354	480
527	610
83	242
240	644
212	391
313	595
260	616
435	597
216	461
103	131
470	682
554	645
32	600
173	446
4	684
35	54
56	544
111	561
444	652
161	566
368	628
130	643
117	577
107	415
232	320
71	500
568	575
115	203
492	552
298	631
58	565
223	292
328	604
40	438
42	358
432	697
488	610
108	401
347	690
7	565
466	550
238	576
204	360
77	94
231	452
456	617
563	625
7	318
117	375
55	538
134	408
174	641
194	665
17	131
291	682
2	117
188	260
128	376
116	332
459	517
139	652
212	565
280	607
282	439
94	491
332	459
74	373
205	671
25	679
56	232
56	98
372	424
194	289
199	484
155	638
219	390
163	385
98	662
28	513
648	675
417	543
93	312
496	626
512	602
269	365
210	224
50	698
218	672
398	410
497	581
283	676
127	150
104	652
102	649
274	361
322	418
409	569
172	632
62	127
76	451
280	315
156	431
155	341
36	68
313	561
192	547
158	226
169	547
366	671
46	585
336	424
268	305
600	636
173	298
412	680
324	611
73	398
200	511
610	648
55	440
224	490
68	484
34	332
260	357
67	204
112	287
224	554
191	565
274	636
366	531
302	426
11	547
250	333
54	360
169	404
316	334
225	652
96	425
151	300
35	447
198	610
219	660
35	608
374	591
516	580
54	563
106	251
117	442
53	429
343	349
172	643
145	226
0	93
205	572
428	695
40	178
500	525
189	296
42	60
132	669
229	281
24	429
14	88
380	591
72	246
511	628
211	317
202	395
370	642
448	516
676	684
679	686
198	670
534	578
123	337
230	232
294	618
30	492
187	309
372	401
148	547
206	411
447	456
65	256
143	590
117	699
669	671
66	126
389	597
601	673
187	405
12	486
306	686
361	470
82	299
284	337
212	289
146	333
0	42
109	566
50	329
37	218
94	412
257	279
109	270
32	343
458	594
40	384
234	657
139	651
48	437
455	590
550	681
316	548
521	683
381	447
162	392
542	646
661	689
99	155
105	435
182	489
78	354
447	482
177	572
50	522
126	389
494	559
32	127
22	508
277	657
36	692
452	604
467	541
426	597
437	475
9	76
45	388
115	436
616	691
63	575
395	473
231	479
583	642
270	446
369	420
380	675
261	644
67	486
297	588
360	650
367	489
43	171
131	425
355	397
95	230
113	614
3	293
588	652
77	284
2	454
200	453
18	408
230	248
492	662
256	397
334	653
66	335
197	215
118	280
53	422
48	435
398	592
136	526
181	318
45	582
57	59
119	587
335	394
85	418
24	348
25	448
362	627
10	614
546	595
221	346
143	151
379	569
159	354
25	557
241	260
236	676
38	503
280	597
83	296
154	554
222	668
74	689
99	366
135	322
167	546
97	551
12	356
164	536
192	196
134	165
124	508
20	101
80	341
277	452
208	583
369	524
54	474
305	307
118	573
52	593
168	506
13	613
238	438
265	697
391	458
244	424
478	622
273	494
322	379
589	687
155	352
354	516
120	684
2	625
218	230
470	491
321	592
147	191
421	589
201	641
169	593
361	543
152	421
501	608
466	572
225	481
386	431
377	694
318	629
245	579
430	433
11	128
102	506
279	408
179	444
331	351
170	436
352	536
312	459
467	675
157	635
424	489
167	341
157	602
329	630
160	351
402	581
301	426
14	669
290	381
73	558
118	441
104	693
153	606
363	396
198	630
284	471
435	486
102	673
55	556
541	606
377	598
106	468
255	314
325	567
182	331
233	537
61	644
501	681
425	496
611	679
168	248
310	407
78	483
187	521
345	492
112	632
46	496
642	693
66	515
0	194
122	420
310	681
195	661
246	281
159	590
72	173
658	697
36	214
381	642
45	174
423	521
226	666
101	540
135	324
22	606
148	195
234	665
158	357
429	472
17	113
146	690
129	256
28	411
478	687
29	499
143	463
327	363
398	653
416	642
97	580
222	425
220	305
503	690
373	437
397	669
85	146
72	473
186	360
204	286
105	287
472	558
75	509
607	681
280	605
164	313
399	533
50	158
408	697
598	699
61	541
481	668
248	350
126	498
121	342
192	636
426	645
645	657
297	444
568	689
1	172
230	584
217	385
372	453
34	319
214	435
193	421
51	598
377	686
171	513
39	195
215	697
302	371
143	434
118	277
253	324
439	600
11	375
17	692
396	691
245	682
184	619
601	664
216	415
282	309
519	656
8	467
94	620
108	546
520	611
324	680
282	664
94	477
262	522
59	158
230	324
184	565
64	682
70	337
57	407
348	445
138	518
26	143
256	378
43	209
157	441
313	644
318	574
622	659
29	204
409	645
407	495
225	324
176	398
448	567
169	277
350	375
93	258
123	230
23	434
475	665
131	500
88	390
95	514
128	330
54	157
13	281
539	680
10	514
476	478
88	538
251	416
69	402
35	542
189	340
108	610
352	684
8	207
64	385
232	436
270	674
211	284
323	363
61	597
519	530
383	433
27	568
104	163
102	186
14	555
60	477
189	256
172	411
134	153
299	553
345	617
77	651
308	532
154	385
22	86
183	430
208	252
525	696
229	646
104	435
2	465
58	472
518	616
231	695
164	220
648	688
167	426
152	295
70	525
36	155
192	603
326	476
59	566
569	619
578	692
71	384
134	273
369	448
489	542
196	254
398	688
310	351
157	235
301	665
174	488
70	397
171	232
80	97
103	526
7	637
342	571
243	252
596	615
480	586
364	442
386	488
304	323
20	390
171	341
475	490
239	405
404	413
358	607
44	582
184	369
22	170
44	398
187	525
24	498
125	516
38	242
223	698
194	435
495	543
60	279
455	624
692	693
100	131
293	301
281	372
226	602
368	374
28	166
195	589
424	470
349	558
474	513
104	530
305	369
68	634
173	266
657	697
350	540
93	460
402	698
127	493
10	574
18	549
122	172
212	644
114	142
438	586
608	689
86	655
254	323
454	660
197	606
218	513
110	139
343	553
16	326
384	564
594	624
370	571
467	684
402	427
280	642
20	492
207	214
414	557
613	626
457	614
380	458
219	439
286	355
55	573
442	542
104	400
221	665
289	633
478	612
295	401
673	688
591	665
236	677
196	242
41	386
488	644
470	550
13	68
278	298
118	696
49	600
49	113
409	534
20	33
137	326
120	445
37	227
229	697
12	398
204	417
18	189
49	439
114	196
311	698
591	673
558	646
391	688
309	348
387	537
69	84
431	527
109	538
39	470
72	433
486	656
479	612
156	536
71	272
109	552
90	443
272	307
311	408
391	512
229	289
367	608
97	627
137	574
372	638
326	427
28	415
229	395
46	535
628	674
445	658
11	198
282	548
271	386
17	28
31	387
51	502
329	553
300	573
125	633
286	463
468	691
411	638
159	378
73	590
109	485
33	434
305	388
296	363
148	520
290	557
62	468
67	243
161	559
241	542
202	615
435	627
215	480
398	690
67	580
394	487
37	74
613	655
431	530
452	511
40	417
310	671
100	274
416	501
332	549
207	687
420	631
181	441
109	423
58	265
288	413
103	497
20	243
638	666
128	648
146	377
127	271
231	681
81	353
248	486
504	650
34	53
47	213
440	479
508	574
576	679
256	316
494	568
550	687
389	690
332	417
526	689
379	530
227	482
145	627
415	503
11	571
74	345
44	449
384	445
64	622
258	575
682	689
364	671
486	674
186	534
28	445
425	617
212	699
218	416
220	612
2	118
49	246
85	268
252	274
328	433
30	77
587	610
161	170
177	337
131	505
197	599
66	248
369	489
270	463
104	407
543	654
558	654
433	471
351	556
300	690
510	553
211	242
46	629
324	476
530	667
93	363
16	355
379	679
329	518
450	595
345	401
53	237
131	452
538	559
105	539
147	635
34	369
341	642
538	663
186	527
244	542
180	530
24	622
181	670
98	569
441	618
55	355
360	589
440	643
32	140
388	408
126	665
410	432
67	301
521	532
415	455
83	509
187	596
289	550
13	506
176	615
54	138
170	505
569	691
288	541
34	353
167	541
242	278
189	231
51	59
624	694
233	293
183	327
464	506
257	393
207	284
13	196
171	681
19	494
76	300
195	684
63	475
160	645
222	631
154	165
48	163
427	677
612	614
454	557
25	44
481	680
122	614
108	180
79	220
72	571
19	169
242	622
76	196
68	235
39	516
139	274
479	549
310	565
200	680
292	652
17	37
250	446
124	164
28	599
155	492
212	426
173	673
103	587
117	647
320	454
492	686
87	150
171	227
241	401
476	690
371	423
246	275
528	594
352	516
58	129
506	639
130	663
93	268
316	567
128	532
227	262
170	638
386	682
333	506
300	349
9	372
183	270
380	639
154	584
472	624
439	577
116	321
171	410
82	211
621	664
224	626
580	621
155	663
171	516
291	566
389	637
96	218
444	459
421	537
188	693
369	533
180	670
57	426
502	578
15	98
56	429
45	442
243	255
67	480
337	477
119	306
428	560
7	80
130	486
246	577
368	466
241	279
62	318
41	123
425	475
211	312
373	379
192	390
470	586
45	629
70	277
156	202
147	450
24	502
149	569
22	394
356	481
558	656
47	69
8	370
373	600
297	630
390	493
42	400
303	383
362	484
39	97
491	556
383	603
479	514
7	24
152	385
532	651
414	507
394	475
409	423
25	247
74	508
361	493
208	495
357	668
100	171
513	625
500	515
82	362
58	459
269	342
309	511
494	660
36	685
427	530
21	157
208	454
205	361
354	506
413	693
436	677
106	245
282	482
247	560
1	488
37	222
69	139
316	326
193	631
398	511
86	340
22	69
484	529
264	367
173	623
384	578
253	298
366	694
109	642
5	238
287	315
315	672
258	402
268	326
144	576
282	687
311	337
285	584
343	622
120	510
428	474
487	615
161	420
8	283
126	218
279	639
540	627
131	600
343	363
372	659
54	541
237	264
469	512
192	310
15	564
57	575
89	495
690	698
43	44
246	408
360	542
328	435
319	386
161	667
376	516
211	267
166	586
3	295
561	615
397	557
98	155
440	592
251	302
36	494
300	433
443	545
370	553
352	694
360	693
481	590
116	247
96	442
238	258
397	672
123	138
36	257
45	648
173	361
121	628
281	689
110	253
308	580
67	249
9	174
42	140
349	473
1	682
176	550
56	521
216	406
202	402
196	389
340	372
333	684
120	159
173	418
214	498
200	359
119	515
563	600
485	669
341	612
69	318
377	450
55	658
216	360
425	654
145	287
437	698
67	132
33	59
112	614
9	53
74	504
4	417
688	694
487	637
227	587
289	447
399	453
140	600
492	567
267	675
86	616
543	548
49	258
320	657
252	502
541	687
147	539
38	375
358	669
518	673
68	340
420	466
547	595
271	393
380	465
374	395
170	507
196	378
55	586
513	656
445	632
65	322
11	433
56	630
74	306
306	567
351	478
318	347
254	307
106	457
342	611
33	129
313	538
106	292
313	440
332	369
126	305
349	536
323	421
414	667
601	657
266	293
443	565
397	611
145	577
483	602
668	689
382	629
294	584
128	371
454	683
240	268
149	237
45	447
286	404
136	314
99	586
97	631
91	607
4	327
70	174
78	190
371	508
447	471
50	199
315	513
128	457
217	621
629	680
445	485
387	626
262	341
522	603
15	385
337	581
212	220
34	549
311	549
85	204
69	194
307	579
132	161
393	644
32	236
170	642
74	675
167	250
195	598
355	566
77	373
35	609
262	696
236	274
397	692
2	219
202	517
449	667
428	648
142	294
231	646
134	695
8	641
67	688
44	171
57	208
60	655
219	289
221	226
241	439
173	433
123	351
84	639
120	651
605	696
130	667
230	241
205	358
90	460
217	250
183	529
491	564
277	490
272	466
85	99
104	534
505	676
5	439
47	115
132	214
450	561
314	450
271	549
382	406
442	581
305	526
35	345
41	167
145	602
160	606
64	142
37	237
206	516
44	497
244	543
92	669
69	291
626	629
62	672
67	644
463	674
469	530
22	496
545	590
280	342
73	284
259	429
500	575
166	218
478	699
270	510
179	603
416	669
180	655
229	400
252	563
629	668
373	546
78	447
413	448
194	312
213	493
42	133
278	387
97	526
329	407
22	603
417	480
53	668
625	694
561	667
343	638
397	668
126	605
376	498
24	259
331	516
225	570
132	529
252	326
221	651
428	594
288	525
168	681
462	642
13	146
91	405
333	569
70	674
49	630
367	513
28	484
136	548
120	452
107	502
208	415
236	433
221	423
71	559
497	609
428	436
201	620
325	391
526	610
69	443
226	557
286	318
103	645
48	82
442	496
80	639
100	650
286	341
103	394
1	499
571	612
139	460
97	662
139	551
167	205
273	671
174	645
316	446
41	462
164	238
205	342
222	319
107	401
318	657
59	366
241	467
296	407
77	443
452	695
117	294
277	439
115	201
3	142
403	453
15	444
201	374
239	549
93	124
415	429
49	412
363	387
321	407
157	574
60	554
64	452
602	605
107	186
242	382
594	601
60	566
108	118
344	356
428	606
96	669
180	239
459	623
3	206
273	279
355	462
34	644
145	461
478	559
109	138
99	535
198	662
269	685
231	668
146	621
180	416
59	419
293	321
552	559
421	627
215	335
259	379
315	575
5	170
350	357
340	492
452	557
51	108
17	190
107	607
326	636
167	229
541	671
180	242
445	627
152	453
190	399
179	537
132	666
312	651
486	699
53	254
491	646
228	359
20	271
109	699
27	289
503	625
450	531
199	642
68	143
449	516
397	648
295	431
437	660
29	41
346	621
47	259
613	624
342	643
436	648
646	684
71	515
142	184
670	675
26	71
650	678
542	596
339	628
456	581
469	497
34	615
499	542
401	628
66	608
231	423
147	584
520	647
571	616
122	186
64	465
155	636
530	695
384	643
323	334
156	328
29	134
177	510
113	201
19	522
138	264
101	423
489	630
26	637
249	263
364	696
199	291
460	547
314	625
24	550
583	586
378	673
47	289
405	658
468	504
373	508
351	615
158	244
12	231
107	417
38	501
160	538
236	564
62	610
250	609
482	563
134	438
45	307
43	506
23	377
14	378
601	699
676	691
453	585
560	678
496	578
447	539
116	632
99	346
27	366
142	398
39	197
198	348
9	126
401	597
154	579
49	489
243	678
300	343
337	349
485	590
140	536
154	555
605	680
46	531
397	563
117	604
28	670
99	153
73	496
365	438
46	639
69	231
267	538
8	49
203	345
272	492
3	533
150	453
364	558
229	514
30	504
98	456
246	268
64	237
115	269
363	567
25	567
332	466
39	653
49	485
391	410
639	648
342	551
72	172
292	482
23	548
475	553
548	637
59	690
325	628
614	693
188	331
219	305
35	170
617	649
82	106
225	298
217	558
242	588
149	238
184	473
87	410
148	394
405	525
52	270
112	425
550	582
19	601
353	364
152	628
232	362
162	515
639	672
207	546
543	646
236	421
198	440
110	677
305	344
469	578
28	437
450	549
366	551
24	323
27	264
584	675
295	635
208	332
401	551
296	380
338	388
258	414
354	381
5	376
143	673
1	588
1	598
432	554
478	685
27	614
369	552
204	291
74	494
193	629
516	653
172	250
247	510
237	613
223	428
87	472
282	314
432	592
268	552
405	673
180	606
92	117
255	683
278	498
332	663
253	447
154	241
119	261
376	678
485	520
29	292
305	471
53	124
151	515
1	356
269	380
483	635
0	80
72	87
373	386
348	478
269	623
437	493
58	185
108	327
263	599
171	440
73	554
287	615
224	397
516	631
202	627
180	599
188	576
328	565
380	488
123	345
179	661
175	323
276	571
251	399
24	94
604	656
238	267
106	158
541	563
399	696
93	537
117	685
127	414
409	453
15	136
344	673
193	564
350	353
9	452
466	682
2	9
3	684
418	524
351	554
36	280
306	447
275	598
92	410
240	627
39	237
167	326
447	500
24	344
516	535
130	390
233	418
241	263
88	238
201	345
577	687
43	55
270	279
348	421
116	687
65	138
425	620
48	340
237	308
466	528
124	315
423	652
2	390
153	304
417	589
156	215
164	306
520	601
3	594
336	647
258	614
123	654
541	643
72	325
308	680
96	422
244	553
245	411
117	162
73	422
17	655
2	314
148	264
201	676
450	644
505	616
43	494
146	396
501	660
198	438
438	473
178	689
154	283
222	447
326	504
151	187
67	281
61	526
153	296
445	455
277	525
377	396
206	612
197	658
484	547
239	431
192	197
15	533
407	531
353	530
143	352
82	447
361	420
43	117
109	554
539	686
28	344
162	564
146	190
436	641
93	444
34	60
313	649
416	695
50	565
347	593
259	442
146	459
259	345
382	639
294	670
401	631
209	224
67	666
36	456
389	669
101	172
393	675
29	363
150	360
62	146
298	586
256	468
303	552
595	629
465	531
623	692
39	337
244	354
492	640
317	634
8	451
352	533
139	327
424	451
0	566
572	590
567	575
75	545
124	431
160	387
71	351
100	467
2	611
193	436
293	579
213	577
43	292
286	471
439	631
165	610
433	638
159	572
264	698
12	420
383	485
161	440
283	637
445	600
7	343
296	607
170	314
402	697
129	255
413	469
25	672
285	572
268	642
2	667
527	581
400	627
78	167
121	686
520	656
122	617
69	313
64	227
78	402
183	201
97	232
77	481
161	693
95	586
367	562
240	620
191	558
207	613
30	681
138	291
600	606
305	320
134	266
43	112
82	243
390	683
382	405
528	687
430	541
291	582
323	601
38	59
391	652
158	671
155	301
131	617
412	641
202	249
232	695
58	240
105	415
179	567
278	390
125	363
500	696
249	403
581	647
234	476
289	409
341	523
515	596
91	272
99	520
60	593
302	326
125	328
106	600
229	391
98	476
368	456
627	677
331	366
5	639
370	461
121	654
345	365
311	572
80	92
41	695
390	673
181	252
97	265
26	463
421	670
402	437
232	414
494	503
507	684
426	462
46	637
81	415
38	634
184	491
53	635
53	251
305	359
120	567
432	455
354	373
24	106
468	526
201	510
167	449
150	251
125	362
411	629
56	684
162	510
585	616
344	349
392	404
256	633
66	121
263	662
112	191
65	534
623	669
168	515
25	161
378	602
413	474
90	614
28	200
137	537
129	304
421	698
426	451
296	502
40	54
554	697
281	626
267	485
241	629
411	464
78	486
452	693
250	617
9	555
297	443
177	343
383	671
112	441
149	277
330	669
172	439
78	521
37	369
161	671
74	646
47	698
125	626
144	481
254	527
495	561
576	623
148	155
395	496
15	454
122	197
651	697
390	481
39	450
191	520
331	526
250	400
96	161
404	636
437	573
291	509
517	523
352	558
186	245
183	486
83	418
74	596
482	647
393	514
373	571
327	385
389	462
257	366
322	341
301	435
23	90
18	96
209	496
284	306
25	76
181	369
53	87
175	517
252	521
313	557
52	438
388	606
350	407
613	653
244	576
181	594
283	643
24	284
544	692
476	593
262	294
555	682
362	511
125	285
191	356
96	473
429	467
29	94
77	123
364	494
89	273
397	409
65	519
1	168
544	559
100	250
572	579
178	612
631	691
380	581
44	146
180	376
50	506
9	474
235	382
406	608
336	636
44	510
45	142
576	625
139	592
508	531
60	608
183	404
162	184
158	514
288	498
443	663
247	337
14	189
381	402
163	573
464	645
79	602
83	574
209	475
86	604
92	648
273	497
311	368
432	569
424	488
81	397
386	690
210	369
460	542
348	466
278	601
581	690
12	627
393	402
381	554
297	644
84	413
361	691
210	571
503	686
260	599
169	371
370	434
315	631
68	161
24	147
122	483
360	380
131	609
88	301
113	488
28	158
195	583
288	534
29	88
408	622
266	650
415	498
442	622
435	526
54	232
152	449
26	538
338	524
248	556
191	677
206	695
261	398
205	362
280	510
526	557
51	93
341	634
62	615
486	532
392	630
438	553
512	595
587	660
395	652
141	370
181	219
50	52
15	606
98	448
206	500
37	82
90	632
387	441
112	491
490	633
241	394
523	545
338	487
79	443
567	662
352	584
217	234
232	276
236	598
389	688
359	614
131	166
182	392
400	651
282	473
5	175
227	561
512	565
41	688
420	475
59	478
69	523
198	542
35	597
164	619
135	151
18	466
159	646
59	561
137	138
18	510
84	621
343	351
124	487
467	512
107	246
192	354
16	98
143	397
423	642
383	406
29	454
178	221
86	695
144	384
459	579
127	458
309	544
252	454
39	621
139	670
229	481
52	575
131	619
245	317
178	440
188	485
438	523
189	503
358	622
250	538
259	667
8	610
230	438
50	510
186	487
58	457
208	605
42	292
523	566
185	359
134	418
37	674
280	309
123	642
198	274
380	391
203	512
58	495
42	347
156	652
100	531
234	609
278	329
158	381
237	506
413	569
51	424
222	496
211	345
143	311
44	513
37	520
381	517
107	249
102	531
323	396
247	343
525	681
305	324
58	611
96	397
499	595
33	347
70	545
68	415
138	576
168	475
53	466
176	576
280	635
18	522
128	379
18	652
221	463
442	590
131	230
458	582
401	417
392	578
629	669
290	338
458	656
246	257
31	615
411	655
1	633
391	393
39	539
612	620
294	559
303	686
82	416
290	524
341	413
79	686
199	469
102	450
1	241
264	527
71	276
65	371
108	464
380	381
454	499
150	189
127	306
130	553
260	425
448	660
324	600
373	503
30	243
18	361
338	644
379	590
335	415
219	285
5	259
91	167
468	508
24	105
361	502
209	530
208	539
495	517
143	660
53	263
244	664
119	301
129	134
607	628
50	492
330	646
147	410
89	388
24	656
403	587
54	654
25	211
186	434
166	507
59	373
176	284
647	663
511	670
155	543
533	545
39	100
414	645
279	468
198	554
218	563
95	183
192	469
251	343
214	243
273	390
52	665
38	193
448	688
55	201
30	488
11	605
240	660
449	635
45	88
49	507
60	300
480	682
9	193
63	412
151	367
86	671
136	282
300	600
496	572
266	386
255	474
465	539
10	437
150	301
136	452
276	337
149	678
232	317
109	621
54	652
21	243
282	601
218	548
204	312
330	479
131	584
88	259
422	624
282	678
204	640
285	574
114	307
235	589
116	325
121	386
558	668
272	276
112	461
33	526
198	320
28	296
289	346
12	694
449	558
94	389
339	555
675	678
76	514
339	344
555	686
346	361
427	632
495	675
544	605
300	411
216	640
38	652
159	347
186	266
39	568
39	165
507	693
650	681
152	605
395	668
599	649
25	169
78	98
402	542
341	469
421	564
295	447
257	407
543	663
73	529
288	305
156	686
166	475
109	544
383	398
135	648
397	527
213	242
176	207
101	655
222	374
71	497
214	346
36	361
445	590
21	209
124	613
188	254
181	207
248	358
351	675
292	382
4	396
58	71
296	594
80	692
130	146
405	407
175	485
459	658
32	273
261	541
459	532
276	634
627	646
106	142
336	432
183	639
465	581
256	314
407	421
6	67
321	572
496	580
332	421
333	549
368	649
243	555
80	111
142	347
627	647
591	622
334	595
455	588
557	601
528	698
387	658
17	248
143	206
360	645
314	391
420	501
111	264
55	439
303	349
198	607
203	425
283	542
365	489
84	640
68	620
219	657
33	176
310	445
351	562
22	680
535	674
1	381
211	483
612	658
24	37
150	460
323	627
26	649
202	242
371	643
406	449
337	374
46	217
11	383
339	537
436	555
129	189
101	274
68	218
417	530
121	690
134	282
138	568
302	331
273	325
271	531
354	470
136	693
163	469
197	320
332	665
481	546
229	608
293	505
427	562
64	463
215	298
377	438
541	672
4	690
33	227
145	246
35	474
14	370
161	421
449	597
73	147
67	351
100	387
561	616
369	662
87	540
393	484
207	577
162	272
515	694
103	346
140	455
195	433
159	653
428	601
214	414
3	254
32	197
67	665
34	327
3	210
338	401
387	555
81	180
233	653
374	599
375	394
263	492
273	630
165	597
285	509
331	542
521	576
161	615
102	431
302	473
64	670
277	645
295	520
208	394
304	567
645	682
164	285
132	585
77	639
87	504
284	434
165	479
231	389
121	178
173	445
360	522
71	262
162	528
224	239
410	662
214	547
127	637
284	675
40	171
469	691
296	379
98	203
197	646
227	428
230	662
71	350
171	656
9	513
319	683
191	313
386	583
73	155
156	528
339	483
139	584
63	524
164	391
426	676
144	450
621	641
416	434
151	628
53	205
56	562
52	602
100	514
0	571
266	290
242	507
532	677
544	621
252	581
9	133
263	360
521	628
82	114
335	531
458	474
148	569
156	387
595	625
521	523
156	374
285	311
456	529
329	514
344	640
561	648
618	621
555	567
179	309
92	206
35	190
0	557
134	616
126	574
406	525
86	272
94	266
97	483
157	600
203	502
294	404
470	541
156	580
84	662
12	405
223	606
311	522
78	115
128	163
44	415
231	653
71	565
261	483
210	343
319	378
136	571
150	632
484	656
133	512
186	220
146	579
254	514
121	667
504	562
538	617
194	587
326	679
209	555
35	562
404	480
57	680
134	341
48	405
30	411
255	569
91	579
152	227
137	333
9	547
287	414
120	611
50	123
29	597
191	221
537	654
90	134
17	282
453	490
127	379
131	614
92	296
254	633
345	547
21	70
164	641
169	512
494	608
139	611
333	660
356	563
228	454
98	457
467	508
25	666
421	432
404	476
106	185
460	467
175	592
321	470
376	445
109	488
402	467
571	597
384	679
293	396
350	478
169	372
546	612
485	644
221	611
32	404
401	579
253	628
56	268
179	344
305	649
391	484
488	689
86	498
157	519
67	474
107	373
452	603
426	591
39	654
15	614
156	213
150	371
62	387
145	517
194	539
163	363
303	425
216	569
229	373
150	271
227	471
316	592
345	416
9	89
110	431
420	430
500	521
261	572
212	303
358	678
72	76
360	418
358	558
339	414
345	443
226	554
149	547
456	472
163	683
468	507
125	210
190	343
2	301
247	564
221	551
128	698
327	345
81	382
29	139
270	618
445	685
196	400
242	315
393	494
360	578
439	635
554	625
461	670
175	431
432	562
137	424
526	581
197	491
208	665
218	488
520	697
273	627
177	567
78	648
193	395
542	547
207	432
131	678
308	386
124	688
161	504
441	499
43	410
524	608
259	282
398	507
35	236
229	645
217	638
441	693
422	529
415	600
49	118
297	353
499	576
65	402
303	625
107	185
309	380
4	46
94	454
178	401
170	589
183	256
191	378
174	218
433	562
23	321
46	530
46	370
105	647
253	675
77	82
583	632
133	620
13	495
24	204
157	589
411	597
595	640
320	466
322	372
466	532
184	389
127	297
420	473
78	134
142	522
360	670
195	643
303	448
249	467
81	408
193	347
262	517
297	319
312	437
6	7
26	72
236	652
77	470
379	626
491	570
626	672
563	662
161	400
9	406
97	656
31	319
151	362
38	551
563	648
443	488
12	288
355	477
394	419
152	442
192	535
143	454
350	383
20	206
349	684
205	328
91	98
87	195
340	622
163	555
519	643
410	658
583	620
103	195
370	572
33	415
74	396
678	686
595	669
118	671
31	371
34	290
41	504
146	177
540	584
204	339
422	469
334	404
147	567
36	371
124	670
67	526
232	555
388	397
471	501
148	497
86	299
181	347
28	142
590	626
234	457
177	326
269	617
532	636
216	251
591	698
99	394
31	163
284	455
324	448
201	333
190	235
157	242
511	677
19	297
310	688
176	585
543	636
324	442
0	339
437	650
113	674
120	498
10	273
336	392
19	39
665	686
39	667
312	322
128	318
237	664
500	543
62	541
264	567
222	345
231	527
91	451
27	139
582	637
299	632
351	502
47	293
345	523
511	592
160	442
256	470
81	620
263	630
56	577
480	614
511	526
366	474
44	519
398	644
218	454
105	141
628	635
65	240
38	485
65	168
206	538
96	258
228	276
184	519
603	638
199	397
142	541
287	502
374	658
171	500
414	432
156	171
187	308
243	306
55	351
424	497
138	267
146	444
26	668
116	119
188	272
328	529
179	256
546	651
271	485
589	658
674	685
5	137
368	556
450	669
371	487
572	600
179	457
0	145
287	297
389	579
154	191
455	521
367	663
442	471
50	452
18	531
112	363
126	578
245	513
152	477
355	550
464	494
175	491
177	494
333	357
428	663
74	483
194	209
255	350
619	645
341	373
344	654
214	456
144	367
537	563
403	409
209	563
108	547
332	390
155	417
19	637
590	595
457	629
298	577
34	191
211	323
397	452
413	603
357	397
245	353
304	314
214	305
464	570
77	568
12	284
108	612
32	611
63	592
461	630
308	590
273	575
127	336
35	182
162	430
361	407
209	346
159	498
182	424
289	560
182	431
168	505
301	666
118	154
358	386
149	373
146	470
424	485
36	246
135	299
4	256
92	438
102	230
36	556
114	636
115	234
351	438
203	498
480	653
452	673
204	582
286	295
51	127
238	382
429	477
233	660
36	385
31	147
112	497
315	440
347	402
20	152
105	107
286	617
54	203
502	688
493	649
41	210
272	536
392	573
22	485
219	512
327	514
539	550
267	358
123	367
387	492
370	439
28	369
429	517
635	663
272	351
87	660
155	481
57	221
265	658
13	192
475	531
263	307
175	668
182	384
376	488
489	541
26	647
30	655
32	204
89	160
164	261
127	366
391	452
22	679
533	608
9	233
39	697
177	358
324	487
221	661
270	284
135	144
323	503
137	372
140	660
148	563
228	365
291	523
429	442
554	699
91	190
295	668
476	627
79	458
354	374
199	426
295	681
209	493
344	362
39	118
529	592
37	96
148	490
12	615
15	239
211	408
98	637
12	413
44	63
185	192
139	399
520	578
267	694
209	260
355	381
10	560
144	518
90	93
33	395
349	399
26	57
166	323
144	160
495	538
474	573
78	246
145	415
222	265
288	654
131	634
270	390
216	394
108	574
98	163
132	515
244	279
361	685
406	444
33	282
153	462
307	626
38	262
411	508
12	687
348	688
369	401
81	422
69	594
332	561
460	482
156	567
406	547
99	692
368	680
233	288
215	645
6	481
456	582
333	547
509	677
44	174
263	316
116	141
197	506
139	207
4	144
550	595
560	668
60	665
137	307
149	337
34	358
187	668
6	297
54	60
426	580
102	546
261	470
599	606
251	371
153	300
143	510
564	647
327	408
94	473
596	645
534	613
165	550
234	237
294	426
141	238
147	560
257	524
219	274
112	583
147	634
28	346
66	562
247	572
73	427
143	692
234	282
483	529
574	654
55	624
44	596
124	565
179	182
378	536
509	670
36	102
343	458
286	685
420	641
310	689
113	669
19	578
456	623
425	596
609	693
77	310
101	521
426	537
6	598
160	353
185	449
162	502
505	649
209	536
393	616
388	476
448	638
103	247
204	644
135	260
236	588
484	649
93	626
283	442
188	245
72	218
633	639
290	357
23	285
198	680
205	243
287	310
630	688
19	466
61	682
43	592
57	340
242	554
53	627
0	148
167	387
432	513
384	677
40	73
62	473
125	213
144	561
337	534
0	628
454	491
500	694
46	587
261	695
690	695
34	378
114	148
27	309
89	581
41	230
22	694
258	500
428	638
317	363
130	511
254	490
60	157
424	516
185	385
42	474
470	480
155	382
374	672
411	449
326	371
245	639
194	380
80	223
487	651
82	368
253	422
402	511
203	324
221	458
133	500
1	9
9	632
338	397
525	634
352	564
66	185
100	366
246	285
84	531
468	593
22	35
4	429
18	219
48	215
396	551
536	667
85	601
13	27
48	326
45	76
215	423
37	106
379	545
150	483
302	451
208	550
114	442
87	180
404	433
278	294
257	306
261	422
531	680
238	554
205	698
594	638
529	566
369	408
92	394
299	569
258	560
443	519
393	677
251	631
569	660
44	411
110	488
68	616
69	218
272	423
125	295
3	349
488	632
428	575
337	688
13	602
12	538
107	503
95	109
128	433
223	357
280	425
583	660
26	89
207	470
16	195
135	629
44	215
125	211
359	367
331	422
77	369
328	584
335	692
162	219
96	580
96	635
325	673
421	521
62	646
44	613
7	684
287	586
274	581
518	633
204	345
204	444
450	548
366	530
171	430
271	291
478	539
291	484
35	49
35	382
275	565
321	435
329	591
24	433
93	452
42	322
88	467
334	478
328	560
185	316
100	660
164	420
21	141
478	537
236	529
176	405
113	415
343	583
383	420
145	513
97	525
280	557
590	659
15	375
155	400
91	299
308	544
306	347
178	446
457	583
118	507
128	655
363	499
445	468
374	668
33	259
398	668
195	523
81	123
278	326
71	389
215	418
364	497
200	387
456	642
479	699
102	353
414	613
154	296
154	513
171	208
320	537
83	194
79	178
189	479
356	652
312	349
192	559
108	268
131	171
16	92
70	489
136	523
285	593
52	689
443	632
135	584
215	640
58	678
428	535
627	671
112	674
83	390
10	169
251	277
30	214
342	526
80	230
149	335
495	565
44	544
208	623
44	373
250	459
269	631
117	587
282	427
111	559
148	502
62	241
57	360
208	555
234	622
368	573
59	338
426	520
236	525
72	541
337	467
210	659
453	524
221	547
242	325
72	399
483	662
231	354
85	422
35	259
198	213
250	632
7	50
6	28
559	579
280	296
247	467
185	628
519	567
111	444
28	146
86	297
139	193
106	347
82	480
429	656
78	515
147	536
498	553
149	254
53	602
241	494
2	400
13	633
422	500
54	628
167	640
100	591
51	409
217	245
137	180
513	638
341	387
84	373
141	252
83	606
596	608
573	649
19	171
401	605
530	643
107	263
57	196
471	623
150	605
256	602
218	242
250	448
640	641
187	602
30	277
537	626
0	613
157	160
118	391
153	548
119	521
14	460
158	330
584	697
651	684
99	269
472	570
265	669
22	271
446	642
129	438
178	427
240	464
456	541
195	198
155	442
257	477
150	650
583	609
251	589
138	632
396	618
73	413
453	530
349	492
427	432
521	602
1	677
234	530
139	505
197	394
59	681
114	379
49	71
199	587
241	422
38	149
32	513
189	643
1	331
444	634
517	581
115	511
32	292
71	135
188	199
317	599
485	680
519	613
18	295
170	697
60	218
39	603
318	339
402	555
274	459
462	683
100	600
171	546
5	106
76	580
141	159
253	664
85	376
216	307
107	267
494	581
387	650
49	153
68	531
35	355
26	527
308	688
274	423
653	664
52	686
218	570
387	507
512	590
173	609
297	490
335	606
255	412
9	216
450	552
112	469
515	537
322	603
7	608
550	551
158	697
282	610
380	557
393	452
533	649
350	424
181	521
88	601
539	540
247	407
142	181
128	150
56	281
120	439
121	390
272	566
185	529
197	663
8	427
494	600
321	398
390	413
335	552
433	694
10	308
295	495
149	374
82	593
39	210
161	347
50	315
19	130
8	393
115	207
78	577
107	616
170	345
307	610
320	604
380	453
206	657
386	436
252	350
310	443
57	304
520	565
122	191
232	614
287	581
113	127
439	626
92	469
17	351
77	538
536	655
55	406
83	504
438	442
53	219
217	417
133	428
232	546
180	637
336	581
48	578
581	636
109	247
489	574
9	10
28	52
364	421
600	607
103	204
317	592
118	572
117	640
30	426
81	502
102	402
97	329
542	664
111	465
454	672
71	432
304	355
86	594
15	600
64	579
397	410
409	610
61	94
102	565
436	495
433	531
237	357
496	539
261	390
26	484
7	428
43	481
514	531
289	562
97	543
247	603
443	639
104	318
33	372
247	310
323	522
431	577
246	686
198	502
140	655
121	599
188	505
24	693
23	249
62	169
137	324
97	236
206	408
18	354
119	129
394	583
10	479
267	544
274	378
62	585
459	508
156	309
0	218
255	416
56	678
212	319
323	534
199	491
138	231
176	516
113	191
464	659
243	517
553	652
218	664
225	480
84	316
131	501
243	440
31	106
452	635
13	122
6	388
236	355
365	488
70	254
21	140
556	657
51	372
575	651
82	221
37	657
322	354
391	530
351	648
322	619
348	500
252	297
51	607
191	341
245	603
370	603
157	566
111	342
420	449
58	207
469	555
467	656
136	462
28	124
237	315
357	392
395	578
261	545
113	448
230	479
420	634
356	624
239	646
148	235
202	636
357	586
201	538
57	528
167	578
53	80
335	682
566	623
21	233
235	449
314	653
262	644
19	337
437	617
108	648
39	446
8	78
94	361
233	535
66	462
173	649
129	549
67	195
91	660
157	289
496	627
489	625
341	484
387	562
86	225
160	572
232	236
304	443
66	680
178	432
89	699
428	639
225	678
295	550
338	410
242	363
76	238
84	470
191	676
375	540
217	367
97	133
333	662
65	266
58	631
30	142
60	93
114	569
21	227
352	485
280	421
232	478
612	672
92	668
141	669
192	319
71	610
107	631
254	491
132	539
23	118
72	524
207	319
491	557
551	597
334	526
204	633
463	655
133	542
322	563
99	648
172	618
29	391
123	246
84	336
17	461
115	605
218	654
78	602
253	333
23	414
166	450
243	289
238	613
100	344
260	310
11	382
598	692
143	516
290	603
77	614
106	655
211	525
523	613
323	662
4	444
62	521
37	622
506	668
343	407
547	659
48	491
58	247
449	604
50	153
110	571
282	609
469	481
185	556
112	609
266	531
85	378
255	504
175	612
540	557
208	244
212	463
180	493
133	501
282	596
158	661
202	697
446	616
358	688
289	443
317	435
381	394
404	436
38	190
109	197
199	682
75	300
341	411
43	63
206	602
455	555
256	281
98	264
488	679
88	100
62	330
422	649
41	494
235	550
309	341
304	308
441	645
32	189
497	501
230	312
7	668
346	680
102	568
264	664
227	518
563	582
178	240
22	142
41	300
487	672
86	529
257	347
416	437
117	600
165	285
165	276
88	514
11	210
160	519
110	298
80	182
5	557
389	635
98	249
447	631
75	464
198	269
213	340
187	622
340	692
132	135
147	326
184	382
98	412
52	261
335	537
249	445
32	134
20	303
50	479
37	364
71	564
507	648
356	448
162	195
225	359
430	505
467	480
302	699
296	558
352	365
116	320
349	390
590	680
217	438
183	348
72	525
170	234
340	552
500	691
16	380
93	566
286	293
53	314
90	109
237	389
71	136
159	276
211	506
271	449
45	435
36	424
81	481
5	608
244	463
311	320
229	530
13	132
523	676
35	210
313	343
343	649
276	387
163	349
113	518
394	648
385	447
9	206
603	656
29	123
221	377
440	572
0	510
99	295
205	465
446	510
478	528
138	603
259	399
248	539
136	150
520	684
113	554
315	560
446	609
591	664
44	461
15	243
307	642
332	525
22	123
531	676
17	531
14	668
194	659
239	606
302	500
78	563
146	654
162	283
282	308
295	529
213	270
179	231
309	327
344	564
230	357
271	570
245	675
350	611
360	624
31	503
277	628
355	662
452	623
53	371
265	355
192	253
124	657
325	662
443	593
77	269
136	485
351	531
357	660
595	685
61	138
130	247
208	269
217	379
100	297
186	539
377	390
226	637
2	323
235	310
72	506
154	373
352	388
265	341
249	268
123	320
81	188
182	386
335	484
125	501
294	453
375	696
161	479
263	297
317	344
324	575
410	614
146	305
251	389
47	473
151	282
19	595
125	469
251	373
23	541
130	131
166	189
194	265
390	485
49	173
171	492
462	628
175	324
349	360
166	602
188	239
364	510
434	485
133	489
553	595
74	428
263	504
141	451
450	459
518	557
8	321
242	602
505	513
539	616
149	608
171	660
310	602
112	526
287	599
22	320
201	226
72	228
196	442
94	295
198	343
160	486
336	678
38	175
4	356
181	192
337	518
115	615
238	324
448	643
152	671
97	228
371	615
96	251
101	415
492	677
275	603
52	171
459	534
36	603
229	288
238	370
290	386
11	234
248	312
130	517
293	658
28	212
240	456
306	532
222	293
299	561
369	678
372	518
167	181
179	497
517	569
223	275
248	404
43	478
348	666
293	516
94	539
590	616
55	100
29	34
144	639
18	202
514	576
36	449
7	504
479	696
428	434
487	635
67	421
277	577
138	451
176	507
224	326
239	281
287	569
161	446
454	515
88	500
198	645
1	696
37	655
342	405
234	655
160	395
85	360
12	648
599	632
458	506
1	66
237	352
267	690
300	413
30	446
101	217
46	683
428	642
461	506
96	368
162	299
360	619
5	72
142	489
304	517
209	601
106	119
391	450
135	354
402	589
231	363
188	618
126	207
65	419
383	567
147	501
209	457
160	331
194	358
49	677
236	603
139	281
18	163
12	326
85	94
285	446
189	350
63	597
291	318
617	690
149	382
14	312
45	185
302	445
502	585
63	111
77	197
87	388
441	578
338	413
325	394
220	640
263	402
184	347
218	608
468	547
122	242
470	487
81	507
202	638
324	645
207	484
234	656
108	282
10	602
259	477
489	533
275	424
288	330
190	539
116	143
15	26
35	588
580	692
233	485
56	337
51	496
142	317
161	409
344	449
69	409
199	690
294	527
410	473
574	599
118	420
201	286
119	362
40	406
28	457
104	396
357	657
170	485
235	317
268	427
176	620
330	422
353	596
177	460
294	301
376	673
399	486
279	353
62	170
251	687
513	585
111	388
90	524
261	314
44	553
231	624
59	275
73	512
18	344
351	511
349	640
522	674
309	630
464	618
125	214
302	693
89	351
519	595
197	580
43	460
317	559
385	472
240	606
79	292
196	455
191	697
364	664
98	213
342	624
99	303
259	381
23	633
437	630
27	378
238	564
139	597
441	598
86	333
285	471
356	510
90	360
61	106
170	528
335	559
27	533
234	623
44	101
92	637
3	55
26	535
146	578
345	566
395	412
169	399
558	621
421	668
315	365
221	389
161	238
333	650
107	295
393	407
490	665
273	564
127	376
204	573
16	49
402	524
524	666
618	693
499	687
411	456
254	517
300	455
497	563
94	626
69	226
292	578
103	619
360	658
5	127
325	669
70	645
56	363
179	645
69	655
386	549
63	447
165	497
139	158
23	342
425	435
8	558
281	606
385	690
61	442
139	176
17	170
191	411
157	543
515	584
283	340
165	538
79	215
348	589
74	113
49	578
279	694
131	247
29	135
247	652
13	567
123	177
179	415
229	469
208	514
479	692
148	425
160	186
203	447
203	483
209	609
615	635
90	527
49	531
400	677
211	393
419	424
41	550
143	276
104	168
325	568
77	580
190	320
75	603
242	378
481	638
80	408
7	412
415	664
106	497
68	635
49	585
23	492
242	603
258	493
87	687
143	595
93	349
75	299
401	590
438	652
278	507
75	584
583	606
390	630
230	487
109	473
102	510
526	603
77	319
146	371
461	531
368	369
401	510
534	616
17	349
80	138
432	476
38	407
23	301
172	280
139	343
67	636
420	485
348	359
44	348
4	63
99	441
141	240
84	364
514	597
211	670
77	327
208	472
150	545
404	445
286	308
131	326
85	604
54	568
186	217
15	355
275	452
304	367
191	469
514	591
516	571
131	150
177	578
167	637
367	681
454	503
157	185
399	519
520	599
309	344
165	662
494	557
466	518
122	414
157	472
562	585
617	643
22	484
220	453
62	96
482	659
355	498
191	374
113	596
607	689
343	654
0	363
372	520
431	681
136	376
49	313
359	643
112	116
204	440
195	278
260	506
276	600
130	196
416	649
317	426
272	281
651	673
298	552
132	661
42	672
235	446
126	178
288	451
117	276
38	223
84	560
136	460
602	625
268	295
280	601
313	591
335	391
275	552
133	165
359	627
501	517
230	647
11	120
432	539
160	410
284	620
458	520
152	446
197	532
351	626
22	291
504	559
245	517
139	283
224	501
632	651
231	284
168	620
26	342
76	594
614	615
174	266
82	130
156	390
28	209
89	157
20	581
144	645
226	680
213	293
232	507
332	422
65	481
121	124
78	256
442	534
177	182
96	544
109	455
139	683
3	134
183	650
184	466
436	689
153	234
505	572
212	241
238	570
265	563
22	99
20	560
384	650
95	583
88	318
281	498
328	677
344	580
75	232
165	639
76	247
625	666
604	617
177	283
112	475
144	345
283	653
200	638
124	358
6	525
56	234
618	667
204	374
367	583
80	249
99	417
62	628
29	478
444	530
125	291
60	230
551	667
39	434
534	582
331	696
117	605
228	242
561	596
128	548
283	620
490	580
280	368
64	450
120	566
116	679
406	650
130	516
115	374
129	306
604	606
15	469
25	499
287	369
123	415
150	606
570	675
133	594
427	501
24	249
522	663
152	530
121	128
514	604
421	568
402	465
371	551
371	418
390	449
202	226
81	542
170	349
370	661
245	435
56	433
267	439
444	641
284	320
26	613
466	684
513	657
15	22
46	269
237	333
385	685
26	80
326	465
166	443
115	445
63	220
199	495
26	196
303	602
306	374
125	494
524	548
595	632
494	683
531	625
171	493
190	268
37	512
46	688
647	695
32	349
242	421
186	264
368	689
261	324
296	597
130	339
250	461
113	305
101	323
456	542
78	511
268	373
491	600
459	659
85	124
88	634
532	662
177	395
376	451
209	518
616	642
535	631
180	522
534	636
180	255
139	507
153	599
94	305
48	388
114	187
2	234
264	427
150	386
32	372
405	627
20	26
170	245
178	334
58	334
74	393
476	586
57	474
382	459
144	400
292	580
390	688
212	450
383	451
40	695
52	232
569	624
2	568
153	388
152	163
136	507
92	568
17	111
433	565
146	286
121	251
51	200
196	652
335	647
102	252
143	350
25	263
430	592
8	654
501	550
23	525
195	202
374	551
149	533
289	622
598	677
56	688
166	696
121	476
491	605
167	288
249	387
266	598
40	502
86	348
236	397
388	514
593	658
405	590
292	311
5	680
409	465
624	635
219	374
475	504
206	537
205	513
165	694
30	283
49	307
364	507
373	383
26	571
55	508
272	380
19	315
534	595
457	553
87	387
128	188
131	294
40	551
476	689
153	461
482	667
164	685
77	407
121	310
415	679
211	455
394	499
93	410
34	87
47	681
191	417
275	379
113	122
382	540
83	236
221	317
222	344
148	459
515	597
74	370
519	662
253	356
328	370
380	691
37	412
106	120
13	307
38	529
541	574
268	687
95	697
417	539
95	573
75	304
220	470
205	216
185	459
6	590
3	185
186	347
50	645
155	431
154	248
506	627
91	391
335	472
41	556
243	511
64	394
331	553
85	194
117	438
43	653
70	566
192	328
81	445
458	589
392	557
386	635
69	158
481	608
34	89
178	530
590	699
82	158
492	520
108	666
256	641
31	675
477	562
58	341
250	689
3	154
340	609
218	468
511	519
66	654
375	391
358	616
68	234
110	254
28	126
372	450
222	514
188	589
543	632
201	535
369	549
386	445
382	698
366	470
40	104
98	342
198	583
230	509
120	187
45	621
131	463
105	132
4	557
33	420
223	230
535	662
237	256
109	534
238	682
151	691
158	213
473	647
516	657
49	660
561	631
42	142
100	432
84	397
462	589
174	232
573	690
103	449
141	431
430	610
71	495
69	297
168	283
524	593
415	587
391	639
134	322
113	584
277	398
150	347
116	476
327	531
79	134
27	587
64	88
119	289
21	626
448	470
445	559
253	281
384	397
178	654
140	622
287	573
487	685
37	276
196	375
508	647
113	630
33	637
365	468
462	543
70	550
262	605
62	216
161	681
37	121
467	474
20	412
22	279
78	678
53	606
29	159
272	273
482	553
62	485
412	616
93	177
39	676
376	669
217	672
70	142
204	243
28	381
423	555
7	8
33	233
559	571
498	584
606	644
352	425
330	343
296	316
219	267
72	274
398	412
67	589
181	424
497	641
248	342
34	94
375	666
187	425
256	574
327	372
217	394
130	468
111	620
219	456
395	634
158	598
179	694
35	120
62	533
301	309
23	292
161	674
622	675
233	529
339	576
351	496
334	548
371	422
36	330
155	184
456	667
341	473
444	508
201	499
506	562
18	420
429	621
206	455
39	494
442	586
175	434
87	651
303	433
419	649
293	588
22	56
253	574
482	527
157	653
189	476
169	378
166	385
270	272
11	621
57	260
617	646
214	340
260	623
415	538
475	495
241	588
103	262
30	425
450	652
104	563
310	384
172	401
0	431
217	326
198	458
285	394
335	342
10	463
6	85
141	373
279	572
353	378
61	689
377	497
495	590
34	136
89	525
343	389
328	488
150	393
501	535
83	628
220	308
553	563
77	102
435	541
156	511
152	514
106	601
70	636
308	553
1	693
371	469
72	200
51	82
156	503
629	681
114	124
117	523
239	536
302	626
346	453
296	568
287	388
234	390
306	575
488	586
414	551
38	347
213	436
108	617
250	616
237	652
57	153
146	508
120	340
565	671
533	578
233	610
579	581
503	607
450	640
386	459
182	340
4	310
49	538
49	523
92	417
617	697
212	585
129	358
364	637
292	539
38	291
57	321
24	665
592	673
420	600
145	268
142	238
82	204
33	397
506	561
107	636
388	435
648	690
207	409
454	528
182	215
464	530
428	687
185	499
174	459
320	654
559	696
425	452
198	208
32	363
592	627
469	483
113	478
133	549
121	504
14	168
624	671
95	98
21	594
4	81
404	489
16	464
109	153
247	498
528	554
430	659
594	684
132	146
296	529
161	217
610	666
400	472
13	524
329	418
316	414
0	49
275	659
222	428
154	607
114	263
124	432
394	560
44	471
509	662
21	60
73	456
427	483
109	227
86	518
55	681
398	423
145	534
160	560
258	510
84	157
297	299
249	634
168	590
283	344
177	192
368	692
537	656
305	325
161	271
434	436
403	623
353	697
320	514
334	518
48	593
27	649
64	460
254	371
47	567
82	314
534	662
365	606
21	180
135	590
112	577
509	586
272	457
505	666
530	613
458	682
240	651
197	409
198	529
177	354
100	225
218	442
272	436
271	675
8	197
357	595
369	429
434	558
18	672
154	333
234	258
389	515
136	194
27	483
172	645
113	550
377	492
232	450
411	551
184	642
120	205
218	304
117	217
277	332
299	674
279	653
55	413
43	646
42	572
264	348
353	441
64	445
105	596
136	453
144	688
413	652
120	431
630	648
165	383
84	251
460	656
289	635
126	233
214	445
33	510
393	527
98	599
353	500
157	299
355	551
539	645
387	550
223	511
154	678
572	693
471	476
11	292
100	500
109	458
210	306
193	453
601	678
200	436
130	148
61	239
207	663
359	623
149	398
71	147
35	616
236	272
84	654
37	417
341	367
389	422
2	359
255	674
76	669
197	309
342	458
151	530
266	305
389	470
118	389
18	178
288	368
160	688
418	463
361	433
219	673
311	584
314	338
320	551
214	331
291	686
294	533
349	553
87	482
562	642
461	658
148	316
27	411
370	447
164	167
277	670
111	593
390	446
210	537
111	243
135	680
352	546
185	581
180	455
215	426
196	469
474	628
176	482
332	526
293	613
129	182
611	680
170	448
254	406
449	476
352	685
99	166
586	691
370	510
455	665
335	657
427	468
216	437
41	452
86	179
138	269
213	681
268	390
173	306
306	310
458	487
292	338
19	85
179	544
174	230
200	362
197	689
95	295
109	537
29	84
216	512
85	539
384	477
296	626
181	614
243	389
194	235
100	226
341	623
372	486
18	93
449	475
549	594
487	588
210	236
14	410
369	451
111	350
50	353
133	209
519	553
291	330
152	537
291	557
84	529
165	659
73	216
8	488
311	604
245	426
380	549
100	369
216	273
485	597
345	517
68	193
126	405
23	212
8	571
216	382
464	657
13	423
21	516
231	500
191	354
67	499
115	594
338	537
18	261
380	623
92	124
95	368
310	540
70	112
253	292
195	665
128	424
6	27
26	67
192	199
415	685
206	490
40	419
281	633
117	676
348	504
442	473
8	279
25	394
97	125
105	686
514	618
427	593
314	539
269	279
362	556
156	383
189	198
16	305
191	304
98	690
361	568
192	347
136	619
663	672
56	537
297	411
587	674
187	365
588	611
176	327
87	684
449	661
248	265
256	693
384	653
119	151
301	348
208	437
80	453
244	655
58	275
73	473
25	287
52	86
43	673
22	214
218	564
91	479
257	673
647	658
46	290
225	395
545	619
152	368
154	173
328	330
98	277
73	326
92	650
316	571
154	599
423	505
369	409
109	675
353	516
352	627
2	25
456	518
51	464
6	530
164	461
394	402
280	644
84	388
3	352
48	597
469	625
64	91
263	475
525	554
1	152
183	359
219	423
182	508
471	630
165	656
41	549
124	385
271	498
376	620
250	664
100	110
449	562
90	305
141	416
301	413
187	290
162	216
42	306
242	365
235	453
50	467
407	629
416	499
496	564
219	453
50	593
324	348
155	363
607	620
50	545
278	292
21	313
53	200
479	688
296	556
69	672
10	480
372	548
258	576
517	607
140	629
135	336
320	631
356	593
51	78
84	617
404	623
74	274
113	645
20	155
439	449
85	362
448	500
55	541
497	684
12	521
187	487
368	634
333	681
20	584
143	469
131	304
176	636
528	694
330	645
324	486
129	491
157	390
96	699
100	653
207	657
413	491
88	416
518	698
278	442
310	568
29	328
290	343
427	667
595	604
195	381
377	394
66	135
386	506
23	644
48	194
314	461
160	340
38	478
150	574
138	377
337	654
4	200
553	554
230	638
437	670
434	561
475	642
402	587
49	586
78	312
507	644
470	605
410	471
145	619
76	122
182	694
201	496
250	284
77	189
9	607
189	225
151	527
352	617
359	543
586	656
241	490
294	658
206	642
278	300
49	491
124	395
23	79
202	440
676	694
572	695
71	335
73	620
402	670
143	593
237	355
467	571
152	177
204	607
30	54
341	380
28	69
287	360
520	560
248	269
127	430
453	506
252	342
225	423
82	680
409	603
426	588
22	126
595	623
159	208
450	608
399	642
189	651
637	664
212	600
99	249
117	129
181	589
175	536
62	486
104	639
93	500
347	606
19	407
117	368
16	598
174	259
13	149
387	627
170	651
230	417
14	186
225	466
673	686
89	113
166	551
50	433
196	277
387	409
379	511
148	239
227	450
228	542
612	684
130	421
430	495
58	161
233	474
66	607
122	540
360	642
521	640
319	699
84	110
18	227
64	255
247	473
67	144
211	286
553	577
420	440
206	432
481	556
130	415
180	438
390	489
61	201
244	675
23	158
42	449
102	268
85	114
272	290
373	439
282	470
102	143
444	445
25	308
199	537
48	75
3	168
322	435
348	532
225	267
193	659
450	629
144	330
439	562
301	312
30	569
368	496
567	571
88	274
138	183
97	552
424	573
396	428
168	535
109	664
539	606
418	684
96	302
87	301
12	431
377	591
191	624
33	36
75	597
388	633
318	381
77	564
119	466
137	201
136	563
27	518
11	548
104	404
250	383
123	537
33	467
288	454
351	477
483	535
190	218
434	541
182	642
104	654
431	685
42	137
204	307
71	81
278	377
30	104
194	490
323	399
289	300
412	591
261	405
43	477
155	416
2	358
9	380
317	552
567	593
573	683
260	699
282	467
192	516
269	516
248	326
202	424
333	563
289	463
596	656
258	309
300	555
166	642
248	301
74	589
226	414
488	692
24	460
254	665
82	125
163	676
463	635
31	332
234	385
265	540
27	369
388	672
436	449
55	253
37	137
228	490
372	434
122	622
199	363
52	113
174	347
53	273
409	444
113	610
39	564
535	697
202	617
127	259
292	367
284	647
411	643
165	409
198	569
138	428
121	211
115	177
51	53
257	685
44	450
171	568
444	561
300	362
396	645
61	348
268	340
350	495
533	618
276	398
193	449
8	89
182	209
163	409
232	491
271	618
31	618
6	376
208	242
436	600
328	451
337	660
57	355
351	494
291	331
179	587
55	226
288	584
253	260
13	522
140	510
292	371
618	628
43	227
456	668
498	672
367	611
420	592
309	393
266	418
173	205
83	238
165	492
11	341
567	616
311	626
364	546
33	76
92	690
52	414
230	329
222	328
634	637
208	569
74	171
116	445
290	329
118	194
54	245
39	141
24	546
6	685
341	479
168	327
50	246
480	490
347	393
551	673
176	611
19	275
25	643
32	39
298	308
27	238
94	661
132	385
75	470
11	290
118	156
104	628
348	634
226	669
466	496
353	427
68	226
276	504
211	662
69	595
189	679
173	447
54	280
337	493
94	462
242	343
536	663
426	436
499	686
163	603
417	437
75	130
333	382
187	270
58	178
182	664
62	667
13	283
145	548
78	604
579	686
199	358
353	455
209	624
5	547
109	384
426	488
499	598
285	341
79	631
38	354
42	692
569	640
124	669
87	364
80	239
15	362
178	623
62	291
383	688
6	24
368	451
134	678
209	348
504	505
149	684
267	497
382	692
396	655
29	183
286	540
207	311
181	652
513	671
516	683
77	270
530	614
399	584
2	304
462	664
187	227
256	660
84	495
34	477
124	265
118	442
340	403
65	91
134	340
50	330
143	243
630	668
396	658
431	450
271	496
53	380
318	350
38	99
408	674
21	671
78	133
117	145
30	145
174	190
10	183
321	327
13	194
138	218
70	255
428	665
275	382
156	624
492	687
438	684
302	637
201	613
388	533
6	456
253	319
613	681
600	641
316	588
65	505
281	459
391	647
158	229
86	467
406	440
22	588
288	411
88	363
414	552
207	558
159	423
328	538
15	645
28	114
484	620
39	277
58	451
112	684
447	681
112	324
465	647
570	596
545	589
376	668
26	301
96	387
205	498
400	499
240	676
315	650
306	632
255	363
129	188
27	303
195	389
42	545
85	215
208	638
198	523
277	391
130	580
36	73
189	657
125	427
476	503
258	342
225	374
21	85
226	577
384	410
339	541
296	536
308	610
212	542
376	583
157	231
367	465
548	614
392	517
165	468
61	563
8	21
231	637
261	604
379	698
190	575
385	525
50	634
572	669
299	381
338	562
134	663
111	372
333	364
130	319
624	650
564	698
334	447
278	480
272	602
87	532
308	313
253	614
502	615
153	651
55	213
396	430
385	610
328	526
271	562
3	362
136	383
382	617
566	610
367	484
605	695
17	419
448	565
449	535
21	177
94	263
54	196
114	294
116	133
7	606
280	373
102	496
511	607
272	549
66	656
234	425
272	520
528	620
392	479
246	429
102	246
599	657
344	635
80	176
121	378
326	426
576	694
378	507
29	498
204	351
403	657
167	342
282	498
62	226
102	588
122	355
52	137
312	397
18	132
141	648
208	234
301	554
241	474
24	176
179	458
518	592
467	666
20	277
364	473
53	497
357	690
578	583
270	354
1	127
123	545
329	615
46	524
49	554
519	667
33	518
98	634
123	388
215	367
440	549
260	330
130	499
161	281
271	610
378	513
445	588
533	598
211	243
441	571
81	373
401	684
491	650
132	235
184	529
53	517
308	468
111	549
62	644
275	696
105	334
264	681
48	584
218	273
161	573
292	330
542	613
647	676
63	573
171	682
405	593
434	698
214	482
419	504
54	660
181	239
481	688
263	511
404	426
322	393
281	416
559	683
220	318
304	555
190	390
339	385
278	685
39	664
252	482
71	236
142	176
203	450
314	545
430	653
149	446
235	611
265	570
265	535
285	552
515	521
114	475
99	658
377	479
78	606
141	149
388	479
126	242
50	306
45	496
304	326
560	676
143	371
91	211
55	320
447	499
46	288
510	643
122	391
156	478
387	462
288	468
417	600
168	565
160	263
51	292
96	118
493	497
21	497
94	141
108	599
36	557
515	632
284	473
8	241
84	446
169	679
82	529
7	60
524	556
379	519
462	631
226	496
50	130
81	350
16	515
363	582
243	588
439	629
412	573
84	618
4	207
6	460
575	637
114	458
172	511
422	429
299	490
149	169
357	532
94	428
212	240
135	693
3	13
516	622
327	684
636	693
51	451
106	520
455	653
66	151
318	369
145	265
388	417
86	583
563	576
70	336
226	574
531	650
106	546
226	569
669	697
351	509
437	658
181	245
171	602
95	501
6	620
336	547
29	150
168	329
246	649
585	694
535	587
40	561
75	326
202	523
165	406
221	263
143	476
296	346
30	227
105	651
95	544
409	414
146	661
82	306
585	624
376	659
297	575
302	332
248	352
52	561
170	677
498	505
280	332
73	296
289	587
263	581
89	406
119	197
472	563
112	519
56	387
8	312
275	288
172	457
353	602
610	647
450	493
4	410
62	271
99	396
192	650
297	610
453	639
426	571
136	381
331	590
371	543
27	398
124	237
102	196
12	200
325	679
415	453
32	143
128	226
642	691
431	633
55	432
441	534
152	220
456	534
419	603
341	528
114	514
97	690
361	429
74	187
295	666
344	653
86	318
302	630
209	378
96	513
268	697
437	620
55	456
42	602
49	293
380	491
35	583
547	584
337	615
301	567
268	482
259	612
11	71
82	569
50	370
210	612
508	530
594	604
312	588
180	421
252	455
370	695
57	308
232	516
327	551
18	51
221	692
382	527
547	648
237	429
366	696
158	318
101	644
244	347
38	259
264	283
30	264
444	494
335	416
70	541
631	684
182	543
470	574
543	550
454	539
217	533
149	644
408	629
335	475
373	537
331	380
95	574
374	491
456	467
113	515
270	389
133	426
141	330
16	180
448	533
379	441
67	162
113	492
175	520
78	100
186	300
279	663
169	602
70	458
195	699
205	695
486	660
378	491
437	448
240	416
356	374
476	604
128	338
476	628
98	162
344	478
83	430
12	158
204	457
152	616
342	390
120	576
202	492
477	569
497	630
145	521
21	507
190	348
140	692
131	226
46	103
318	600
132	267
337	664
29	218
304	368
375	614
567	577
36	394
442	632
273	332
242	270
41	652
98	568
421	542
198	611
96	528
52	650
104	334
30	573
250	681
10	372
136	595
237	273
186	597
479	522
78	666
93	664
134	411
151	247
211	509
166	619
307	381
6	587
177	566
104	422
270	511
261	426
10	399
200	450
129	297
81	621
92	550
106	687
276	298
101	631
501	662
140	141
143	450
428	689
215	385
608	699
318	513
683	685
522	665
33	264
62	553
21	664
256	424
116	664
199	327
117	498
75	500
592	658
64	209
73	109
169	612
1	213
399	699
22	490
139	463
565	624
69	341
357	582
7	351
369	642
157	211
619	677
621	681
81	403
251	289
136	635
543	573
266	625
51	367
197	485
121	262
54	265
190	655
294	515
109	495
210	631
286	582
49	621
345	561
393	496
399	467
124	184
271	341
558	592
295	335
81	418
205	350
179	647
507	647
49	298
59	320
290	340
292	698
30	474
539	666
134	596
143	218
311	579
66	262
184	409
282	690
191	402
292	699
170	659
346	588
394	664
155	644
209	474
175	552
20	416
104	548
298	574
390	690
42	258
0	223
92	437
19	231
460	552
60	498
4	307
402	672
16	438
329	456
155	358
21	644
286	383
279	522
157	434
96	299
54	109
257	601
131	314
321	608
168	646
396	481
537	543
230	338
28	384
101	639
267	659
20	417
470	602
410	513
101	114
401	633
46	627
71	113
525	655
434	620
400	586
357	413
432	573
42	127
449	461
35	73
651	683
66	161
63	257
85	562
85	110
554	642
316	438
133	642
31	663
127	329
231	247
24	510
70	582
81	414
493	659
148	633
69	308
279	439
38	269
517	659
183	580
100	535
591	671
219	327
5	390
109	337
39	652
83	285
174	386
197	620
511	697
406	504
365	535
149	479
110	492
410	661
305	499
202	623
97	520
187	318
535	582
34	679
626	670
601	637
305	328
20	480
212	278
178	296
154	473
189	329
251	490
404	420
39	267
343	645
204	663
266	313
273	389
40	46
614	686
515	671
337	409
152	521
344	383
28	143
65	296
38	135
367	595
140	696
190	622
22	112
192	226
303	616
327	645
386	542
86	107
132	664
465	690
279	392
199	655
101	478
359	603
261	325
9	357
392	507
231	608
264	478
128	432
460	565
102	274
419	663
146	202
31	44
187	353
203	639
171	411
28	196
9	12
135	306
56	318
583	650
229	305
271	294
139	196
220	569
70	557
218	693
12	263
338	639
400	453
199	325
535	600
24	670
28	563
175	286
450	632
422	542
160	213
313	682
49	480
159	246
414	591
181	351
110	603
176	673
263	520
340	659
103	584
10	161
88	659
401	465
575	644
74	362
414	648
396	519
306	636
304	687
55	513
232	390
144	473
604	639
629	656
320	467
69	314
596	625
161	240
275	538
167	577
187	664
241	306
5	433
60	376
392	568
57	121
19	210
432	662
263	409
397	565
555	597
107	382
309	606
29	378
376	619
10	217
256	497
401	688
73	478
75	485
16	285
145	365
517	566
536	671
90	267
297	559
34	176
656	677
144	433
441	503
232	672
154	389
82	140
74	186
297	362
114	399
24	68
522	555
150	292
208	324
35	429
270	434
21	602
14	634
79	497
202	298
338	450
509	550
243	328
421	426
283	291
380	654
215	394
288	656
360	576
380	616
38	576
425	667
74	241
475	668
471	698
41	539
278	540
50	430
224	513
55	91
426	612
52	392
158	554
57	130
1	643
260	504
214	544
192	206
114	446
7	192
303	459
131	189
628	641
28	218
94	448
219	576
400	613
358	464
508	523
411	431
450	587
552	666
48	80
284	511
427	519
323	664
202	592
155	222
236	553
169	458
575	652
142	222
433	568
175	256
94	444
614	698
154	518
64	297
241	258
538	541
32	651
57	371
205	686
12	621
164	348
494	549
217	221
26	253
5	457
227	299
194	222
94	508
561	625
468	529
239	450
146	502
276	516
238	243
87	459
183	360
497	622
366	511
198	355
268	408
133	431
469	642
282	447
553	672
162	565
292	615
217	414
416	594
63	615
504	672
188	644
94	537
366	413
16	104
49	99
116	166
147	334
81	85
571	611
81	570
226	474
447	560
216	288
106	116
81	601
403	686
113	624
446	596
624	672
204	551
113	664
66	379
34	457
10	88
61	151
284	600
142	403
362	612
349	650
360	513
272	622
11	688
48	116
63	122
515	696
462	478
556	560
175	179
220	254
61	177
76	125
201	409
26	183
367	455
293	329
81	586
13	26
88	487
71	334
481	586
124	696
39	361
177	668
534	557
394	693
7	548
588	638
7	251
270	556
55	106
538	683
100	307
100	200
440	455
317	511
374	651
358	654
226	328
107	388
485	547
129	581
158	268
149	377
19	489
15	527
382	678
65	183
348	626
404	472
415	595
5	18
392	588
259	320
23	36
159	629
279	432
348	372
428	553
191	467
158	511
334	572
446	472
129	585
285	291
611	624
502	559
394	491
136	666
8	193
68	487
177	453
26	172
102	467
167	446
209	612
8	684
59	418
501	658
40	81
99	115
293	537
520	521
203	525
78	179
316	361
35	421
7	227
406	522
378	616
337	441
110	386
131	493
277	551
153	301
221	428
165	408
209	660
398	487
343	496
137	687
139	252
87	247
491	621
297	607
354	670
240	478
549	684
372	606
62	651
50	284
397	600
256	384
171	294
256	426
27	321
282	578
152	466
22	188
353	361
229	448
191	320
9	528
140	457
391	526
103	367
72	412
610	693
451	581
356	396
39	542
179	564
33	378
187	255
299	392
232	326
519	624
31	154
303	538
373	387
115	572
225	553
367	627
265	458
606	620
686	692
304	425
73	321
153	360
15	179
153	529
387	472
353	642
549	629
36	329
108	309
249	533
185	378
174	475
276	286
249	628
153	292
461	561
362	433
19	577
237	678
128	157
2	462
99	690
217	304
97	128
186	472
327	475
142	157
455	459
484	655
499	575
108	134
73	318
154	377
188	209
539	664
20	678
545	558
96	590
191	479
409	654
11	373
405	447
6	661
31	552
524	618
59	491
85	635
343	610
490	594
60	512
0	349
146	157
390	558
464	696
20	268
202	257
322	676
377	494
221	330
27	673
336	661
129	207
344	460
143	600
284	287
58	292
54	75
25	656
166	614
111	634
445	622
222	251
48	621
263	336
9	587
231	576
132	556
239	295
516	665
259	525
103	124
309	627
147	295
297	671
76	159
204	316
21	600
177	334
317	667
237	538
103	409
119	131
611	632
355	654
384	500
295	478
261	670
358	563
398	675
89	566
76	158
370	605
211	301
238	253
138	170
327	482
301	510
273	647
135	280
51	247
122	379
427	583
20	151
670	689
342	391
233	481
274	659
67	403
276	611
312	429
104	613
297	685
261	606
374	505
68	447
274	298
637	657
335	548
49	382
365	607
374	622
17	533
193	641
434	694
553	674
81	435
68	108
3	27
196	222
393	553
17	335
46	392
41	558
52	608
17	194
12	202
188	429
9	51
443	460
116	239
47	327
171	529
457	473
95	473
443	461
100	361
139	673
322	662
470	485
257	557
19	153
368	505
523	686
64	220
230	294
89	387
206	220
379	635
189	608
140	413
197	546
395	605
163	618
345	449
128	211
164	683
0	370
136	335
188	549
120	502
430	583
433	600
6	183
6	428
139	412
39	644
272	296
226	352
91	258
25	199
71	503
198	247
168	268
549	686
89	183
11	698
561	669
24	676
144	685
399	563
569	673
222	686
433	494
66	565
315	455
325	337
45	98
271	671
405	486
366	643
176	184
171	356
119	169
602	642
502	691
306	336
395	688
458	625
103	252
590	640
265	561
178	697
445	472
246	575
39	161
38	411
163	611
375	676
197	539
12	459
250	675
180	603
147	564
103	546
34	300
231	660
84	412
271	463
45	157
183	501
589	592
70	680
219	500
192	258
114	212
466	692
154	295
176	290
209	386
372	586
149	438
591	624
125	151
154	429
251	320
386	624
290	421
662	683
144	593
131	592
473	569
150	373
210	320
59	169
527	682
93	225
205	213
124	515
522	537
483	588
208	346
140	613
277	340
74	210
116	242
463	695
119	487
167	339
378	423
44	693
136	653
94	218
151	175
16	399
491	531
162	461
456	484
366	406
249	450
619	620
230	660
502	580
118	552
14	130
581	637
214	375
271	410
206	699
20	31
43	691
216	423
286	681
117	531
510	657
259	263
487	653
346	645
135	546
419	526
318	547
260	661
344	441
235	432
13	470
214	665
582	631
427	510
244	630
143	527
523	636
175	409
187	403
186	198
92	156
60	411
17	187
72	314
240	256
249	386
379	622
143	588
179	398
342	583
139	580
94	595
106	366
99	143
262	386
461	529
368	651
196	372
465	560
199	368
23	535
141	231
167	386
237	388
204	666
356	558
140	209
261	597
423	481
9	300
48	98
45	391
287	647
526	548
472	625
37	324
237	635
520	637
296	634
67	520
224	291
285	321
346	676
158	596
93	175
227	464
82	288
78	259
202	337
280	445
17	432
224	244
29	195
241	505
193	503
90	478
401	698
256	297
96	533
67	447
4	595
136	154
476	611
318	581
48	363
143	484
98	282
17	49
231	639
36	416
565	568
289	405
68	170
31	591
287	424
339	632
270	486
43	541
359	642
245	302
121	558
416	604
95	292
291	635
17	523
435	696
6	229
92	348
99	444
242	348
601	663
533	535
174	598
91	504
21	282
497	662
11	658
470	496
167	517
515	587
263	359
547	675
123	313
205	297
568	661
1	565
105	554
412	637
382	666
126	227
567	599
582	621
167	216
129	235
50	346
250	468
267	554
384	617
581	591
542	579
76	690
399	433
289	595
110	609
341	504
124	368
273	475
91	548
276	495
654	681
114	361
180	503
146	378
326	619
153	271
191	198
285	670
199	262
618	623
332	517
54	641
638	672
117	167
75	303
440	658
162	194
166	205
167	555
298	356
182	501
1	300
21	42
29	584
62	671
452	492
101	401
209	667
279	479
472	694
63	420
618	624
258	449
324	384
132	589
135	416
37	522
199	686
1	313
158	696
223	692
451	578
95	585
344	392
23	33
171	697
154	679
506	682
291	591
198	432
91	326
8	633
158	470
72	440
288	571
113	540
136	673
355	376
114	604
367	650
236	629
199	244
486	569
95	508
321	379
395	444
304	504
282	538
612	647
591	614
349	417
176	328
441	444
185	691
395	440
335	644
480	686
537	680
37	147
138	249
19	58
575	641
20	513
282	662
168	364
386	569
204	609
614	666
148	323
377	697
249	307
227	375
48	667
594	647
538	673
160	326
222	430
111	172
86	652
80	480
55	370
20	127
206	295
233	614
262	506
340	418
8	355
235	552
64	575
439	488
509	599
76	109
338	406
17	120
304	587
242	285
215	650
372	446
71	569
6	522
377	404
136	639
343	692
97	279
106	542
338	484
279	575
210	235
670	686
127	358
376	666
472	568
260	454
381	423
68	334
313	661
12	91
410	504
20	448
434	629
452	465
7	198
325	482
422	691
182	531
287	377
418	522
635	669
362	563
98	210
681	682
199	650
54	482
47	186
226	265
639	665
445	514
94	139
544	591
20	223
95	590
204	306
649	695
199	562
412	698
29	322
36	683
21	689
54	655
280	348
118	335
457	604
215	659
229	623
372	539
193	397
15	584
214	514
224	243
8	153
155	567
571	692
318	690
59	612
132	207
324	612
240	674
643	668
572	697
158	313
603	616
492	508
223	477
297	392
286	439
428	552
320	644
383	454
161	344
530	623
314	462
281	435
143	413
308	366
224	423
300	353
678	679
118	315
354	593
99	506
131	278
451	638
78	295
209	423
24	566
118	603
196	335
154	483
302	368
110	597
206	619
340	696
493	646
106	213
439	625
247	281
335	360
104	224
293	584
137	228
630	654
69	344
266	347
177	533
412	437
328	646
144	696
157	507
189	645
95	191
182	421
167	332
41	152
275	643
135	155
242	552
538	580
376	675
484	540
188	512
287	442
290	326
498	620
76	479
325	333
577	681
495	689
307	637
137	650
322	501
234	373
225	567
209	413
323	371
14	98
401	565
342	602
156	664
162	320
186	564
469	639
554	689
171	329
108	485
54	424
4	520
100	438
31	475
82	378
147	482
170	469
278	656
33	390
139	461
171	447
334	437
141	430
499	528
275	427
201	381
194	603
24	568
148	304
209	432
207	616
60	694
598	617
448	473
247	631
293	338
313	574
678	692
4	405
1	694
245	671
455	655
108	373
565	672
449	655
281	609
46	449
89	176
97	485
347	674
457	590
135	573
355	679
161	349
221	699
490	501
74	100
28	617
183	325
557	652
257	468
5	184
254	474
362	393
535	610
8	524
531	549
173	367
103	647
443	563
75	619
81	233
194	368
342	647
567	611
192	625
397	558
463	678
267	446
438	578
33	105
298	661
106	156
425	610
285	581
0	103
129	411
44	217
200	589
126	150
329	490
63	567
509	693
44	383
169	681
340	563
373	576
22	596
49	138
211	667
455	654
117	597
410	535
663	698
135	257
44	265
290	585
201	633
498	544
124	353
101	657
178	184
340	413
144	178
66	197
459	510
84	526
158	641
111	652
214	455
248	428
134	544
125	384
48	549
1	521
89	328
160	658
519	592
526	536
272	476
358	562
413	483
58	312
105	357
475	585
524	607
169	690
58	612
208	435
181	400
455	606
19	207
408	673
19	535
507	670
79	650
422	595
120	307
560	583
574	603
60	314
122	207
49	321
15	270
437	477
89	323
119	396
139	485
412	575
339	455
271	586
136	214
317	579
20	195
99	663
173	328
57	203
65	471
12	593
208	482
548	630
47	431
273	641
518	677
228	468
90	456
115	502
130	474
206	413
106	329
532	601
100	268
247	452
200	409
237	257
294	586
121	331
294	690
170	568
57	607
31	420
415	621
150	361
309	476
91	467
88	414
231	638
90	491
230	304
449	629
272	274
196	592
117	562
66	521
1	99
99	298
545	616
24	276
381	628
139	525
300	404
196	333
137	197
491	519
101	546
217	431
7	417
121	676
581	655
196	412
226	525
2	547
53	174
573	585
224	632
130	568
183	309
348	520
115	410
217	662
89	300
15	152
26	586
25	540
609	614
189	499
480	561
352	422
281	480
507	581
263	326
9	145
216	445
160	381
166	383
234	619
262	425
67	205
363	568
162	383
270	667
11	286
132	215
269	474
256	261
40	421
351	671
206	600
256	266
237	556
573	651
261	358
244	545
365	651
222	671
33	593
84	247
647	669
351	503
162	555
195	516
562	663
281	495
26	681
344	372
64	556
291	396
91	498
36	432
85	414
463	619
389	392
365	470
193	247
183	281
238	526
531	532
94	155
63	680
22	290
267	449
176	364
330	564
84	649
400	446
161	382
25	192
348	482
24	117
124	577
386	434
195	477
237	331
30	461
194	692
380	437
308	363
59	294
138	295
51	643
29	102
233	374
518	687
100	334
46	252
20	237
284	355
14	174
411	462
454	676
622	641
29	620
274	641
359	494
33	256
279	632
605	659
215	549
92	641
88	174
207	354
86	688
118	166
144	278
2	33
369	471
67	617
78	191
9	600
524	633
87	336
197	584
168	253
610	696
285	679
342	492
159	371
269	690
86	581
420	598
501	665
287	695
206	264
87	391
215	400
266	396
46	329
278	467
100	404
170	339
327	639
85	608
428	587
145	589
394	548
396	690
510	682
169	487
371	589
209	632
5	39
59	131
493	512
75	546
339	683
88	330
209	342
220	391
202	362
366	600
107	355
184	408
362	380
115	475
553	614
584	658
96	349
445	520
58	252
195	214
416	535
17	359
433	603
158	327
180	318
351	475
119	357
338	525
627	662
316	413
72	653
220	645
461	592
300	671
492	688
25	573
282	310
329	573
581	597
220	618
230	402
525	602
88	144
223	236
212	296
477	591
46	70
352	439
370	562
119	693
30	437
185	448
527	655
241	267
332	555
229	546
158	550
448	531
264	483
300	542
439	566
388	658
332	560
248	490
128	173
435	539
291	573
321	350
257	613
209	294
492	674
198	234
38	548
254	357
240	435
127	450
59	311
320	574
161	686
369	569
6	322
146	382
265	288
142	486
87	236
310	415
475	506
71	181
24	588
116	294
247	501
152	290
101	297
40	305
36	497
242	455
56	295
210	554
37	457
276	384
491	492
55	384
302	571
15	560
83	652
474	576
18	572
518	650
356	680
2	15
519	670
528	686
318	411
412	618
137	430
101	503
28	407
512	665
226	509
391	435
539	597
67	131
436	486
99	289
289	312
445	649
34	444
57	549
9	306
