348	560
29	447
253	315
91	161
54	319
277	677
262	273
44	695
484	675
120	441
88	743
347	524
60	652
282	303
292	623
445	545
37	787
402	662
453	525
235	338
160	375
130	555
398	491
74	136
112	462
119	477
16	46
7	416
8	537
147	743
387	788
458	505
117	608
118	251
318	758
72	738
151	657
326	580
262	697
420	535
173	467
69	717
352	705
189	243
101	641
423	780
68	314
716	723
22	357
371	605
536	765
653	719
267	467
97	331
88	363
130	725
21	498
357	797
286	641
551	690
71	134
530	665
404	586
362	384
650	792
28	353
245	249
110	541
262	525
94	459
111	717
271	623
177	378
271	716
235	741
586	593
113	157
78	558
216	758
440	675
155	645
508	629
315	475
190	433
606	641
98	632
478	741
67	229
339	591
281	702
77	481
101	778
584	763
189	512
373	660
115	472
91	213
2	353
34	580
178	334
115	582
348	669
238	290
160	716
362	573
54	694
262	328
22	789
274	559
290	675
193	260
517	750
232	672
270	443
214	702
126	600
145	552
305	713
193	248
77	120
146	702
26	185
143	219
57	272
535	650
294	616
194	248
488	769
135	728
296	726
247	324
724	789
53	643
323	692
186	574
444	555
446	695
57	171
137	784
34	477
382	479
200	358
452	605
180	211
38	586
19	551
392	426
364	485
516	617
23	562
262	415
141	608
736	751
103	112
553	618
388	770
218	399
111	560
157	629
615	636
175	417
595	736
124	786
271	535
51	510
240	374
420	627
127	463
726	767
184	652
618	679
323	468
321	641
186	380
654	693
322	756
98	567
107	534
149	662
662	777
293	438
212	659
76	570
293	380
469	554
97	98
276	632
98	549
326	406
214	216
323	620
296	528
721	755
62	161
298	406
215	511
162	386
229	287
88	211
140	500
53	722
247	789
277	355
77	517
28	149
768	799
440	499
271	722
177	661
151	331
601	683
277	461
41	122
104	558
589	753
256	578
575	707
135	623
102	106
303	670
32	281
29	610
39	266
4	165
199	274
17	530
13	642
22	612
479	689
146	672
457	460
284	578
345	529
270	717
240	381
324	396
207	507
402	533
364	557
325	707
286	758
213	420
101	564
367	456
426	730
1	307
580	775
29	304
572	794
152	155
719	789
553	620
171	275
419	780
564	614
196	338
237	483
56	742
469	710
307	670
106	525
77	323
239	678
17	151
339	555
144	643
308	346
33	754
307	345
187	531
211	281
54	181
529	690
610	775
36	264
504	745
140	468
172	597
154	243
445	744
364	624
315	538
388	545
594	656
22	312
8	759
105	351
17	237
67	260
500	733
116	433
334	783
10	781
269	753
156	175
68	665
12	730
477	693
53	169
91	415
158	764
178	708
171	378
256	393
610	627
356	683
500	746
175	463
312	636
336	654
286	551
383	489
3	720
359	665
417	531
36	686
168	319
66	396
208	363
449	737
13	85
279	773
152	533
82	618
122	183
606	765
50	420
100	635
282	484
68	469
352	380
273	306
181	442
218	388
116	335
158	645
201	479
267	611
181	184
117	570
726	781
31	365
366	389
100	179
245	424
371	544
66	398
353	678
145	602
47	270
282	667
608	707
59	707
106	404
225	466
76	611
115	465
86	179
209	486
533	758
177	503
184	687
204	795
300	645
9	230
306	658
57	463
389	564
486	566
110	246
309	677
11	490
413	654
6	706
271	361
6	76
243	613
294	456
137	625
266	276
685	746
338	794
203	778
393	757
76	527
21	548
1	790
603	763
498	671
405	432
83	731
187	777
66	770
518	791
633	647
109	214
431	682
411	496
246	796
480	683
345	506
12	582
347	361
557	768
257	589
272	293
552	713
322	567
242	467
216	664
96	721
202	656
491	707
467	551
91	190
381	409
561	778
249	338
678	754
82	159
606	731
119	379
45	461
54	499
475	759
96	508
133	322
5	436
221	240
52	542
26	456
245	419
35	392
158	603
535	757
90	639
141	444
599	699
573	580
680	772
223	581
279	323
16	200
249	768
403	699
180	789
22	654
156	301
50	586
575	597
87	225
472	711
19	70
5	360
138	243
317	764
162	752
29	772
238	622
258	688
258	584
158	666
46	746
229	732
131	322
258	597
440	538
634	671
748	788
72	502
252	298
150	371
73	107
163	393
75	96
109	430
22	675
292	499
114	387
435	677
305	366
265	429
177	739
283	550
513	627
285	541
324	752
315	346
44	567
155	692
201	724
343	536
345	792
421	761
40	204
304	502
104	536
243	761
447	727
63	526
309	442
110	332
176	689
261	398
529	773
283	490
93	271
81	721
187	210
51	530
601	626
330	569
414	453
534	730
24	503
110	489
61	491
569	605
64	130
275	489
12	379
342	527
89	565
306	478
159	547
543	740
22	639
178	181
154	708
36	661
299	716
300	553
680	784
351	743
401	512
314	430
563	759
32	326
31	156
2	524
538	592
272	290
17	758
312	786
561	761
390	410
210	277
33	255
422	433
134	667
397	793
44	196
271	588
77	213
369	730
211	577
542	670
288	617
120	292
437	558
486	663
509	514
446	568
280	409
86	517
104	570
44	716
146	632
468	604
369	446
143	296
31	157
289	657
77	659
94	203
353	619
234	296
144	474
4	58
366	367
431	783
165	503
60	291
655	736
502	556
96	646
349	570
92	352
661	684
258	429
14	346
76	559
350	736
242	457
125	790
52	300
612	628
515	713
21	608
492	747
201	351
592	783
223	707
201	420
147	783
106	643
171	550
180	405
243	425
58	432
522	647
658	765
777	791
370	598
393	549
82	104
89	160
258	433
55	281
93	587
355	428
10	202
313	674
644	747
269	628
54	665
251	340
549	733
177	189
164	420
141	441
39	264
49	63
574	666
395	719
33	547
293	504
261	277
91	547
51	529
185	334
586	697
7	604
394	553
722	778
271	788
180	351
2	687
399	437
318	585
338	646
576	759
521	797
256	696
471	508
660	683
116	721
206	686
119	336
163	246
449	702
59	279
378	468
488	653
557	638
359	689
288	608
24	453
31	131
352	423
80	386
444	605
58	603
166	557
25	58
566	693
394	710
206	768
415	782
398	517
191	544
316	744
514	778
303	701
481	743
534	679
391	746
30	460
160	684
264	760
413	736
668	743
478	522
426	706
86	149
187	586
603	701
107	565
112	259
579	727
168	264
217	314
642	713
111	411
11	24
422	757
31	608
88	575
50	781
467	628
169	469
174	500
151	790
302	441
175	480
319	707
280	796
326	444
145	548
462	771
668	792
245	551
451	462
82	751
438	694
551	752
47	175
243	750
503	704
586	742
308	673
741	790
115	213
365	370
227	550
74	206
387	434
169	210
61	205
168	751
138	509
336	706
712	764
32	380
15	157
162	657
276	363
201	532
352	361
288	709
51	300
195	529
227	410
298	678
706	769
61	86
738	743
36	109
260	707
115	438
272	439
35	548
178	659
94	514
714	769
129	778
39	487
215	681
225	710
79	611
112	323
16	572
472	690
725	791
391	601
733	772
82	780
534	720
152	741
665	771
218	301
20	566
699	755
221	310
393	736
489	593
60	790
16	137
365	595
66	601
433	757
127	317
1	391
109	154
127	770
206	763
592	710
342	385
364	524
202	794
311	773
41	56
672	793
477	598
349	713
451	594
95	114
87	731
180	780
341	748
53	692
79	592
39	105
23	278
5	670
210	347
211	419
672	766
59	100
394	456
633	792
103	205
66	376
236	496
93	159
74	227
51	280
468	577
106	258
439	747
181	690
168	381
143	227
675	740
70	631
58	180
16	364
185	757
394	687
229	555
5	720
133	255
640	642
333	503
325	477
136	168
40	405
97	258
393	412
110	682
171	448
357	538
186	611
174	559
204	377
588	699
240	785
54	102
613	640
496	661
53	437
12	513
123	738
304	625
298	543
307	724
725	746
31	350
709	710
287	697
489	589
23	578
644	791
282	404
127	554
657	733
360	502
170	553
573	609
203	682
59	795
359	516
425	714
231	377
52	653
105	109
369	531
717	753
87	450
182	221
309	662
196	437
43	744
152	769
244	645
84	676
309	590
247	518
235	468
320	480
169	268
160	368
701	716
221	465
67	400
236	596
108	594
284	608
11	601
153	445
420	448
240	595
337	344
62	311
378	607
550	590
151	776
314	549
51	743
351	609
306	368
382	722
247	679
67	430
195	771
404	687
9	48
10	514
466	589
444	655
403	425
150	736
450	662
361	529
600	665
434	636
11	753
123	608
248	362
289	301
37	686
216	257
84	508
495	733
412	736
573	698
112	173
162	219
128	599
386	726
305	789
118	280
256	572
91	315
25	135
574	718
93	645
7	39
445	611
272	331
295	372
533	572
135	784
161	512
487	590
40	617
96	560
583	596
245	772
134	694
23	187
94	421
151	725
437	646
326	380
169	776
21	190
32	400
396	724
205	365
63	73
320	543
92	682
599	754
44	380
625	628
165	362
133	485
79	153
185	319
97	524
104	734
349	573
478	689
561	766
129	797
303	732
139	431
84	464
333	613
218	748
696	782
283	757
227	600
129	494
99	505
376	514
478	501
341	725
26	776
19	301
70	387
386	466
215	737
32	669
257	462
87	176
327	499
433	796
467	634
385	408
9	312
252	515
92	241
207	460
244	560
721	757
186	727
283	416
181	508
692	793
295	303
180	625
83	421
185	707
361	496
26	643
176	303
431	712
269	290
259	576
150	725
243	746
142	671
191	570
28	772
24	754
531	653
120	127
309	322
270	554
637	696
216	730
338	537
142	201
331	613
545	573
82	223
7	244
385	437
273	628
104	657
0	557
211	242
549	721
340	637
117	545
709	724
375	796
117	555
174	780
247	753
39	376
288	505
388	704
194	662
424	559
129	172
271	366
179	646
447	669
80	128
435	556
443	603
329	556
275	578
118	472
508	614
119	319
114	411
207	480
241	792
195	461
554	568
558	754
70	370
658	768
239	271
86	167
7	524
310	491
318	324
219	320
379	578
188	425
305	352
358	777
39	746
356	474
395	506
20	146
642	778
259	549
389	434
228	296
3	735
55	583
119	610
118	339
714	733
51	735
138	435
373	743
76	188
272	648
29	625
387	676
310	535
44	366
230	237
96	645
565	584
627	656
113	513
90	433
18	649
95	567
73	159
401	701
50	625
287	310
50	194
57	770
164	653
227	730
612	774
114	365
436	486
260	322
52	142
414	672
363	388
11	412
521	769
638	671
143	272
276	730
333	577
19	39
255	532
355	487
347	603
287	337
124	724
249	714
465	500
163	180
259	536
296	758
6	182
351	450
152	440
124	384
131	308
25	66
410	494
315	478
22	598
108	232
459	783
127	465
11	423
510	689
390	434
186	793
33	117
94	340
110	577
393	620
219	778
90	446
107	512
119	780
333	730
389	507
76	322
113	211
6	26
360	630
213	617
282	420
294	617
80	247
215	638
369	513
349	723
634	782
324	621
628	745
211	393
108	481
90	171
155	732
1	6
686	783
229	766
555	620
438	680
210	488
119	675
388	775
19	254
251	391
122	602
7	187
296	765
641	786
218	507
204	760
207	240
490	727
602	775
371	674
241	333
402	751
209	388
288	441
50	174
125	163
289	778
260	453
188	414
189	717
178	231
423	473
133	285
367	631
625	767
32	658
78	600
123	603
341	586
99	430
139	680
213	323
546	717
214	628
299	455
356	390
130	357
150	686
537	715
736	769
16	759
15	182
557	607
593	765
293	490
295	616
5	640
366	470
69	594
49	715
206	790
155	624
544	791
567	721
488	506
161	490
736	799
270	728
218	464
140	281
439	742
74	285
585	610
201	786
36	344
156	381
22	246
517	576
416	577
272	724
275	285
325	406
256	751
33	396
595	613
698	726
371	399
454	462
248	487
306	546
255	790
319	569
193	444
294	713
328	502
58	725
281	303
132	135
5	394
531	542
157	368
205	252
109	680
117	504
3	246
339	469
62	285
588	676
575	629
99	545
47	726
8	475
514	735
164	366
356	404
247	308
332	629
160	646
596	667
670	779
679	680
281	342
655	662
31	571
304	436
282	318
92	372
85	386
250	794
184	527
81	432
114	226
312	597
53	331
542	649
237	789
271	717
327	794
175	476
169	646
101	644
296	477
68	80
364	567
28	763
221	326
15	404
50	80
93	267
384	495
189	761
207	288
18	611
50	164
460	666
172	729
583	593
320	420
369	442
181	457
92	745
349	418
274	643
83	635
8	291
83	632
505	506
457	638
116	160
409	525
464	702
400	614
3	713
150	533
361	483
291	383
428	456
209	768
16	479
95	530
29	400
40	228
285	697
524	664
760	762
220	685
282	736
294	497
192	474
222	662
263	329
469	624
189	288
596	703
367	443
105	472
192	358
644	646
191	345
684	688
574	742
369	774
35	383
162	322
146	747
651	746
6	360
480	545
140	778
27	224
86	136
118	449
378	405
61	640
335	385
238	666
102	701
636	780
205	306
101	364
302	445
54	657
35	411
149	502
229	436
103	347
186	328
63	76
0	767
143	558
110	521
150	266
68	69
65	562
156	460
410	703
626	778
326	733
287	379
269	370
64	223
425	791
213	697
95	790
70	106
123	485
640	740
469	680
718	797
197	557
66	179
63	84
257	423
572	771
63	152
120	186
76	208
378	404
189	574
227	298
105	110
587	632
200	584
8	589
205	469
171	528
7	312
144	584
321	679
268	296
135	136
306	459
578	746
333	468
423	441
108	575
607	750
186	767
427	615
264	313
527	601
144	280
16	430
62	95
21	223
125	604
253	476
254	315
400	501
599	797
13	361
376	719
122	562
576	797
375	588
409	736
367	451
65	622
448	616
98	156
130	577
112	344
11	419
321	666
39	344
147	716
65	179
186	606
410	751
264	765
42	431
212	673
266	465
211	279
284	700
196	363
356	681
213	611
445	647
641	734
660	735
88	287
58	729
297	623
44	722
6	644
410	437
173	480
51	741
587	709
264	668
16	475
81	698
322	607
70	144
409	704
506	767
325	754
322	775
181	617
347	392
118	207
12	238
184	320
197	607
95	376
189	647
644	676
407	445
35	728
192	603
163	769
491	668
36	146
64	561
580	733
659	795
256	491
114	643
234	519
212	736
411	576
51	669
379	452
9	693
121	432
77	329
56	512
153	275
120	680
176	458
217	353
143	489
615	622
662	759
181	653
102	363
306	335
224	297
216	240
249	296
292	629
5	740
345	648
578	783
142	355
398	436
252	768
15	114
129	500
399	693
174	407
644	686
302	577
57	323
257	419
81	588
354	388
394	554
98	378
245	487
229	277
63	752
514	589
30	33
90	208
324	491
161	437
153	541
155	566
220	342
453	550
423	644
171	248
132	554
473	520
272	727
2	753
495	652
667	749
561	793
0	238
61	138
468	728
319	694
18	493
474	743
321	437
525	724
6	709
54	347
479	744
599	657
55	222
455	469
3	574
158	700
360	753
169	378
438	746
42	125
279	795
58	392
345	514
355	790
98	276
496	579
505	589
361	655
26	156
268	639
171	231
212	530
139	534
390	468
7	770
749	758
146	367
485	584
145	547
254	363
251	512
93	529
12	363
148	379
287	594
66	734
572	629
616	672
175	498
65	581
303	657
157	486
30	519
166	629
13	300
267	287
95	308
322	790
6	716
422	704
562	618
262	461
209	392
421	594
23	792
105	531
182	741
46	592
32	661
70	411
49	432
263	334
81	387
123	719
108	578
435	608
209	574
80	108
46	786
259	776
338	593
695	736
47	614
51	473
95	651
541	574
354	515
159	481
557	780
320	733
547	672
225	654
31	100
433	514
82	493
267	528
321	692
20	219
500	688
161	707
284	702
317	416
250	418
389	671
219	317
210	596
44	508
11	231
509	626
62	786
439	501
340	589
338	428
577	729
180	716
596	780
386	606
416	674
168	374
309	612
283	462
284	452
163	694
84	480
27	209
408	627
195	670
13	390
246	512
5	652
679	795
103	239
11	327
170	535
35	641
483	628
187	329
102	764
587	639
607	654
29	788
181	742
93	121
6	325
18	226
227	265
165	220
551	729
91	333
275	510
410	491
116	386
471	748
524	536
552	557
445	728
477	762
88	194
157	293
424	791
412	597
453	510
202	300
276	415
287	380
683	769
19	423
263	327
372	648
500	779
371	638
22	589
470	510
622	689
234	467
268	605
689	754
571	691
186	446
422	773
54	172
593	632
154	672
101	561
288	519
403	565
402	614
100	333
5	62
527	562
479	481
636	706
167	350
126	423
377	390
19	555
336	357
571	644
169	788
18	727
580	760
346	480
230	537
224	598
213	325
137	209
61	261
513	729
112	732
373	746
121	619
637	677
190	432
236	700
136	245
223	251
255	693
205	510
417	639
22	51
638	659
319	481
105	275
151	699
2	657
164	273
586	725
392	714
58	456
8	146
517	618
195	451
427	539
325	656
336	449
43	281
354	542
310	694
86	527
549	666
559	608
368	625
654	793
669	744
456	740
92	179
163	330
528	723
62	781
231	776
240	413
723	746
423	762
19	292
475	571
102	339
110	140
147	324
220	696
603	633
61	452
172	625
423	488
525	539
171	688
155	469
304	410
408	598
644	677
87	191
145	437
88	608
205	318
195	462
220	418
206	518
189	253
390	502
63	748
343	759
421	583
275	543
155	710
51	795
177	577
572	585
56	405
392	619
21	358
200	608
527	559
228	284
259	590
432	439
4	504
340	729
503	770
578	681
20	564
16	611
437	767
11	398
267	601
459	793
23	203
355	527
456	580
89	790
81	458
140	359
227	757
213	233
596	771
446	630
159	314
524	653
292	418
200	675
203	568
349	549
615	720
228	740
656	687
7	241
550	717
255	666
445	601
473	543
528	784
26	300
65	492
625	708
334	530
416	531
254	675
508	585
105	456
148	207
73	582
97	628
195	747
260	461
106	583
136	714
65	522
141	650
411	573
137	503
456	531
554	799
436	578
148	528
201	674
135	657
123	475
90	259
492	538
345	730
203	692
570	619
251	566
30	386
127	311
193	274
26	660
216	493
616	690
199	626
517	630
114	657
449	743
56	431
19	191
25	608
115	277
385	584
163	470
158	703
371	496
565	797
447	575
18	629
130	472
146	456
7	210
751	755
408	469
789	790
437	672
588	745
504	797
184	340
63	378
398	567
410	625
208	462
218	276
295	523
204	756
34	157
103	460
33	406
31	326
34	423
1	131
53	88
108	311
206	739
216	579
66	357
162	480
2	136
202	354
166	240
434	595
74	728
484	709
375	461
38	642
324	350
173	304
62	155
310	468
423	457
164	784
11	527
354	573
174	738
117	475
98	678
428	752
30	638
117	125
101	567
242	733
14	290
6	51
523	549
207	243
59	296
76	177
79	264
62	351
260	513
169	265
434	527
258	320
594	658
524	636
628	743
34	462
501	790
44	674
11	160
365	534
406	521
335	702
2	244
405	763
234	665
218	687
770	793
347	497
218	601
5	477
45	298
541	775
153	209
160	214
1	288
318	710
240	494
671	735
253	624
109	614
128	385
220	306
189	718
239	323
298	758
284	539
293	739
206	789
539	682
372	659
114	248
220	674
251	508
94	616
272	679
137	660
240	712
118	228
72	292
411	788
14	406
37	700
88	463
288	774
244	673
137	594
343	584
708	710
695	748
142	145
16	505
24	365
101	410
227	529
92	476
36	433
355	563
524	608
8	667
15	611
486	707
611	692
117	169
546	695
124	196
189	576
327	382
316	402
112	402
180	359
571	778
605	689
156	597
171	514
24	282
424	586
602	781
254	718
224	756
432	770
163	605
68	774
692	734
14	208
366	609
684	717
487	682
29	648
49	180
224	612
83	122
113	703
195	430
332	423
453	477
474	619
79	265
292	645
468	628
416	742
509	646
581	675
319	690
550	684
393	486
169	224
51	56
13	21
588	688
100	770
115	686
92	271
211	494
257	529
97	379
98	510
243	416
79	365
80	173
143	767
551	573
65	466
733	742
65	159
395	565
169	722
211	695
55	580
76	613
62	766
235	605
26	519
445	765
187	278
663	696
230	714
111	302
236	398
568	727
432	562
146	230
186	275
150	477
207	446
451	798
352	799
589	789
105	537
665	694
315	643
184	261
364	421
451	463
238	393
155	683
226	799
345	479
284	534
248	413
288	698
144	185
330	457
64	675
701	735
752	794
482	792
55	266
320	456
402	586
247	523
261	282
163	721
123	576
274	721
445	491
687	714
369	624
623	770
9	793
657	663
143	340
174	366
447	786
587	674
42	391
743	747
777	778
75	585
190	794
190	312
64	388
565	590
183	554
37	459
381	476
464	682
571	791
165	314
588	666
511	666
396	445
409	710
59	191
168	305
43	508
126	520
116	653
109	514
223	354
233	288
47	272
91	755
291	683
463	778
229	404
579	609
305	493
469	492
557	736
69	340
184	647
81	631
265	622
423	559
468	773
672	755
469	695
557	653
112	480
1	482
381	547
17	147
384	487
61	244
539	743
590	641
566	771
312	735
65	796
56	343
108	436
691	693
214	673
370	389
266	423
197	526
73	652
294	622
451	601
29	138
354	560
238	674
92	402
212	340
459	610
81	609
292	300
298	307
104	466
277	358
619	765
303	693
157	364
393	556
240	266
452	594
205	682
61	216
448	502
197	632
201	303
72	120
644	712
414	750
140	725
301	608
218	754
44	472
611	762
493	668
250	648
138	538
20	773
329	636
111	231
41	446
742	787
244	692
37	263
47	758
297	597
154	797
418	609
164	746
131	453
545	625
248	703
278	639
237	643
153	447
21	269
2	384
483	617
100	668
183	318
132	216
97	363
45	786
339	622
218	653
34	415
124	682
3	783
28	452
137	746
327	476
551	650
0	5
588	668
20	395
24	520
269	510
26	393
109	720
101	794
135	541
221	612
142	337
139	737
273	719
347	736
135	219
248	388
689	792
357	548
208	430
662	783
114	630
71	147
122	559
107	426
49	77
236	627
419	720
33	185
529	728
387	604
30	396
93	94
552	606
581	669
165	785
94	188
416	492
372	406
598	613
568	770
338	730
533	638
644	664
131	626
65	85
209	743
531	737
73	251
540	633
163	524
88	133
47	778
414	626
0	106
37	358
175	312
363	509
159	726
478	594
507	668
333	337
413	512
537	607
176	193
53	344
582	768
326	518
280	643
222	332
202	583
546	783
246	444
748	796
268	659
51	405
63	470
566	739
357	386
8	390
115	295
525	792
163	477
32	731
522	618
408	538
584	594
181	464
218	699
169	254
586	797
72	96
283	675
236	640
236	386
116	705
45	72
237	550
184	266
5	155
493	662
237	591
68	731
325	739
36	245
737	739
298	634
20	214
57	654
16	599
27	468
402	714
45	746
69	437
328	593
590	743
10	296
204	641
368	487
176	786
596	644
356	461
324	501
578	718
232	546
516	553
163	648
376	746
13	477
283	414
359	740
79	712
205	315
42	507
341	743
177	556
234	666
90	342
210	483
200	633
434	711
28	669
450	620
437	633
73	308
143	681
214	326
487	741
172	182
36	348
96	237
511	543
63	438
733	775
200	646
386	768
460	597
38	202
588	796
358	589
237	798
334	448
445	703
339	405
116	609
77	436
260	585
146	451
173	720
178	346
106	780
130	261
7	534
770	776
19	442
91	622
112	411
258	518
236	631
273	296
308	493
164	498
159	536
274	417
590	658
40	122
379	746
23	206
148	522
646	752
183	273
130	148
274	690
332	360
247	253
235	442
147	228
281	579
154	774
202	486
52	228
190	398
4	115
34	113
482	609
744	786
51	436
88	714
376	442
103	786
61	184
383	466
235	623
285	447
565	688
563	728
455	772
313	499
231	494
102	790
293	429
109	740
216	775
179	471
39	466
107	262
93	96
395	490
216	268
326	547
489	694
449	668
301	774
206	618
302	486
156	392
138	426
293	516
257	707
414	593
42	103
42	185
217	561
125	334
235	244
6	160
168	244
9	701
679	707
758	793
12	473
369	574
520	658
478	573
447	617
204	354
27	632
93	580
103	705
408	464
585	715
315	343
177	786
112	334
411	543
594	747
94	246
370	475
98	250
170	229
351	528
523	770
175	799
319	590
544	646
68	527
337	784
187	191
421	483
221	596
549	570
152	190
175	239
1	275
252	309
31	572
153	343
33	226
511	796
428	500
237	783
685	727
73	660
93	379
166	222
526	779
14	227
466	704
610	733
547	794
219	439
81	263
222	293
133	676
124	534
66	304
570	585
128	788
246	266
239	340
231	294
260	327
45	156
109	668
33	425
475	644
1	117
448	799
764	773
360	751
80	186
135	309
464	611
399	777
222	773
137	362
90	291
229	414
328	663
28	278
345	450
70	751
51	451
331	667
18	208
262	320
382	444
76	456
175	627
464	636
121	484
257	606
371	483
43	191
308	563
358	449
481	531
245	435
747	795
259	473
460	479
104	501
532	671
200	322
207	405
428	571
249	359
515	526
147	299
201	793
105	694
101	325
575	790
347	428
114	613
103	771
199	379
104	353
82	319
243	304
84	198
350	378
114	446
214	623
200	328
614	730
163	718
80	744
145	286
527	570
124	788
558	723
601	615
427	587
27	202
55	621
71	417
401	631
500	751
125	290
248	399
373	614
152	798
742	771
164	728
36	162
230	262
24	291
215	646
659	746
323	551
141	633
276	462
121	215
321	338
197	497
277	325
269	383
315	460
364	460
173	517
143	392
404	715
245	731
0	660
51	514
279	637
420	508
592	627
57	623
554	590
145	245
365	724
235	767
106	688
118	326
406	565
221	246
743	765
271	520
372	773
448	759
639	704
252	486
298	541
443	687
389	542
585	747
333	384
526	730
279	661
41	532
63	532
339	799
42	63
136	639
14	493
186	644
87	230
356	465
325	480
504	650
287	392
227	615
90	212
62	75
604	707
398	532
438	664
75	629
521	723
273	420
169	751
362	677
345	439
58	286
75	176
442	604
179	629
265	340
773	799
202	492
207	449
102	330
265	307
431	569
90	241
514	728
409	621
147	786
168	628
509	771
589	787
47	592
359	443
658	786
38	707
175	501
406	799
161	543
199	431
272	401
133	679
641	783
255	798
405	485
303	681
118	497
481	588
231	525
146	407
400	774
71	395
574	592
310	752
487	547
14	38
29	165
174	233
609	748
0	118
35	644
717	720
40	315
351	793
214	409
205	585
409	467
275	645
220	431
377	707
16	439
73	132
473	747
514	642
270	349
56	81
17	753
468	749
364	641
320	413
305	406
66	480
63	640
274	706
455	652
227	779
257	492
483	501
663	680
280	468
327	441
36	72
432	724
493	626
64	189
600	664
584	716
511	645
76	89
93	322
114	492
432	740
91	218
174	354
271	317
482	709
377	685
132	757
47	55
635	754
258	553
230	452
58	532
189	279
447	664
359	486
83	433
78	250
255	344
163	617
219	785
531	544
452	677
614	664
32	291
619	708
53	526
80	221
316	784
274	476
407	482
331	465
422	665
31	300
251	454
114	166
484	687
403	461
281	791
445	455
572	574
298	727
21	768
71	737
203	567
633	711
182	422
531	749
319	597
62	235
14	318
406	592
341	576
278	591
19	311
474	729
234	575
522	527
93	505
34	407
1	781
163	259
167	580
65	507
202	319
149	556
1	101
41	577
205	429
669	720
605	739
205	604
430	449
11	787
7	559
193	551
309	675
274	430
76	156
638	723
103	443
534	676
120	183
97	455
187	668
279	346
86	270
583	650
603	767
132	738
21	131
274	343
97	365
48	578
80	716
269	573
730	788
175	352
507	670
667	687
742	782
103	201
105	494
246	548
543	661
58	362
203	397
596	757
427	597
186	704
222	573
52	683
316	712
125	154
580	728
213	752
528	697
239	655
515	717
256	507
52	384
354	752
697	723
34	732
342	431
274	572
6	279
125	237
177	491
297	577
327	713
188	791
158	432
419	501
176	569
171	225
255	466
280	689
334	479
275	336
656	744
142	443
114	169
186	327
124	625
192	352
149	184
753	762
20	647
630	764
159	506
332	698
365	568
441	485
17	194
50	571
355	459
270	434
170	513
752	780
334	578
35	591
106	448
293	482
114	309
382	455
372	739
540	772
250	397
43	704
518	784
91	156
243	556
128	302
493	728
368	771
583	695
470	514
302	402
50	298
197	774
47	220
177	268
110	165
2	427
575	776
592	638
130	756
230	702
45	567
422	793
175	190
428	541
132	772
271	277
21	523
59	766
40	250
45	233
189	502
119	628
547	784
215	781
575	663
251	271
338	395
232	431
157	697
540	545
5	371
380	762
21	200
281	304
554	563
582	604
192	462
702	720
387	442
17	168
289	459
595	628
571	781
227	369
247	699
470	471
404	502
317	333
632	673
282	408
253	714
124	721
423	785
210	566
117	175
66	137
660	681
243	743
258	734
63	590
24	95
210	446
537	763
216	290
25	756
217	500
324	405
414	564
405	785
111	483
260	508
64	309
51	400
62	125
461	684
684	751
601	708
49	333
411	500
653	782
181	509
315	471
357	547
405	498
71	620
510	550
525	572
112	573
209	642
105	632
18	285
435	578
107	500
312	536
329	747
482	646
165	665
566	610
305	543
75	537
609	662
166	366
189	633
654	701
173	635
325	735
385	469
352	723
215	218
370	716
448	568
1	52
553	673
313	637
203	763
45	469
710	769
176	749
457	632
199	608
471	578
40	756
270	442
267	708
364	739
80	271
57	382
518	537
360	710
673	710
187	328
180	773
497	685
62	214
92	613
156	286
155	420
124	775
486	791
294	728
497	637
358	421
537	717
279	547
60	519
481	768
100	731
48	591
661	702
175	261
329	388
251	353
38	362
490	549
188	754
244	550
69	705
70	86
121	196
24	328
7	536
139	369
89	249
298	388
87	518
372	414
4	411
10	58
50	114
402	774
641	753
127	796
5	364
449	646
127	535
58	430
78	333
171	742
574	662
215	359
158	248
69	772
623	637
202	672
189	345
360	558
456	696
403	644
370	595
717	793
717	731
270	764
122	468
147	548
326	791
410	683
181	320
336	509
144	608
336	567
353	634
481	769
69	716
75	733
84	360
244	284
25	306
391	408
115	511
141	602
393	700
185	229
48	289
142	268
267	342
100	783
221	590
292	529
268	433
447	743
128	620
51	778
115	580
12	467
493	593
434	615
364	727
55	456
166	766
177	629
211	226
548	672
602	678
313	491
50	779
459	765
208	415
151	175
689	722
707	798
207	283
78	662
44	325
121	327
103	157
558	668
187	684
108	744
235	773
195	485
589	601
58	525
464	747
266	600
213	755
155	546
188	593
51	301
55	270
251	798
353	778
88	325
373	729
298	401
194	211
397	748
12	360
410	607
516	709
658	793
32	128
0	43
94	515
421	736
498	711
81	147
254	433
85	484
34	481
171	709
534	783
274	767
124	736
150	610
63	339
50	292
565	681
54	303
69	215
580	680
313	394
178	677
257	297
526	549
70	406
541	654
260	694
650	700
304	711
214	358
71	421
496	653
37	122
384	608
75	780
481	556
268	305
147	598
308	349
117	495
54	572
461	760
59	240
396	772
669	704
25	99
218	407
78	105
70	306
291	596
170	545
114	364
124	289
228	753
235	661
110	631
581	791
488	621
321	654
480	743
175	374
641	752
257	725
180	393
34	577
221	514
314	692
185	672
28	416
343	730
351	365
61	144
264	428
68	336
365	498
401	403
408	720
372	702
63	215
400	661
329	429
63	218
239	295
192	594
188	313
72	582
294	399
29	691
468	613
177	483
719	720
31	160
16	328
152	336
70	388
183	659
97	774
455	798
324	648
55	417
295	788
416	574
110	263
25	689
76	497
573	614
643	747
87	106
561	617
117	688
136	378
83	420
115	165
101	386
307	609
69	510
5	626
216	379
428	471
591	713
344	639
428	796
371	473
715	795
114	510
426	760
32	646
29	184
461	748
40	562
300	761
146	444
172	793
438	722
198	499
75	425
258	285
273	615
13	705
149	304
51	609
235	398
221	272
548	760
208	790
412	442
304	647
164	716
295	596
85	220
47	224
219	282
10	37
364	736
691	764
25	382
456	658
108	535
91	499
476	743
85	353
541	787
300	760
300	597
95	498
335	698
71	85
26	88
233	755
526	621
363	537
507	698
450	636
594	773
157	775
74	283
428	660
480	643
447	737
678	755
258	607
244	370
216	289
240	724
172	340
147	556
79	729
267	490
82	773
493	736
239	695
19	676
380	447
103	575
8	256
297	582
47	465
267	311
656	716
133	734
179	639
317	466
449	623
535	569
223	316
56	132
475	719
249	313
399	435
635	662
96	367
129	156
91	589
311	636
198	346
285	619
190	717
81	466
519	687
477	609
405	527
314	739
403	407
237	288
44	735
144	331
188	373
267	623
58	726
40	298
89	257
464	568
165	381
243	767
580	590
109	650
331	607
392	449
87	455
221	580
269	545
676	795
178	179
358	408
64	401
31	473
459	570
331	500
200	391
7	79
603	671
179	224
32	132
578	628
77	79
611	676
586	762
121	696
44	148
5	667
225	545
12	399
250	796
155	615
154	369
245	688
242	726
205	669
293	613
41	692
48	143
141	328
377	684
526	605
392	759
80	457
75	592
364	585
84	755
464	729
573	625
486	563
44	104
40	300
196	593
59	667
524	593
263	606
523	764
230	704
17	709
76	565
483	531
490	786
603	692
298	356
159	399
84	564
9	653
419	581
80	525
285	733
136	678
371	441
598	686
551	593
332	339
476	597
140	635
477	716
245	275
366	538
44	761
247	469
216	267
519	601
28	764
16	366
72	483
303	759
277	286
244	294
224	434
293	762
193	554
27	537
453	674
35	203
20	472
576	699
548	723
295	684
99	637
195	763
240	667
279	338
647	742
545	547
49	116
361	699
226	244
34	211
343	559
42	241
418	534
338	476
456	545
453	660
197	200
0	622
86	693
723	727
451	684
92	662
462	682
166	221
182	710
177	561
600	683
242	331
170	230
130	647
455	591
453	740
109	489
151	465
344	712
325	652
461	612
248	476
63	647
333	747
98	736
158	482
74	218
477	772
606	678
599	742
204	295
779	795
335	641
224	468
288	714
401	658
735	762
489	548
43	400
85	278
144	447
54	597
428	487
484	492
69	281
214	533
185	228
409	452
657	732
278	788
641	797
341	744
183	747
279	391
102	433
8	588
138	178
376	738
663	754
493	533
391	590
196	585
273	282
84	626
126	425
265	536
112	388
405	642
396	473
265	373
53	160
259	327
122	749
15	430
108	581
48	242
310	451
185	765
121	448
266	330
226	623
225	579
308	500
595	774
78	407
369	570
272	759
263	492
247	561
303	313
551	557
740	760
89	303
0	53
410	787
187	401
629	701
287	776
248	531
282	477
434	665
677	717
165	636
146	668
92	538
578	735
500	591
455	692
490	681
72	729
312	484
83	437
135	373
156	185
259	657
1	277
41	766
633	743
504	666
134	291
302	315
33	96
369	453
189	571
440	504
346	726
144	716
487	504
183	655
541	712
484	794
189	403
544	563
21	155
117	476
268	398
253	701
250	773
609	771
138	704
79	201
36	153
58	780
140	797
302	443
73	262
353	447
417	537
156	426
41	398
176	389
612	696
196	634
77	454
83	436
56	594
611	640
172	455
10	501
47	271
80	252
118	411
129	652
184	607
216	311
80	455
604	680
188	404
440	575
252	313
694	794
226	583
284	783
379	382
227	661
110	397
560	771
221	589
242	720
112	783
247	378
441	502
418	490
309	690
404	429
175	665
558	644
16	753
244	298
442	599
530	603
127	283
702	767
553	763
583	777
80	743
152	314
7	783
33	106
193	506
431	474
54	64
21	629
690	691
168	388
423	588
39	559
540	693
367	594
457	652
340	348
228	273
464	475
77	245
612	630
581	702
52	178
35	181
530	799
321	780
336	703
520	656
15	58
597	741
150	354
27	252
107	238
97	177
435	514
208	411
148	476
515	630
235	392
44	474
304	670
47	654
438	511
136	536
514	681
403	550
84	460
393	443
251	780
148	275
292	519
255	744
478	758
152	495
553	784
72	251
116	687
39	522
533	785
6	365
257	380
232	308
58	368
375	529
260	294
17	73
4	565
141	647
242	602
12	396
582	769
433	465
32	322
100	317
1	670
71	402
274	662
308	358
79	124
15	591
146	770
384	485
519	775
415	625
188	605
483	797
372	725
140	225
105	699
99	642
85	614
96	746
720	724
58	752
279	740
258	411
149	424
251	549
226	701
563	610
364	614
285	761
248	351
497	557
31	451
79	711
546	559
100	155
280	688
442	651
284	408
70	503
650	786
548	737
28	587
636	668
222	466
386	722
371	694
145	706
100	340
39	776
753	798
103	635
84	665
329	687
157	687
201	608
245	328
132	623
200	324
273	446
18	133
381	563
281	629
261	600
136	418
373	574
210	508
279	610
560	782
147	463
510	644
200	254
148	325
447	607
614	662
507	614
393	400
176	796
215	364
239	366
284	710
383	735
285	551
527	592
669	795
3	19
147	449
220	310
15	672
179	462
20	211
213	226
513	645
184	254
95	108
319	374
253	345
524	716
16	216
195	586
382	676
78	188
97	704
199	634
40	787
62	202
313	512
539	783
344	538
735	750
132	327
356	671
218	758
57	406
715	741
300	465
226	346
152	264
7	343
66	776
273	361
46	255
59	203
281	411
109	476
443	646
123	665
363	409
666	712
25	712
15	578
87	232
474	612
372	698
563	591
565	653
201	549
13	411
320	775
537	658
410	489
48	601
11	565
258	527
34	387
422	766
156	262
203	254
2	604
341	792
295	796
285	452
138	677
29	245
489	798
681	783
353	636
277	783
607	739
285	469
253	725
229	756
512	629
695	703
272	325
201	209
536	777
284	761
338	529
449	710
196	765
387	445
119	382
27	320
64	365
424	664
746	793
63	371
240	298
123	673
521	725
300	691
97	247
344	384
182	284
224	532
234	326
329	361
352	459
186	386
381	399
56	397
597	761
105	153
109	644
245	277
67	155
6	580
347	674
25	343
51	324
218	412
499	762
738	774
585	683
519	665
185	543
186	547
238	734
504	619
69	557
614	752
140	226
358	526
12	351
107	650
32	139
349	741
271	736
444	573
488	707
498	523
158	232
283	387
460	519
301	670
237	422
325	756
235	701
132	654
449	567
474	772
591	694
73	683
413	625
266	466
111	374
393	579
29	754
618	788
133	377
356	527
51	635
329	418
256	450
364	372
224	444
58	395
245	713
127	386
672	675
42	161
137	275
230	318
522	738
245	515
459	760
147	545
473	482
464	692
586	778
458	489
202	677
287	289
312	469
149	717
321	708
200	373
288	776
441	742
412	441
103	444
94	124
222	486
563	638
237	750
551	783
653	663
143	507
361	480
23	116
333	674
356	777
409	560
125	770
199	621
173	723
260	371
66	634
35	505
253	299
22	469
3	62
146	216
47	278
10	237
218	757
600	744
231	395
134	546
39	597
316	607
154	461
283	561
25	71
344	380
173	748
460	476
58	531
49	718
287	312
170	534
220	436
461	768
571	593
419	751
597	768
13	223
72	762
137	753
149	618
276	399
8	403
150	568
456	617
154	767
95	570
34	605
15	91
84	634
206	614
146	270
149	684
396	754
57	335
8	273
535	761
434	721
608	647
662	795
32	741
26	408
107	695
138	706
47	545
154	193
248	650
167	449
395	592
207	604
351	499
70	507
199	644
245	438
25	91
27	337
344	746
338	719
276	630
435	778
99	412
168	771
546	748
452	767
10	272
297	672
415	664
684	765
54	563
622	709
36	536
187	794
189	674
34	763
479	747
542	781
108	510
29	379
48	510
367	645
36	590
66	654
73	289
208	753
69	109
181	735
288	582
148	673
86	233
138	527
384	590
700	785
501	676
153	675
57	345
401	721
466	682
279	668
446	703
52	632
10	56
499	770
333	617
480	571
336	591
123	788
182	328
42	340
130	579
590	609
19	419
355	732
151	169
162	761
69	723
80	498
164	662
352	792
310	390
271	507
529	548
143	150
79	548
25	125
442	443
204	499
209	476
205	209
7	399
663	775
89	412
124	701
38	651
178	226
463	610
608	761
128	154
372	543
414	775
486	645
306	560
7	511
552	743
694	740
181	353
500	608
454	516
33	459
49	655
540	614
129	525
334	562
100	191
181	282
52	504
91	508
362	600
29	764
11	104
111	188
335	362
22	736
296	393
142	162
156	227
131	566
3	230
78	298
152	212
396	745
379	517
128	722
72	422
170	648
196	752
127	137
383	470
224	571
379	581
420	795
207	216
71	779
181	358
524	589
425	641
161	279
122	638
28	568
176	431
97	616
222	392
363	638
426	665
198	629
207	513
74	134
353	589
487	574
21	295
95	219
523	586
576	755
68	106
461	646
198	421
150	414
138	154
177	790
295	755
724	763
640	729
67	377
155	530
171	445
606	774
411	759
21	51
619	691
170	174
463	635
478	496
156	744
21	741
256	340
90	437
391	492
550	628
63	701
394	459
413	590
395	625
324	723
435	637
514	654
248	566
330	429
288	460
87	201
604	605
85	691
459	615
221	728
160	419
502	701
156	743
72	705
33	205
220	225
138	472
233	611
319	377
257	550
533	692
202	580
31	286
17	637
469	763
410	640
366	768
542	779
242	570
82	292
211	366
257	335
304	725
112	115
125	310
364	494
214	593
47	237
222	447
35	767
328	654
187	249
1	472
95	485
54	628
175	253
19	247
61	582
221	599
556	646
404	710
213	463
212	220
253	401
10	373
378	747
143	221
542	665
570	590
736	764
49	310
65	640
142	661
81	221
435	605
182	425
8	310
552	626
39	788
335	337
58	417
106	773
676	698
276	439
70	480
239	572
485	523
602	777
28	563
246	495
127	335
558	694
457	493
101	787
373	583
199	556
340	511
7	670
38	99
186	229
442	501
6	421
99	470
273	315
226	663
87	290
681	750
621	749
23	288
202	757
107	192
19	432
400	578
161	739
190	475
174	592
341	343
390	422
303	304
30	96
19	686
264	369
104	212
225	241
50	411
295	353
245	529
129	163
50	562
19	447
303	450
351	637
617	752
640	651
193	717
558	719
224	378
449	739
453	705
293	416
242	414
11	33
151	525
285	402
82	398
187	526
344	371
93	149
21	314
57	775
318	412
425	440
272	616
220	249
17	701
173	606
42	652
444	453
137	309
18	265
583	792
129	158
667	739
396	715
63	710
21	751
358	697
172	341
316	793
620	692
12	543
271	781
490	560
184	712
211	216
23	743
164	628
290	524
92	423
525	725
266	394
556	609
433	546
471	704
141	251
191	448
296	781
221	435
187	566
67	446
399	469
310	317
102	254
105	227
74	744
421	487
600	762
257	722
595	763
274	456
642	681
239	411
330	540
363	531
132	402
283	449
96	320
291	719
392	786
314	344
568	649
126	591
628	645
490	767
407	459
137	458
58	383
505	570
15	273
424	630
146	247
130	630
402	639
55	700
358	370
122	560
405	680
284	326
561	651
452	546
287	570
497	787
213	449
466	699
12	631
264	792
476	486
115	118
567	782
477	697
256	325
292	368
301	693
200	452
360	533
387	605
208	454
78	373
163	323
25	707
179	617
97	631
259	470
366	388
120	498
187	297
573	716
212	567
431	579
599	612
294	448
268	667
288	738
15	160
56	452
10	605
128	258
74	481
10	681
48	660
81	393
107	675
35	596
32	300
553	631
140	450
465	513
18	609
738	763
743	776
41	250
144	476
75	165
721	727
170	493
79	413
163	397
31	270
143	164
180	593
57	794
322	364
104	594
729	747
53	788
165	755
27	689
237	774
37	794
678	715
464	787
17	104
137	725
147	170
414	728
94	184
220	591
246	552
84	324
558	573
647	673
41	421
99	244
235	388
625	670
440	717
364	371
431	553
114	234
131	276
5	627
404	549
111	787
379	570
265	409
288	480
255	723
206	539
376	485
665	669
486	532
339	650
87	431
77	180
154	519
125	789
493	579
425	539
299	547
709	774
549	716
88	612
159	738
198	348
209	518
57	745
209	549
121	439
2	777
304	413
151	688
75	476
183	609
144	479
207	441
489	688
128	765
663	735
153	498
117	731
297	754
529	633
47	206
135	496
135	292
284	792
41	572
357	521
578	708
501	574
93	460
348	506
217	645
564	690
308	438
511	717
16	306
13	475
13	88
122	302
13	463
148	441
317	757
538	707
154	570
223	520
473	783
141	238
369	443
381	488
8	12
549	745
101	190
72	233
659	724
33	477
56	285
275	541
186	654
128	622
316	636
256	708
562	714
85	170
20	555
300	574
613	702
85	408
263	786
271	464
88	772
27	51
18	381
604	762
58	388
123	765
509	686
315	454
113	172
166	244
387	588
179	443
429	544
8	536
443	701
453	612
374	579
24	602
435	528
271	550
58	209
4	16
369	725
653	777
156	682
117	561
81	163
451	614
223	269
92	326
485	630
377	719
388	598
453	637
123	236
358	706
43	157
161	472
20	203
458	786
119	693
309	707
562	595
25	537
320	566
693	788
47	522
419	528
383	725
206	679
628	737
81	84
548	553
147	621
591	672
390	581
75	189
91	751
0	705
14	151
404	441
300	637
438	525
483	573
390	446
221	454
332	505
50	640
43	214
4	555
277	485
50	736
153	218
98	109
137	357
172	284
19	690
393	485
261	304
33	229
604	750
307	652
423	553
363	775
106	202
170	438
94	291
134	646
151	289
410	473
422	455
561	798
487	509
713	742
227	555
275	608
446	708
408	531
354	731
276	697
242	615
445	571
76	228
24	436
669	784
179	658
187	796
140	527
243	362
171	176
680	759
211	593
170	312
53	269
276	669
183	338
39	687
382	666
118	541
308	695
135	289
717	721
428	665
578	740
307	631
387	714
501	750
674	719
482	739
326	500
195	516
203	757
587	725
124	380
234	507
132	351
227	477
40	334
377	501
230	671
148	429
341	422
317	340
112	640
31	448
382	688
99	433
183	399
68	110
86	220
201	371
315	622
467	472
202	442
131	329
166	236
569	770
289	732
396	564
120	483
149	598
61	119
131	686
279	737
301	565
1	634
37	781
9	78
285	744
116	332
280	318
476	745
656	768
130	745
28	590
510	620
69	635
121	284
747	798
515	552
368	541
105	404
234	762
772	799
290	513
157	198
273	452
293	563
44	274
358	479
293	303
481	660
169	526
56	514
122	667
208	305
76	147
546	789
100	645
301	433
420	543
586	771
196	598
237	479
155	307
412	719
188	437
166	797
125	296
279	703
20	255
316	418
80	698
218	604
44	113
282	692
226	697
265	642
287	686
423	474
455	651
183	698
595	679
448	515
39	158
224	483
217	768
541	702
40	669
441	699
21	100
666	721
35	702
215	477
568	621
210	480
218	360
326	589
107	572
38	357
15	512
65	694
272	625
90	686
37	130
435	512
725	727
304	317
183	363
582	725
536	574
314	637
92	650
346	507
213	231
61	334
92	198
90	311
312	533
146	310
27	555
385	395
290	694
279	756
57	301
529	724
520	640
461	470
97	105
97	118
211	656
30	634
501	641
181	229
440	561
443	660
40	768
86	522
146	551
229	292
567	744
224	439
163	586
493	597
76	644
74	608
175	462
58	570
514	527
634	648
388	722
117	735
218	247
90	774
113	760
313	377
69	151
155	713
356	764
241	651
151	227
300	795
247	745
375	706
202	261
232	729
238	733
264	359
83	647
75	187
542	546
329	726
226	566
51	176
122	605
475	747
626	783
84	272
254	521
679	757
313	525
360	775
267	694
118	161
530	713
126	491
265	267
33	103
190	715
441	756
731	750
714	721
566	579
169	401
54	369
89	768
145	382
396	472
544	719
263	672
511	716
282	518
308	524
286	711
97	134
617	690
10	39
86	476
268	785
117	396
149	166
592	789
165	348
64	409
591	799
440	539
464	562
567	749
333	364
254	625
168	515
0	260
414	583
117	270
673	740
260	365
205	779
735	794
105	683
306	754
380	537
189	473
334	490
56	598
393	687
446	509
164	264
371	460
107	178
45	472
52	789
703	739
531	645
330	579
463	690
475	483
365	399
323	355
185	461
335	581
222	281
93	647
495	660
287	327
389	589
231	459
124	739
213	727
184	316
36	693
116	652
102	152
117	647
31	191
214	749
69	170
429	447
462	563
572	683
120	407
443	480
593	656
235	631
94	680
231	666
195	465
321	390
112	750
360	741
163	527
159	649
111	457
80	479
389	773
721	767
16	291
655	705
76	189
50	373
227	647
566	770
313	543
33	111
0	661
57	620
581	631
471	630
100	288
325	372
310	609
330	717
237	317
200	259
418	481
46	218
232	614
488	650
193	635
82	97
296	370
253	760
65	455
110	737
17	496
234	661
411	697
52	728
36	541
336	792
299	753
621	799
167	735
138	493
637	779
232	766
168	585
16	739
37	238
195	298
631	744
229	439
70	600
75	518
292	745
432	798
221	256
60	639
285	720
755	784
196	257
11	263
67	751
430	705
257	773
459	559
412	528
54	494
336	637
170	423
47	789
480	687
96	736
157	469
565	777
112	327
476	776
242	514
101	313
354	480
410	478
67	616
444	772
481	656
284	509
114	210
627	652
153	200
127	256
364	670
186	792
513	713
184	772
590	696
221	684
579	799
184	586
466	551
96	370
457	592
466	554
143	147
228	660
332	369
96	689
353	762
33	94
130	724
218	237
93	417
224	268
276	692
295	532
234	529
48	106
34	691
410	753
322	481
462	662
638	764
35	363
432	590
575	673
94	434
525	716
250	422
282	722
641	762
546	778
256	273
538	771
65	735
47	431
61	641
545	783
573	781
37	614
163	177
255	751
201	730
30	190
121	749
180	615
95	608
484	587
397	541
210	577
434	475
269	494
161	475
37	39
171	587
11	142
19	420
280	453
115	334
367	458
121	629
243	704
311	763
143	731
69	141
281	481
233	253
249	636
151	377
175	206
511	700
126	194
639	659
35	601
567	750
81	349
682	786
537	704
147	325
613	695
144	382
364	675
357	606
428	535
470	721
682	717
245	252
540	607
374	583
136	733
384	712
106	489
20	787
244	787
441	563
302	718
73	589
31	620
190	764
121	485
120	254
23	56
234	278
242	254
8	743
69	509
347	391
44	253
68	561
472	492
58	169
524	598
462	596
27	745
41	533
493	587
323	750
68	172
379	716
184	764
56	690
230	394
116	773
60	510
9	688
12	125
429	701
49	767
393	529
412	509
250	394
62	256
662	786
417	583
161	301
233	544
532	742
348	635
412	531
153	373
26	682
489	636
198	576
216	275
308	446
355	582
118	603
50	582
464	546
94	350
108	285
276	788
206	795
30	145
312	586
269	701
126	508
52	315
116	154
367	669
312	526
130	612
469	643
302	742
380	681
100	566
62	461
383	552
5	266
529	798
653	766
186	587
525	650
178	718
44	77
49	57
368	700
203	700
327	395
150	470
151	385
147	425
93	497
177	624
284	296
190	241
67	255
210	742
158	690
232	326
306	463
324	793
432	460
111	245
522	750
168	668
351	728
638	715
106	355
72	631
10	125
434	622
103	403
437	649
447	501
233	659
361	661
366	643
100	722
141	205
501	506
67	799
315	426
525	582
48	689
570	703
95	209
170	722
61	295
693	708
66	518
151	749
244	624
700	772
55	254
537	545
171	702
109	379
204	401
7	95
104	399
321	713
35	703
610	746
101	105
34	599
18	144
542	786
186	494
143	435
295	337
60	655
417	542
43	677
66	597
188	604
305	565
2	297
75	714
404	503
176	541
384	533
9	563
84	387
271	626
314	533
71	400
52	498
74	799
181	411
155	434
146	753
187	301
117	669
263	376
412	437
304	782
500	531
513	746
393	682
133	386
274	300
442	753
183	236
3	58
419	734
55	701
274	587
276	349
207	650
79	682
712	716
162	211
421	769
441	783
291	470
467	769
395	574
37	518
442	736
166	687
405	487
522	733
76	755
65	540
227	754
390	599
89	116
508	559
460	574
59	146
88	621
371	522
79	344
4	459
63	452
577	615
160	378
505	617
298	440
187	774
49	336
216	508
447	731
55	115
508	596
27	401
0	796
129	142
63	433
12	458
640	688
28	207
278	372
309	486
125	572
76	649
11	498
453	764
431	585
471	712
7	34
416	615
64	457
634	768
90	716
436	663
428	758
436	668
154	401
197	608
283	766
73	798
174	252
371	697
448	477
291	640
120	279
466	732
515	663
292	317
157	267
241	329
128	408
41	84
176	263
10	717
11	15
256	752
230	505
297	483
219	679
42	352
305	365
504	737
201	257
396	751
200	486
101	437
313	401
241	412
330	635
17	472
165	240
22	146
615	717
78	429
263	439
291	651
103	355
581	635
246	344
140	306
307	573
49	628
225	333
254	791
367	478
318	533
302	308
216	558
439	524
65	271
293	388
273	566
161	493
320	411
178	462
58	492
435	725
195	559
137	149
452	745
266	350
284	497
297	494
77	87
91	517
344	490
3	56
53	248
94	512
683	759
53	547
545	583
258	490
259	565
498	768
696	727
479	623
523	643
165	585
530	711
254	682
191	268
8	230
380	445
80	359
205	607
509	783
138	787
375	476
179	669
294	666
46	739
68	274
426	614
153	774
109	399
131	683
394	471
422	562
30	163
99	681
145	354
256	503
117	424
234	335
209	481
90	403
433	455
209	729
81	593
141	762
123	564
52	585
384	721
558	592
190	411
56	502
140	258
157	259
164	173
516	627
338	480
651	687
289	428
48	164
165	552
124	212
72	599
174	490
413	629
581	642
17	227
404	512
279	372
246	393
321	789
235	683
478	772
34	749
278	758
319	614
144	650
8	137
265	366
474	653
319	499
297	748
227	795
6	641
92	211
310	682
312	397
101	266
575	742
312	405
408	542
435	589
243	429
402	446
180	786
459	511
139	503
136	589
133	192
251	411
105	354
386	420
511	769
229	266
496	708
493	509
406	522
53	452
613	657
394	663
363	703
435	701
288	484
145	474
456	791
347	729
75	479
499	558
355	728
81	714
65	308
375	609
0	154
471	771
245	374
66	225
318	334
78	241
368	641
583	649
436	625
75	364
558	789
177	439
83	126
23	755
121	518
667	726
381	637
395	465
404	644
119	247
46	790
141	479
420	544
308	711
324	748
74	557
230	362
16	228
293	436
48	357
441	656
111	702
85	390
212	293
642	689
25	736
299	479
6	428
307	768
113	452
103	550
97	583
9	99
184	314
202	289
209	722
150	799
423	575
722	771
143	620
64	758
77	634
486	722
529	597
119	121
22	731
62	388
40	112
544	735
341	583
20	108
396	736
44	338
422	438
121	125
442	502
250	645
398	500
53	148
331	521
319	791
139	622
146	326
249	616
223	239
63	330
132	696
351	766
190	272
311	318
99	363
19	536
98	286
429	626
175	592
103	481
95	769
69	315
92	132
110	512
136	421
27	502
102	309
402	737
79	721
91	748
58	187
144	504
45	287
473	760
510	725
138	593
389	481
367	548
723	741
727	799
97	364
333	580
510	613
145	184
560	795
574	709
90	739
338	718
412	664
315	544
430	472
185	235
231	259
620	779
298	376
627	641
395	654
734	742
181	781
7	209
264	744
545	673
228	526
242	332
468	764
42	692
508	649
195	624
511	668
90	391
508	715
126	289
589	669
162	207
226	480
146	371
76	135
594	766
392	530
12	410
341	533
473	611
27	724
621	722
396	499
357	779
392	791
62	71
622	685
99	125
459	664
40	645
263	639
398	528
178	477
353	455
242	432
81	649
121	443
175	337
290	460
432	620
222	258
160	383
50	659
19	470
316	383
96	263
52	395
197	736
201	770
54	514
31	143
229	392
490	708
3	747
12	276
574	797
580	768
86	237
437	528
378	586
322	647
247	705
358	631
362	761
549	682
248	558
745	775
272	451
71	476
470	567
372	596
444	485
498	666
112	629
483	489
141	295
109	352
592	599
196	312
179	576
510	649
342	366
16	456
527	742
622	735
132	437
84	348
179	348
271	508
240	644
41	636
317	686
600	621
193	667
665	759
117	352
137	758
239	336
47	244
524	656
408	639
0	421
50	247
242	596
597	660
496	647
138	739
341	389
149	630
387	528
31	244
403	476
123	289
174	654
20	413
281	620
318	522
387	482
336	697
594	678
173	511
476	713
696	729
203	228
578	763
89	219
265	720
41	771
262	738
365	532
398	572
666	788
368	581
394	655
233	647
222	339
272	758
317	654
477	685
751	767
523	608
262	568
92	209
181	581
391	451
51	559
572	653
93	651
269	692
224	689
414	748
3	588
170	284
391	439
646	751
503	778
65	143
708	789
507	593
365	510
32	623
633	662
327	649
755	772
206	227
221	233
397	719
405	503
81	141
521	698
165	544
630	661
152	387
402	563
341	459
418	464
217	527
555	670
111	299
270	397
114	274
39	736
284	451
174	525
218	332
762	791
498	643
302	536
106	442
520	528
514	645
130	519
503	583
336	443
125	404
476	718
324	710
608	725
156	602
683	789
462	526
374	595
233	506
7	260
679	767
170	537
132	530
105	381
324	785
290	509
381	626
205	796
291	341
625	672
78	376
209	600
41	201
427	641
278	793
20	289
104	640
680	758
525	558
66	567
542	794
469	538
278	450
63	254
388	633
162	229
217	469
80	436
342	665
322	358
515	606
636	723
23	264
716	771
364	392
16	233
641	732
522	715
13	661
372	486
52	128
374	539
80	437
475	524
32	298
293	655
269	453
8	744
264	508
337	445
521	528
6	472
607	767
500	563
428	667
202	306
619	681
456	604
168	606
3	9
25	324
623	699
512	697
119	729
117	375
40	587
388	670
211	590
90	791
422	534
36	250
446	539
256	500
94	220
50	148
544	651
537	773
24	341
420	644
164	302
98	342
89	365
646	756
567	760
118	601
275	523
245	565
153	629
124	686
181	423
246	677
342	625
430	702
535	752
275	668
533	696
276	638
646	761
499	589
636	788
502	640
758	779
514	515
570	575
518	519
205	375
335	742
205	674
12	703
339	717
150	712
278	576
613	726
553	762
492	735
513	586
315	526
263	438
168	637
421	711
387	599
28	536
152	792
63	558
163	782
307	347
133	711
130	673
46	476
454	774
270	453
519	627
633	712
226	456
169	342
32	352
119	403
316	743
430	758
76	174
312	768
229	645
372	733
157	304
62	730
64	496
173	644
62	150
36	273
333	790
459	579
543	590
124	792
184	658
381	653
526	737
174	457
265	579
403	499
605	782
121	516
556	765
503	774
379	438
333	656
554	691
177	535
248	532
560	673
152	674
488	635
541	778
491	705
666	744
441	670
450	494
590	671
184	406
398	571
2	241
286	531
255	518
30	277
17	615
330	471
115	375
62	526
176	304
50	624
550	664
359	416
29	75
138	555
25	67
539	633
123	753
109	746
472	485
373	679
144	305
231	633
50	515
340	689
483	726
134	384
172	549
42	299
495	625
53	740
148	620
505	560
609	770
524	539
295	354
196	728
420	481
300	491
213	379
86	463
162	744
129	750
544	788
152	448
668	786
194	655
553	712
255	322
212	505
397	587
480	513
268	771
67	632
305	781
239	293
306	562
234	738
322	758
213	298
87	432
452	487
209	261
638	651
69	656
22	206
387	738
710	726
657	728
105	627
655	671
180	487
153	673
0	21
279	670
169	447
309	711
633	725
108	658
327	533
47	301
43	468
69	157
296	746
455	510
216	424
116	680
158	765
161	638
665	742
186	359
22	594
66	203
361	678
573	676
244	786
237	672
617	749
85	500
250	706
54	68
597	648
162	513
192	237
598	693
202	441
146	417
502	675
60	759
72	575
122	703
384	509
153	488
81	306
154	313
1	591
250	678
31	750
124	190
26	334
309	353
17	101
111	307
491	742
188	267
245	312
319	702
324	438
519	617
169	275
435	451
13	156
30	593
159	392
502	707
103	604
105	206
51	575
150	433
187	398
481	702
501	517
219	745
242	258
265	553
298	687
132	552
38	471
579	635
199	734
211	516
378	447
370	726
290	748
417	762
200	495
147	289
506	651
295	673
36	223
148	716
138	776
143	284
19	241
136	766
14	398
435	699
331	693
511	768
512	547
309	575
56	670
202	276
267	444
11	437
226	286
443	564
682	759
595	666
96	152
573	675
97	420
7	237
83	734
463	602
585	611
302	525
124	633
396	555
714	729
127	484
211	231
80	522
400	664
262	456
669	741
677	788
307	432
587	792
78	630
74	780
30	123
397	499
758	795
16	381
104	739
574	707
528	777
183	642
221	409
264	728
153	653
190	434
471	667
39	680
72	728
55	781
154	762
91	130
126	331
13	309
20	666
485	754
369	516
445	592
59	714
723	783
111	178
694	738
302	477
110	405
294	484
74	235
58	750
241	774
88	533
179	403
259	695
135	550
107	665
442	652
38	272
326	425
445	776
33	173
414	659
332	441
295	506
549	623
300	784
240	417
490	765
561	695
522	536
170	234
186	518
382	698
140	190
71	799
331	648
204	672
281	384
103	120
280	488
253	556
448	495
453	461
270	473
502	762
172	219
577	780
339	590
40	726
217	769
467	553
222	677
108	127
484	566
322	421
452	572
229	743
172	462
420	554
317	552
464	771
1	433
168	726
60	752
186	355
322	651
109	435
248	597
97	724
151	545
275	546
765	789
109	722
30	733
306	760
78	125
444	542
225	686
141	656
266	769
106	228
513	682
176	599
16	281
155	169
116	462
706	762
289	787
4	442
237	785
56	565
610	662
299	401
25	628
176	791
325	536
163	436
185	506
394	747
555	571
172	668
18	160
42	78
449	467
78	147
193	231
461	647
58	202
596	669
189	339
575	582
64	362
404	494
199	343
707	768
107	530
220	289
122	329
4	480
97	300
94	260
452	461
130	149
185	267
266	551
270	705
175	732
110	796
331	571
428	662
83	629
372	466
249	318
469	537
526	742
243	481
478	665
139	452
57	341
383	691
575	598
194	735
364	647
260	691
159	316
142	779
207	752
207	552
362	711
197	419
674	705
87	524
247	354
316	769
219	662
586	764
444	727
475	518
3	499
501	561
63	570
689	746
432	684
221	653
535	555
75	320
178	436
106	295
398	435
361	583
667	796
190	536
355	481
176	245
22	341
182	668
218	733
280	391
413	733
80	519
413	708
135	519
52	389
2	437
319	358
699	712
81	137
331	626
472	520
322	324
404	725
26	470
295	726
214	569
57	604
437	499
513	553
470	795
7	453
419	795
202	513
503	730
281	599
426	789
127	347
433	440
5	373
9	783
202	451
202	395
182	679
62	527
80	710
27	524
238	475
457	538
489	633
64	307
643	774
588	781
218	289
98	769
92	459
523	541
601	720
144	498
166	736
277	341
147	760
299	489
426	507
221	593
276	396
241	585
311	458
434	564
189	197
377	471
290	590
122	673
149	401
534	633
223	649
107	138
130	542
151	759
463	585
52	194
85	295
220	768
238	319
522	564
133	415
363	571
657	668
238	440
203	212
122	347
709	727
369	790
293	392
347	435
41	402
221	342
96	366
81	705
208	246
256	664
429	558
13	401
343	413
487	604
385	488
233	482
173	589
345	352
153	690
168	485
262	384
368	525
533	666
12	136
131	642
129	782
498	619
338	350
25	390
375	497
262	728
214	753
419	725
393	760
9	456
79	658
192	752
193	778
71	527
266	785
284	582
79	328
626	627
454	558
225	613
506	596
51	66
140	504
594	735
416	568
651	781
205	341
62	467
499	772
114	714
228	569
1	18
401	602
246	403
213	653
44	340
295	358
688	791
247	578
259	599
475	699
355	373
365	381
46	531
109	555
359	688
235	584
667	696
224	321
394	727
118	443
251	555
730	772
356	423
73	694
52	248
135	555
697	718
169	775
133	597
506	683
227	543
115	290
714	781
346	409
451	772
70	213
109	449
312	478
104	210
351	589
74	183
0	295
338	493
158	461
332	453
25	798
113	258
5	438
52	326
2	277
182	601
769	790
158	756
105	199
349	750
159	442
673	686
193	488
309	355
181	192
404	781
89	334
123	743
85	456
37	492
74	156
406	576
43	274
71	483
251	392
43	268
401	717
287	496
14	293
18	275
84	459
333	446
177	279
343	507
400	454
172	556
214	506
200	637
207	350
326	609
118	415
295	331
332	523
314	354
97	361
154	344
138	378
379	385
391	725
85	768
137	183
471	750
363	395
107	155
61	599
62	405
225	253
43	165
27	358
524	592
500	672
187	603
399	571
38	332
369	646
56	98
342	371
192	549
393	440
169	752
334	616
200	377
176	568
158	430
150	783
461	541
245	330
48	664
669	713
403	627
387	461
19	457
186	332
261	268
36	613
128	534
131	392
393	414
425	709
39	313
171	271
339	589
38	442
597	649
377	666
137	228
49	207
139	358
153	440
93	162
112	373
176	614
114	314
642	732
269	504
49	692
85	548
562	771
334	774
28	408
54	305
163	671
15	687
516	655
22	395
175	249
205	480
403	764
311	377
389	634
34	358
409	504
368	425
188	612
495	769
227	380
584	593
711	757
306	592
406	674
248	503
0	739
106	176
253	670
20	476
606	739
140	193
356	666
51	576
547	599
93	380
64	164
242	481
60	201
326	756
19	511
267	512
449	611
174	642
128	644
241	457
302	509
90	488
232	533
181	326
525	659
307	388
126	320
208	719
215	344
49	465
386	499
184	617
551	731
493	688
440	638
515	558
430	558
82	786
418	498
296	535
472	512
468	594
271	545
723	773
217	256
101	135
714	717
110	438
235	240
13	364
297	746
82	437
625	705
335	537
280	392
536	605
205	455
453	560
260	360
166	555
576	666
380	639
209	497
103	328
392	464
205	386
513	533
245	644
162	350
380	396
503	738
68	364
311	448
52	193
155	377
76	665
18	502
221	662
9	85
316	500
9	186
118	737
157	681
218	268
672	783
328	665
432	560
256	683
176	251
300	460
469	527
303	424
380	627
337	619
199	309
611	709
248	489
14	676
368	749
411	793
30	81
613	663
56	605
439	566
390	609
107	719
119	249
347	516
115	508
36	608
307	766
440	731
43	673
299	778
431	717
411	564
223	319
424	502
297	485
554	680
470	586
53	631
328	472
206	588
196	679
390	551
156	429
167	185
83	158
47	728
148	328
169	654
22	494
256	731
626	754
189	278
26	725
181	374
39	230
258	540
282	287
754	797
275	393
174	757
244	308
633	774
400	740
30	712
394	431
330	452
107	390
70	354
149	246
250	340
363	666
642	754
170	440
262	443
104	303
690	725
19	68
165	214
150	444
38	400
488	551
81	795
13	252
237	671
142	474
196	408
363	378
465	704
275	587
535	537
177	482
151	209
221	329
49	732
73	780
124	631
230	430
331	771
210	443
636	751
8	528
165	457
262	498
252	494
337	657
712	742
14	629
581	639
52	138
147	306
128	230
335	775
244	794
232	293
528	591
122	151
334	398
63	437
447	696
485	714
125	210
94	708
365	546
249	431
212	436
223	637
87	275
141	160
197	640
507	520
192	610
366	705
375	456
535	603
7	392
376	702
431	543
327	766
125	232
60	463
532	686
100	172
390	654
436	637
14	444
262	668
334	539
376	750
583	648
108	126
91	335
16	181
90	445
169	584
40	244
443	747
77	471
214	708
143	495
33	506
153	796
459	764
447	654
85	637
576	611
172	681
147	462
418	564
623	660
261	663
136	228
485	619
35	676
42	104
65	478
312	552
628	651
280	784
535	784
265	766
78	581
425	672
532	758
2	93
314	559
141	641
225	574
102	125
403	638
64	593
75	400
120	295
22	230
436	539
181	235
651	749
103	504
94	418
186	640
129	384
131	656
2	792
42	389
308	570
196	712
594	631
232	763
50	508
322	474
175	653
166	301
582	611
382	689
110	780
205	368
508	553
163	715
375	559
259	562
129	514
459	627
488	665
590	770
112	787
393	728
530	532
246	292
169	725
434	639
330	549
418	543
757	789
714	768
43	545
571	751
235	276
183	569
29	668
132	563
675	733
207	792
35	232
70	618
31	94
609	629
692	714
64	266
281	740
17	243
104	127
318	711
249	555
297	390
282	317
242	782
276	353
77	390
256	769
380	731
74	673
85	660
497	507
177	747
507	644
579	674
61	613
361	474
279	721
412	615
320	634
449	660
458	765
195	780
439	466
584	714
275	717
120	778
349	764
352	587
117	702
25	335
63	419
417	633
373	542
399	521
344	705
352	790
318	756
63	194
462	734
50	673
299	560
259	436
415	438
95	644
419	781
538	752
7	369
102	794
240	261
108	141
87	261
152	328
350	438
577	719
196	789
82	442
79	258
87	161
288	593
134	181
407	663
165	530
178	786
292	511
451	646
248	564
589	770
17	479
663	671
173	765
82	604
128	606
464	731
31	360
179	527
364	530
166	413
238	522
251	600
117	598
266	642
43	93
229	342
749	772
643	690
173	337
249	575
122	314
511	743
207	209
14	82
501	512
31	677
80	539
344	655
55	509
422	713
106	179
183	514
168	482
92	714
22	57
47	149
425	631
110	132
73	260
615	647
53	542
139	716
19	708
12	15
432	479
378	399
599	619
224	256
594	784
477	533
436	660
771	797
161	211
104	601
85	105
413	524
252	404
95	479
354	375
332	343
47	755
198	296
297	449
102	409
444	645
251	578
377	653
34	244
396	757
228	431
510	770
263	532
350	660
3	398
113	468
125	165
46	403
331	458
183	681
168	430
141	358
365	719
599	639
417	511
327	328
122	738
470	788
108	345
286	501
116	564
112	456
136	445
303	781
670	753
163	285
113	208
303	717
111	570
146	217
350	409
134	366
483	496
317	447
7	325
391	694
194	230
209	212
373	760
336	740
225	689
647	652
429	725
419	560
361	653
146	155
45	450
277	798
482	660
351	571
135	685
206	664
9	583
252	412
352	620
604	735
184	517
512	615
142	303
153	509
304	592
328	425
239	451
318	427
118	255
709	798
351	670
459	762
141	395
353	367
585	661
207	583
410	669
78	529
23	729
269	530
20	101
177	708
27	684
697	715
293	480
48	546
107	430
129	225
84	167
108	389
202	586
145	449
231	496
234	256
101	637
162	522
559	773
20	478
323	616
376	744
307	401
352	696
116	573
445	799
399	747
54	722
52	736
80	155
207	692
691	758
423	519
564	639
166	416
20	429
26	285
139	670
242	412
205	754
121	596
612	777
371	633
61	443
425	528
45	451
151	765
275	408
265	515
66	631
83	749
76	525
208	444
74	513
49	297
195	330
281	436
309	544
228	786
61	501
440	670
239	563
317	500
140	611
204	358
712	779
488	793
331	602
508	619
604	765
290	625
141	482
10	467
346	718
121	182
227	392
352	728
388	658
110	494
660	689
463	706
270	294
146	505
123	224
637	697
311	449
293	393
379	574
163	673
142	318
201	264
80	88
63	633
186	189
661	712
214	340
345	654
211	358
61	386
636	779
330	584
591	786
44	663
191	772
17	426
74	492
32	80
53	84
204	350
353	399
85	610
156	482
102	234
107	183
21	245
15	694
66	90
225	671
3	177
422	664
652	778
483	753
177	363
124	583
226	677
52	341
245	274
635	751
461	578
358	765
77	455
297	319
12	63
201	538
127	257
316	430
308	451
279	302
581	701
326	759
395	508
16	755
26	117
762	780
352	626
319	727
9	415
301	685
225	512
167	668
154	537
425	566
250	515
197	267
260	797
723	738
8	609
459	638
30	775
259	419
297	670
600	773
264	470
56	348
38	204
215	230
561	626
61	542
121	330
27	307
132	594
425	516
192	682
280	406
299	557
97	734
47	688
527	610
172	742
309	498
432	580
526	660
346	504
147	793
269	501
201	700
158	353
162	624
2	417
124	194
156	228
643	788
182	656
158	620
71	174
307	360
469	487
384	707
89	737
88	314
131	526
461	722
276	565
17	767
266	736
362	453
122	317
596	724
317	621
321	385
32	787
353	674
593	639
517	636
407	758
156	237
332	524
235	744
138	288
171	341
241	359
532	549
81	86
26	489
194	207
459	603
421	467
182	242
136	460
129	735
168	421
228	749
185	353
36	280
119	419
283	746
112	451
225	651
95	270
255	585
619	642
412	584
728	795
44	461
595	608
510	720
351	406
393	681
89	273
15	453
347	409
349	749
219	698
391	533
82	480
258	721
535	601
94	104
333	447
5	473
1	342
248	438
260	274
176	676
375	519
283	531
176	632
30	254
119	353
90	448
63	496
596	774
126	660
99	481
220	253
301	512
254	344
456	560
174	191
290	493
495	700
15	656
607	783
3	308
474	665
282	773
538	643
272	456
222	716
729	765
373	640
354	606
749	798
396	600
256	462
392	627
61	751
96	544
402	555
606	690
198	217
472	712
123	469
98	574
181	796
326	719
12	169
269	608
44	608
57	282
88	311
613	626
352	521
23	791
60	259
134	172
255	345
66	685
157	769
459	491
39	109
390	775
557	709
38	123
550	622
237	441
9	219
109	549
135	688
599	712
49	374
490	499
142	417
423	692
4	197
421	527
232	767
275	709
205	678
524	599
227	772
268	520
498	761
578	753
400	707
735	742
510	694
273	376
304	601
416	570
273	565
86	177
617	736
161	230
284	555
183	637
320	742
281	362
37	690
205	572
336	674
1	17
9	323
474	494
118	325
580	704
94	720
190	307
185	779
317	556
288	509
435	745
315	419
436	560
278	769
35	239
370	379
131	407
553	585
277	528
255	404
206	383
231	684
75	456
189	458
165	386
772	781
420	753
313	549
251	628
345	517
114	237
186	684
468	758
85	370
24	299
135	357
392	491
634	668
67	330
7	658
10	799
276	574
86	112
407	439
540	549
204	304
162	785
446	783
180	441
214	605
557	680
165	206
271	751
66	716
780	796
696	734
506	770
449	709
335	408
166	771
517	620
278	726
151	557
103	343
294	344
308	408
55	507
101	762
445	582
653	710
20	617
257	437
36	789
284	328
261	640
336	521
441	682
244	759
339	698
20	320
317	656
24	539
185	642
103	413
684	774
448	631
328	637
120	447
209	457
86	281
34	249
98	382
522	617
91	524
328	483
669	756
150	306
22	487
288	705
363	758
527	637
116	716
237	522
357	540
567	662
496	571
249	706
316	621
397	642
99	158
1	769
238	518
76	87
498	744
126	587
180	551
626	673
289	492
103	321
269	452
80	152
227	426
41	748
166	257
220	551
67	546
202	341
10	220
57	267
313	424
108	266
453	596
97	451
152	302
738	799
301	438
390	406
194	564
177	370
235	632
223	798
538	597
99	414
469	737
40	367
264	451
132	592
739	752
67	146
115	795
578	604
45	402
138	695
201	366
375	413
295	304
191	543
495	684
462	584
190	276
565	648
176	208
709	794
66	723
71	418
178	377
438	625
34	255
509	518
220	479
565	778
231	559
242	573
341	568
14	777
28	305
221	523
369	679
447	571
127	349
185	655
566	763
88	182
461	744
540	648
341	562
28	507
590	694
602	658
352	741
286	310
642	659
33	108
43	394
218	420
264	422
380	532
174	555
326	391
296	583
283	768
408	569
305	548
25	607
29	208
139	207
317	359
179	782
134	350
288	555
153	650
328	634
35	501
309	548
358	789
199	708
124	580
360	682
409	790
175	572
173	381
616	797
141	336
116	566
23	174
353	693
64	641
288	752
35	662
440	532
378	663
125	130
381	621
217	267
497	621
124	255
67	122
583	756
543	649
329	414
94	495
495	736
92	789
206	346
312	431
37	575
382	422
51	64
4	185
6	53
121	722
177	775
180	582
189	790
85	700
342	624
283	333
587	690
198	634
780	793
45	737
339	413
31	370
407	574
37	631
237	539
384	664
549	688
373	393
284	771
638	765
171	756
37	390
377	734
188	415
341	723
110	624
13	560
40	413
336	714
357	543
152	541
202	379
439	669
163	646
55	755
251	648
352	465
200	364
646	737
309	494
455	546
314	329
102	361
457	571
395	482
332	651
137	669
631	748
255	462
462	475
161	292
237	586
510	534
385	645
42	714
146	759
156	509
214	458
213	311
292	457
86	642
496	722
10	413
592	658
256	532
311	472
101	602
381	438
53	698
56	720
423	536
289	759
242	628
26	184
371	479
28	388
144	402
144	439
210	406
358	766
86	681
572	773
231	772
17	714
18	644
698	730
265	571
263	560
239	427
137	230
563	769
216	334
16	399
499	522
117	133
427	485
292	427
6	610
54	667
6	503
258	723
309	541
514	687
491	708
338	386
168	195
364	534
32	495
16	241
270	576
133	140
422	668
590	780
359	512
64	689
389	767
174	364
239	589
171	588
766	783
453	459
119	248
355	521
278	437
516	582
332	338
324	634
670	688
17	125
325	738
390	650
128	668
283	391
263	695
82	628
484	631
600	620
227	660
411	546
39	421
11	165
628	781
24	440
625	699
411	580
265	318
218	472
358	749
421	511
558	737
76	363
21	609
6	42
496	525
281	757
35	357
10	323
120	503
178	779
49	194
218	681
336	720
15	479
102	444
205	459
519	704
84	365
488	592
301	797
277	514
9	298
6	690
99	115
258	573
254	674
247	646
459	744
235	799
394	659
475	582
161	340
391	471
50	168
127	281
54	790
321	670
48	600
93	759
553	764
532	695
270	448
306	431
417	613
292	312
622	711
39	45
122	177
467	522
127	142
436	634
388	423
554	633
30	566
313	695
90	527
312	618
56	638
697	794
143	450
97	783
132	778
426	673
414	555
384	735
197	748
203	572
659	769
378	418
669	723
186	633
291	655
196	654
141	681
357	720
190	191
310	784
354	556
128	149
22	407
21	164
401	458
321	591
17	482
645	647
113	174
487	698
59	164
177	325
131	532
568	714
169	434
256	557
386	730
485	514
297	614
50	564
358	637
343	520
186	420
468	534
294	342
196	498
101	736
501	529
51	384
76	551
33	737
245	331
104	779
151	197
182	658
471	770
360	792
635	755
174	224
119	260
499	692
59	388
6	437
565	748
133	698
271	666
7	270
174	604
575	626
67	235
240	732
173	552
436	711
126	788
320	567
506	693
459	634
629	664
324	692
280	487
64	201
12	377
309	324
507	621
496	593
304	522
345	612
564	777
329	515
141	217
28	584
21	631
187	344
275	287
490	735
185	514
220	539
26	791
553	710
42	141
102	326
218	527
418	682
28	631
241	529
508	738
366	673
2	675
356	736
100	148
157	440
25	378
236	626
259	728
102	783
575	606
318	392
301	371
560	690
531	782
288	406
212	338
196	281
605	716
288	753
21	588
429	631
20	618
229	708
52	399
96	389
171	463
482	719
143	608
20	265
344	683
91	139
177	542
401	583
1	638
183	206
224	651
192	547
431	662
458	692
115	171
107	235
445	790
165	614
93	129
505	689
320	727
501	565
43	381
117	277
412	777
274	383
658	799
109	721
283	565
141	317
14	251
441	491
712	735
504	710
584	609
483	584
219	730
23	573
170	175
637	783
201	734
681	712
288	432
11	317
158	644
321	404
50	239
393	499
244	466
93	701
51	551
303	661
25	601
123	544
71	129
15	677
75	498
370	440
79	641
108	211
124	512
133	594
5	784
257	466
275	718
129	396
128	728
247	257
426	429
45	643
658	677
397	670
176	453
146	549
290	557
610	667
134	675
119	712
331	565
150	282
214	280
88	703
528	691
297	504
236	241
547	646
241	252
4	613
149	564
158	543
223	285
32	162
40	302
89	98
80	732
223	565
57	216
498	583
164	640
320	774
52	407
205	543
333	354
52	779
246	676
549	788
12	293
4	567
492	549
317	449
115	439
12	555
639	671
41	489
166	659
111	509
18	508
254	496
348	473
150	695
200	542
65	418
462	677
342	789
245	532
93	672
53	305
190	657
505	510
14	539
20	132
339	626
355	647
71	196
86	189
223	634
20	657
111	333
208	410
236	296
137	236
572	665
329	745
704	756
336	616
251	590
683	715
557	621
110	531
59	732
495	636
550	625
334	500
20	317
181	283
514	568
579	652
440	489
531	789
463	797
243	768
144	416
79	477
0	20
478	792
422	445
64	787
302	324
358	729
296	688
48	608
46	183
119	215
161	586
86	668
306	758
103	728
21	95
81	209
415	720
41	387
291	548
305	730
317	336
79	794
250	507
192	460
62	689
239	409
577	776
255	551
14	786
669	729
77	381
603	760
370	627
48	426
564	649
163	326
205	788
202	272
110	308
496	749
34	559
249	702
211	545
24	165
196	714
426	676
188	592
46	549
380	562
62	697
497	779
420	579
448	645
446	618
67	791
501	522
56	409
516	769
123	563
237	634
46	722
250	663
351	733
163	446
363	722
30	224
237	302
32	269
287	460
303	687
44	297
157	691
408	540
541	598
315	617
154	747
129	177
673	709
200	239
19	687
693	771
182	648
104	694
386	796
670	792
325	696
603	622
448	587
84	389
569	746
40	127
449	713
1	358
347	741
607	677
215	754
290	418
93	250
156	311
118	189
324	661
250	528
459	555
427	770
13	662
690	724
19	331
10	384
390	742
193	665
148	190
167	339
91	146
599	636
270	422
688	795
643	656
146	527
44	536
277	660
207	766
741	772
193	411
59	604
680	762
317	563
513	593
459	717
160	345
81	613
259	312
268	671
460	646
24	30
194	451
15	793
703	778
100	452
108	782
332	762
254	793
242	430
453	541
437	642
459	552
556	675
313	485
566	595
521	578
407	488
144	256
190	487
186	244
487	755
526	642
124	264
603	615
107	652
79	607
380	758
439	672
706	757
84	200
271	523
434	581
59	67
613	655
53	354
451	566
406	566
43	311
93	208
208	700
280	446
201	455
18	406
25	195
85	618
203	745
168	619
513	551
285	597
246	514
232	336
241	504
24	443
193	517
131	279
249	384
167	287
132	576
43	507
49	375
353	401
614	744
120	685
163	528
469	599
45	391
593	715
232	373
124	592
109	274
261	558
266	781
166	192
342	744
207	703
79	320
118	789
267	306
161	331
54	634
102	291
102	222
278	496
153	327
50	150
103	624
230	399
331	404
177	572
387	743
313	596
206	235
321	730
22	575
43	312
419	709
166	761
513	757
492	745
408	511
191	470
290	695
520	651
427	551
185	539
291	534
360	491
311	326
206	301
110	244
648	667
444	578
610	645
36	722
77	316
203	591
332	546
572	692
40	218
523	737
574	626
309	360
56	123
543	582
45	449
171	461
28	304
34	120
100	347
323	627
489	554
253	736
141	234
438	686
345	692
359	694
131	615
99	655
267	332
21	783
69	286
42	475
535	724
244	579
531	568
419	479
132	253
325	435
56	559
134	387
78	127
41	156
266	430
579	626
128	796
436	515
305	617
609	765
88	226
138	668
447	521
456	593
167	199
389	414
223	662
311	765
205	269
513	730
9	692
125	192
479	601
352	396
114	296
133	397
278	587
250	402
513	784
85	476
195	724
453	627
158	514
530	697
40	432
302	544
522	537
131	398
55	326
337	734
207	675
642	714
419	634
374	378
483	543
52	720
69	613
545	776
205	373
324	695
277	669
52	724
665	740
335	769
193	349
87	613
391	470
50	173
43	233
59	338
240	629
22	103
457	590
82	590
57	667
202	565
119	749
139	426
363	635
166	780
45	583
127	684
34	467
585	728
492	658
598	707
631	730
131	307
403	449
69	272
281	340
272	339
129	339
279	728
201	653
202	458
213	730
155	435
67	143
283	403
293	378
202	218
198	307
405	714
222	553
639	677
588	797
513	619
134	762
614	760
102	566
290	717
208	212
127	540
151	433
79	179
149	753
482	704
249	486
279	450
443	539
316	754
30	487
311	362
225	280
157	291
409	731
675	778
768	769
456	562
90	564
14	529
14	473
37	152
414	538
422	464
282	645
131	294
399	547
245	442
271	359
35	628
135	275
263	475
109	203
228	312
249	464
13	436
8	131
268	320
299	562
256	339
4	207
366	510
228	415
210	765
176	331
8	372
375	546
260	339
530	569
80	701
506	715
387	420
225	418
220	427
372	784
147	186
169	762
50	438
264	300
184	258
101	607
383	495
691	697
427	462
519	532
227	526
407	651
501	699
128	507
142	249
95	771
49	178
37	524
292	765
475	640
299	517
193	422
250	369
482	785
549	750
343	686
184	630
668	756
26	263
64	426
146	477
40	264
496	542
72	302
278	600
127	400
620	702
41	664
323	391
441	716
342	519
253	453
109	620
10	222
216	665
197	326
234	617
163	449
98	421
371	374
85	178
155	173
241	621
358	609
471	491
75	336
291	686
29	749
3	714
513	768
166	754
703	789
147	762
449	536
264	635
51	496
214	718
337	494
67	642
33	175
611	681
319	589
439	654
219	441
276	460
10	393
289	748
75	562
174	360
43	762
77	784
23	356
135	661
422	645
54	608
63	185
218	487
94	790
59	125
302	606
221	250
299	735
222	736
438	558
416	672
309	568
146	695
172	473
251	689
333	517
519	720
434	718
638	692
96	590
492	700
396	696
212	657
429	612
201	647
327	603
43	542
255	680
126	227
89	204
149	295
160	633
249	590
606	758
416	752
1	650
364	520
420	499
65	458
237	389
128	612
76	670
654	700
104	406
256	673
232	663
153	684
362	416
221	742
603	774
294	397
301	514
44	144
177	360
586	700
622	693
75	275
350	362
36	136
326	656
534	541
32	301
168	517
149	640
504	781
61	789
135	611
329	653
386	511
577	633
722	743
78	120
325	725
197	255
612	751
104	565
427	639
211	368
570	633
559	678
0	66
238	263
22	771
431	665
99	219
149	535
596	740
55	500
720	746
187	701
541	588
197	398
606	654
525	567
157	532
556	721
629	692
95	447
299	667
166	772
506	604
62	265
187	452
483	597
581	722
388	630
342	529
283	454
355	578
580	620
211	666
732	798
140	560
191	381
12	296
55	671
128	398
412	594
163	670
333	662
34	45
453	494
138	231
283	400
38	643
188	340
85	684
61	725
179	692
9	163
473	559
266	786
616	741
404	657
71	720
288	454
131	344
120	256
36	90
128	681
419	621
608	700
411	653
34	538
272	434
38	255
425	562
136	170
58	334
717	758
373	549
273	581
345	378
392	442
74	731
201	299
117	730
348	687
184	702
1	176
258	739
121	583
55	110
260	268
442	512
146	559
80	179
169	517
11	260
531	632
576	767
526	533
15	210
276	705
83	468
142	731
245	563
323	336
236	273
691	699
543	699
112	325
172	540
356	735
45	346
140	156
414	455
62	113
153	356
423	492
482	781
94	637
194	353
160	409
327	438
178	372
47	176
43	143
222	581
451	491
75	584
263	748
388	489
144	704
296	498
212	584
456	737
129	701
213	441
363	412
184	771
242	443
275	304
64	646
177	185
370	503
225	522
715	761
220	468
438	742
291	591
509	524
323	553
93	432
623	689
345	639
347	375
355	506
241	428
60	693
156	717
193	293
21	28
500	562
5	264
238	749
28	597
742	745
642	764
182	413
183	778
662	705
478	623
473	587
271	293
281	528
623	655
229	368
605	618
298	305
344	471
496	540
287	621
47	570
593	620
537	579
121	265
512	790
5	588
33	709
9	340
112	430
78	251
93	169
355	649
175	654
159	772
16	483
226	375
511	584
86	706
264	505
136	708
50	413
741	791
225	799
17	599
413	709
516	733
43	721
89	178
687	732
696	763
257	796
45	386
722	765
131	152
360	575
251	626
232	616
45	656
307	646
358	626
637	784
681	723
479	785
211	297
118	190
191	452
307	340
521	657
136	534
298	316
3	251
279	283
322	426
272	282
205	504
538	635
308	384
190	283
83	295
306	571
156	739
108	496
236	620
343	648
115	261
330	397
246	607
220	688
441	776
255	426
456	766
48	516
15	464
182	762
562	743
346	471
553	643
88	392
27	189
476	538
366	596
181	188
205	363
35	370
54	443
349	632
316	679
307	387
175	701
263	332
215	777
314	570
156	653
71	92
624	776
439	797
300	577
60	751
87	519
81	167
345	752
294	561
432	706
54	559
61	485
318	568
619	769
384	685
241	765
276	745
404	626
626	688
117	127
126	192
206	295
241	677
707	790
358	547
238	283
391	556
31	635
283	372
189	614
287	723
106	689
698	758
204	253
171	717
7	387
24	442
58	553
380	386
97	337
492	584
595	797
480	693
21	23
518	622
577	676
52	403
120	597
590	604
51	614
8	722
92	747
31	142
226	310
403	543
443	655
492	639
788	798
225	427
174	656
648	715
30	750
372	688
114	247
478	782
256	395
65	594
158	398
428	433
92	529
462	730
17	791
205	665
524	613
80	389
0	692
374	791
288	772
253	425
74	484
254	472
366	492
372	510
452	472
265	560
302	335
346	458
261	536
4	481
433	633
255	424
224	286
47	275
404	679
149	330
150	594
510	724
634	783
239	545
268	308
351	662
165	673
519	688
133	355
550	705
339	526
286	560
70	149
139	663
653	701
293	461
161	183
257	726
89	454
261	766
102	690
104	596
227	245
615	728
240	447
527	548
495	499
610	750
22	559
447	695
389	442
60	455
261	794
504	548
102	303
527	589
8	658
33	55
303	753
372	421
322	370
271	425
474	767
224	325
189	331
690	773
630	703
337	430
71	296
281	724
220	600
111	481
112	438
351	689
396	707
75	387
145	475
55	321
324	561
296	482
333	402
433	736
591	635
307	713
221	274
75	434
731	770
341	493
127	475
448	790
457	466
225	758
150	234
384	469
142	483
266	549
415	717
479	581
264	532
368	649
160	462
408	766
339	667
205	548
371	593
242	375
102	390
165	522
21	578
141	201
189	481
535	675
410	656
57	571
310	591
158	411
106	756
392	685
44	692
184	371
453	617
376	594
311	624
26	596
106	169
85	263
36	460
234	721
235	533
455	620
620	674
255	712
323	366
437	666
128	418
263	584
192	597
55	486
14	427
48	179
149	519
536	740
458	523
85	307
8	594
0	432
553	626
174	175
244	623
396	489
159	749
205	207
421	576
106	797
202	538
0	447
467	761
347	704
329	661
78	235
320	638
191	643
148	153
112	267
259	477
332	542
260	350
233	582
163	523
342	424
173	221
20	522
76	249
189	711
14	97
257	395
485	758
572	671
569	764
513	727
62	164
382	775
89	771
81	239
224	427
412	637
155	167
388	757
248	327
625	638
641	767
523	603
329	717
149	310
85	504
140	438
183	616
113	226
306	499
351	691
99	431
216	460
97	166
122	760
72	621
425	512
87	575
531	549
421	645
499	596
556	711
90	605
321	380
234	558
677	697
209	461
375	753
107	757
132	659
271	318
686	725
430	463
98	135
214	471
139	309
503	712
552	688
141	192
268	775
106	615
46	244
30	217
414	424
757	776
171	440
69	363
15	439
629	796
249	257
112	513
110	348
340	394
353	690
342	727
72	639
50	265
251	729
576	757
157	468
116	128
507	746
275	468
148	404
265	541
89	661
515	778
266	344
349	633
421	606
101	750
316	642
135	679
129	495
200	601
260	660
308	480
146	267
75	464
63	583
467	632
240	769
329	630
166	788
413	723
261	359
222	430
220	713
597	743
545	746
54	738
45	611
613	706
104	382
414	761
402	496
31	162
404	671
56	519
289	535
428	726
574	749
252	746
31	504
202	246
301	644
461	630
370	549
83	419
68	635
437	726
188	535
80	633
46	89
140	240
401	470
73	529
178	388
121	463
124	684
156	470
118	267
151	721
481	492
56	257
60	737
360	680
563	785
412	629
185	251
126	410
330	335
292	749
72	689
37	141
35	170
82	169
592	768
647	719
301	373
377	442
191	252
583	733
297	643
579	596
303	556
440	671
210	425
635	743
309	535
2	197
450	726
147	756
454	771
42	543
289	585
20	422
240	308
200	548
148	609
73	96
541	627
419	472
388	532
56	613
22	388
208	720
247	629
78	751
139	766
317	672
232	322
61	557
238	726
490	776
241	498
48	274
70	580
371	426
292	676
129	189
222	667
91	217
62	196
127	343
405	565
565	693
102	595
113	425
525	740
191	530
706	780
34	503
308	492
381	503
598	620
442	578
249	418
6	395
610	647
151	427
4	325
150	632
43	599
321	739
89	582
487	711
636	682
275	373
360	528
415	769
710	711
570	627
207	702
145	638
483	716
325	421
496	641
621	661
99	472
439	446
50	642
22	261
196	414
65	157
74	568
290	375
74	577
297	329
292	799
549	563
365	785
20	487
189	254
158	687
101	376
579	761
217	784
364	544
293	671
127	536
403	471
481	483
37	361
501	596
485	719
678	762
219	374
726	789
367	783
126	393
324	346
69	396
526	712
413	446
177	660
623	669
354	549
20	423
549	680
653	765
55	739
413	582
18	289
266	777
321	551
330	399
246	373
268	677
352	607
349	415
129	436
562	671
49	708
778	790
649	740
220	398
251	475
332	753
36	359
287	722
205	539
203	248
319	773
179	450
293	778
378	743
33	394
254	611
292	741
84	332
28	558
101	761
132	781
475	715
429	542
363	486
256	383
91	475
182	669
334	680
99	322
92	615
397	417
329	680
10	155
313	671
371	667
157	273
116	607
345	593
49	249
579	642
430	796
225	239
381	532
492	778
552	687
301	588
67	142
7	124
143	695
613	651
260	652
251	361
188	510
566	653
276	480
251	535
184	382
380	790
150	452
75	659
262	754
82	592
196	253
295	595
103	229
490	629
76	639
149	638
236	734
196	772
339	682
198	556
467	544
202	225
36	270
435	500
212	386
252	461
5	247
70	186
321	495
112	235
686	744
44	687
244	425
86	394
343	608
259	326
504	771
114	473
146	619
179	220
434	567
272	539
35	544
59	395
444	577
296	387
336	652
191	651
376	499
111	195
118	230
3	427
310	749
209	464
296	617
118	301
433	768
86	292
439	494
156	794
475	706
618	779
371	425
374	507
326	357
147	791
404	678
35	565
132	502
320	397
729	771
523	544
97	614
706	712
252	703
173	349
306	664
402	574
105	134
147	438
622	710
278	300
348	780
264	472
353	408
594	754
365	391
202	758
282	712
414	665
210	269
230	400
371	581
333	741
387	522
699	749
168	599
497	575
499	556
310	617
335	424
701	773
153	283
91	94
105	338
349	728
436	659
9	778
239	245
232	399
10	578
544	776
318	678
550	743
113	602
399	670
73	786
61	464
176	601
75	468
197	646
668	736
585	793
278	383
562	596
307	332
29	701
48	226
62	263
353	732
493	581
72	258
499	787
340	386
492	697
459	481
42	506
225	293
198	581
748	791
51	256
234	669
320	537
35	274
555	762
337	540
546	764
625	789
420	581
76	222
180	210
363	777
582	675
268	797
317	380
389	565
269	604
40	686
163	663
80	735
344	629
309	478
785	793
69	578
328	491
448	450
381	487
111	608
286	724
355	510
701	789
96	771
50	531
27	761
170	206
435	739
334	543
54	558
130	280
33	373
729	735
669	727
163	341
141	784
456	635
251	700
384	524
517	539
273	343
736	791
223	706
198	474
694	770
245	458
541	733
375	517
451	592
66	735
111	341
187	554
603	770
570	777
568	573
188	411
386	743
285	604
643	695
204	682
586	667
213	286
487	601
386	798
263	467
258	284
211	380
568	664
0	483
294	581
115	394
229	382
197	513
74	361
417	697
63	728
185	332
113	709
0	164
364	575
489	781
566	742
390	603
577	608
54	517
23	667
119	263
432	722
453	544
142	315
353	605
255	671
185	222
15	318
292	766
72	391
102	539
555	611
34	758
407	599
146	735
272	788
263	491
194	367
164	418
593	692
78	430
538	591
592	780
5	688
158	665
610	781
88	295
241	566
267	798
546	722
153	490
261	552
88	766
400	535
46	396
352	466
260	759
23	346
509	594
715	722
337	708
107	335
180	634
327	333
187	767
228	700
185	735
312	604
194	796
479	709
158	243
389	502
46	736
219	355
134	719
292	669
67	434
529	789
336	396
97	472
12	79
499	505
5	407
321	498
205	565
546	765
295	382
144	459
64	330
201	447
217	331
698	767
117	153
233	708
116	590
235	421
737	769
316	693
370	467
105	280
30	287
150	314
381	784
146	469
442	592
320	710
332	554
501	551
97	725
384	391
233	496
598	731
170	382
169	324
199	432
56	204
631	777
282	384
336	405
60	565
113	144
255	547
285	684
255	268
132	660
667	695
392	542
18	722
286	620
61	783
528	543
200	559
504	767
104	354
319	341
16	431
374	621
40	725
483	596
398	640
2	433
72	218
16	69
708	756
33	568
200	660
84	215
17	254
210	666
57	242
319	454
664	706
713	736
141	390
227	618
125	510
214	528
314	574
361	733
361	716
165	241
115	228
58	664
43	343
556	668
84	438
510	753
102	756
325	449
476	523
253	342
710	779
418	470
356	411
170	491
394	398
268	532
245	268
103	767
435	710
184	615
267	556
185	280
418	540
31	782
51	594
241	304
345	528
57	616
289	781
75	111
729	737
241	351
217	728
366	559
192	495
166	194
460	699
74	573
479	670
315	344
376	493
407	504
143	396
540	637
138	277
155	402
734	791
421	763
291	717
706	760
591	718
459	521
63	358
176	416
27	377
487	622
469	488
85	611
282	493
241	533
176	687
513	573
120	205
26	669
514	752
178	610
350	567
354	420
408	439
98	258
397	544
324	499
171	404
61	576
451	557
86	535
660	773
418	424
83	125
40	383
153	298
113	432
341	348
266	692
0	69
475	655
29	207
232	696
60	781
204	213
23	457
576	786
2	735
45	446
618	642
86	191
263	710
542	784
67	598
138	213
623	793
100	249
91	725
104	282
331	697
30	426
490	775
55	788
63	757
260	503
20	776
117	335
89	203
298	661
194	523
291	593
310	359
84	706
475	543
14	301
249	396
146	653
100	626
134	724
125	606
444	692
329	383
163	537
114	552
55	379
589	654
620	696
263	273
20	496
134	768
455	572
398	496
83	277
19	259
43	131
471	518
19	778
320	663
18	253
44	175
319	449
533	663
513	688
397	622
92	521
177	456
279	288
328	661
114	525
82	723
155	451
175	604
88	252
276	417
457	517
326	666
54	649
56	447
94	406
152	436
624	682
436	606
306	610
130	251
430	713
791	798
5	422
579	792
190	292
640	772
518	656
254	689
74	378
25	684
243	567
377	798
169	313
197	759
508	537
417	572
204	205
219	511
24	616
163	304
67	698
193	365
98	590
551	627
109	464
263	601
676	752
289	359
149	272
518	781
188	640
320	528
448	706
506	522
290	475
393	594
445	530
196	214
340	643
246	735
103	677
257	376
142	279
381	628
300	353
43	94
329	350
90	398
473	488
630	690
314	734
32	660
201	233
32	393
47	229
295	449
229	290
239	335
141	322
289	531
183	366
135	430
281	480
25	619
257	264
358	596
138	245
190	354
129	463
47	795
199	741
88	242
318	349
249	678
268	379
81	769
187	221
105	182
260	330
53	574
74	247
383	616
11	493
283	735
128	139
427	740
533	612
136	323
246	307
78	352
345	456
415	492
61	172
57	120
0	733
42	175
151	701
285	652
143	420
113	126
146	222
154	642
229	675
490	793
622	754
402	768
170	689
37	645
657	783
417	646
320	489
308	478
32	236
304	589
295	675
515	642
34	118
485	676
426	486
121	274
344	478
99	384
421	520
263	575
217	476
633	705
414	621
399	487
488	567
92	543
122	153
126	470
12	45
88	790
151	242
123	157
315	746
171	496
160	781
95	696
194	512
179	365
591	619
534	646
180	660
301	461
9	672
466	514
326	328
677	735
65	236
305	564
206	567
228	268
151	606
167	780
262	534
291	463
70	777
150	776
117	455
293	559
259	511
376	452
367	445
478	643
214	443
274	472
18	219
513	667
342	359
121	637
432	525
317	747
105	408
88	570
336	774
136	727
252	794
47	408
364	609
376	390
217	342
314	578
261	560
427	619
351	605
5	657
579	794
405	613
440	593
634	663
84	695
27	186
297	757
402	696
327	578
242	608
16	174
423	687
273	390
197	645
105	193
305	609
223	352
67	731
97	178
159	662
287	430
317	532
293	793
404	418
208	359
36	499
299	612
486	706
725	766
292	445
180	727
400	642
229	788
5	363
80	380
36	218
109	699
21	261
711	776
46	182
219	375
37	349
62	521
121	316
455	778
401	656
90	301
279	570
362	790
293	642
16	18
108	174
208	328
10	103
303	758
230	567
311	325
261	579
496	595
406	703
490	704
147	518
389	569
50	714
165	602
133	458
209	238
32	111
97	127
13	681
315	655
429	437
400	735
105	423
179	780
632	660
320	778
464	686
205	556
54	387
338	409
2	157
456	744
129	724
604	780
108	350
300	461
476	684
228	782
34	659
10	632
114	262
255	625
114	583
71	587
81	178
493	539
78	151
65	229
241	393
188	202
217	719
174	308
439	518
627	723
400	780
175	573
459	730
186	444
197	665
28	419
383	741
466	642
518	594
218	372
176	531
135	331
561	572
286	332
50	295
439	457
365	405
273	526
84	675
160	778
30	439
34	119
620	797
173	586
200	314
345	549
603	732
469	760
104	726
456	710
369	472
152	754
36	346
426	702
127	701
5	261
377	758
101	129
72	392
444	778
409	516
52	331
20	455
235	550
248	695
368	659
573	760
43	561
211	724
277	299
113	508
719	770
110	342
43	534
489	615
116	389
278	491
152	179
187	236
322	373
99	690
266	758
60	412
419	585
33	595
498	621
125	677
332	392
257	266
460	691
254	614
687	759
80	406
91	702
123	281
143	701
79	623
23	370
384	500
240	591
421	726
29	375
589	704
279	423
365	685
97	480
125	522
531	783
110	491
517	705
159	617
197	399
275	301
147	377
442	516
243	507
229	627
324	591
193	306
498	792
32	511
34	497
106	297
202	244
478	654
239	689
109	376
432	746
180	257
147	792
321	554
352	752
198	388
98	221
249	747
40	317
195	276
177	722
68	647
382	613
73	255
82	746
347	413
213	564
66	222
76	145
616	719
66	349
14	538
442	749
243	560
98	172
175	629
43	160
0	36
154	375
114	584
33	472
372	772
264	696
227	455
69	537
317	691
38	609
436	546
188	679
241	390
262	488
461	553
5	9
22	674
323	788
475	487
220	421
412	603
65	741
184	565
133	630
298	779
73	778
145	758
598	766
322	715
583	656
226	631
63	324
241	459
10	382
397	413
404	550
124	343
0	595
643	667
146	276
457	797
315	393
107	776
617	680
266	340
86	303
82	211
3	32
373	723
40	337
14	571
345	737
218	620
249	358
9	650
259	277
64	115
670	693
22	542
109	564
108	738
527	674
388	576
678	765
313	669
66	698
157	457
80	243
467	786
315	333
389	709
27	732
167	566
335	579
366	607
389	614
65	182
24	360
383	536
781	786
124	495
140	265
16	509
269	649
322	747
191	559
173	738
278	723
596	790
531	658
201	210
213	413
157	464
382	498
90	464
497	596
504	774
75	436
458	615
168	584
551	697
368	563
234	630
329	759
85	348
345	428
285	774
301	337
21	439
486	739
121	524
263	420
605	651
182	733
36	615
377	529
222	475
484	507
448	692
83	547
307	473
537	591
139	563
56	332
202	291
263	477
158	259
188	368
133	766
17	629
275	416
200	500
379	788
443	605
53	752
220	515
406	732
294	514
234	376
155	708
627	788
368	682
35	305
81	557
66	96
597	764
272	433
369	396
31	667
66	455
94	715
297	782
160	251
457	564
367	729
20	593
82	606
255	484
108	428
430	564
219	242
202	739
213	336
14	452
53	723
50	263
11	777
53	202
215	487
555	701
267	354
55	717
156	327
367	391
356	468
235	390
417	430
35	650
201	742
250	371
301	480
310	696
76	713
33	355
422	468
707	783
177	455
291	456
377	438
217	243
136	725
104	174
54	201
353	715
41	543
214	218
448	765
154	356
614	720
314	651
296	430
195	295
161	612
0	379
237	581
723	768
415	618
22	93
119	318
186	737
37	561
294	412
26	98
244	615
343	517
252	696
26	425
148	586
416	516
283	330
583	717
154	422
172	765
739	751
689	738
449	753
294	696
81	201
60	227
322	457
139	202
81	88
135	259
324	764
70	241
358	624
120	543
49	578
99	452
706	784
264	570
240	342
37	634
387	586
268	411
400	645
56	186
712	754
459	623
316	775
573	778
58	307
325	581
58	313
626	669
151	664
169	685
466	546
245	630
607	779
432	633
138	162
138	648
185	682
555	674
480	640
151	487
12	80
303	632
324	780
216	234
641	662
115	311
190	420
395	546
180	528
67	796
89	695
151	240
376	638
266	658
66	385
113	771
234	535
654	792
87	434
216	391
83	147
425	734
396	642
104	746
281	710
128	645
99	312
271	641
131	480
94	550
2	659
253	283
531	562
386	445
481	635
7	141
97	111
529	766
148	350
349	381
450	771
299	486
477	515
277	439
20	704
86	240
659	706
333	383
166	571
233	612
161	212
575	763
66	483
586	709
312	346
395	733
433	787
281	426
130	458
255	731
174	751
233	275
614	733
49	447
34	167
573	748
306	413
176	664
42	731
321	435
472	656
171	752
189	772
217	525
226	251
58	194
545	717
288	607
118	745
170	597
463	553
441	647
142	328
423	424
316	363
117	333
290	550
37	144
23	199
244	555
699	732
423	623
183	584
431	760
111	274
126	661
177	499
20	502
223	650
142	375
215	507
290	392
242	637
406	512
551	672
148	254
53	264
25	271
35	649
14	565
111	564
100	769
642	797
123	145
387	723
244	295
292	516
211	622
237	370
246	288
247	461
408	786
39	600
387	546
98	536
65	196
127	212
37	721
271	309
754	798
448	627
140	199
27	124
89	140
112	641
268	793
267	635
113	517
24	583
177	539
514	733
667	762
202	253
134	419
556	704
633	694
295	555
119	735
414	787
221	238
159	499
238	616
658	684
274	486
1	715
300	412
113	680
32	303
346	638
398	530
383	432
500	613
189	496
186	702
301	709
28	354
9	597
73	732
329	618
215	329
583	720
268	427
189	419
449	542
336	529
420	505
30	535
22	495
84	551
67	781
28	797
368	562
81	713
216	390
15	585
44	430
423	461
99	656
26	645
314	607
524	620
112	530
39	358
163	458
266	462
93	534
42	172
417	619
228	419
397	732
44	282
36	742
114	508
146	463
583	738
311	600
265	493
196	788
376	426
48	791
376	458
651	697
322	753
360	462
141	550
248	512
428	432
151	773
87	654
19	80
76	330
88	768
105	582
487	680
257	439
26	199
362	603
553	795
571	790
101	402
127	581
126	275
262	677
39	747
111	512
95	194
535	659
389	662
304	623
560	632
662	668
485	788
28	463
75	604
235	638
495	604
31	327
24	420
471	535
43	641
38	505
243	526
225	766
198	654
530	557
79	476
362	394
267	396
202	262
455	550
81	371
495	663
530	545
324	337
494	782
350	525
166	675
305	380
450	779
238	545
3	295
304	713
89	261
130	661
192	461
530	778
224	372
297	663
4	387
86	798
33	335
129	580
77	559
446	560
99	548
64	244
26	591
652	700
258	365
644	756
207	540
7	331
321	753
354	693
191	244
129	317
249	385
424	677
155	717
256	600
39	778
572	604
608	723
419	615
33	120
12	192
84	768
86	352
251	696
464	716
3	613
611	733
282	705
396	492
175	347
181	687
512	551
383	557
217	630
301	622
146	219
585	724
627	696
70	531
225	251
301	642
36	326
124	403
49	271
350	641
479	696
241	569
304	560
220	301
80	487
208	741
335	626
50	788
267	289
447	690
37	287
171	553
35	607
471	587
318	762
444	525
123	456
56	125
331	636
293	603
270	640
57	695
89	516
411	594
179	325
221	614
64	281
72	756
176	768
12	110
79	588
134	177
294	799
42	52
67	93
223	454
116	139
155	565
105	434
12	218
379	776
331	615
180	590
465	617
224	755
135	569
24	138
457	561
150	595
218	438
34	709
31	124
127	218
371	453
419	557
70	711
8	417
283	316
506	717
277	524
247	724
26	298
504	593
266	317
211	469
457	656
416	668
631	787
41	635
132	191
42	227
189	578
166	396
356	534
339	415
337	418
571	573
26	739
639	728
67	664
236	607
635	773
140	487
8	288
503	664
178	676
75	112
218	466
242	759
369	571
32	353
361	744
314	542
128	461
32	689
397	532
228	338
19	139
35	785
79	110
228	438
337	527
162	237
276	308
370	644
28	376
357	446
148	296
339	488
406	411
67	746
92	758
82	192
288	557
444	618
51	490
28	743
150	774
307	686
245	792
113	190
332	447
51	254
136	294
27	669
205	309
336	726
94	440
240	344
4	634
150	327
340	398
139	789
226	486
305	639
8	614
7	736
419	545
145	778
235	669
145	614
8	450
196	755
156	769
24	142
81	614
664	767
388	481
64	158
84	471
608	714
758	780
308	715
177	690
2	199
118	294
80	427
191	540
400	494
405	691
127	776
531	559
619	623
194	660
11	46
37	272
314	601
104	328
38	444
70	489
477	627
17	153
188	591
228	259
134	322
202	685
325	503
236	295
610	613
86	769
24	61
269	595
411	492
506	513
97	641
19	746
327	349
409	547
122	471
163	491
517	738
134	511
710	732
445	572
667	734
136	243
42	328
67	356
385	600
682	690
15	92
275	586
275	576
158	733
256	541
596	718
233	466
61	419
172	533
418	502
156	772
53	779
628	720
105	629
222	495
461	601
52	472
59	309
79	149
138	465
215	423
294	574
5	133
85	526
426	720
45	735
204	496
306	400
377	546
393	459
621	748
82	257
485	547
24	499
187	654
118	558
470	563
530	723
624	777
683	738
155	588
580	651
278	705
331	675
286	746
131	147
190	363
330	789
372	386
525	535
53	447
187	609
16	193
549	791
27	733
197	558
143	487
272	560
741	779
518	655
344	650
654	671
394	523
229	264
177	406
75	177
97	505
48	722
431	714
233	504
27	500
280	734
171	635
570	692
67	253
421	739
226	628
313	598
60	505
102	686
34	368
716	737
229	780
86	569
148	582
64	268
214	478
289	717
201	454
130	250
300	402
484	540
149	700
213	394
4	11
643	778
502	796
218	577
551	771
356	593
387	575
195	655
345	613
357	567
473	678
277	537
268	522
138	707
616	707
131	372
421	688
134	173
312	711
263	636
32	437
122	469
226	634
468	484
69	505
190	500
449	784
294	311
15	232
218	242
417	476
204	226
283	790
91	483
66	95
513	563
35	287
90	408
63	316
27	792
102	411
210	598
466	516
62	758
149	369
24	686
547	698
249	609
600	658
309	475
16	452
333	634
309	681
394	470
357	791
42	459
308	382
281	283
317	628
23	506
163	347
248	533
67	301
607	611
424	778
227	386
116	622
344	622
5	377
295	481
449	571
691	748
517	647
43	251
193	196
433	655
192	709
158	554
151	761
272	782
30	365
516	729
95	149
216	426
104	370
404	782
435	619
64	296
397	640
202	518
65	377
237	279
239	494
348	509
398	672
116	629
378	583
466	669
188	770
355	673
378	749
564	712
509	523
201	567
509	608
423	483
433	791
75	471
151	279
244	551
124	727
18	314
187	192
499	733
357	472
420	761
67	772
667	794
69	712
0	624
268	772
280	622
639	724
202	643
135	783
550	731
294	782
283	798
130	584
404	560
692	736
98	145
516	602
537	622
35	58
206	236
411	659
242	605
183	350
153	732
114	287
3	187
501	717
233	409
443	607
282	376
20	777
14	491
220	297
207	364
60	675
121	212
87	165
212	327
44	688
126	605
102	184
399	498
86	595
82	301
733	789
23	391
138	629
456	728
1	194
174	617
290	599
167	382
135	437
190	501
68	520
94	723
612	796
13	515
439	757
347	678
4	430
704	779
323	645
68	171
24	501
163	249
29	782
597	603
609	650
243	642
250	769
508	667
123	326
14	377
92	256
409	729
290	445
24	166
236	288
229	677
501	637
372	431
545	581
552	637
486	797
64	727
184	490
582	704
23	608
537	772
279	794
398	795
421	618
308	540
296	475
223	234
29	747
228	482
44	598
164	409
733	766
83	290
99	788
289	500
389	534
146	376
181	362
204	432
351	694
289	387
320	678
115	693
399	620
359	465
398	545
276	758
445	709
305	642
537	643
70	320
94	746
237	252
379	689
200	308
131	646
469	564
302	552
13	93
28	545
6	248
757	767
251	430
180	389
120	759
361	651
74	164
255	365
330	371
353	582
70	738
546	575
297	320
171	617
41	573
59	168
73	229
465	498
273	288
235	391
253	440
101	199
346	406
391	463
314	429
346	606
73	495
146	586
209	356
412	536
386	737
557	593
295	621
409	703
471	493
70	763
124	761
545	791
307	472
92	528
288	645
303	309
406	419
32	180
123	401
54	417
582	672
186	326
349	506
203	348
514	776
300	610
558	571
71	143
96	342
57	580
247	270
439	455
40	114
126	327
312	430
86	192
490	695
17	525
207	663
28	249
128	561
274	454
287	538
24	80
58	243
379	583
388	716
421	631
336	741
49	72
66	599
280	459
26	301
24	580
102	317
44	226
56	754
99	380
91	286
235	351
24	660
171	181
126	411
244	464
279	689
223	320
224	344
394	638
52	157
86	702
98	617
88	739
45	271
251	471
270	725
449	533
573	720
485	517
301	528
335	472
627	700
652	798
174	598
102	145
224	419
384	644
247	344
186	462
381	591
123	416
133	653
470	630
462	539
257	729
557	751
75	149
128	231
10	552
140	612
182	652
669	746
176	754
562	593
216	652
153	738
566	631
331	633
302	383
450	718
378	675
250	370
170	317
577	744
146	480
124	300
245	278
132	231
423	736
299	646
445	477
260	297
84	164
111	313
665	791
411	544
546	576
51	86
448	739
183	745
380	411
470	505
249	779
699	754
346	503
595	663
167	197
413	471
134	289
361	647
329	442
94	563
294	749
96	337
167	336
229	552
189	443
626	722
96	232
258	524
197	658
52	296
370	612
114	641
463	668
138	606
37	596
581	630
288	622
305	385
185	207
599	677
159	274
202	331
76	321
148	401
70	565
543	719
478	577
184	542
124	254
7	84
31	606
402	570
63	93
613	703
413	438
339	791
1	215
70	132
227	576
543	563
17	334
413	463
131	331
346	580
567	650
627	735
230	256
281	367
543	772
312	496
159	797
448	577
573	601
14	242
161	392
70	404
375	548
201	424
147	370
123	502
5	142
520	581
219	769
179	644
253	582
241	278
468	507
167	328
517	678
63	342
684	720
75	782
102	255
684	775
587	608
84	238
77	603
219	475
23	731
214	347
115	219
343	478
383	518
686	778
208	398
239	277
97	404
517	591
653	660
121	789
27	77
593	655
73	405
322	410
216	616
625	770
197	624
82	737
2	479
19	109
318	648
385	482
504	509
393	417
59	704
321	798
464	559
84	130
317	452
127	235
521	602
0	285
22	71
284	311
360	573
584	772
107	211
88	462
500	590
154	501
331	454
151	499
435	708
383	609
479	677
102	532
166	279
462	608
605	632
139	306
100	453
543	702
620	746
397	517
652	796
95	642
578	670
641	685
572	652
392	456
41	452
99	314
196	793
16	197
31	425
603	785
150	486
291	331
62	159
55	324
381	693
435	650
371	465
490	676
245	296
330	797
271	467
101	225
76	523
79	208
245	260
355	758
72	410
2	78
250	747
396	484
37	693
176	253
152	193
146	334
164	336
7	31
192	728
464	488
405	558
426	574
43	759
336	527
195	718
513	664
115	318
30	95
215	401
532	745
316	351
41	202
651	674
139	491
105	268
219	611
272	497
206	528
47	542
189	541
194	639
195	426
35	618
12	688
361	540
229	338
57	389
422	495
346	713
45	352
110	529
133	495
249	402
340	741
65	178
130	576
282	786
398	535
15	772
235	314
322	361
150	156
50	740
365	371
39	521
297	538
283	596
89	150
364	655
5	205
338	474
331	578
425	543
100	723
608	666
237	644
610	783
172	539
139	339
512	619
69	518
483	782
547	568
228	582
89	300
204	564
236	709
212	547
108	611
211	331
520	722
137	399
139	548
617	708
260	552
457	678
168	483
31	655
193	699
197	799
327	662
249	478
621	742
507	796
293	491
205	605
95	529
40	85
489	788
238	459
194	769
164	197
81	193
54	564
236	461
294	520
94	480
97	184
363	785
657	680
376	589
198	766
170	394
252	406
223	494
320	478
501	555
461	592
621	713
115	585
371	651
224	316
627	667
67	584
507	562
432	646
368	461
663	770
12	635
362	526
162	655
278	487
200	580
256	354
104	704
703	721
55	439
142	583
234	481
197	501
32	209
285	413
121	732
133	751
505	754
26	760
208	728
73	692
135	779
344	581
605	681
398	548
288	465
172	584
644	776
168	450
395	522
141	383
162	175
400	553
61	712
19	37
384	493
438	570
10	729
190	712
320	560
43	366
233	422
57	101
221	297
90	771
193	257
514	679
236	459
141	754
22	464
614	675
175	786
403	647
766	790
225	349
450	539
7	761
424	710
369	609
514	617
598	635
191	585
202	210
390	538
53	703
207	678
158	566
524	798
680	709
349	485
297	415
116	579
301	494
296	434
3	260
45	576
41	46
233	249
137	432
74	391
492	654
219	617
265	525
375	591
23	688
165	345
176	265
642	792
38	57
674	686
153	501
146	564
8	421
121	166
223	501
335	386
75	216
85	86
439	770
246	570
463	708
313	430
469	668
190	462
66	515
534	709
438	787
495	709
195	402
492	727
303	534
16	514
171	426
163	508
156	540
472	700
429	555
512	755
195	699
220	757
5	58
103	703
29	535
150	753
114	648
59	674
54	147
596	725
414	503
589	745
15	88
272	690
268	716
93	629
243	490
304	598
264	496
32	461
175	527
66	702
494	635
72	559
371	723
277	621
37	267
148	469
538	695
79	789
389	660
532	548
85	101
39	240
297	479
418	629
49	163
462	641
333	725
185	730
88	279
290	531
650	796
133	242
218	545
88	217
457	773
254	395
446	736
522	543
361	519
264	417
495	560
61	702
148	396
246	608
199	214
473	779
49	253
159	203
20	707
651	688
159	548
341	742
692	719
139	266
482	644
120	288
664	777
101	343
169	558
259	612
123	655
472	489
630	708
15	333
130	376
203	231
266	798
89	711
403	735
286	646
139	186
86	258
596	672
386	489
344	631
82	467
38	727
422	721
608	766
648	731
79	467
304	769
219	717
114	410
432	712
305	368
34	767
241	324
215	601
201	319
419	433
247	599
271	486
462	474
196	522
555	602
134	553
262	276
220	759
131	574
369	623
199	781
377	779
328	416
388	488
606	717
175	466
21	326
60	110
232	644
595	784
408	543
65	501
42	441
658	718
230	719
119	203
398	648
211	630
381	780
0	446
262	611
136	388
81	244
518	560
173	782
113	579
65	180
77	228
34	260
454	544
540	774
181	288
521	663
130	227
304	353
245	363
734	735
296	422
655	768
140	449
374	484
401	451
385	599
296	785
427	533
172	338
480	690
43	573
275	542
619	779
174	764
524	690
679	790
51	281
432	733
21	229
446	749
132	169
338	784
154	379
558	566
68	414
324	746
187	428
249	558
291	397
138	232
192	739
343	476
57	160
381	522
188	669
115	176
393	591
206	762
206	612
486	581
8	639
604	714
540	729
55	230
13	109
109	453
118	144
505	623
263	795
213	291
375	670
420	488
785	791
301	382
27	775
477	593
538	785
474	753
109	380
66	352
400	430
178	225
584	631
367	744
117	539
509	768
266	793
681	700
357	394
323	636
162	332
75	373
269	721
329	481
4	305
373	389
79	531
369	475
349	523
58	768
26	704
144	673
225	691
96	397
197	570
312	388
1	481
470	627
391	682
287	665
434	702
46	798
68	488
103	302
685	687
56	61
107	638
497	646
241	319
508	659
474	706
124	442
35	798
79	148
328	688
154	431
17	396
573	628
653	670
225	733
203	647
611	632
456	758
27	393
73	382
213	452
18	389
151	748
340	459
220	616
57	704
122	357
89	514
531	539
98	381
285	381
402	772
146	565
340	542
674	711
38	430
196	384
149	585
146	725
322	706
130	710
517	783
324	380
181	238
735	740
328	664
159	457
242	299
657	746
482	557
565	675
184	291
38	475
400	480
68	86
612	766
577	765
363	473
140	598
282	402
11	774
181	402
121	711
123	764
5	176
69	427
279	358
263	782
173	568
465	674
102	314
322	472
147	452
20	460
217	563
758	799
4	725
306	786
160	173
214	324
280	620
238	428
660	662
399	402
29	650
365	384
25	436
41	108
369	698
300	672
582	687
320	653
343	752
310	482
158	226
220	296
125	556
548	685
40	261
437	592
381	475
74	229
141	260
20	202
689	775
223	385
14	688
565	647
4	227
210	702
621	755
428	508
374	778
235	503
114	494
540	615
694	772
367	426
8	91
496	505
123	697
192	363
228	325
252	414
70	389
12	551
107	219
14	394
187	665
450	650
279	589
171	313
285	477
586	589
431	439
259	464
611	745
141	235
71	509
239	703
286	731
187	271
395	760
4	603
333	441
673	739
465	534
570	687
9	362
175	511
408	419
174	394
103	457
34	107
360	719
494	606
5	63
369	746
27	318
57	482
384	443
528	605
102	781
162	647
342	591
158	474
25	150
296	332
74	544
141	778
221	282
146	669
409	773
414	495
188	525
9	271
200	703
394	744
584	630
576	706
391	508
27	456
295	539
255	487
458	773
178	450
124	165
71	309
325	578
101	592
292	555
38	772
64	431
510	608
319	685
346	496
439	709
101	732
77	661
26	490
60	428
505	683
469	711
259	344
368	379
103	290
56	294
302	739
282	731
117	346
448	520
652	756
10	751
230	778
618	726
314	773
153	582
526	633
535	558
82	540
69	651
329	512
38	153
51	733
71	360
228	662
248	345
750	764
153	623
281	773
5	569
343	653
5	276
134	777
297	478
17	716
328	675
180	377
116	494
463	712
224	251
252	567
565	581
231	578
25	465
447	537
188	769
257	393
385	460
267	488
394	519
481	619
394	688
495	546
207	584
177	203
279	653
312	488
523	709
69	544
520	621
324	498
152	276
67	597
160	456
488	760
332	487
738	750
202	732
175	178
126	698
16	240
763	768
42	94
188	441
425	761
125	642
288	416
412	709
21	638
548	771
259	332
24	50
238	565
226	320
100	725
329	665
110	217
134	405
337	746
11	647
258	777
275	681
426	617
68	91
576	597
254	777
73	555
66	712
250	436
64	317
192	277
492	551
320	570
217	776
30	533
21	239
289	499
181	369
271	528
271	585
290	703
569	752
287	587
47	150
311	313
118	727
267	535
12	655
636	656
296	522
402	734
487	544
86	201
246	637
261	662
453	621
297	515
59	74
149	622
330	440
502	572
93	511
74	478
19	99
156	722
631	751
75	535
155	209
145	357
239	481
103	354
158	479
65	95
526	785
122	723
666	674
42	749
340	680
145	397
7	653
0	789
0	65
311	629
88	729
201	270
217	616
391	553
303	391
227	558
590	593
464	638
29	168
618	684
495	519
1	72
53	515
408	447
3	448
93	384
650	733
387	635
448	636
275	431
68	578
509	563
204	420
238	288
323	354
251	313
366	385
20	93
425	551
51	145
48	755
38	658
310	602
28	579
447	498
397	570
385	695
425	786
251	759
721	740
476	681
224	287
216	692
590	617
219	312
115	323
314	411
398	695
508	532
126	475
61	554
77	453
32	190
10	11
117	632
234	697
368	515
555	760
602	708
558	777
57	435
426	499
99	455
247	531
251	750
384	636
389	759
407	513
506	725
209	434
244	532
48	400
215	552
115	474
283	609
68	215
402	675
338	478
569	619
184	775
43	480
505	713
120	400
300	401
68	658
68	142
464	665
330	761
219	395
51	313
199	349
130	218
190	394
395	717
303	330
225	620
78	759
411	541
142	237
61	508
363	631
164	236
432	493
604	768
112	273
487	497
362	422
126	755
5	56
467	503
300	370
216	439
23	24
138	431
201	797
137	164
101	176
261	635
140	763
313	509
287	596
391	645
612	667
85	727
413	541
112	754
304	714
305	708
87	420
399	766
318	636
306	469
272	706
81	98
208	233
345	417
211	345
341	540
238	588
472	561
323	496
223	470
358	487
110	258
35	90
474	668
59	689
172	690
581	725
273	685
454	591
96	541
488	559
60	345
171	183
582	715
215	390
564	589
368	765
54	616
10	615
25	396
290	543
106	522
341	507
387	697
328	780
29	39
677	769
377	770
49	91
136	142
216	319
255	683
166	630
612	704
168	460
667	720
141	741
118	677
283	364
157	705
228	723
610	712
301	428
471	678
6	492
270	747
10	292
232	566
207	661
178	538
170	604
145	581
220	654
105	253
310	454
95	628
22	778
481	577
227	294
108	468
65	473
354	441
10	182
354	544
10	358
164	379
424	471
316	337
143	567
4	495
568	652
0	485
285	398
148	167
477	575
51	769
208	689
60	785
239	528
773	790
285	752
160	615
43	595
327	751
189	511
264	321
46	75
396	507
264	297
28	162
55	566
585	750
82	553
708	758
296	514
523	763
530	534
538	692
175	301
389	783
618	664
297	606
319	459
47	590
461	771
392	455
139	463
493	714
63	692
97	649
692	790
456	780
107	350
301	651
105	781
508	713
201	387
476	700
551	560
47	644
179	735
278	298
60	452
65	485
121	147
29	74
15	370
433	719
269	668
415	448
20	786
287	418
423	491
253	596
247	385
101	606
90	628
300	318
83	490
424	725
647	741
360	416
326	473
263	402
162	449
53	203
166	679
401	508
270	341
305	498
254	382
401	786
51	710
135	651
451	508
26	148
498	772
629	793
110	213
596	715
5	386
113	392
26	218
71	605
192	370
723	793
434	515
63	389
266	690
8	406
226	296
554	732
131	226
8	121
166	777
603	718
20	371
144	502
233	598
34	617
59	770
182	448
396	612
536	749
388	596
276	645
26	442
127	331
152	633
351	666
256	318
224	765
567	752
167	214
231	723
170	687
136	638
349	385
575	774
167	660
346	766
209	262
157	289
104	430
102	275
41	257
126	450
365	491
675	751
128	292
178	637
318	745
6	375
235	337
55	501
121	545
635	780
280	592
121	694
133	324
579	618
322	605
453	620
274	377
44	438
275	454
287	374
359	365
222	521
516	701
48	710
668	672
430	491
323	716
488	686
455	595
105	406
326	595
67	389
712	719
198	355
444	715
142	269
569	714
107	452
317	588
507	790
416	464
219	485
90	178
160	745
92	552
11	254
103	654
196	699
75	731
51	95
432	474
265	448
174	619
206	596
251	401
296	657
45	300
13	204
482	658
335	464
260	446
56	252
272	588
236	731
645	707
132	295
417	726
57	124
418	604
186	410
191	246
436	570
568	570
484	571
410	745
536	761
163	361
272	618
25	110
170	589
92	376
105	515
211	754
174	779
259	489
24	451
289	702
491	509
280	504
356	709
186	660
255	630
414	605
187	790
18	667
94	235
170	218
226	618
89	724
305	489
62	115
197	506
200	760
14	128
106	422
200	380
377	494
306	417
107	283
371	609
109	608
228	417
767	775
47	630
337	496
125	687
23	57
151	244
132	573
340	628
268	339
400	503
167	750
238	704
51	278
577	684
210	726
427	626
50	647
111	662
74	253
784	788
332	759
323	427
94	245
17	754
279	669
368	707
45	518
30	54
249	534
111	559
63	206
308	633
502	770
124	313
12	370
215	524
61	399
539	764
152	589
26	105
654	726
98	256
121	510
12	749
257	430
557	573
109	543
322	406
291	559
548	777
366	527
212	766
52	105
739	777
84	185
715	752
95	463
29	574
299	300
197	212
666	791
288	464
54	575
404	663
283	530
438	538
216	669
93	644
293	310
579	720
49	357
5	13
55	176
650	774
1	718
458	679
415	566
515	758
548	690
52	540
225	393
295	469
14	781
39	276
20	336
143	307
419	616
386	565
236	723
56	89
312	599
111	604
705	783
96	650
70	615
251	602
292	583
580	586
55	173
59	342
454	762
534	638
571	759
14	747
425	430
489	745
98	782
328	598
343	707
491	689
26	599
154	791
161	361
163	475
399	730
112	366
641	645
573	582
55	524
585	772
301	796
364	708
308	371
57	73
2	425
511	711
339	393
135	246
554	787
151	398
169	377
421	692
599	633
199	767
192	758
242	509
275	729
372	459
387	685
360	425
35	120
601	680
256	453
187	661
102	120
74	497
142	761
319	537
161	435
121	573
411	488
375	603
436	549
546	663
34	638
22	426
402	752
288	676
100	640
458	729
455	573
671	728
308	668
208	710
14	734
406	436
257	768
185	344
320	389
14	359
491	741
233	480
154	605
45	91
260	588
134	391
13	248
151	315
457	557
270	698
403	570
88	131
42	378
89	370
82	537
375	512
20	399
189	312
631	653
186	649
214	272
192	669
417	705
151	567
49	279
29	484
377	476
35	159
158	260
83	161
232	712
76	731
508	756
298	550
600	603
155	716
608	769
76	566
266	424
223	623
283	345
444	758
159	313
439	653
663	747
467	501
655	704
424	772
40	571
421	672
518	692
378	622
269	637
381	682
84	232
634	790
96	486
89	783
50	381
187	646
241	466
283	515
36	683
305	666
359	692
545	654
616	663
156	372
336	731
19	333
189	781
52	368
2	504
265	358
80	546
2	122
325	777
79	439
182	421
53	312
95	425
214	275
113	662
11	257
563	755
336	712
21	26
328	573
457	729
46	452
45	288
138	188
357	460
463	511
55	286
182	607
57	621
30	739
58	475
197	206
170	357
282	707
374	740
7	667
126	343
394	741
202	771
6	724
622	624
543	574
441	791
259	368
404	761
441	599
249	522
407	585
315	579
438	464
117	238
29	51
225	684
236	528
469	499
368	446
80	94
20	697
447	485
96	128
187	217
112	636
97	647
85	437
67	233
474	560
18	472
39	730
618	747
70	207
201	399
192	244
387	498
479	756
319	367
199	278
595	598
142	451
391	476
77	96
328	639
163	487
278	760
188	307
324	470
470	766
296	497
236	412
280	587
279	759
156	702
241	388
60	71
25	558
45	49
343	392
11	532
134	156
250	467
76	757
532	711
180	470
304	578
24	236
411	795
41	765
586	754
245	570
268	513
261	580
110	459
269	795
450	707
101	484
238	631
63	651
499	737
707	776
4	592
22	370
177	536
305	482
350	661
165	363
85	458
388	586
121	320
381	692
18	600
376	529
468	781
244	379
88	467
473	493
309	381
439	756
704	789
273	561
210	378
529	752
620	683
141	268
569	625
93	427
435	457
223	224
35	165
224	309
230	516
548	739
88	737
285	377
104	285
274	556
267	292
341	675
543	556
312	631
117	289
369	370
185	670
96	287
198	465
85	358
443	549
486	523
4	627
275	588
636	733
24	202
22	545
636	688
507	598
13	318
19	417
39	435
270	773
462	501
492	698
14	397
341	400
616	628
262	797
215	425
263	483
277	654
222	413
363	491
124	422
146	176
19	488
85	143
209	694
322	799
106	771
268	416
473	568
74	788
46	455
306	639
93	766
41	394
201	485
195	244
99	139
167	638
574	603
54	696
555	773
400	436
158	585
213	710
352	691
415	709
30	587
148	240
154	295
153	701
220	333
128	294
75	252
689	727
489	681
75	593
661	758
254	325
6	765
144	334
426	580
13	220
510	514
422	630
132	138
51	235
123	713
513	683
260	420
261	572
73	720
102	424
231	644
368	684
308	667
504	505
553	624
315	487
503	763
328	589
298	564
547	730
192	397
105	684
546	725
21	363
259	514
52	554
273	421
251	274
562	777
369	682
165	309
295	617
293	673
163	425
171	725
139	414
165	697
483	525
467	680
219	233
415	431
274	640
478	596
48	122
68	185
28	150
237	355
557	665
107	559
353	597
563	766
139	275
567	789
108	215
154	591
155	439
513	570
264	304
235	323
242	527
141	439
428	774
661	697
411	714
576	647
499	789
87	285
377	731
494	621
54	600
394	668
152	776
16	486
270	711
419	740
283	507
180	372
188	394
95	120
275	749
142	432
40	229
0	176
636	649
381	612
279	466
495	631
16	295
221	387
539	601
116	557
450	573
11	702
210	625
62	754
47	744
194	635
206	314
354	719
43	320
284	737
293	689
547	657
265	391
15	556
492	535
354	431
451	710
79	605
466	696
377	696
692	735
94	312
322	692
248	609
11	633
306	696
67	68
117	218
771	792
132	486
420	723
56	299
133	327
452	651
126	740
515	551
123	140
209	355
7	755
182	694
5	343
29	273
449	752
227	233
524	526
4	174
77	571
447	586
286	326
107	623
7	11
315	367
310	599
118	453
562	770
328	591
522	768
597	616
339	508
34	642
246	708
423	680
65	699
52	539
364	422
26	65
369	510
15	418
193	584
45	797
552	757
280	710
133	166
18	362
444	694
304	791
239	537
301	549
235	527
115	690
241	693
19	556
74	732
257	750
177	573
400	746
118	342
100	571
160	444
87	695
369	738
326	704
204	431
45	489
181	541
30	658
349	772
338	443
33	380
245	397
53	139
208	532
214	426
105	347
36	624
33	582
250	643
187	375
153	763
492	633
215	315
113	532
768	797
358	772
12	682
196	584
486	655
227	384
552	570
162	264
18	443
107	474
257	286
271	313
705	711
158	505
153	670
295	701
465	746
591	712
523	614
208	250
435	674
120	720
164	713
738	748
136	255
97	318
180	498
620	638
205	443
401	758
155	718
383	554
232	790
62	774
391	778
167	543
749	781
393	712
291	761
359	786
152	366
213	269
565	751
376	671
367	760
41	65
475	704
222	580
393	749
203	777
2	138
196	402
365	388
19	615
497	742
605	640
300	468
58	284
180	473
84	210
247	732
104	572
304	555
169	694
105	705
64	736
212	257
167	469
178	240
76	793
113	224
131	636
56	709
99	464
273	449
322	583
430	786
64	450
568	574
224	429
28	318
264	518
68	292
33	85
393	743
345	478
79	221
52	120
455	479
249	310
9	573
68	785
254	638
741	743
267	489
257	627
542	562
318	414
158	655
284	517
57	351
87	497
92	462
337	552
378	398
320	571
127	316
173	195
84	732
154	410
54	218
512	758
119	197
45	70
424	775
409	735
456	460
700	729
106	600
515	572
581	759
506	659
18	567
375	505
141	359
453	652
469	749
177	795
222	375
36	490
128	518
127	785
131	665
407	761
318	783
288	628
157	252
465	621
404	435
243	427
296	690
131	415
60	441
423	509
187	718
165	476
33	262
645	721
541	773
275	734
86	98
74	540
570	659
371	788
512	617
28	622
123	409
612	781
473	756
588	613
18	500
588	737
10	530
336	617
208	703
226	622
178	204
326	366
88	395
17	375
139	265
385	655
57	158
13	659
220	281
9	139
257	519
134	341
231	292
554	570
98	216
20	63
425	579
562	648
115	450
495	732
18	122
76	171
285	464
159	612
278	375
42	641
100	363
0	168
265	548
573	603
180	623
210	575
504	794
3	191
200	749
434	444
484	547
54	786
108	679
133	265
25	285
171	505
777	789
399	743
395	598
425	580
195	727
36	521
769	776
404	641
247	304
288	436
397	412
14	415
105	787
144	633
63	731
503	519
117	283
177	445
156	371
406	417
199	465
628	689
460	682
341	514
28	645
196	344
361	440
9	357
463	738
328	392
450	665
404	467
16	574
297	496
283	617
255	375
307	565
364	752
503	751
408	662
392	595
406	704
617	652
387	753
403	518
99	409
187	540
110	660
3	419
80	612
126	671
307	775
22	538
287	783
97	400
659	712
85	110
419	792
236	437
526	595
583	690
48	498
266	581
151	705
548	606
98	398
16	603
114	354
349	539
204	207
316	338
87	116
83	714
662	664
63	110
96	405
414	487
214	452
110	475
477	770
11	280
690	722
3	307
581	689
238	775
116	244
149	382
479	726
476	758
362	481
331	496
55	494
5	599
229	636
78	93
140	415
68	463
22	565
32	737
489	779
238	386
52	564
503	701
588	704
95	554
232	455
212	420
244	422
161	239
206	455
59	260
535	745
213	573
207	606
301	484
488	597
643	662
198	699
84	388
207	732
608	795
202	687
613	704
416	620
618	631
148	765
330	528
335	423
160	306
513	670
143	266
489	733
416	524
401	744
78	672
105	487
572	780
111	515
245	427
153	622
328	594
57	472
641	696
192	724
22	460
700	708
268	739
76	693
17	27
543	746
564	763
28	368
424	501
151	298
318	574
203	622
306	388
133	696
165	781
130	167
159	235
11	642
58	799
210	216
311	349
432	496
669	724
546	672
180	717
286	600
333	458
16	581
387	759
97	713
298	542
316	467
103	656
200	577
667	721
253	555
345	676
368	556
531	596
699	723
95	426
171	525
5	270
28	268
347	373
172	719
377	652
109	672
188	589
37	696
621	718
581	724
166	368
181	745
287	317
162	360
74	454
188	242
152	669
343	634
441	523
436	437
367	610
240	329
504	515
258	265
457	459
65	716
226	437
34	650
221	485
358	587
139	301
69	728
46	650
587	731
418	761
278	313
258	462
22	562
329	705
77	786
311	506
474	519
226	790
689	712
231	527
17	22
189	316
291	455
117	369
159	664
104	455
98	282
78	770
46	553
46	581
268	426
122	291
426	642
300	431
382	570
208	385
51	578
48	651
314	488
338	666
81	351
35	575
267	353
97	306
260	439
724	794
441	624
335	610
268	385
335	649
383	538
1	443
179	710
160	311
48	157
557	721
111	722
144	712
608	752
309	364
384	445
320	576
727	757
19	436
520	605
346	725
345	622
338	767
77	768
5	672
496	497
220	574
107	759
179	519
281	445
383	701
314	405
35	386
167	186
358	641
263	790
135	273
50	354
21	281
73	566
118	556
390	598
566	584
443	653
41	494
140	717
467	473
550	686
132	408
240	728
589	703
450	743
176	762
79	707
416	482
705	741
280	419
724	729
311	610
116	534
232	266
445	523
622	664
634	766
164	351
83	118
107	239
441	549
245	351
63	546
453	675
200	424
151	497
285	393
147	267
294	568
415	564
460	768
494	642
720	766
37	254
131	795
186	263
406	790
574	634
234	466
394	423
186	523
379	528
91	297
147	260
213	220
118	473
460	473
528	641
213	521
208	482
363	545
149	282
139	787
422	695
275	389
144	266
156	416
522	679
278	606
586	657
16	138
405	423
34	446
242	490
498	548
406	546
398	699
524	725
678	727
457	478
60	466
76	410
106	158
18	625
186	300
47	88
503	533
357	414
478	566
658	742
320	766
227	272
14	425
90	547
455	535
39	628
193	786
323	714
38	263
13	257
130	771
142	657
132	302
147	741
214	636
102	240
157	450
405	577
253	678
683	710
95	297
285	714
94	391
21	232
551	754
572	719
62	304
458	695
321	672
234	599
162	500
360	548
259	679
40	588
297	728
205	798
22	82
205	683
214	676
275	396
145	335
555	654
581	690
66	728
61	186
654	738
206	540
13	118
725	737
111	544
82	315
146	449
347	561
719	769
283	408
33	383
42	350
213	258
513	745
349	797
262	784
645	701
47	685
445	658
333	561
116	728
1	422
148	336
32	748
271	690
273	724
411	716
133	560
461	776
205	278
489	525
46	52
525	559
352	497
89	609
264	599
188	557
434	626
49	566
324	539
259	455
467	794
287	354
392	741
46	64
66	724
326	544
512	565
92	776
96	616
312	409
522	594
7	589
70	609
343	770
449	516
63	229
292	494
452	712
235	359
713	797
160	743
376	724
306	780
76	334
320	347
151	712
174	309
228	630
164	551
528	699
300	516
190	416
11	287
94	270
161	372
128	576
194	575
272	432
543	698
38	111
57	296
328	674
235	749
519	725
53	652
59	322
260	482
278	777
285	456
59	238
133	194
25	536
15	44
518	667
194	499
143	441
264	737
147	519
456	732
477	787
627	797
155	325
644	769
68	500
289	496
685	688
6	545
168	670
109	697
113	455
329	583
686	785
146	436
70	619
261	289
510	549
301	439
460	764
345	785
60	562
187	795
248	768
612	626
300	421
183	505
283	783
446	467
189	726
296	610
10	267
30	176
25	252
501	731
10	63
147	774
39	496
105	739
485	686
106	336
257	789
240	659
671	702
148	224
364	410
352	571
82	216
105	799
359	372
439	725
470	775
252	694
28	474
560	568
64	651
150	467
204	500
37	603
3	213
67	121
608	670
199	323
315	435
473	672
87	325
203	741
135	676
594	601
518	706
19	136
28	686
364	430
642	744
583	744
135	763
261	704
181	242
50	504
284	586
239	381
54	437
59	330
311	464
417	433
540	588
138	383
233	491
456	622
32	282
75	676
43	216
559	588
167	629
20	332
46	399
576	714
202	755
106	507
144	505
228	606
186	799
500	738
225	557
387	663
204	485
726	741
385	522
46	246
70	236
392	563
395	774
401	440
726	772
107	384
159	794
450	487
217	408
291	373
76	121
524	554
50	137
228	344
154	288
7	43
6	697
291	561
145	720
208	248
62	105
311	518
250	617
407	685
389	688
32	717
196	476
316	523
502	563
33	310
150	160
337	356
309	748
212	790
75	660
404	566
93	725
365	739
49	479
133	685
149	317
130	345
71	351
243	573
534	666
270	610
265	555
9	207
284	494
196	659
387	530
96	753
309	775
12	106
136	296
366	531
222	542
8	423
38	293
53	657
506	771
73	88
404	595
59	737
553	644
418	707
433	464
34	794
776	785
138	390
12	326
102	211
63	455
423	685
486	679
61	486
367	681
335	658
467	787
88	238
160	172
519	696
273	790
287	746
75	245
419	688
552	756
72	362
10	157
182	395
341	465
49	79
243	388
144	631
268	509
443	498
38	696
38	311
186	231
292	590
208	502
234	687
422	736
34	355
340	579
232	743
453	712
101	110
241	258
166	677
613	675
151	755
668	702
247	417
198	701
221	499
543	647
455	723
84	117
112	190
164	721
465	681
566	672
243	785
479	551
126	668
558	620
572	682
15	408
60	667
273	357
219	274
358	531
147	292
531	592
5	775
119	462
686	692
136	711
62	475
122	585
447	532
85	205
97	421
140	375
359	713
187	367
285	502
466	500
497	607
119	787
225	707
234	546
31	263
257	670
356	696
104	680
26	198
70	604
370	709
424	482
456	643
34	232
453	520
425	678
14	413
141	797
253	470
106	611
193	229
123	370
698	705
5	429
405	419
226	477
551	586
85	176
492	787
394	731
154	612
34	647
258	396
280	617
265	670
236	434
288	763
445	660
555	578
301	597
178	449
36	428
33	684
373	693
215	428
24	218
278	681
634	691
18	126
48	409
257	408
20	515
180	777
157	359
44	512
236	555
574	620
445	464
331	760
110	518
238	771
407	690
73	353
131	335
230	418
147	167
224	226
233	519
550	606
215	760
207	795
351	436
313	630
111	285
374	675
371	619
601	682
76	647
112	768
222	657
448	459
424	752
600	711
2	261
303	486
255	685
282	472
590	697
38	712
149	393
282	695
377	557
533	545
168	173
170	757
211	555
69	240
102	430
377	677
127	162
64	132
251	613
300	444
229	795
77	389
613	784
413	417
542	735
278	719
178	263
27	528
68	139
129	653
291	737
79	535
240	241
66	764
166	456
221	578
260	444
433	587
215	393
104	582
407	680
382	785
196	364
109	433
323	455
391	490
151	552
294	533
625	674
559	787
282	422
157	321
462	500
180	526
197	659
72	768
16	82
546	561
102	310
388	740
94	186
291	450
541	769
231	348
513	706
155	431
90	442
258	474
6	170
119	178
100	728
421	554
0	672
102	718
157	696
51	555
236	739
361	476
238	360
287	631
188	410
331	779
56	145
524	708
211	471
97	443
678	719
19	679
628	718
26	46
730	740
161	611
322	739
41	538
117	227
335	620
281	645
107	424
279	406
352	389
273	702
244	453
123	737
194	554
512	626
214	282
398	566
48	211
42	585
153	226
641	678
159	540
376	383
281	619
113	658
502	617
236	652
116	393
132	457
56	479
31	271
342	745
62	529
12	726
230	233
692	745
98	400
96	138
136	647
77	670
403	718
482	502
308	747
159	513
92	636
635	738
51	226
69	468
135	423
295	795
67	327
226	683
258	662
33	686
35	523
583	685
39	700
147	530
547	570
7	23
23	47
402	486
425	429
377	472
509	718
224	590
155	363
354	411
308	470
556	775
362	746
198	510
57	607
734	776
319	544
220	294
648	730
133	282
345	684
309	474
450	754
65	115
712	791
168	725
8	269
282	320
121	617
287	478
430	633
311	676
75	210
480	700
546	743
227	575
200	630
674	798
203	204
766	786
150	408
64	102
154	574
424	524
388	449
74	705
363	731
408	535
150	268
120	155
149	229
378	608
707	762
202	256
386	392
15	641
82	214
32	87
375	624
121	397
10	75
510	702
637	739
283	529
572	691
185	767
303	463
157	274
33	316
529	758
351	585
8	497
102	415
429	625
597	778
51	762
104	797
137	553
402	462
133	776
394	463
355	420
129	534
241	744
400	532
484	581
298	791
153	513
203	298
541	666
398	660
78	253
292	736
18	749
275	695
431	745
15	67
233	388
0	104
134	450
189	734
57	235
749	789
261	699
219	631
283	300
17	592
375	789
161	179
587	593
439	717
32	440
133	705
590	652
420	607
131	159
298	552
223	787
414	563
68	682
260	388
23	383
485	665
162	575
209	424
21	356
437	545
210	519
539	689
72	384
129	321
399	643
174	731
129	457
311	428
5	333
398	600
59	96
294	564
180	783
40	339
478	584
53	376
124	635
62	296
142	589
226	673
467	657
168	570
170	196
16	52
243	264
141	373
275	540
367	642
191	781
217	223
644	742
36	167
551	759
148	700
317	427
5	200
335	522
452	718
305	634
274	570
362	659
195	322
84	767
125	288
229	550
28	685
159	318
122	691
228	597
524	655
92	100
57	719
198	538
49	481
69	620
168	653
7	649
150	424
285	315
625	724
111	282
491	662
490	789
550	598
103	325
444	789
324	630
206	426
171	552
123	769
571	782
506	761
116	567
135	672
280	786
592	681
397	609
660	770
40	267
72	489
449	581
283	423
516	725
442	455
143	690
15	284
202	564
23	268
20	64
121	221
44	202
273	717
429	769
135	718
10	408
84	119
504	542
8	627
179	665
495	686
26	195
30	425
203	649
299	609
320	752
2	529
258	535
602	666
461	528
595	771
358	428
231	352
121	400
152	679
299	361
120	638
155	446
304	321
573	589
690	791
223	254
316	761
171	578
27	762
169	408
65	264
44	184
227	689
584	644
283	728
250	608
218	418
322	495
537	652
371	513
182	405
310	558
105	698
69	105
34	429
369	432
494	557
612	618
138	591
259	668
98	124
98	213
324	756
189	658
163	210
83	791
393	557
113	555
631	789
501	738
200	489
150	397
584	742
299	564
208	642
287	702
480	747
266	416
19	236
63	244
107	696
743	749
231	687
632	647
230	316
84	638
563	637
410	667
107	291
568	637
353	449
283	360
47	412
176	507
466	746
3	468
361	398
297	567
660	790
133	722
360	550
227	532
279	641
177	183
649	796
8	107
378	430
78	283
539	597
346	505
322	443
23	544
223	574
473	567
141	292
482	615
101	468
311	360
630	713
777	779
365	605
97	241
283	513
491	519
239	329
1	108
78	193
468	488
67	735
147	797
72	503
68	797
692	797
371	675
220	590
286	697
239	516
440	496
522	555
313	688
186	791
475	650
216	453
383	660
395	695
240	293
222	760
567	695
189	476
449	481
518	588
453	778
112	376
271	573
184	616
239	630
255	603
430	454
557	669
515	604
344	766
239	581
215	285
259	706
28	198
43	473
29	549
371	554
64	444
234	619
58	216
367	662
288	695
362	561
486	769
185	732
64	694
68	536
367	564
213	319
300	775
172	301
298	349
643	734
221	517
283	737
148	496
149	596
452	545
167	708
29	80
60	309
78	734
204	748
648	676
663	709
428	686
194	288
139	746
126	585
508	789
443	490
46	326
209	699
69	522
310	709
169	719
464	656
659	792
164	528
168	411
323	403
373	420
681	794
230	566
222	253
177	732
115	513
109	723
105	337
642	784
398	608
434	569
84	293
41	136
365	710
211	575
445	731
198	522
489	669
239	378
191	727
288	589
318	514
294	761
67	234
514	582
582	598
530	685
140	648
354	503
155	176
348	498
177	290
222	672
89	729
7	201
316	365
369	561
171	381
429	497
11	669
43	146
446	461
308	708
244	608
538	632
15	231
173	432
114	437
506	550
62	571
99	238
295	461
202	216
99	743
341	693
98	455
42	359
82	725
116	659
90	763
718	787
50	115
219	636
170	402
37	112
171	699
255	413
286	308
564	657
39	84
331	472
397	400
421	502
24	87
204	233
270	372
255	488
292	776
207	404
583	654
669	763
473	686
280	474
127	600
299	622
322	402
12	317
339	356
157	172
7	358
397	768
44	217
183	538
113	718
148	263
190	379
290	744
215	641
386	454
476	518
476	716
308	434
85	129
287	544
319	388
28	63
382	705
521	695
113	739
452	735
273	366
54	237
213	284
32	681
316	718
211	302
7	521
440	734
40	395
594	700
258	520
102	225
203	593
212	762
91	779
38	428
240	432
176	774
249	782
4	663
691	744
271	458
771	784
417	573
39	302
312	355
190	199
256	316
310	370
250	513
166	324
62	193
339	434
260	713
100	122
470	697
558	560
400	630
643	752
245	474
372	463
547	627
194	465
7	725
103	212
357	549
440	508
470	536
197	775
669	693
183	595
499	714
198	250
448	630
33	275
27	139
278	688
264	517
219	773
690	785
472	515
57	342
422	787
624	729
534	708
35	142
5	447
28	272
466	484
608	706
103	320
400	615
66	383
432	573
317	322
337	550
239	568
280	579
303	568
60	756
139	166
584	681
162	276
526	757
607	740
36	457
136	439
94	642
69	294
733	787
66	494
199	252
295	637
343	766
21	226
62	649
103	611
323	723
14	365
165	393
105	619
407	720
179	425
100	154
641	780
27	681
501	597
345	677
579	763
137	402
213	736
143	646
455	566
237	670
97	478
343	553
701	736
480	628
68	614
445	480
555	642
201	453
119	717
289	726
462	674
246	317
133	612
242	273
389	647
501	521
551	755
352	659
136	232
406	495
13	214
308	339
84	208
152	446
353	653
132	725
154	246
196	469
522	692
378	710
325	496
242	737
71	715
493	577
146	671
162	419
274	628
73	651
700	738
545	714
460	584
2	665
59	247
168	709
483	508
91	794
9	121
76	699
47	610
244	459
247	725
465	740
178	535
174	478
355	788
474	596
357	376
116	601
160	414
322	478
277	777
148	480
158	747
216	598
290	484
103	250
406	724
184	537
571	777
19	106
549	677
109	394
237	579
423	684
36	576
226	327
45	705
226	711
289	688
177	756
523	653
175	779
417	758
70	538
518	636
501	740
213	505
661	748
651	708
344	726
310	644
710	737
329	433
168	735
111	549
422	746
242	714
482	495
476	759
123	411
275	660
139	325
113	120
241	795
256	365
38	740
141	150
41	121
192	472
259	408
373	535
76	635
282	664
152	456
288	682
55	140
426	659
74	677
350	670
390	790
137	689
614	789
196	352
420	557
90	106
430	708
99	566
18	781
155	505
21	396
304	707
16	657
124	641
20	152
736	737
32	106
20	187
400	585
208	611
179	632
59	666
181	591
93	470
162	176
181	708
222	556
112	341
13	538
159	351
143	530
400	733
595	731
212	783
279	324
394	702
349	397
5	32
96	361
276	732
281	637
14	204
159	725
118	549
5	263
710	722
317	584
3	279
339	366
157	433
80	171
51	457
197	543
395	477
36	341
131	648
20	176
259	779
193	695
435	568
29	684
222	517
275	283
339	397
484	677
273	703
18	276
37	654
1	697
340	791
149	740
409	603
80	797
265	387
176	701
94	120
392	401
646	722
84	738
102	168
316	687
172	774
63	768
144	477
262	650
70	564
126	311
130	412
96	657
129	776
275	744
156	400
190	402
197	595
374	798
198	468
121	148
299	365
225	254
213	214
127	198
235	367
385	530
216	226
271	673
190	713
503	659
555	726
257	639
494	793
662	796
51	321
630	688
395	689
4	568
284	553
462	513
314	332
583	681
462	754
270	756
318	512
197	623
202	260
506	552
13	400
586	640
317	408
346	629
445	568
71	778
94	533
569	750
239	549
607	674
560	664
96	286
294	481
244	317
285	718
205	575
80	514
51	479
637	757
315	773
241	617
522	611
354	705
29	641
126	575
374	692
116	715
633	703
366	424
39	201
342	451
445	481
472	650
160	262
409	534
51	177
47	332
320	587
47	559
249	577
118	777
562	650
142	699
146	174
14	135
542	577
415	601
174	356
139	380
187	443
197	519
166	638
244	273
651	706
90	263
611	761
1	58
83	665
36	784
528	788
276	350
198	432
362	656
294	662
131	300
125	720
697	783
600	777
475	536
297	769
64	748
477	753
553	721
483	612
435	797
242	391
33	574
304	359
19	584
483	754
214	222
474	656
32	593
167	325
286	462
262	426
118	695
667	697
398	663
197	335
393	753
164	207
234	399
282	441
13	490
255	265
80	303
32	672
540	654
239	765
610	711
56	696
388	699
22	522
12	654
520	789
461	699
3	274
319	443
382	763
195	534
411	705
657	794
213	796
387	641
411	775
5	295
407	632
296	517
642	791
193	570
194	320
456	575
164	432
213	340
70	155
342	788
231	401
88	122
249	427
44	710
188	359
13	288
264	350
136	352
58	401
406	763
704	793
313	795
448	479
234	300
188	272
18	261
326	361
327	644
546	587
156	439
616	700
307	778
195	383
582	635
98	99
98	116
15	194
377	574
148	670
590	619
206	701
190	555
243	576
314	684
297	671
223	449
442	544
200	786
449	480
105	178
175	179
257	616
486	704
499	631
456	754
9	79
172	570
462	467
754	796
235	571
70	772
387	778
52	306
186	338
247	514
218	637
405	463
311	427
26	568
461	692
47	732
490	722
290	533
20	482
338	502
223	640
643	666
45	143
265	519
569	617
78	469
168	265
487	724
244	540
518	593
190	743
607	622
254	569
297	448
56	620
51	241
50	464
318	744
486	656
65	155
413	441
117	354
484	603
446	492
382	663
272	753
332	658
379	679
162	700
241	661
335	705
34	338
105	511
49	144
12	255
492	764
216	724
139	609
68	290
306	374
103	531
120	131
79	672
322	563
545	641
711	792
752	769
756	763
556	639
311	526
406	671
46	641
149	392
82	397
147	475
303	650
154	544
147	155
354	603
315	322
365	543
3	220
240	444
139	513
279	722
328	349
191	449
58	663
33	742
493	649
535	606
75	486
19	148
141	376
470	637
782	791
468	626
507	690
388	669
65	709
335	575
306	581
170	186
392	484
210	620
231	386
425	659
361	674
519	559
422	732
273	755
142	513
280	343
82	526
336	645
299	475
369	621
437	710
283	614
237	297
129	149
5	453
298	343
340	625
28	510
308	727
293	449
9	587
389	600
335	460
293	539
14	795
568	607
212	251
168	222
117	273
24	312
267	316
261	386
38	729
138	181
668	753
21	678
279	342
197	742
580	610
542	581
77	122
42	204
128	647
597	640
182	774
93	583
37	216
612	788
38	781
227	527
427	457
43	536
771	796
196	202
108	234
64	704
583	726
105	550
352	655
309	667
17	785
50	133
250	725
332	687
692	777
215	647
42	105
449	470
390	548
88	667
224	627
179	614
25	478
574	798
54	645
329	390
85	705
125	126
250	595
353	354
389	686
634	702
190	771
465	618
710	752
57	606
225	719
201	508
355	628
32	299
182	647
84	110
245	641
29	133
286	544
244	661
459	733
59	644
555	711
46	708
71	413
325	453
359	517
223	371
140	686
195	355
4	534
94	253
643	658
145	256
194	419
748	781
281	738
22	209
285	791
242	515
397	487
200	789
53	595
521	779
25	675
20	532
99	634
64	152
104	233
385	596
466	607
174	333
218	529
697	726
227	276
36	500
193	507
323	796
605	773
65	516
294	431
335	662
233	406
320	495
79	756
329	729
8	433
382	681
168	228
102	523
207	421
173	776
163	483
108	426
205	237
323	443
205	427
478	602
186	515
716	759
223	468
292	786
372	514
45	214
317	361
474	742
115	454
267	387
446	476
611	684
295	328
254	762
134	505
554	747
182	402
709	762
17	622
130	284
164	168
193	605
761	776
348	470
352	382
205	415
622	695
579	662
684	723
428	497
226	522
156	308
107	543
404	793
177	551
192	440
549	601
158	743
668	765
128	466
634	726
47	535
306	709
45	636
38	636
4	515
441	765
36	311
151	513
547	716
244	354
54	315
433	669
125	411
195	491
328	373
15	69
101	245
365	487
135	768
196	464
322	755
262	315
11	568
93	664
169	535
234	482
654	790
582	763
130	139
518	740
128	667
203	717
152	629
18	224
596	711
83	589
105	184
183	475
345	491
152	189
233	518
121	774
283	623
469	759
67	341
424	792
346	519
501	531
202	428
526	673
96	722
159	446
432	772
152	597
69	589
370	385
225	227
270	412
70	181
309	697
369	564
434	644
332	564
372	580
547	664
282	673
407	727
211	391
674	699
179	683
265	644
504	640
186	232
69	92
236	245
644	654
38	570
665	778
85	728
51	624
48	435
194	665
96	395
147	369
504	639
360	730
199	208
77	538
85	621
693	723
603	713
484	665
55	465
92	417
539	777
50	450
78	792
312	335
609	706
489	647
586	646
665	786
510	697
539	796
11	590
151	359
298	383
18	364
395	757
259	286
151	609
92	401
135	305
697	772
515	607
245	776
410	711
42	594
240	441
353	421
361	547
66	154
286	574
47	233
169	604
38	791
307	627
189	311
476	497
153	686
312	612
381	459
42	775
231	651
214	264
273	618
389	461
25	139
198	304
85	300
72	416
18	771
32	59
231	287
229	613
520	570
119	714
506	664
83	695
379	611
244	580
93	329
172	330
221	254
290	585
114	526
261	402
175	502
110	727
270	336
26	554
128	423
84	416
371	537
140	723
264	393
135	654
25	605
135	216
189	277
205	253
321	548
463	636
178	419
367	590
360	639
747	794
300	407
188	561
118	313
77	84
197	734
0	73
378	403
20	757
111	192
453	468
528	673
103	509
76	217
237	629
373	748
585	749
119	740
679	737
175	597
191	355
84	752
559	761
128	729
162	221
190	464
80	653
237	465
603	620
289	697
517	646
137	264
413	601
90	654
54	637
289	661
477	595
552	724
289	776
531	570
216	685
137	232
234	327
189	415
575	703
141	320
649	726
608	679
195	541
27	148
472	590
123	335
128	460
158	439
209	646
16	17
165	569
504	604
65	218
76	772
161	417
74	209
633	765
22	408
412	795
178	203
571	584
69	798
123	340
111	675
391	409
243	536
191	608
392	727
162	376
75	734
335	559
21	274
286	565
542	606
600	709
48	279
374	536
453	666
383	396
551	592
28	681
225	429
240	452
283	309
65	148
226	311
317	454
516	778
167	649
24	759
509	736
235	633
172	725
263	506
89	464
70	510
91	569
309	670
612	681
481	757
298	608
130	438
9	95
275	716
198	223
624	662
12	495
521	791
13	531
250	561
77	690
58	507
659	673
148	445
324	775
476	636
110	519
32	544
591	767
176	782
35	590
103	564
569	639
68	466
173	659
305	417
18	766
640	746
39	514
193	226
88	186
276	317
95	720
524	768
232	602
121	499
237	695
399	700
498	751
143	744
248	511
297	465
148	696
276	662
305	353
372	474
247	708
144	455
405	424
103	179
283	714
298	741
398	556
6	242
103	503
171	510
117	728
483	747
695	749
337	787
303	319
378	484
424	505
471	474
85	520
295	491
108	329
301	358
318	532
26	202
120	182
322	387
483	616
203	641
188	315
140	144
429	434
157	770
26	123
725	755
299	664
399	444
359	582
127	507
217	273
3	155
412	450
428	685
111	527
3	444
420	766
725	761
20	468
146	383
93	307
580	724
323	781
128	309
80	458
42	140
69	751
455	511
58	105
56	90
115	363
519	555
567	587
254	398
86	467
367	489
415	795
68	705
119	286
585	696
68	327
266	297
172	723
41	111
72	440
669	737
334	630
568	778
153	395
47	379
191	635
424	537
151	708
222	279
16	419
714	777
418	738
590	624
639	769
675	798
5	85
179	215
481	754
3	162
380	452
258	476
355	640
92	735
416	702
221	527
352	456
62	492
605	718
117	501
399	497
369	717
182	434
44	436
138	193
229	568
290	402
188	420
289	392
334	727
662	790
465	714
79	676
8	334
363	444
41	209
449	765
109	283
94	315
144	405
644	697
15	352
382	532
181	488
269	689
184	324
61	577
383	677
92	705
406	496
570	793
10	61
297	592
586	706
327	634
688	775
95	248
260	684
12	52
148	453
275	771
152	567
140	693
182	528
137	523
613	648
87	539
113	793
605	635
268	543
232	363
97	268
29	680
644	796
525	646
348	529
268	361
123	589
12	369
288	726
13	737
186	678
309	740
118	320
265	565
54	623
335	569
15	155
179	290
112	518
147	534
2	689
292	326
230	532
539	789
101	487
255	541
571	692
375	402
524	695
347	475
264	557
434	655
582	742
33	608
552	784
188	199
220	412
450	739
248	441
79	246
29	473
82	259
299	359
113	656
39	607
384	390
80	616
428	628
221	715
113	652
306	397
126	347
316	434
356	451
390	776
618	632
47	257
22	367
126	322
130	711
536	612
165	318
191	661
585	592
141	756
245	756
628	657
87	609
724	755
113	170
43	289
196	387
620	711
204	619
156	700
136	411
565	753
518	534
661	677
135	480
173	495
321	478
234	595
520	578
96	432
74	269
198	706
163	409
256	405
377	409
77	240
348	751
267	433
709	725
150	326
731	744
266	425
292	662
195	580
210	771
221	574
302	716
401	699
127	715
387	471
250	604
155	533
151	619
573	637
151	537
230	282
573	584
67	270
561	764
21	489
34	406
404	510
100	152
436	443
192	679
539	785
337	470
232	262
624	686
155	304
536	643
520	791
56	290
270	392
369	631
155	418
81	650
127	555
376	755
156	217
736	774
542	787
89	532
537	581
206	673
38	127
273	794
85	541
123	526
283	501
60	234
23	716
140	551
303	750
371	792
474	785
704	782
168	513
258	618
139	509
69	342
640	691
222	703
458	742
478	712
508	714
93	589
507	551
142	167
20	720
113	412
208	238
16	58
34	41
439	484
653	775
389	452
151	231
131	371
537	634
306	503
378	434
102	679
206	693
38	50
516	579
127	277
509	677
422	696
63	621
220	728
86	457
489	637
207	509
553	753
93	741
113	535
299	651
127	666
392	503
218	411
142	367
105	777
23	189
222	649
339	676
685	778
23	629
44	681
271	387
305	414
228	243
508	520
428	703
307	690
190	580
201	347
415	444
467	768
431	713
297	565
700	709
328	578
67	180
207	322
154	256
272	299
66	375
249	514
364	785
214	248
285	504
270	775
416	766
733	752
316	767
48	738
708	725
22	482
79	375
252	443
46	355
488	785
417	443
304	466
19	797
250	455
52	584
106	201
195	523
277	768
92	785
193	648
309	391
178	381
369	414
712	729
589	637
36	649
360	407
363	679
267	504
105	504
351	630
1	752
226	748
345	454
123	779
471	661
75	578
443	617
309	540
239	797
90	226
341	721
283	613
66	585
262	399
294	650
224	708
396	582
18	387
387	620
343	619
618	791
12	49
20	106
84	787
99	750
455	675
695	702
77	591
122	348
132	145
193	328
55	147
297	477
90	631
272	344
16	101
397	638
524	582
602	679
192	568
121	760
49	711
105	457
169	660
628	760
469	511
25	671
2	303
56	157
583	747
456	660
348	432
447	540
43	422
123	435
384	646
497	661
92	444
178	580
356	433
211	532
261	543
7	743
350	694
724	783
116	316
195	632
59	683
169	245
328	704
729	761
106	653
491	542
155	798
83	625
232	532
26	459
8	363
226	553
315	376
2	200
93	715
155	638
421	476
82	380
217	543
217	620
192	281
278	585
407	669
130	425
439	641
247	289
631	793
283	608
136	247
45	632
493	656
392	537
50	509
279	634
61	552
10	505
352	448
184	419
37	166
631	761
631	734
497	649
39	395
566	661
66	718
144	501
13	554
274	590
373	434
352	411
387	654
475	770
11	392
85	735
160	200
247	333
444	500
301	668
112	586
673	690
597	728
111	476
164	451
512	672
539	550
343	473
15	547
105	503
97	341
190	413
412	580
76	419
493	658
90	430
37	685
185	498
265	738
325	525
110	152
401	538
600	780
337	415
18	479
183	589
537	698
234	776
276	529
408	641
246	624
120	463
711	754
165	592
584	622
115	634
468	790
68	543
426	640
148	437
564	580
120	361
130	605
610	776
30	42
232	242
99	748
308	736
110	532
419	748
623	680
162	177
252	692
253	538
540	757
176	680
245	390
428	469
636	786
577	597
237	663
52	201
478	582
137	685
357	740
37	239
475	512
87	713
51	341
507	659
437	682
641	692
586	704
185	507
325	444
375	525
413	681
394	498
196	656
123	617
199	471
271	642
137	416
109	467
138	381
106	196
428	648
290	508
341	605
648	737
226	771
148	462
7	167
53	603
625	759
87	371
446	518
393	680
75	90
105	296
360	627
135	622
324	444
533	729
290	305
635	776
41	591
96	116
128	652
164	645
65	689
361	533
99	112
108	161
107	488
162	383
225	268
76	104
272	333
195	674
595	743
502	508
68	656
399	650
120	180
336	608
474	796
490	508
174	777
217	389
235	455
514	650
6	741
203	312
239	400
103	449
638	686
23	353
87	788
299	729
416	596
81	763
154	471
346	611
293	728
84	534
195	225
307	600
628	679
175	329
280	737
200	604
243	329
202	751
576	700
347	476
343	791
570	755
7	305
483	594
309	610
40	518
152	282
286	292
193	412
379	409
131	234
204	282
82	778
253	787
119	141
338	750
253	408
218	408
104	333
112	254
16	204
246	654
74	137
47	569
32	455
303	479
189	723
32	773
141	280
547	656
222	796
6	653
25	617
285	308
29	65
38	703
49	338
572	737
54	641
493	518
192	384
45	783
155	767
205	383
170	337
3	628
675	744
300	447
87	652
373	566
521	734
65	200
275	623
280	562
318	552
488	528
128	320
372	788
133	550
219	325
227	496
103	184
452	519
378	646
492	744
13	298
58	646
226	281
352	433
23	246
12	772
3	517
64	109
207	440
45	172
742	756
89	555
173	698
541	571
601	647
147	639
184	623
323	480
549	767
334	541
417	675
236	389
83	572
507	743
122	628
373	378
432	465
659	690
489	785
305	760
425	722
14	677
254	427
94	537
345	662
198	539
508	631
204	288
412	419
7	68
434	754
486	775
61	590
47	66
624	713
491	702
488	547
98	174
211	472
5	69
362	780
358	538
29	657
310	418
297	373
347	763
537	599
688	742
333	355
563	625
375	776
75	438
546	692
381	666
435	462
343	448
324	659
477	670
468	760
112	548
125	399
168	419
546	586
146	159
600	613
15	359
1	31
49	497
296	532
535	762
371	618
375	608
19	477
515	786
423	601
203	703
288	596
654	660
76	247
279	623
59	799
639	649
600	627
24	369
253	778
594	792
550	758
558	612
661	729
345	798
182	552
335	558
127	628
109	331
201	604
203	278
266	287
431	554
539	703
176	367
356	438
40	615
10	770
79	748
192	595
80	601
615	779
236	244
12	557
166	635
359	445
303	305
566	711
183	263
139	151
653	795
338	676
202	211
237	363
234	423
171	471
494	636
298	375
134	562
322	405
82	256
116	765
426	459
160	297
455	725
44	275
232	288
78	445
467	793
285	487
20	523
481	539
301	482
37	526
296	432
277	344
22	253
236	682
446	755
441	770
120	563
256	760
127	159
111	428
52	775
779	790
376	745
43	244
27	507
385	678
145	626
103	715
105	244
143	294
155	194
481	677
131	190
620	706
508	611
20	121
560	699
68	494
114	318
137	268
385	453
112	427
112	680
161	213
1	607
281	542
310	578
186	698
434	539
360	396
77	412
253	296
123	376
93	466
115	431
24	647
266	597
298	355
118	545
648	738
539	583
210	339
371	515
489	546
74	605
351	782
454	685
361	442
16	48
10	728
238	511
4	108
99	696
270	300
237	350
153	635
126	252
395	425
410	515
261	489
284	418
235	579
3	466
245	577
74	475
524	561
6	22
225	291
584	640
455	752
200	498
54	358
313	625
160	305
264	361
46	343
130	415
17	66
223	781
564	592
231	491
61	145
117	795
10	329
442	758
27	95
177	216
273	518
500	628
39	137
27	465
94	230
6	96
49	523
340	383
318	389
0	156
25	461
241	350
45	222
373	744
594	638
143	545
336	346
54	579
8	597
96	783
31	484
30	672
219	740
316	645
535	639
555	647
707	722
690	788
297	608
482	777
115	586
56	680
247	641
194	212
203	680
318	588
294	601
93	367
161	541
530	758
570	788
234	720
472	697
70	646
476	614
541	684
19	543
516	529
580	634
105	349
265	296
89	367
462	710
630	765
486	774
143	168
660	684
254	513
377	599
48	316
384	600
467	683
138	223
163	170
98	150
72	632
143	696
253	690
60	797
339	742
346	727
436	689
185	246
621	652
68	453
482	731
595	600
340	504
132	619
160	287
63	635
255	476
140	305
75	168
386	516
486	514
398	443
184	707
88	795
21	287
315	397
13	38
528	625
382	650
82	544
97	498
159	732
56	284
117	635
395	742
95	115
86	206
426	635
492	631
353	584
25	347
695	708
576	683
506	657
243	410
39	372
396	534
418	635
606	699
50	184
33	605
597	620
246	711
226	227
333	455
158	631
354	407
146	440
191	754
390	781
49	283
354	608
145	763
38	517
657	719
184	570
305	668
128	594
357	491
578	745
32	287
79	420
304	728
4	514
208	698
185	786
572	724
235	320
214	731
314	758
445	620
40	503
330	651
582	654
47	226
492	725
161	528
324	772
191	610
443	759
537	741
255	598
40	105
29	714
325	650
76	758
550	747
278	417
516	656
55	125
401	543
223	276
49	168
278	433
410	606
24	47
240	278
280	479
136	436
337	366
49	203
290	688
203	364
62	489
7	223
111	587
331	707
106	607
208	434
242	269
31	506
383	514
467	740
344	348
387	480
236	617
215	705
111	730
141	605
111	220
364	412
5	225
319	409
376	440
26	118
595	789
21	383
184	310
151	186
46	528
229	580
64	270
690	765
390	783
448	705
674	692
85	574
277	542
297	473
293	704
274	700
473	577
69	543
300	791
614	626
121	721
436	582
507	663
435	480
60	465
134	332
136	675
131	286
219	524
655	685
119	716
149	747
90	336
495	538
634	784
207	451
616	783
10	544
383	799
350	410
147	693
239	544
357	651
467	645
612	671
98	745
176	356
188	381
413	592
94	207
617	621
477	733
87	372
447	619
640	713
148	698
154	352
186	306
558	742
199	534
196	652
26	47
497	776
229	653
7	182
5	148
142	306
277	490
34	197
165	367
214	406
290	435
109	271
278	335
328	581
252	630
78	485
710	799
158	189
123	732
95	755
93	211
65	216
81	762
37	608
183	360
630	794
143	242
477	580
55	726
312	748
83	503
204	542
149	333
108	560
29	575
367	551
236	750
128	133
190	244
534	555
72	742
597	630
602	649
378	556
245	572
297	460
554	596
115	260
367	708
236	728
154	698
54	177
486	634
48	714
372	632
7	283
241	783
324	715
47	64
413	724
99	436
423	788
27	417
56	354
77	343
72	361
171	551
499	753
365	660
166	678
65	84
300	578
52	512
220	642
205	689
376	542
46	195
176	618
286	781
249	595
628	648
260	618
503	727
87	294
545	691
240	502
83	159
741	777
345	697
0	294
85	749
453	642
516	683
698	790
185	520
400	460
137	697
131	144
662	685
459	767
395	619
621	772
30	573
592	785
192	726
63	642
337	517
268	746
235	248
111	409
542	773
446	709
564	667
565	741
295	715
136	610
652	799
165	212
178	757
71	651
10	498
349	641
71	415
164	669
30	676
326	628
516	583
338	711
117	451
708	729
356	750
417	627
55	735
339	479
135	456
380	754
135	330
134	601
57	220
266	784
301	587
361	448
138	616
13	540
605	666
720	731
202	517
410	623
323	338
407	493
184	553
3	597
63	681
205	592
481	663
321	651
122	436
85	89
179	464
189	352
47	624
48	687
365	530
722	724
133	193
355	707
46	409
113	607
71	142
72	429
471	659
97	603
1	57
3	124
226	402
133	580
113	204
552	776
458	643
319	627
493	505
21	572
8	496
223	496
268	714
338	693
123	796
30	403
394	609
250	761
188	231
362	798
145	175
603	792
365	713
339	588
29	555
531	746
204	727
141	335
315	540
212	724
643	791
119	619
261	448
52	179
320	338
268	690
626	684
82	321
310	527
118	559
65	160
46	145
416	465
254	276
246	664
354	780
448	682
110	628
178	567
63	576
269	292
333	481
72	242
160	603
59	601
66	434
195	609
314	330
213	390
571	717
237	433
469	738
22	68
80	289
380	437
570	604
158	776
677	790
240	476
252	628
551	645
77	705
519	743
416	749
46	84
538	601
106	195
618	635
355	479
168	780
78	225
132	777
224	250
91	302
410	561
205	767
303	409
662	747
425	523
27	184
225	236
527	751
496	632
137	140
286	726
39	767
275	577
93	193
101	569
496	750
196	516
166	454
428	503
96	788
80	263
518	759
117	429
113	117
199	681
39	610
173	607
418	636
348	778
670	708
379	542
556	732
86	793
419	537
284	595
90	514
97	242
260	448
644	721
561	730
399	679
5	557
542	604
14	127
264	398
425	693
561	636
372	413
113	304
16	87
381	417
370	472
597	794
568	628
634	640
79	599
513	655
491	685
34	74
41	506
236	405
16	628
69	385
476	521
187	317
124	753
238	772
60	492
254	468
196	526
338	429
231	756
448	756
334	385
615	775
146	580
61	661
25	763
162	188
75	688
266	705
350	435
88	304
31	678
118	159
56	185
135	251
343	792
362	506
251	767
27	385
482	745
301	508
372	699
327	768
219	368
527	671
163	526
198	549
583	630
406	422
31	665
62	241
241	645
180	584
425	617
140	232
56	678
202	550
47	135
0	383
173	609
140	471
109	741
211	755
402	557
88	648
227	769
527	574
209	795
510	717
195	682
157	518
643	780
490	633
466	590
386	628
270	588
94	375
362	374
50	357
320	513
169	188
353	567
395	638
71	641
576	736
150	721
295	364
349	394
61	131
119	695
308	700
174	648
302	484
201	569
491	526
230	609
169	594
51	196
14	375
118	405
15	496
157	732
433	498
16	416
335	492
402	481
512	703
262	532
532	537
636	653
394	410
78	641
5	548
144	783
424	750
175	192
616	667
91	279
134	593
629	640
145	409
136	756
34	735
522	656
59	557
12	518
699	789
58	438
183	367
440	623
2	743
92	232
455	642
679	799
319	434
61	326
228	733
318	336
280	517
463	711
51	191
208	340
539	654
83	789
54	69
611	753
635	799
485	626
59	559
304	650
327	376
133	534
284	670
614	615
63	739
213	407
584	733
398	467
77	254
195	438
249	614
480	581
294	567
283	663
168	288
257	405
439	523
411	517
361	390
110	611
185	531
19	524
6	184
556	697
6	173
99	629
29	90
128	485
327	366
293	296
505	698
479	640
291	649
376	546
34	395
103	217
165	681
21	580
15	647
52	665
469	728
606	737
510	738
15	603
698	796
137	563
635	794
343	382
53	735
420	569
574	672
149	212
17	603
534	630
302	593
133	536
24	756
123	316
345	394
311	663
404	491
103	541
365	502
222	732
554	600
131	408
139	227
304	641
222	525
438	556
48	167
107	171
500	535
411	436
1	182
128	511
277	707
119	138
198	372
535	685
564	609
177	200
176	469
50	382
452	681
298	526
545	693
378	508
127	128
358	636
15	345
396	441
13	759
54	797
443	635
626	629
109	772
240	338
157	277
397	439
368	586
435	724
751	765
29	674
117	181
315	756
602	795
340	793
76	545
6	383
364	535
69	163
526	739
160	319
545	733
548	568
358	427
429	591
647	676
124	184
436	624
313	559
190	492
2	424
136	407
400	640
65	373
29	91
40	113
389	717
321	365
470	584
610	741
41	49
32	259
521	654
105	651
75	437
22	776
309	657
238	503
311	409
344	617
187	495
124	340
52	579
208	347
72	109
2	79
156	508
228	287
507	526
419	756
24	581
445	702
465	633
138	602
285	748
55	630
570	787
119	728
317	581
120	141
36	449
483	702
137	284
354	651
117	711
451	640
317	559
221	783
441	772
373	485
561	672
29	582
199	452
17	18
455	476
38	450
649	722
626	738
38	135
577	783
17	747
272	637
66	732
347	444
28	538
450	775
156	169
202	711
512	777
142	680
102	245
354	700
90	126
63	192
361	750
342	647
487	609
226	340
226	561
508	797
230	655
268	396
331	634
76	349
176	217
364	587
113	779
136	512
82	176
119	406
222	659
446	753
246	776
714	765
129	147
212	246
296	749
258	772
385	471
210	473
162	310
668	746
54	512
133	174
215	706
269	324
113	254
316	508
126	333
52	678
228	696
7	115
321	329
217	246
301	488
139	196
271	715
503	541
34	202
424	699
569	590
124	574
5	78
261	519
693	778
60	333
647	648
186	378
450	705
5	87
588	764
462	714
733	734
76	658
19	46
83	568
462	709
371	520
512	514
138	318
78	365
242	576
196	778
6	687
159	470
360	565
92	282
364	696
216	256
264	584
120	650
571	638
293	497
313	503
127	682
39	611
12	69
570	617
275	388
293	768
112	765
28	76
27	302
214	698
397	628
37	701
260	321
42	415
42	534
208	254
330	482
192	592
372	708
356	578
132	791
646	787
53	384
188	739
639	747
368	777
228	346
452	680
435	444
262	635
386	403
520	786
716	719
43	79
131	374
1	436
155	382
46	450
125	681
493	499
59	665
570	586
99	111
21	586
208	735
293	625
161	622
409	565
143	798
103	135
412	652
284	461
35	319
348	508
194	513
31	670
559	601
329	396
65	92
333	534
522	637
246	618
442	513
322	351
578	726
318	485
104	448
337	690
352	673
51	747
80	590
218	677
122	514
286	339
265	599
72	364
314	398
84	521
125	783
29	596
617	660
241	557
1	569
203	391
211	636
323	505
344	432
497	616
121	521
360	668
311	407
292	539
45	62
350	351
308	761
235	649
93	530
199	677
44	156
71	437
310	562
54	262
354	552
130	774
63	764
331	370
273	666
85	745
697	714
33	190
657	761
712	761
71	208
325	690
130	766
340	684
568	751
475	507
6	68
427	484
140	398
682	779
132	553
279	395
476	685
36	605
381	565
401	433
268	545
446	512
593	619
97	566
69	515
489	516
143	720
287	636
118	171
412	662
314	639
42	257
277	670
510	633
311	587
360	675
755	770
501	746
134	494
331	445
71	371
643	723
74	355
551	776
207	533
29	373
102	281
223	380
171	418
176	753
56	205
49	352
515	755
71	424
408	724
170	257
333	720
0	398
280	762
145	282
144	615
276	688
79	398
326	386
42	397
174	692
72	401
186	668
489	715
171	559
492	519
389	751
448	536
256	791
133	399
27	739
450	582
402	691
70	312
2	135
214	240
91	106
404	405
107	165
412	640
267	768
173	673
578	606
402	689
73	280
127	707
235	554
191	330
202	511
430	440
168	639
237	324
112	698
256	282
683	766
184	495
129	660
113	727
409	792
86	536
80	138
245	473
318	598
546	639
442	498
449	573
498	638
525	612
686	765
474	768
398	594
496	731
81	796
605	771
55	678
195	248
403	631
99	323
580	676
459	778
224	516
160	263
400	451
128	345
339	756
308	635
65	412
5	605
522	631
425	628
148	718
334	425
198	331
61	600
508	626
290	715
137	226
17	366
353	459
30	341
99	288
501	562
123	286
299	552
27	764
622	627
292	706
221	538
200	562
149	283
104	650
165	434
541	657
53	463
341	781
217	615
222	663
99	502
129	698
525	690
7	396
168	572
370	621
251	379
106	125
175	394
186	499
701	778
386	460
171	253
261	618
267	339
106	463
83	628
306	540
140	522
437	484
107	536
6	549
411	581
319	678
310	607
433	722
728	763
134	323
547	729
95	213
549	550
258	741
474	640
83	732
31	140
497	526
619	785
159	341
341	417
243	466
96	712
178	461
320	323
562	722
327	632
105	376
618	717
444	564
55	273
516	714
110	601
225	761
84	496
62	500
225	354
26	435
428	680
176	615
620	739
110	197
72	220
359	456
62	393
157	537
417	664
73	164
156	760
29	437
31	247
188	696
726	732
95	629
187	772
17	70
342	465
84	692
455	704
139	493
672	757
431	629
509	709
37	65
193	571
337	551
96	461
151	679
82	698
443	788
84	286
484	689
354	580
697	766
672	697
61	364
198	599
72	480
142	398
217	248
563	750
160	789
101	774
543	763
52	398
392	656
168	268
6	401
565	706
447	776
729	740
118	359
452	465
145	640
525	794
250	351
64	526
105	185
116	448
35	80
470	568
665	745
148	639
153	613
413	664
532	643
77	461
105	763
92	317
469	516
717	761
120	359
375	727
66	623
157	336
120	655
589	696
128	305
233	573
165	246
420	541
344	703
594	750
308	645
590	600
23	443
189	367
271	414
337	484
330	705
405	480
516	635
386	484
125	457
445	502
360	457
196	457
128	611
56	272
52	216
141	529
36	791
710	761
174	181
379	766
658	673
188	761
611	689
76	309
638	789
156	423
126	673
130	696
382	456
482	759
271	415
380	422
616	718
335	571
294	302
639	714
296	613
246	705
238	729
721	785
510	539
537	700
496	543
250	611
697	720
196	763
532	708
163	626
143	491
381	596
331	566
245	751
67	241
23	261
271	322
305	428
157	517
335	420
294	623
173	216
187	543
137	681
136	658
633	779
543	679
478	790
94	580
21	68
724	740
236	316
191	193
484	611
134	314
222	727
223	289
561	587
185	204
228	776
28	571
242	544
101	148
425	651
332	580
480	591
146	690
11	432
604	742
155	727
156	611
46	146
27	93
214	308
246	421
424	702
167	787
390	460
317	329
226	366
109	768
317	491
485	655
258	761
494	548
182	786
284	470
4	157
294	512
332	767
33	650
20	420
208	273
40	412
527	664
445	532
215	770
294	733
213	500
523	752
698	709
268	712
189	786
406	777
336	718
13	370
84	736
369	371
63	97
492	699
230	297
45	413
97	586
754	764
661	766
248	601
93	385
175	734
219	564
122	792
156	380
211	491
359	680
84	174
1	143
328	749
581	753
145	618
89	434
85	576
76	94
142	574
385	458
174	578
124	175
61	260
217	473
400	506
396	698
190	389
740	753
83	94
277	723
298	759
181	485
326	642
220	285
516	784
4	45
507	635
400	462
376	691
437	588
304	456
7	718
520	723
293	412
304	442
74	284
457	553
562	769
442	487
281	536
36	494
40	500
389	391
97	675
188	569
68	575
323	426
259	656
77	546
340	597
1	486
258	503
365	770
262	289
666	793
587	643
282	582
170	265
13	670
251	556
580	644
275	459
302	440
286	693
782	797
382	442
437	541
118	647
107	124
197	227
14	176
165	394
513	597
119	607
435	510
566	598
434	465
98	433
96	530
415	556
58	435
99	223
449	638
10	487
466	507
33	634
75	512
39	391
474	609
238	299
357	580
413	685
171	668
125	433
42	703
235	796
340	588
87	407
474	669
357	640
444	562
465	626
505	545
110	561
189	285
252	284
278	339
345	458
350	402
405	666
714	752
241	345
348	688
182	261
20	362
173	247
328	772
266	491
2	62
256	300
559	759
176	545
40	161
389	428
727	791
22	327
539	638
157	676
568	769
15	791
217	344
55	720
157	242
583	589
574	589
188	332
189	255
500	566
37	344
271	503
222	326
162	167
35	569
46	466
283	685
227	427
470	641
30	112
449	675
226	235
425	781
321	678
98	656
221	449
179	335
315	737
38	65
268	450
440	454
438	774
64	371
270	541
293	354
21	316
335	693
137	145
50	750
59	166
261	670
629	632
415	620
99	205
232	378
136	268
549	747
286	373
155	186
144	747
205	700
474	778
40	620
158	594
344	435
146	301
171	486
156	557
170	462
281	580
227	659
399	495
685	760
75	255
438	727
439	553
26	662
655	703
249	360
390	754
150	731
109	231
83	549
187	195
83	455
121	660
424	682
425	642
442	795
318	526
76	155
45	511
105	657
277	471
238	443
221	460
350	571
226	733
124	463
183	617
38	659
111	550
554	654
668	670
549	735
82	512
563	722
164	584
289	393
519	536
340	604
475	786
148	200
419	762
73	270
241	757
534	657
229	782
383	733
141	156
654	735
6	44
447	472
294	580
45	617
198	572
106	767
291	607
41	338
432	674
114	221
191	515
267	533
161	449
280	693
297	549
279	428
117	526
783	789
40	630
625	700
28	543
187	663
214	217
129	334
431	597
76	776
77	458
618	776
42	106
327	764
275	332
457	627
454	784
402	428
24	766
181	470
52	776
449	758
580	691
178	729
385	417
613	700
467	715
501	523
89	633
53	136
257	416
52	219
680	742
174	703
340	671
90	184
0	699
215	662
123	584
182	368
333	710
238	422
211	520
457	471
609	654
1	21
246	749
199	361
678	767
388	640
617	724
446	490
82	148
450	747
163	649
306	399
385	775
458	491
60	375
422	726
222	670
207	227
236	494
400	636
181	558
54	766
77	244
94	772
382	508
78	748
111	720
298	350
331	682
635	652
447	644
37	737
476	689
22	178
464	521
9	212
557	707
229	289
342	428
310	618
614	736
63	296
293	470
397	651
266	547
421	780
183	340
9	100
162	451
73	496
15	542
117	777
126	174
202	515
256	287
415	425
304	327
237	426
334	582
474	620
36	728
221	546
541	706
539	656
182	628
220	588
114	443
481	776
183	534
285	722
442	590
495	572
691	762
531	638
695	704
253	414
286	719
326	565
342	777
63	283
356	594
329	483
479	645
85	97
223	768
82	364
190	558
553	660
403	510
190	378
576	599
304	424
548	574
571	687
81	454
130	351
202	534
115	497
9	567
190	671
18	592
110	145
723	778
350	512
398	678
276	541
19	406
375	510
380	723
13	323
236	563
181	621
169	477
449	574
299	306
51	511
187	520
92	436
642	666
415	634
60	462
287	532
291	780
382	713
158	450
387	662
10	160
295	610
66	354
8	578
155	188
167	446
623	737
62	559
269	500
82	206
87	643
411	647
393	738
196	341
8	207
253	524
66	619
688	709
255	571
388	735
436	575
248	646
70	550
162	292
73	471
467	775
265	588
416	771
189	334
395	651
617	697
525	538
103	746
23	161
58	763
279	622
518	736
75	792
73	392
77	178
313	415
204	399
241	643
406	548
518	570
620	642
277	282
603	619
167	362
598	781
30	383
672	786
10	518
183	342
400	416
120	603
93	734
782	795
284	688
157	350
555	606
35	593
179	463
203	521
697	709
719	794
301	600
213	468
559	594
192	783
41	238
32	91
280	492
183	559
120	576
50	307
335	486
341	367
188	746
168	216
445	483
128	578
103	371
361	662
152	595
402	414
263	545
37	173
328	531
376	549
366	628
302	311
421	775
280	346
196	688
103	345
266	523
213	466
657	725
460	689
254	587
246	682
289	503
227	708
356	519
317	675
242	469
198	718
315	681
90	145
50	213
11	593
477	775
152	191
145	701
591	739
28	665
628	754
243	781
311	466
506	682
536	547
520	667
216	245
53	101
453	502
568	756
232	576
160	714
75	427
82	498
32	371
586	628
331	351
209	326
211	578
349	486
4	466
326	546
264	348
404	797
92	163
71	422
316	473
217	628
40	238
652	782
235	333
253	349
93	174
547	766
69	690
121	205
451	523
243	270
7	697
23	565
128	370
395	575
133	508
49	488
183	725
31	490
470	620
61	769
237	576
82	666
57	336
190	439
30	364
30	225
88	756
114	484
481	792
642	677
704	797
80	103
414	618
33	357
680	736
529	759
615	734
266	275
45	749
205	681
149	609
482	582
9	525
530	686
107	206
701	772
590	732
711	797
294	419
46	295
374	608
215	355
67	556
35	646
160	254
695	762
148	687
450	702
104	186
98	602
183	269
162	361
177	516
429	691
51	236
519	766
9	743
571	741
146	660
58	479
2	561
141	541
206	766
342	543
24	205
499	590
423	587
74	142
6	341
381	772
131	537
246	520
248	746
361	605
2	638
257	710
284	712
62	746
385	592
285	337
308	409
246	737
129	704
370	778
27	566
237	377
276	552
46	737
407	673
199	792
142	732
72	123
485	739
262	486
100	395
415	675
223	307
444	557
598	747
187	748
138	296
467	709
200	262
322	492
274	407
421	523
363	468
11	771
662	698
378	715
272	395
281	739
152	722
470	686
40	468
262	437
109	636
274	743
33	385
294	376
28	108
356	555
221	623
700	786
91	437
229	373
261	342
81	118
399	599
48	505
157	280
455	518
263	373
160	546
52	132
58	70
131	353
578	580
47	584
249	632
25	167
246	554
133	669
177	473
115	732
356	761
85	433
538	539
485	680
378	421
68	169
107	745
213	474
626	763
133	660
83	85
100	454
538	583
30	401
725	726
294	452
676	689
85	436
650	718
163	794
129	671
430	562
429	595
195	774
306	643
443	560
224	310
282	406
35	667
59	284
0	386
127	202
238	487
442	469
181	274
649	754
345	499
21	170
329	672
138	618
363	630
342	572
304	315
311	348
397	615
269	410
368	746
526	773
44	120
13	676
452	670
449	711
225	615
4	34
54	179
61	135
539	667
296	591
698	729
92	122
409	708
272	352
347	419
533	596
136	165
334	520
67	483
464	655
382	622
288	625
520	760
303	495
292	412
480	796
303	561
117	533
286	345
5	113
557	565
62	616
16	168
231	324
164	693
192	688
288	787
154	587
19	388
169	527
498	665
173	667
254	372
169	298
199	337
276	535
357	551
474	590
237	257
273	762
446	649
161	401
318	458
167	559
404	694
54	441
585	756
35	698
105	187
357	492
275	281
346	540
202	650
128	375
69	607
431	750
5	230
250	568
328	686
191	502
430	615
46	586
462	766
509	543
711	756
118	696
354	548
468	726
29	262
710	731
123	282
366	663
675	677
206	632
14	506
277	367
77	428
69	618
31	216
559	597
534	760
351	520
231	658
3	473
156	438
750	786
47	406
80	738
66	562
30	316
669	687
448	635
327	454
201	294
115	781
22	427
125	763
303	697
579	678
270	664
228	677
162	769
459	704
413	493
54	769
468	685
72	97
63	267
26	212
545	795
345	710
164	218
171	590
412	556
195	257
106	431
13	628
603	668
137	231
282	397
635	701
56	570
114	717
168	738
595	738
69	730
72	349
115	799
32	295
30	656
62	530
532	544
198	676
93	557
44	176
437	609
716	785
367	675
371	389
289	786
152	168
29	351
262	683
584	600
183	403
294	438
86	406
767	785
208	705
217	329
38	775
133	428
204	601
551	563
2	272
174	607
577	723
92	602
89	751
78	311
388	663
561	735
180	466
62	257
38	674
163	688
276	783
47	178
475	565
536	790
63	380
376	434
294	641
23	149
12	534
331	742
479	486
176	675
736	780
127	556
313	701
105	286
89	587
104	418
117	785
447	599
277	689
370	505
67	516
525	727
581	650
0	301
317	412
407	525
131	444
516	711
331	459
195	575
143	546
218	731
20	39
420	444
710	776
345	350
379	443
28	768
354	391
416	468
182	570
465	620
241	735
257	645
302	674
326	705
468	474
50	209
143	513
92	389
97	327
521	605
318	480
421	794
371	601
32	794
36	327
615	694
85	524
381	727
287	328
240	765
505	555
560	684
245	690
371	659
1	516
211	487
297	749
248	382
72	281
238	637
198	747
160	668
448	548
169	599
18	753
476	515
298	382
13	429
307	339
245	602
340	385
604	651
224	621
514	775
564	643
163	467
208	588
65	627
333	566
161	225
782	787
139	324
6	577
364	379
188	396
413	526
166	688
102	462
117	296
68	229
149	168
52	741
196	547
413	420
338	396
173	527
360	612
127	524
64	447
255	325
208	570
293	468
348	607
254	402
739	762
91	673
421	714
629	777
144	238
288	606
516	712
273	725
15	146
355	610
149	180
726	777
237	262
13	227
555	589
166	318
348	367
617	771
277	584
420	565
238	247
38	159
558	683
144	230
370	453
418	632
631	794
386	754
477	654
337	786
140	508
162	523
281	790
395	739
469	794
395	768
131	637
459	737
179	787
69	433
589	671
164	204
22	359
49	256
243	624
243	407
384	417
173	269
117	537
400	409
291	693
240	572
584	748
96	790
46	601
220	378
339	610
25	180
30	773
126	692
584	638
23	368
37	581
54	716
8	415
537	691
132	377
548	696
367	641
412	661
18	690
173	389
372	419
136	573
48	658
493	739
131	682
708	719
343	414
247	715
215	743
319	645
656	775
202	452
16	194
256	509
359	379
76	457
209	352
518	598
239	421
343	609
129	475
103	779
413	490
32	519
605	763
169	521
85	302
29	728
136	377
106	580
82	614
335	776
200	545
190	744
57	286
570	773
35	709
392	465
486	537
591	663
121	278
218	574
176	657
71	781
305	723
655	728
163	697
95	369
507	736
558	762
465	781
403	475
47	482
527	700
319	532
559	778
89	703
76	550
158	675
304	447
181	259
369	425
23	214
578	637
344	549
81	758
181	325
10	84
25	402
113	617
72	499
46	328
118	666
33	208
203	218
65	204
50	119
327	351
26	108
417	732
242	455
444	620
437	663
519	686
602	793
92	784
377	645
576	717
307	438
594	768
175	708
73	100
607	715
386	774
102	375
87	441
185	284
89	718
53	268
65	401
697	769
166	781
363	430
193	578
222	407
436	762
355	796
365	517
122	613
106	395
2	748
95	361
247	249
160	673
432	615
159	240
113	168
207	662
141	159
648	705
587	795
639	662
52	131
123	761
60	487
512	540
424	729
55	116
377	604
720	755
43	515
410	778
96	511
566	664
273	301
103	717
44	627
111	797
76	605
143	517
81	768
580	713
447	478
203	441
133	762
38	673
399	473
297	787
142	646
528	566
174	488
40	288
143	321
565	724
404	748
469	520
146	591
94	501
573	777
118	235
314	391
155	414
165	475
170	567
507	691
636	784
182	210
303	460
299	438
395	746
390	591
339	692
230	774
317	351
282	609
167	219
275	305
704	731
84	660
70	773
65	521
498	615
506	600
157	462
622	682
427	430
753	780
144	351
197	455
249	392
382	692
371	682
216	410
372	402
262	309
731	796
319	682
193	608
48	742
366	796
116	235
149	663
84	148
704	777
37	788
391	567
434	618
223	761
233	269
380	539
84	202
104	347
60	771
389	556
522	711
238	293
110	756
90	160
131	715
61	707
304	495
284	567
310	540
266	682
62	247
0	408
160	576
544	714
207	257
284	420
36	265
473	671
69	183
266	358
23	663
443	625
228	468
185	446
34	109
156	451
77	365
441	673
9	272
513	749
402	681
172	504
44	57
230	322
678	694
367	368
94	261
171	664
124	603
322	729
297	610
529	717
414	742
180	336
267	714
10	453
67	565
405	795
247	343
143	274
734	752
589	639
377	560
565	632
217	442
51	736
618	709
431	692
93	106
139	799
259	613
389	704
54	779
239	741
332	557
608	758
214	637
402	507
120	523
39	585
215	567
45	98
29	710
299	320
140	495
25	282
33	496
200	213
573	677
47	376
220	359
30	629
128	581
38	117
243	470
29	316
734	773
397	492
251	598
440	608
25	703
302	501
181	736
46	363
441	554
339	635
225	443
181	638
339	460
212	375
417	549
364	388
81	208
193	469
238	300
437	798
267	540
126	290
165	315
90	343
191	577
398	705
53	239
21	740
170	753
226	573
37	747
446	668
354	602
196	744
18	312
629	775
497	537
289	557
88	700
362	730
318	677
198	560
450	619
349	470
235	729
314	635
605	785
447	678
727	749
139	649
204	225
28	409
421	626
16	747
470	548
624	646
283	754
12	448
359	575
190	251
386	497
722	756
236	268
488	611
56	301
490	687
229	497
177	244
463	687
382	511
545	773
631	749
468	623
27	547
64	395
144	344
159	516
157	279
104	270
400	663
314	636
42	739
271	674
484	627
41	457
618	685
608	733
435	463
410	686
67	733
4	53
209	418
5	415
214	376
206	243
365	484
3	107
350	744
184	307
58	66
213	761
92	300
447	458
339	386
446	675
437	506
4	264
131	176
188	299
80	547
222	767
61	176
286	377
165	675
351	516
328	652
418	742
175	688
58	360
433	550
453	707
141	533
235	430
390	697
1	356
83	616
171	182
304	611
369	663
110	414
312	315
205	391
439	575
135	399
159	225
397	498
325	332
20	96
594	614
199	777
208	388
265	438
28	202
267	625
608	632
556	606
272	707
46	677
252	489
309	678
525	633
131	211
241	691
600	614
255	622
140	682
431	758
178	750
230	467
382	568
651	673
156	635
314	424
227	584
152	427
323	525
517	779
433	544
60	67
272	745
263	653
397	647
0	665
90	759
485	784
16	40
57	591
537	718
164	460
520	653
235	415
141	716
24	309
167	182
34	669
121	755
15	741
314	543
15	731
17	165
178	469
638	751
140	605
675	703
151	166
414	708
6	272
111	721
251	585
170	374
135	766
112	711
384	473
376	613
55	713
76	620
166	429
479	779
545	743
104	202
21	46
231	391
737	795
422	489
171	490
159	342
10	141
547	625
348	629
266	472
237	708
472	746
143	560
443	761
155	320
313	611
124	460
3	290
288	402
281	558
55	163
72	667
731	735
472	760
85	460
282	291
398	506
765	798
79	736
104	793
496	568
66	448
507	729
578	613
143	397
10	224
457	695
209	310
341	747
422	672
237	557
335	338
326	388
407	750
170	504
357	686
324	342
190	661
459	526
93	381
719	730
18	76
142	566
112	418
154	459
691	785
352	773
675	684
37	627
406	781
76	411
233	531
23	533
153	160
95	656
232	633
46	661
185	737
456	504
374	528
69	89
72	275
320	790
519	609
410	510
271	793
15	93
156	266
170	512
564	699
712	784
314	735
458	637
653	681
68	264
452	530
110	497
152	263
474	635
581	776
167	343
210	759
563	792
232	612
4	107
98	106
311	514
333	668
305	400
560	780
445	482
102	610
73	690
626	643
170	626
139	328
481	608
183	625
527	705
746	760
195	566
33	714
58	177
136	494
365	580
109	714
346	789
640	671
364	493
116	133
618	720
75	347
154	712
238	331
48	666
27	535
311	730
21	486
346	473
240	404
15	508
89	197
553	640
520	753
24	635
1	190
180	327
155	338
402	466
282	794
519	593
141	455
464	522
340	622
185	746
415	558
70	715
19	335
189	346
253	301
52	227
160	640
30	278
166	738
165	733
295	736
409	662
18	679
581	707
191	242
13	142
109	689
57	729
122	773
278	316
263	479
442	607
191	336
400	672
411	769
139	267
404	783
148	178
277	378
28	658
442	678
269	411
119	680
559	757
19	766
78	658
227	554
745	765
28	65
143	186
182	294
232	246
172	702
260	534
446	689
85	698
345	572
126	136
515	641
17	139
404	425
116	201
182	192
678	730
391	688
115	372
125	667
101	400
57	64
318	400
146	429
354	525
483	751
9	265
366	659
307	769
407	564
219	634
469	799
570	757
545	670
249	283
404	597
262	306
165	690
455	574
272	318
18	209
103	297
266	511
8	596
174	785
228	512
9	209
431	446
98	117
427	669
254	598
189	532
293	651
29	300
118	683
634	695
154	238
56	628
98	606
611	721
423	723
119	147
32	88
184	704
174	638
368	667
28	179
474	759
151	234
217	219
73	730
144	582
449	484
56	378
375	470
454	511
8	340
470	794
103	387
741	798
4	753
22	154
287	708
270	653
30	720
3	288
465	609
5	260
364	732
136	504
287	777
76	505
630	781
174	659
42	540
399	426
40	495
197	338
342	479
160	369
249	452
167	512
48	774
161	293
99	542
178	661
516	620
92	447
418	457
169	559
145	243
477	540
187	429
36	435
380	793
66	676
192	248
252	723
214	735
277	495
81	709
75	705
61	281
639	763
60	717
8	327
274	765
44	145
192	429
37	214
34	565
27	70
277	646
136	172
66	459
303	760
105	536
20	26
10	123
433	559
204	694
502	767
467	733
282	290
174	261
144	171
612	757
57	497
364	418
231	581
37	318
273	274
245	724
290	489
97	375
428	782
99	703
445	795
604	674
449	559
223	238
670	731
75	449
183	212
321	344
353	389
88	359
622	792
657	670
247	277
326	405
243	400
391	676
285	397
249	502
205	424
153	169
443	552
24	426
76	148
164	583
38	693
491	557
391	542
383	506
8	358
319	436
175	272
174	653
540	604
65	431
310	689
30	350
497	668
492	668
532	764
477	549
676	732
661	794
436	471
420	652
213	585
120	350
77	725
6	192
112	674
173	255
380	546
64	510
32	641
460	566
734	785
172	258
117	263
51	476
359	717
327	343
341	397
97	515
636	661
196	661
241	670
52	621
95	632
294	319
453	553
16	763
326	433
331	577
9	796
42	128
366	691
35	659
404	664
310	598
44	388
212	608
336	398
554	735
254	589
22	216
72	442
418	566
120	129
418	561
195	658
295	498
436	453
90	318
51	726
159	518
257	586
183	661
208	561
351	434
412	757
93	700
27	381
502	629
609	621
346	628
150	454
326	699
34	381
224	408
502	741
21	389
63	738
326	437
324	411
343	353
411	623
349	443
377	468
102	344
336	765
215	408
14	181
333	602
84	740
352	760
527	722
410	783
485	723
120	786
3	667
631	674
50	678
147	413
59	79
115	507
420	770
284	613
585	660
200	237
492	676
307	729
747	765
546	660
50	483
182	246
329	536
109	259
302	363
31	420
318	765
616	795
338	748
31	715
244	721
180	339
439	547
554	639
412	759
52	134
273	407
561	574
214	259
14	561
490	601
554	592
155	715
247	426
584	752
41	350
39	670
141	255
62	270
286	533
308	615
430	698
293	527
86	262
313	395
346	483
158	722
263	641
120	203
112	268
261	546
109	123
352	537
656	782
196	577
434	740
144	589
521	671
496	780
108	379
245	775
463	654
462	650
374	788
167	220
226	763
19	659
150	377
104	659
507	583
227	774
409	739
469	528
1	289
462	503
37	658
263	732
302	452
66	501
141	500
353	784
562	782
180	517
175	297
169	733
223	375
152	200
339	639
490	717
146	459
200	248
505	557
477	661
301	584
409	779
138	346
91	490
522	725
109	715
458	623
559	584
127	565
75	183
11	511
95	686
161	522
429	628
318	382
403	421
570	625
38	752
438	793
610	795
413	465
338	495
222	533
148	562
108	321
520	783
444	490
11	337
43	379
118	650
82	440
648	677
345	355
108	416
278	647
27	50
77	499
0	747
3	321
62	325
155	602
221	758
35	254
611	690
555	625
371	422
199	204
505	523
393	423
205	446
388	782
184	597
571	622
125	343
302	698
180	392
1	375
210	252
25	755
631	769
133	474
95	135
85	149
64	612
13	231
200	639
53	194
286	423
486	522
159	182
135	542
61	248
200	346
128	471
65	755
220	397
73	574
560	573
517	795
714	775
130	375
307	352
603	740
2	661
523	739
91	425
253	298
20	397
311	416
79	387
15	120
370	703
287	356
176	607
304	796
130	231
266	722
466	663
359	533
9	505
97	773
542	778
262	406
254	501
296	669
144	283
141	418
522	747
160	166
7	606
16	660
159	595
660	749
374	622
181	635
198	440
395	430
33	387
430	501
401	799
550	783
96	664
164	338
263	417
208	533
129	697
420	433
378	729
412	530
209	467
596	786
294	629
278	449
256	460
267	574
329	731
214	713
150	177
77	337
297	677
141	628
0	643
261	599
190	503
176	346
205	432
136	657
349	403
32	227
480	719
322	388
316	548
387	495
335	372
440	568
432	771
649	749
198	315
28	169
13	386
450	614
369	542
444	626
225	504
132	702
517	714
260	361
412	533
155	600
270	689
554	796
102	204
216	500
144	233
3	690
116	513
186	223
673	754
762	792
250	659
271	688
271	496
181	222
222	587
380	549
238	476
534	754
332	562
501	681
323	540
376	550
409	505
511	514
401	750
85	492
341	386
548	587
747	789
394	585
12	782
420	618
372	645
346	648
140	572
94	189
101	295
184	603
137	515
130	557
485	528
568	791
300	364
58	150
345	457
409	593
692	701
30	372
27	722
199	729
284	541
470	488
217	358
117	540
273	573
402	429
538	678
73	447
84	122
329	701
33	495
534	656
248	478
287	709
300	603
324	740
52	424
609	641
144	236
139	443
299	396
69	706
164	638
111	455
689	739
427	748
31	389
169	607
56	681
239	546
80	606
50	727
272	403
469	698
106	443
634	649
104	665
275	756
245	598
434	551
65	184
342	567
175	464
642	748
100	164
25	88
270	459
535	646
199	766
72	276
37	395
557	594
472	557
486	496
279	351
324	583
391	592
94	99
704	791
157	210
88	484
311	521
200	306
545	665
383	516
499	707
200	652
272	426
220	336
41	304
130	320
290	576
52	180
398	569
63	197
327	618
277	757
647	661
482	503
531	616
285	542
103	486
25	160
549	691
294	570
240	252
19	452
407	735
79	526
186	780
280	654
324	796
226	625
191	262
90	569
592	721
390	789
115	221
136	286
234	526
400	435
146	503
384	728
125	717
522	610
41	549
220	308
335	482
36	538
211	621
190	702
358	718
179	446
84	670
15	276
296	372
174	518
177	701
39	70
90	179
325	589
56	318
294	341
10	553
54	477
269	746
40	747
599	766
86	327
217	590
15	456
305	394
615	679
160	634
364	762
311	524
341	587
253	347
13	797
53	605
469	653
29	679
328	611
204	580
81	182
309	552
78	265
285	338
11	424
188	369
288	643
342	610
45	696
42	345
117	326
8	524
134	442
88	527
19	723
517	569
228	230
38	453
78	322
590	707
113	299
420	453
373	694
547	569
114	607
419	603
520	611
85	298
188	230
54	607
199	477
96	343
440	627
427	477
407	660
221	716
182	724
418	594
14	81
125	622
208	211
624	649
310	513
201	302
98	340
198	524
207	654
268	486
162	462
0	91
73	515
107	213
297	737
447	709
20	615
434	461
327	625
20	495
361	722
150	586
423	790
530	578
50	101
469	546
552	629
235	757
119	495
515	770
459	508
53	170
155	357
249	544
427	572
73	195
772	783
389	744
129	504
79	422
265	732
487	696
367	553
123	221
264	309
509	797
226	487
87	666
203	488
672	785
146	448
265	650
533	742
628	735
44	587
349	623
252	650
230	360
168	270
153	267
195	350
77	541
762	797
50	565
289	330
581	614
149	692
244	757
53	118
437	644
58	353
39	131
227	501
250	300
391	673
648	699
42	691
0	777
12	62
688	695
104	795
332	712
110	296
108	442
116	599
792	795
176	332
94	397
210	609
214	221
66	167
327	409
326	531
133	564
6	544
729	783
113	448
81	339
437	547
125	293
89	311
117	161
335	497
427	736
672	707
362	763
121	130
211	743
150	716
659	751
680	775
172	394
95	746
12	714
5	465
125	612
479	480
493	624
435	577
475	540
376	462
102	166
76	586
20	738
334	769
434	514
297	342
521	598
188	701
94	331
285	623
154	636
115	526
6	468
553	718
376	766
62	352
58	344
298	379
68	83
3	790
475	728
79	84
576	589
185	568
156	620
422	780
91	116
372	389
107	694
263	503
518	533
158	372
303	685
142	304
310	472
108	618
291	345
187	703
141	352
101	117
72	176
39	553
291	495
129	201
42	582
38	101
51	424
185	294
181	321
376	420
53	177
47	652
518	673
61	694
10	32
40	453
525	590
536	675
564	572
71	589
14	576
391	549
124	767
330	458
6	634
219	443
85	434
410	757
361	710
94	205
206	692
20	124
186	315
319	391
515	726
72	562
605	778
28	596
636	797
24	742
125	377
270	673
512	699
0	31
309	651
376	634
36	357
331	365
306	336
525	760
326	475
758	772
235	375
110	418
473	722
112	474
776	780
225	261
23	367
47	551
379	601
254	736
189	607
98	330
131	755
182	569
631	651
610	638
135	397
208	558
252	280
509	521
353	631
536	783
187	486
748	794
340	613
173	676
584	616
431	596
16	482
317	704
368	407
303	432
525	549
268	765
117	467
52	607
83	185
513	557
497	765
44	46
145	183
101	670
660	736
67	194
325	680
30	124
207	669
286	742
311	519
183	202
0	776
331	603
320	764
73	695
35	173
249	646
457	663
47	687
130	325
88	742
15	50
299	666
14	321
58	102
53	695
196	466
205	241
561	583
331	727
518	720
290	574
154	719
645	798
424	600
162	741
135	646
240	439
614	790
304	365
32	396
151	613
187	400
41	99
381	598
157	555
60	92
294	454
623	673
30	362
364	506
329	658
184	539
458	660
321	432
497	638
137	434
64	724
211	614
131	310
45	188
56	237
10	244
489	542
220	530
65	372
178	724
272	664
387	491
0	596
63	161
395	732
61	649
278	434
159	473
3	235
187	441
135	628
267	366
50	621
278	341
246	280
476	555
506	769
255	515
442	545
356	409
47	405
436	525
195	454
751	783
181	234
288	373
2	207
455	785
73	285
246	577
53	337
20	94
126	452
132	714
50	197
172	665
22	587
463	629
254	490
512	519
64	308
380	688
138	268
276	728
66	317
495	778
141	308
182	384
68	381
219	734
142	595
558	725
629	667
188	478
211	794
323	582
586	662
103	279
612	723
264	442
350	591
146	644
739	797
60	732
37	469
195	735
426	494
153	580
484	560
294	488
75	93
22	171
209	248
572	711
580	639
13	466
125	157
420	534
592	707
543	548
231	457
372	732
221	481
215	223
271	657
37	325
631	681
11	368
7	338
12	36
179	742
134	710
292	700
147	470
366	776
204	518
388	780
374	711
42	663
1	14
473	615
214	631
203	530
278	781
292	383
102	113
144	732
401	474
624	696
11	299
424	580
363	564
432	585
358	727
20	191
103	777
423	631
211	557
69	430
48	201
298	417
50	317
604	654
377	404
310	772
615	672
532	761
37	303
580	623
335	525
664	689
459	470
318	567
107	222
187	371
211	318
93	738
356	759
160	506
445	768
92	279
126	777
374	764
230	465
74	734
1	326
142	608
391	637
488	608
185	711
341	525
112	278
237	684
99	199
25	705
266	527
114	558
96	418
210	729
171	226
421	536
131	600
87	670
388	765
40	260
270	309
53	219
351	500
87	621
335	792
414	509
3	21
251	272
366	610
189	755
80	267
513	564
244	704
231	495
69	221
186	688
37	116
709	716
58	222
522	699
41	649
588	609
60	449
209	791
293	306
104	300
140	462
246	428
345	452
513	626
432	440
285	565
627	768
241	300
306	637
211	434
55	677
227	776
95	560
130	649
8	297
180	491
228	446
10	240
630	698
323	608
273	356
142	745
511	724
234	660
184	346
116	149
114	514
373	508
421	663
259	651
551	603
101	404
238	743
254	774
407	792
655	739
166	531
70	761
335	437
56	153
670	709
531	612
36	101
63	456
226	260
507	606
167	410
524	631
254	373
418	497
537	720
111	574
327	516
103	375
188	402
196	632
163	435
36	738
105	541
109	726
20	783
156	246
15	785
432	775
121	309
179	182
31	307
664	769
37	329
119	351
120	470
399	482
366	727
73	76
296	509
11	249
170	599
0	500
158	292
79	703
235	511
229	638
48	573
375	498
610	742
103	194
230	686
265	564
346	399
583	752
16	296
435	754
123	332
94	372
447	491
453	663
517	794
737	754
295	522
149	768
168	385
386	747
36	210
282	523
260	535
40	104
218	737
300	492
378	459
612	644
535	616
230	659
95	662
265	595
304	718
233	260
336	387
46	387
490	548
388	433
360	635
379	454
393	745
514	678
374	708
552	736
50	232
93	576
329	580
292	665
527	544
12	570
52	646
90	733
733	744
286	587
328	415
655	723
79	170
125	275
658	710
557	583
451	472
175	591
278	714
623	693
378	662
468	578
90	444
180	394
185	671
234	239
19	324
138	265
254	269
27	137
27	705
219	358
360	391
193	440
77	196
69	549
536	728
424	628
341	623
416	661
348	507
71	300
485	742
568	666
152	428
9	196
148	478
538	569
349	527
364	404
614	700
50	668
611	788
327	691
365	382
12	349
294	392
20	318
169	606
171	196
116	369
139	471
279	401
98	646
204	259
114	556
631	745
662	768
64	599
366	586
0	696
643	779
109	111
295	309
328	770
567	604
468	703
176	317
444	518
475	751
284	518
393	643
275	288
264	681
206	636
433	547
401	698
401	562
287	424
7	694
40	782
393	458
140	337
26	673
232	302
351	580
415	609
586	659
442	750
250	474
243	453
478	614
35	714
463	787
83	569
370	492
45	495
469	504
68	263
271	603
235	496
292	752
467	792
62	775
362	512
190	533
255	506
114	151
87	237
63	644
264	345
67	456
276	434
207	360
383	395
172	499
191	194
11	340
114	740
226	302
131	420
144	726
222	409
324	620
672	723
145	630
81	129
302	738
57	531
233	548
87	259
138	204
288	626
297	560
483	773
420	494
251	517
8	98
164	530
153	759
0	173
318	698
305	326
53	159
37	356
61	537
143	428
618	793
64	258
436	547
112	223
267	785
111	629
167	416
83	326
349	795
301	389
141	355
33	668
184	728
246	313
102	752
315	546
142	231
19	198
304	521
325	365
530	614
158	589
71	304
407	704
320	706
62	346
457	608
550	663
92	126
315	666
18	35
415	774
60	146
298	716
409	659
387	700
513	620
38	522
75	474
417	728
229	244
472	758
357	527
302	456
37	249
585	735
698	704
327	449
52	639
39	738
199	638
360	580
23	270
125	731
207	479
295	371
257	679
299	568
3	4
67	694
514	786
555	634
563	587
185	245
440	530
80	625
334	599
63	662
22	54
394	601
286	390
179	753
155	224
174	736
412	576
191	657
423	781
47	280
213	561
125	246
132	484
293	636
544	626
540	558
298	368
413	670
91	215
89	491
722	752
38	540
321	371
17	115
320	328
256	585
102	146
500	710
161	527
234	478
2	614
476	687
347	582
153	479
198	505
5	147
77	573
393	416
193	597
31	277
138	612
56	794
178	603
384	746
509	595
366	679
183	421
216	220
325	575
323	533
396	426
72	407
45	703
579	748
26	670
134	275
589	636
611	637
520	773
35	209
471	747
185	238
86	247
190	425
52	543
15	170
146	292
50	290
70	623
33	738
437	493
396	621
153	297
50	574
110	602
269	735
181	409
548	709
404	579
163	481
335	632
103	616
658	685
94	211
541	605
64	577
48	378
306	751
41	646
517	757
288	668
54	582
592	666
30	788
517	693
158	521
450	457
213	549
164	442
157	774
38	230
166	605
503	526
442	594
128	488
438	735
205	311
169	371
756	796
609	729
74	226
108	647
416	523
47	113
86	430
201	278
404	697
584	744
3	673
21	549
98	787
408	524
137	623
362	560
521	702
599	680
48	641
374	618
241	655
256	377
442	565
468	710
290	677
438	485
197	377
135	642
249	787
358	595
504	655
38	349
59	104
116	303
167	484
633	729
113	524
363	697
229	388
583	667
170	446
666	748
33	315
59	253
178	282
533	534
354	666
50	580
20	313
88	546
179	551
379	691
264	564
396	666
36	347
101	133
183	517
203	640
265	496
318	477
430	578
595	744
223	471
738	747
214	352
316	694
123	496
293	660
430	785
231	610
528	791
264	283
63	133
618	681
215	333
37	438
403	789
23	222
126	584
456	624
184	471
161	755
284	525
260	530
148	726
199	789
223	243
157	733
382	534
368	741
8	473
422	591
387	777
330	443
431	624
374	588
50	161
338	635
162	473
81	266
109	150
10	746
94	316
566	798
178	194
534	627
297	534
380	637
187	776
65	599
96	512
61	75
163	292
630	729
213	742
172	361
213	415
147	414
247	525
283	448
148	596
288	735
369	452
11	251
170	227
690	793
589	594
454	533
42	145
297	601
145	246
256	330
182	346
73	577
318	547
227	650
270	729
517	529
393	606
10	137
624	651
337	338
466	575
291	325
8	193
152	539
241	734
444	530
343	487
76	547
299	514
15	259
184	420
573	680
42	253
530	705
120	671
23	86
211	337
375	562
478	756
229	695
109	505
206	312
480	777
355	703
355	446
147	295
202	574
386	579
2	295
419	448
63	91
462	745
53	466
65	589
437	571
139	596
327	419
135	653
745	789
722	791
490	576
534	575
55	58
491	692
37	253
228	436
484	491
124	741
90	719
80	782
181	799
83	672
109	344
182	186
172	320
605	746
514	621
401	477
73	569
275	455
60	778
612	736
209	394
109	257
184	738
367	720
288	664
690	739
183	452
532	632
10	208
24	573
500	767
203	528
458	684
0	149
428	459
264	330
566	578
278	771
672	690
403	519
165	742
241	644
48	731
35	308
33	513
326	703
202	394
223	373
186	207
94	180
63	477
302	524
45	99
476	651
490	698
111	391
404	755
378	603
383	665
225	316
459	592
430	517
21	419
104	332
236	742
375	655
532	790
362	701
357	555
253	284
628	774
241	307
106	130
441	457
366	646
245	353
121	476
145	517
561	734
156	359
10	40
135	566
147	694
464	553
391	766
379	510
330	387
59	422
115	545
218	638
248	570
533	778
33	333
79	100
215	755
491	643
682	689
32	82
306	645
164	515
526	716
532	585
349	489
448	782
367	746
177	736
138	581
18	227
89	216
103	215
192	322
156	641
162	454
678	789
26	155
560	756
252	642
25	144
146	420
312	759
6	546
317	655
428	711
40	380
304	318
8	244
249	260
140	189
406	775
205	728
636	787
305	403
415	567
30	251
214	532
550	776
131	237
158	199
219	704
192	687
249	627
200	644
376	596
288	786
229	412
84	135
117	356
96	499
632	737
57	618
0	650
634	699
1	217
154	285
459	675
64	74
120	312
210	681
98	396
466	797
56	480
698	782
500	647
485	688
523	627
21	679
8	533
44	316
523	765
94	756
435	615
193	400
420	630
183	777
224	692
76	553
190	733
13	796
418	499
7	686
453	780
105	491
453	489
33	593
17	732
732	764
405	713
493	648
81	521
444	748
690	730
25	93
19	733
73	377
15	451
433	566
644	793
312	343
440	745
525	613
167	463
535	633
68	244
65	96
213	345
54	732
256	762
90	486
47	302
17	37
74	485
220	721
65	278
113	534
183	599
179	477
369	666
368	745
19	102
262	639
149	182
9	436
475	505
410	456
514	694
112	147
5	303
10	169
397	461
163	600
223	416
170	315
255	637
381	646
137	593
76	143
159	743
53	167
597	736
690	697
103	508
33	240
276	566
55	68
392	494
184	424
57	302
432	513
412	446
259	786
552	795
350	371
212	329
192	742
488	675
192	767
380	706
110	390
200	634
343	464
217	551
428	524
211	712
53	242
502	623
5	41
311	779
504	738
81	309
478	742
43	393
340	456
245	499
486	611
166	609
267	628
38	491
152	153
534	621
240	399
70	398
589	720
249	791
332	444
242	661
437	745
360	638
92	728
64	234
501	503
391	414
140	658
221	378
51	568
271	635
590	719
563	617
183	434
30	248
392	544
180	217
427	678
484	502
337	518
636	670
289	772
232	478
69	564
419	589
401	497
45	243
43	176
11	617
35	354
49	610
332	602
280	341
450	514
233	595
484	699
474	480
584	682
8	416
171	299
225	476
153	787
36	184
437	676
43	102
264	410
87	573
89	510
319	407
456	647
474	780
58	230
327	486
354	577
105	120
40	524
336	500
71	207
409	527
141	494
365	732
155	711
392	663
739	742
272	658
78	89
11	256
75	150
745	756
21	366
206	469
77	402
286	505
370	461
260	674
157	249
338	595
39	582
107	380
280	772
153	591
480	792
192	569
440	502
352	589
622	671
498	586
462	550
367	745
33	252
94	724
155	637
575	761
157	686
19	705
400	760
9	60
433	640
54	518
105	741
41	173
259	584
80	269
12	166
378	674
598	630
408	494
15	168
533	754
110	183
178	691
14	268
127	255
430	693
400	433
158	282
15	33
319	606
432	726
27	431
279	697
200	754
319	506
521	531
487	636
199	589
46	398
449	487
330	503
198	669
92	99
287	791
311	705
49	793
350	473
105	249
132	578
489	529
216	696
415	607
401	446
204	587
71	79
478	760
37	353
192	271
159	788
6	605
117	415
196	792
497	617
264	344
263	679
243	680
568	788
65	168
30	611
167	510
265	477
9	333
294	531
154	439
203	662
151	290
567	614
509	565
222	402
65	291
126	497
646	782
303	471
291	766
80	575
71	217
314	406
765	795
257	406
9	53
24	510
17	286
116	297
192	719
208	524
343	398
387	755
534	636
416	741
559	582
27	373
148	684
390	678
413	794
558	647
89	533
590	637
465	783
352	557
471	760
183	383
361	693
304	649
22	72
424	723
688	716
241	577
352	681
750	798
123	284
12	620
104	153
46	181
117	433
179	739
413	426
206	741
101	255
78	415
448	566
123	783
536	596
190	668
475	556
630	638
291	529
102	527
110	574
115	357
269	736
499	705
447	792
78	394
127	296
10	189
90	249
25	762
521	594
6	449
76	697
69	502
240	330
484	629
131	705
265	277
219	396
683	700
124	487
622	769
181	208
406	567
43	709
98	456
94	689
669	710
299	428
591	629
159	192
336	462
173	273
191	303
151	466
108	779
235	660
569	739
500	611
620	764
366	415
95	500
593	624
230	577
166	566
357	369
398	754
343	480
339	593
407	430
94	598
106	226
114	232
42	312
714	784
365	480
319	335
77	560
78	335
48	313
128	215
218	679
52	226
77	501
73	774
33	416
391	575
151	517
87	463
91	114
229	317
638	768
114	172
137	464
252	765
344	761
418	669
357	632
510	597
6	726
491	499
49	235
425	552
193	326
395	668
467	735
193	372
45	275
159	405
226	793
180	192
320	777
257	516
251	322
286	500
355	735
130	794
557	794
480	597
79	567
462	656
257	704
205	544
277	762
399	699
265	527
415	426
134	487
546	553
399	728
214	570
48	366
218	243
505	765
503	663
141	270
41	655
154	192
162	598
576	676
61	696
279	587
326	670
346	578
94	529
327	776
748	798
72	102
208	760
233	310
14	322
125	543
553	741
522	753
167	264
350	650
13	50
14	149
219	327
135	630
508	600
485	493
230	444
133	258
137	315
2	352
380	691
26	72
685	799
631	635
111	583
63	314
83	713
308	583
455	463
94	673
173	192
152	580
191	417
302	438
47	409
652	707
410	713
164	320
23	660
171	542
412	617
158	191
658	729
136	774
344	364
324	601
166	351
263	677
345	376
21	374
572	636
3	506
198	324
237	414
552	730
325	719
623	747
146	571
198	434
467	523
334	571
560	746
119	490
195	315
226	237
553	616
753	784
58	151
160	703
168	663
363	414
252	760
350	500
233	234
28	58
273	382
194	339
74	451
526	745
238	782
98	452
121	346
358	463
242	454
488	504
212	496
309	578
501	706
442	515
283	417
159	706
306	716
695	796
314	731
454	757
303	343
336	682
432	576
407	527
396	611
488	730
662	697
477	788
6	269
325	607
128	158
494	658
396	427
161	418
195	533
337	507
555	643
449	569
658	717
205	725
112	394
181	221
143	784
184	496
517	527
204	742
301	629
41	443
108	774
279	387
392	738
125	342
426	670
100	102
309	326
282	634
715	730
401	490
188	342
112	684
363	649
116	366
382	615
469	716
61	415
66	80
688	731
168	329
701	738
707	758
89	284
110	172
157	479
84	556
56	118
316	455
9	261
292	616
455	698
202	258
190	756
686	689
75	402
237	373
385	493
95	374
334	586
298	323
99	210
150	258
63	746
252	784
732	779
476	608
250	328
214	544
137	139
85	173
157	628
454	788
123	461
551	702
68	166
3	586
378	631
207	786
257	479
90	777
599	724
295	682
103	281
208	442
269	586
34	636
315	661
390	482
134	650
118	262
82	687
232	595
391	427
4	276
160	596
532	741
17	67
318	604
212	526
372	763
471	692
212	527
291	609
139	149
49	126
471	648
238	626
94	600
2	499
258	532
169	358
65	552
437	700
94	126
232	541
207	649
562	631
503	515
231	297
436	697
73	494
608	636
302	631
567	698
70	130
310	318
321	337
585	603
265	581
599	605
74	346
109	122
108	741
417	586
15	788
447	502
37	730
166	685
621	790
164	575
81	645
134	397
137	572
57	792
362	519
271	402
466	587
273	284
252	342
118	679
411	736
188	390
50	394
16	404
191	223
428	570
217	340
590	725
142	421
271	474
424	651
165	275
285	700
68	529
148	395
138	143
39	55
200	581
27	790
329	787
376	735
256	565
463	669
205	777
288	723
265	288
5	413
368	535
431	723
330	422
111	698
125	396
439	578
220	375
669	728
15	34
58	397
160	534
468	638
201	645
270	425
639	790
343	627
163	432
175	541
607	614
292	664
381	704
110	452
617	761
73	274
143	551
326	564
128	671
164	743
519	562
362	554
107	493
95	362
221	675
12	182
383	752
190	381
751	784
322	347
585	627
535	788
300	726
415	467
96	221
10	738
274	365
395	687
56	482
199	260
114	417
199	492
511	785
541	760
311	347
515	714
375	407
398	585
77	476
251	774
341	790
598	685
405	688
129	596
76	666
61	780
506	561
0	19
389	401
131	699
399	696
25	745
547	622
304	604
220	726
242	360
185	697
271	426
520	561
58	229
17	543
97	518
209	332
152	248
79	358
160	387
388	422
56	115
339	392
694	718
90	394
270	788
21	571
471	580
145	609
213	660
413	777
171	594
441	748
759	780
33	649
46	748
189	203
127	722
483	516
139	693
514	520
10	472
208	614
503	673
10	607
231	374
216	337
334	688
159	231
218	696
668	796
498	501
303	782
141	446
136	252
462	791
185	584
105	797
295	705
528	564
73	429
188	713
47	289
373	713
25	266
52	104
539	664
671	790
342	514
137	734
471	477
180	416
93	378
62	383
604	632
253	483
98	383
144	193
263	522
164	725
455	491
264	266
283	458
298	468
626	654
265	449
156	393
186	460
342	459
260	734
305	755
695	752
342	686
90	512
227	429
483	686
211	321
560	611
532	702
9	82
301	346
232	553
545	656
215	260
385	780
533	792
562	643
299	395
89	223
282	364
570	675
462	535
54	609
166	545
60	294
93	600
66	268
250	657
6	506
44	204
564	658
175	625
71	169
97	354
378	527
284	664
570	738
108	554
270	597
290	404
410	722
189	462
42	269
82	188
448	742
356	693
94	234
460	604
406	445
45	455
521	679
720	799
487	577
335	582
69	498
719	755
139	150
474	567
107	795
126	780
606	620
226	303
32	473
131	605
407	742
19	692
76	140
107	602
471	654
351	515
194	649
7	300
2	260
567	724
334	392
488	633
82	147
17	373
678	787
25	329
79	494
16	35
484	619
282	587
73	799
159	176
470	776
157	184
379	412
237	354
457	719
385	479
323	398
102	708
344	754
75	672
539	741
508	733
214	545
138	661
353	742
237	319
141	247
177	305
311	528
448	612
78	592
22	783
517	768
368	605
458	707
72	455
771	793
184	369
99	321
164	726
158	515
148	259
5	307
235	347
244	257
192	465
250	674
22	350
238	600
407	539
448	723
95	206
94	389
361	410
170	510
48	787
221	390
241	484
353	722
237	494
332	430
14	289
56	712
73	90
173	746
88	478
180	686
658	738
491	723
199	753
432	725
289	318
278	442
556	573
190	751
140	485
116	356
290	595
196	530
564	775
245	396
447	785
189	387
105	161
420	698
52	784
296	793
226	314
1	366
97	344
86	250
61	324
262	517
158	553
556	784
219	260
260	746
339	751
54	639
308	594
160	682
27	36
246	627
511	569
364	484
15	246
9	108
324	794
60	486
167	208
24	591
26	417
341	572
18	163
305	566
196	768
40	60
533	748
333	657
441	482
88	368
98	555
420	578
348	482
254	481
91	567
63	696
409	585
46	264
305	373
440	687
147	581
332	614
127	624
151	263
56	321
22	95
111	710
186	343
416	680
86	289
611	699
12	763
645	680
27	612
174	635
81	386
59	620
648	772
449	627
66	290
22	443
358	726
150	798
664	684
115	717
260	421
530	684
171	272
622	726
33	484
2	769
607	716
576	653
627	688
762	788
341	606
48	245
557	578
176	695
172	452
527	642
566	700
318	503
286	789
329	681
216	404
146	710
363	672
623	799
526	680
197	354
326	606
281	299
35	105
4	242
93	527
158	239
200	423
426	714
277	487
271	483
408	541
99	673
161	226
207	486
76	184
38	364
46	408
14	388
23	399
274	539
27	590
419	604
25	548
18	650
147	378
153	696
638	681
438	504
299	715
233	725
337	577
264	400
474	597
83	205
687	751
229	385
223	491
527	550
249	596
453	530
86	95
377	585
393	683
330	658
138	233
34	405
517	638
25	175
470	657
405	528
350	737
661	663
4	698
71	214
353	670
510	765
211	637
253	322
370	567
281	310
314	616
205	453
269	620
481	489
229	628
625	633
269	302
150	411
594	643
84	506
283	318
430	712
372	378
139	259
121	488
148	407
242	433
329	674
414	744
98	754
353	359
564	618
4	617
461	675
384	799
62	440
578	719
669	779
387	600
376	574
266	717
446	627
172	386
12	290
322	732
220	609
53	114
16	566
292	352
87	391
116	789
58	380
435	570
578	634
121	292
224	469
86	653
71	474
203	415
210	688
136	138
353	629
96	240
381	699
253	364
31	599
440	660
353	655
125	409
396	752
37	143
408	557
482	674
512	782
65	659
350	695
98	492
414	560
634	688
638	687
646	665
24	159
53	304
575	669
302	451
455	717
37	597
549	597
62	572
119	400
77	479
75	686
174	791
93	688
258	795
74	238
466	468
87	572
434	459
741	749
3	762
118	583
100	338
495	795
108	282
203	616
656	737
415	436
91	630
457	785
495	610
85	750
365	615
15	224
196	465
90	637
127	717
431	641
538	666
753	765
237	283
355	488
15	799
290	312
156	666
331	588
300	765
97	158
203	267
204	670
514	591
241	445
423	541
81	594
479	653
80	122
149	278
324	433
545	768
633	637
13	385
320	770
137	700
88	278
644	779
191	583
164	481
388	457
129	395
438	515
502	759
68	358
390	437
427	578
265	731
131	241
255	468
92	695
556	640
645	694
378	651
239	585
418	546
18	279
14	335
4	766
229	259
237	776
149	696
91	208
232	279
205	326
116	341
13	146
643	715
109	617
682	732
333	396
189	787
126	217
311	701
0	110
469	552
125	459
617	781
488	617
449	615
522	593
228	717
180	669
210	274
106	401
220	679
139	650
41	550
214	498
9	27
410	610
30	318
106	363
239	370
37	226
241	721
60	515
237	700
570	580
100	792
183	380
101	215
431	564
356	633
580	793
89	580
116	502
105	155
350	788
4	656
293	699
658	760
76	308
243	672
198	366
0	591
236	327
349	680
408	530
198	614
481	527
326	655
66	230
121	192
122	608
271	504
588	771
210	375
264	501
254	698
23	405
376	396
293	407
268	383
272	614
195	206
144	573
270	389
67	150
347	553
213	289
347	782
405	668
220	390
26	586
423	636
720	774
376	762
384	755
411	459
323	715
87	642
378	442
207	784
121	191
465	471
457	770
172	414
449	712
532	604
315	394
400	701
73	444
246	774
547	565
25	293
365	657
17	130
89	509
185	764
401	404
109	777
305	411
238	530
659	723
735	743
282	554
25	148
429	444
225	573
62	327
432	663
554	648
303	644
273	639
45	259
299	719
7	380
384	680
177	640
137	439
509	699
203	357
210	775
603	694
262	382
264	311
128	368
254	566
64	314
87	209
60	72
250	304
343	658
85	425
148	172
407	477
679	721
440	661
240	382
328	389
278	377
529	558
329	423
297	514
400	510
9	590
143	536
691	717
150	255
691	795
188	416
582	629
372	681
77	477
250	289
265	502
82	183
101	236
94	771
13	358
150	541
76	626
0	172
28	385
147	770
61	770
265	343
139	214
58	508
30	245
602	771
173	736
227	371
106	735
47	337
111	774
210	462
68	288
217	409
78	289
460	538
303	331
2	133
642	776
525	586
51	487
52	122
338	477
120	402
2	20
47	293
73	554
141	375
357	506
235	459
232	309
123	531
181	231
109	351
405	665
111	478
190	333
61	778
317	744
603	647
291	613
328	751
133	181
39	579
278	791
126	201
189	263
239	783
473	497
18	747
431	483
735	755
353	572
422	467
332	394
466	639
398	407
640	764
567	612
312	501
234	487
237	375
138	635
326	708
26	315
73	201
461	751
138	512
317	395
163	545
448	736
178	565
90	636
293	623
329	676
46	427
18	601
160	598
26	322
325	464
756	761
305	686
424	513
2	702
274	683
651	745
377	489
401	785
197	786
343	642
252	365
329	742
112	644
171	753
246	745
313	739
462	681
738	768
15	760
309	520
153	259
335	381
192	379
181	363
696	774
262	593
334	549
9	746
439	732
183	612
40	508
75	270
203	515
146	285
516	600
254	665
219	287
402	431
254	299
12	510
696	715
66	335
81	255
77	673
124	439
27	350
248	389
84	585
200	632
630	715
690	723
638	721
83	214
8	541
634	798
460	541
30	253
50	620
0	314
270	556
129	472
263	378
589	784
296	360
40	165
98	111
253	320
96	294
33	286
532	602
274	726
245	288
296	361
204	445
21	452
3	728
219	586
533	641
159	378
104	178
258	756
75	185
307	487
570	624
19	112
308	637
413	433
241	730
322	535
343	732
237	759
118	248
375	595
85	264
140	406
202	558
175	240
168	520
61	102
263	550
104	470
21	490
399	625
28	739
185	282
397	610
654	662
332	643
470	764
575	769
457	585
270	299
138	734
230	319
552	684
262	667
328	572
600	734
313	763
612	638
60	228
51	329
617	640
181	252
472	756
116	338
200	792
86	725
108	293
382	419
490	565
537	787
193	628
164	402
134	453
205	380
91	288
237	509
530	689
105	685
117	297
519	541
357	605
179	618
98	451
50	326
448	488
271	549
611	759
323	474
281	412
94	263
134	651
22	156
80	366
141	246
148	432
645	673
413	770
101	209
486	677
187	449
511	794
295	416
199	430
178	347
108	556
97	216
415	773
6	161
289	607
268	435
91	585
222	596
199	751
107	199
183	436
112	246
619	689
41	680
301	418
352	525
369	384
432	631
31	42
260	431
33	299
625	736
56	105
457	472
78	645
194	196
218	382
454	598
131	321
359	594
34	713
530	722
392	435
24	193
456	558
205	364
573	691
30	719
383	720
192	665
498	692
142	693
114	430
331	664
161	637
390	690
92	254
354	436
241	686
96	744
115	373
720	761
159	598
318	345
227	652
5	649
362	638
638	650
240	257
46	266
56	129
132	540
452	484
179	323
69	568
6	531
320	331
501	794
213	504
84	220
302	455
705	796
512	592
217	589
151	648
32	312
75	712
17	488
206	291
135	609
377	748
344	505
103	606
38	749
3	616
412	502
80	194
647	660
181	679
303	348
333	338
63	237
23	392
33	502
550	668
68	272
277	483
147	199
385	652
426	436
234	623
327	721
426	638
360	428
369	594
691	715
114	165
107	151
78	699
78	91
39	633
190	572
153	216
161	495
224	361
18	434
278	700
354	541
570	684
232	249
15	452
346	424
45	133
124	173
66	672
120	214
155	332
264	489
223	325
121	381
214	290
88	656
159	189
18	695
87	226
442	464
29	433
374	543
82	443
41	415
524	576
373	607
535	562
236	609
3	291
513	651
54	707
173	451
606	657
186	601
301	305
89	241
411	627
391	710
199	220
432	586
577	580
375	543
51	414
199	253
7	82
578	741
1	98
265	688
65	487
14	669
366	763
263	569
276	283
298	445
19	790
54	134
185	491
380	610
552	609
341	633
488	530
578	618
273	633
318	627
314	390
464	508
141	497
130	670
571	602
399	666
199	603
374	576
247	457
204	531
259	486
706	734
103	439
459	516
111	779
120	140
85	555
501	773
410	530
30	799
77	169
96	759
43	557
307	633
501	507
327	468
414	444
286	438
347	367
181	579
194	719
230	472
126	182
23	175
24	709
419	440
125	764
439	465
391	465
466	698
81	321
296	544
136	320
334	768
139	669
125	254
22	474
149	192
35	674
36	143
421	771
241	272
92	146
116	613
103	308
14	113
384	736
108	223
118	535
507	615
91	92
434	485
700	723
53	744
63	712
280	311
644	672
119	650
582	791
419	487
508	562
239	388
197	325
124	639
98	529
319	709
303	683
305	671
166	394
311	420
335	638
89	450
324	606
582	722
298	308
475	687
255	728
24	781
388	454
128	711
56	122
182	577
134	218
154	585
124	513
414	549
226	365
69	415
258	424
229	719
190	632
136	171
282	793
304	417
382	664
639	793
602	778
192	215
180	732
464	502
267	573
71	497
326	790
336	737
283	349
242	595
682	750
10	492
113	797
129	361
443	700
87	502
129	554
121	178
596	696
153	731
246	536
670	742
335	660
81	144
29	179
209	440
555	799
190	301
369	401
483	680
600	670
169	207
131	621
366	443
119	594
264	745
370	552
255	392
460	608
571	676
66	91
586	644
58	278
404	468
483	709
206	358
17	516
78	772
249	299
415	546
76	625
191	493
380	776
646	779
326	476
693	699
32	425
380	636
415	542
645	742
64	693
242	480
147	688
289	310
269	385
410	645
136	299
91	274
214	360
60	572
36	550
227	516
22	255
25	218
47	660
118	451
396	523
75	501
197	300
63	210
331	668
425	711
119	526
231	318
169	322
521	634
369	633
95	505
327	489
359	481
29	402
291	404
55	542
280	563
624	693
123	684
161	634
17	536
263	694
82	401
407	425
220	477
194	574
147	522
171	644
188	762
46	288
314	717
142	334
47	786
262	662
472	597
59	528
199	282
442	476
198	280
240	276
310	313
104	473
550	669
120	401
383	422
413	639
188	258
454	503
259	751
306	449
122	672
9	254
665	774
297	405
130	694
178	542
224	501
372	452
322	362
154	376
140	657
708	721
325	352
248	312
240	627
420	450
88	151
105	672
315	697
2	726
149	348
57	96
476	789
123	730
413	775
142	786
205	576
100	718
430	759
252	288
408	713
80	301
632	757
165	351
118	528
70	174
468	762
157	651
327	518
610	664
227	360
21	156
164	224
217	724
223	394
18	394
263	412
483	695
267	578
173	344
316	404
23	48
273	525
114	463
467	667
338	775
142	396
212	593
286	348
309	606
268	722
107	116
425	772
86	283
106	503
281	416
48	239
215	244
258	404
685	782
132	411
2	181
522	774
95	295
284	770
655	790
51	389
93	446
226	514
6	273
1	565
85	98
538	798
24	377
287	634
234	352
291	739
658	794
110	283
65	409
104	392
414	687
87	744
25	365
69	644
304	419
121	793
428	729
16	501
265	352
455	748
335	541
377	729
1	559
8	746
370	602
180	330
162	485
298	300
241	738
72	679
47	475
281	782
589	668
94	625
133	769
222	469
402	796
41	799
29	180
485	653
510	698
540	778
612	798
126	354
597	669
425	582
418	476
13	107
399	548
601	785
127	377
226	304
163	412
5	414
512	601
31	255
55	196
340	760
135	717
102	668
67	350
107	111
438	792
57	700
481	723
572	793
508	571
327	781
511	602
146	696
271	617
486	545
280	748
493	742
277	673
255	439
5	108
95	185
576	769
179	554
576	656
128	381
307	599
22	75
169	583
755	793
131	548
90	515
198	607
11	608
566	630
16	121
8	62
708	776
289	760
165	692
59	724
17	31
51	119
113	682
7	664
196	719
291	787
357	788
294	417
227	460
141	772
448	730
21	677
106	783
567	788
420	638
201	735
112	496
93	563
198	713
573	699
421	463
158	426
178	683
13	230
444	608
11	780
52	456
304	652
530	734
170	220
218	636
186	729
30	153
440	639
165	482
168	685
369	656
168	313
63	360
39	495
0	183
49	517
521	707
285	295
64	186
211	560
118	689
286	750
347	495
127	595
39	541
150	640
589	733
143	797
642	676
168	781
485	519
508	575
436	550
344	382
242	410
118	701
356	510
264	539
123	648
166	265
14	279
403	654
384	592
19	320
160	408
254	541
209	277
589	778
600	741
139	660
447	497
592	782
576	796
364	775
482	549
11	479
143	301
179	745
510	645
472	714
522	793
295	786
57	774
129	465
204	348
293	366
71	726
183	239
315	610
176	751
581	590
4	628
88	505
75	250
535	730
0	795
254	593
312	398
150	495
460	725
206	428
141	301
383	734
4	429
594	772
219	273
194	437
170	420
634	703
423	435
129	265
31	73
361	713
392	515
339	575
18	258
159	684
21	570
8	447
456	713
51	163
6	28
646	659
286	623
764	797
91	713
192	574
347	646
112	229
371	653
336	762
356	599
175	585
369	547
28	55
184	305
479	783
340	443
383	608
260	649
421	782
342	712
131	232
155	361
101	248
586	675
378	562
610	709
225	257
567	732
320	330
22	764
4	797
567	792
292	570
333	394
410	430
53	533
426	518
94	348
406	700
262	739
3	423
206	592
548	787
542	655
84	476
626	694
268	521
194	289
7	33
716	745
134	375
143	368
590	595
624	728
415	792
212	457
434	786
603	783
33	695
339	705
14	594
553	754
186	497
21	798
392	568
744	788
318	702
237	730
266	739
306	630
339	573
222	444
274	600
371	604
55	67
494	647
622	793
83	180
420	625
43	109
257	798
50	367
47	741
427	798
184	788
547	594
142	670
641	749
550	759
512	791
413	558
454	580
520	537
41	751
202	468
43	661
532	721
90	692
47	211
778	792
128	200
302	623
389	745
247	337
392	413
245	631
38	303
12	388
221	735
442	508
403	531
123	377
192	459
138	266
306	730
17	762
48	251
107	782
17	668
551	637
119	734
121	436
400	607
241	379
279	509
77	509
186	476
537	786
546	603
338	365
73	404
193	790
45	73
183	205
281	314
112	205
150	756
208	389
544	705
292	490
261	316
275	456
251	482
28	357
327	780
309	798
5	509
378	561
29	523
611	682
1	130
629	647
89	714
545	695
105	117
159	195
45	241
490	719
473	608
36	444
314	456
63	564
530	579
344	786
622	715
266	512
219	535
186	379
72	243
648	767
42	458
84	611
1	252
129	612
175	553
153	651
209	463
476	477
320	577
115	602
364	558
85	688
262	407
329	334
233	678
13	249
446	500
288	467
37	370
9	696
180	474
72	494
525	777
27	786
134	484
527	554
86	232
150	451
130	503
297	381
245	728
85	716
506	788
421	477
50	129
367	565
241	413
35	609
680	706
149	450
323	689
8	366
36	413
579	633
362	420
339	632
39	794
225	767
234	576
5	679
42	662
459	496
347	529
452	755
426	696
89	356
148	204
144	279
582	670
53	625
475	678
351	660
205	218
154	361
278	391
34	235
433	556
408	711
70	203
420	667
595	702
27	83
316	530
72	358
64	91
366	650
36	675
158	291
442	460
416	688
28	105
602	773
167	545
133	621
629	749
29	633
451	499
71	626
73	647
345	714
459	556
423	538
256	641
44	177
194	478
98	663
71	358
27	387
121	157
261	276
129	507
15	501
306	541
320	324
660	664
661	675
67	487
30	453
113	441
752	772
351	620
145	355
84	764
50	349
15	255
30	642
449	720
496	517
82	239
618	756
207	332
422	577
52	63
602	625
237	320
367	388
430	625
480	784
532	757
272	606
446	763
497	669
602	680
693	786
1	354
508	764
198	550
461	519
48	611
45	630
286	695
170	329
19	502
276	300
565	610
563	565
267	511
259	499
242	274
16	570
87	728
409	588
610	692
81	318
446	664
238	272
521	729
140	623
222	464
501	748
452	790
69	206
388	414
404	455
121	731
521	697
72	360
597	713
605	667
274	735
1	431
157	796
414	656
188	428
615	736
442	462
46	729
25	732
130	161
439	795
11	270
106	280
399	438
310	448
149	276
197	724
376	437
62	85
688	747
310	770
130	760
459	505
6	696
101	527
427	491
162	618
324	526
255	779
139	778
137	736
20	752
162	474
186	356
256	554
20	491
471	500
183	194
191	320
90	275
311	473
400	732
483	619
386	559
257	708
562	775
704	766
10	640
291	567
326	761
98	427
219	568
91	323
159	503
294	726
2	645
272	493
244	258
89	295
205	396
262	473
255	687
504	633
77	361
215	216
122	419
426	739
299	322
108	180
244	543
127	757
293	644
507	799
153	585
83	316
326	453
432	499
35	464
228	235
392	700
136	166
477	722
703	764
543	799
354	680
283	292
73	619
107	666
286	529
48	408
6	746
395	540
21	395
477	571
283	420
53	764
451	632
469	548
179	218
304	380
74	293
347	779
36	309
4	83
17	398
227	714
373	613
79	370
117	623
12	662
50	537
573	709
156	647
270	750
476	502
526	602
236	683
526	558
413	616
181	416
67	397
206	366
418	782
204	382
470	670
33	739
670	723
164	666
638	711
125	355
201	328
451	627
131	501
7	429
267	397
65	399
60	417
259	512
181	211
212	253
466	674
599	666
121	189
256	560
572	788
0	495
232	573
357	542
23	159
58	679
133	333
177	553
49	384
16	746
126	636
513	640
84	327
318	611
87	796
238	781
455	694
86	547
264	559
194	617
120	130
187	412
173	706
328	690
288	613
129	640
22	530
160	694
223	360
20	772
93	657
211	313
347	616
650	754
321	362
349	781
451	559
123	615
255	288
22	628
170	260
598	633
71	105
151	590
42	660
404	788
180	462
284	373
215	653
43	329
104	235
406	619
350	471
136	473
289	351
196	770
593	595
472	524
597	691
434	687
375	601
92	108
337	650
579	623
11	554
37	703
31	731
95	648
163	395
327	770
653	672
221	446
246	441
214	369
302	784
191	231
351	382
270	627
308	786
536	711
496	734
59	502
178	506
702	741
9	537
131	657
600	672
182	718
67	773
542	691
74	494
103	587
663	695
427	617
162	584
317	531
246	298
89	497
238	553
235	265
458	698
409	491
167	433
244	454
407	506
70	264
310	567
660	718
31	296
322	465
113	499
383	405
415	763
90	108
255	456
112	662
254	265
730	768
249	308
551	695
256	763
354	739
507	696
160	628
246	731
118	621
159	229
569	668
35	429
690	703
365	376
19	693
679	798
229	532
250	697
349	411
222	308
121	707
307	420
582	694
486	736
301	443
561	671
438	588
621	736
200	782
142	555
168	788
100	714
233	555
549	607
571	609
220	623
265	361
638	743
310	439
179	592
323	663
477	617
249	633
30	659
115	638
168	629
55	758
193	631
702	718
453	602
115	567
290	469
482	504
75	259
382	463
42	61
129	727
59	754
320	491
214	224
100	377
249	419
215	234
413	414
240	501
42	129
354	733
554	742
340	621
66	637
100	230
154	732
315	490
69	247
465	785
80	227
81	712
55	198
285	712
286	631
506	514
664	718
25	532
15	24
313	474
626	711
120	143
446	593
167	245
648	654
319	488
228	674
472	510
553	782
76	390
129	211
26	428
398	729
147	742
58	710
380	400
546	605
583	606
44	225
106	360
156	385
51	180
67	293
43	521
317	774
222	263
599	700
270	785
357	597
618	783
621	781
418	588
30	798
279	662
551	651
122	458
277	348
482	530
186	623
42	393
325	542
200	673
387	481
53	212
10	209
113	731
79	541
37	537
422	649
711	730
322	710
598	691
74	638
329	378
655	710
295	563
375	589
667	753
255	726
451	613
60	115
286	754
227	412
104	761
106	670
630	787
261	425
522	760
264	687
131	726
157	579
682	687
4	661
166	374
317	417
283	348
23	542
132	163
548	613
515	764
39	385
85	282
82	268
48	68
154	695
90	775
235	294
66	579
385	776
144	222
378	789
119	226
120	757
374	751
250	356
168	229
494	787
203	404
126	694
7	648
53	317
53	111
257	302
189	605
80	272
74	710
65	346
123	726
567	697
293	384
433	536
250	264
520	756
127	522
225	567
530	740
224	687
235	539
325	626
174	178
164	642
5	764
457	784
83	443
208	375
228	556
372	650
169	337
175	542
141	645
89	548
303	720
341	724
200	715
285	350
55	193
222	640
243	709
146	655
58	647
39	375
7	162
462	756
424	511
13	347
13	444
75	390
461	705
382	766
208	261
23	238
618	761
203	435
432	670
398	734
379	709
161	185
52	400
300	501
60	595
138	487
59	288
93	362
188	796
404	771
128	761
11	164
59	122
524	625
43	224
241	260
279	533
16	246
156	485
332	613
98	299
239	793
533	541
296	410
131	323
220	321
106	371
38	68
377	778
130	455
89	126
92	421
425	510
559	745
479	681
186	418
515	754
133	779
223	237
485	746
21	532
487	710
197	221
735	779
301	594
71	137
579	764
244	769
251	753
59	62
209	425
534	682
273	691
710	760
263	531
96	364
524	686
503	773
560	580
123	253
89	712
337	530
153	657
379	678
181	582
228	667
114	236
477	771
323	374
718	759
184	483
508	552
275	559
365	664
60	439
69	475
185	521
78	621
57	199
78	281
555	728
584	656
253	634
324	356
243	594
447	781
72	288
176	194
205	476
44	83
74	246
228	453
251	431
44	235
45	219
119	797
501	712
30	280
613	769
594	639
523	716
34	408
162	311
87	358
291	353
577	795
683	724
661	666
470	605
295	494
52	59
5	758
344	751
385	402
644	797
519	606
540	554
425	604
72	181
333	714
606	617
360	511
338	642
372	504
36	395
343	764
107	332
309	596
489	539
109	627
481	775
16	248
194	356
142	444
374	509
381	681
52	605
120	558
328	527
0	340
606	713
464	767
242	243
212	546
208	455
86	323
65	785
151	615
56	384
74	567
516	593
10	744
60	518
23	566
10	173
290	310
690	763
475	482
311	548
607	749
517	583
152	280
250	297
130	429
97	622
697	754
253	536
237	593
465	755
589	769
192	692
299	343
585	771
413	674
121	674
367	495
276	562
47	288
17	612
428	690
348	368
550	710
109	775
392	719
421	600
739	798
185	614
206	421
151	754
531	740
12	185
443	728
295	520
145	375
232	685
116	347
25	469
470	663
2	409
10	563
259	309
507	543
342	795
279	581
259	438
112	542
453	631
366	660
156	568
27	624
337	409
257	305
516	517
43	639
367	661
133	269
33	715
461	575
127	608
602	695
119	280
46	158
285	347
34	165
86	279
564	676
348	471
200	497
90	161
163	360
43	152
452	714
94	271
174	557
154	449
204	379
313	789
228	788
288	355
654	663
121	690
642	718
122	525
96	194
224	679
609	617
205	411
266	651
279	367
7	645
567	686
491	589
248	741
289	421
269	401
383	618
150	624
421	791
459	538
166	339
343	733
633	675
182	455
1	22
420	421
268	664
93	164
133	247
304	333
408	753
7	487
188	308
69	734
213	261
13	756
435	751
40	642
522	635
341	447
373	447
47	745
8	39
470	617
103	795
246	401
74	249
194	664
229	386
359	580
391	608
178	355
18	612
123	599
257	381
351	639
220	484
179	406
67	709
554	629
312	634
133	148
49	78
30	353
71	591
97	291
224	635
335	400
38	137
565	792
84	522
661	779
96	169
153	652
444	584
256	310
547	554
326	657
5	528
300	667
277	728
518	756
163	740
520	771
290	582
195	297
53	663
174	256
199	437
232	716
641	718
727	736
483	641
320	795
150	405
290	412
151	189
419	646
562	591
526	557
613	778
147	403
229	500
559	798
214	413
279	356
503	648
701	741
449	494
30	293
135	329
381	452
482	643
2	497
81	598
212	595
673	794
623	709
17	571
532	586
73	504
187	765
442	661
298	341
409	536
56	270
376	479
591	750
128	678
126	750
374	381
7	394
434	556
118	327
156	178
41	390
390	777
176	512
380	658
205	640
99	782
186	794
704	726
489	556
370	384
463	710
217	218
123	678
520	627
90	286
82	282
293	481
213	629
442	681
268	378
444	678
409	545
234	375
171	306
599	610
432	678
287	662
170	409
460	638
72	277
240	397
321	583
642	790
146	343
39	575
29	126
171	645
218	403
645	758
120	357
19	163
5	350
224	296
379	616
264	771
254	420
346	601
618	797
435	479
495	651
97	752
13	255
67	514
334	424
68	759
590	751
538	693
106	415
26	548
40	733
228	309
45	169
537	731
248	781
78	329
527	549
314	351
149	604
113	582
332	783
79	470
30	49
39	474
596	746
581	648
77	713
72	616
131	376
390	392
137	638
19	399
491	629
115	654
290	476
311	664
11	560
431	686
158	556
61	465
95	150
768	770
365	403
230	687
352	594
166	423
583	639
355	562
333	684
307	671
150	443
3	112
7	766
8	333
503	795
126	614
446	572
322	400
445	628
216	381
157	384
126	737
300	770
56	728
30	125
304	785
330	638
624	683
607	711
326	378
512	717
332	532
206	527
221	351
73	290
265	638
744	765
389	731
442	560
217	693
302	408
5	40
144	409
351	608
394	571
266	332
409	594
337	509
161	266
189	385
665	679
538	646
327	689
692	729
17	699
64	100
501	612
144	390
389	762
354	660
184	783
239	510
181	642
501	767
503	721
217	403
236	760
416	795
8	373
547	644
190	652
17	596
252	789
345	589
261	720
414	607
177	487
329	475
25	771
133	260
473	640
81	518
616	641
164	393
18	566
211	649
217	386
175	748
462	626
165	659
69	794
453	628
129	174
47	448
344	373
174	177
23	347
232	730
175	233
117	126
303	739
166	548
227	692
302	768
630	731
394	462
245	721
80	220
45	666
186	635
200	241
390	542
74	477
467	790
512	515
302	776
46	419
289	472
773	795
447	797
89	789
200	458
172	257
776	781
284	643
79	595
290	779
423	657
671	783
408	453
198	369
302	403
261	307
213	775
342	525
594	664
279	515
228	571
221	392
108	523
36	524
423	469
15	438
472	547
369	763
8	251
311	713
391	635
270	783
177	260
141	559
167	334
318	417
215	676
384	613
208	733
673	744
247	352
476	773
468	531
213	324
296	382
433	554
26	136
547	750
9	445
651	782
17	560
298	464
233	719
338	555
459	777
46	372
531	725
43	223
316	447
13	290
640	652
414	753
350	491
283	305
330	631
672	744
550	621
502	545
141	445
591	636
82	507
354	770
124	285
188	726
234	435
474	497
96	175
446	795
11	293
114	468
170	270
86	122
707	796
644	794
293	744
228	255
153	639
60	382
555	651
148	569
129	285
284	340
495	699
175	689
568	742
568	728
62	87
513	572
573	757
209	346
120	589
45	776
635	768
214	470
45	547
150	441
408	519
359	633
328	548
66	789
243	647
467	758
58	240
20	456
561	678
6	384
107	352
150	583
581	686
279	371
447	653
521	585
343	527
458	554
4	303
633	664
249	277
406	580
179	267
382	756
461	597
9	193
686	701
175	647
376	482
134	198
47	92
289	331
238	295
17	674
353	799
330	762
150	181
231	567
275	652
401	579
196	247
121	211
112	124
404	443
116	596
467	596
602	785
137	143
414	629
321	576
140	557
168	266
89	732
411	656
258	303
600	608
69	547
200	638
331	793
487	728
492	640
237	253
29	435
648	724
432	485
381	385
46	151
386	582
736	744
472	674
151	538
111	310
358	668
491	645
25	460
50	679
102	603
190	446
153	743
535	734
677	750
175	581
113	270
276	313
654	681
242	610
234	677
136	399
185	613
120	771
365	439
193	211
52	61
278	553
465	624
165	484
517	747
367	387
233	512
47	365
227	605
391	443
28	224
126	480
348	597
58	746
528	554
190	228
48	650
135	452
58	740
97	642
216	671
104	716
101	333
144	227
440	644
318	530
162	469
243	555
546	760
224	649
289	396
443	758
201	630
571	654
359	742
11	709
81	545
175	193
688	717
173	558
10	539
307	629
705	789
7	561
148	744
319	420
210	579
369	764
181	315
106	598
71	369
217	339
87	545
220	445
221	771
491	730
45	111
331	662
158	727
397	486
726	752
353	679
92	226
230	367
324	694
109	199
115	525
176	688
270	782
276	696
273	746
696	750
76	316
138	389
618	704
61	539
5	245
583	628
155	779
12	187
312	553
54	332
152	648
216	597
393	708
530	595
162	178
6	243
94	759
549	673
100	136
529	712
199	666
314	724
128	437
342	766
26	241
71	717
241	766
14	203
18	515
323	754
241	477
244	708
214	635
314	749
323	785
688	705
225	464
5	623
404	534
183	354
500	581
375	418
384	388
408	743
129	715
349	648
4	544
5	779
233	425
213	539
432	539
451	460
213	446
369	430
154	571
81	465
203	724
634	673
20	664
12	668
309	517
133	310
39	272
9	165
306	736
123	523
284	421
89	411
36	313
43	663
27	742
518	719
388	756
225	462
234	387
197	396
17	82
26	600
23	31
667	787
761	797
57	403
41	264
414	731
80	715
118	348
192	727
686	687
210	642
193	230
290	563
165	325
189	745
347	775
215	361
309	725
254	355
187	190
203	606
286	543
728	764
221	415
681	690
56	685
2	422
310	389
6	208
587	680
375	382
348	588
427	592
152	743
78	729
141	219
94	798
112	784
349	419
99	728
331	757
24	563
103	252
202	608
740	764
183	471
115	477
70	134
83	347
608	686
40	330
122	216
507	620
8	493
226	357
629	674
277	704
735	768
507	539
297	725
437	795
17	274
299	480
483	678
411	781
417	725
135	472
444	474
289	312
129	527
206	606
51	788
106	741
216	777
294	593
45	195
497	512
307	356
201	503
87	509
24	710
356	539
112	419
390	701
406	448
145	767
524	794
320	441
426	600
84	160
1	445
101	559
101	287
224	391
186	657
64	78
493	780
132	571
183	737
615	754
484	527
686	733
357	558
383	699
59	789
42	127
256	284
116	696
320	387
544	557
165	767
139	594
355	593
200	590
419	718
225	627
488	799
53	707
201	283
707	757
24	67
171	316
132	343
3	166
91	306
67	111
188	724
9	794
54	222
216	620
209	775
663	713
32	292
100	113
443	787
412	567
12	60
653	708
391	757
151	283
80	695
346	777
178	421
70	662
184	529
158	229
63	391
452	716
340	402
424	440
32	484
56	387
287	543
115	502
175	438
88	427
307	451
661	705
47	101
111	430
232	799
618	754
77	618
527	557
66	197
483	582
570	632
65	652
340	439
448	483
79	236
555	774
433	727
325	710
616	714
151	206
170	198
140	724
103	551
48	306
137	396
626	657
326	468
541	742
238	250
647	777
545	741
595	729
729	789
409	575
357	609
734	790
605	628
211	431
50	306
300	512
178	633
43	549
68	220
5	220
111	473
70	224
170	557
360	489
145	413
63	374
126	465
620	639
17	242
257	632
255	330
92	284
22	268
320	590
314	677
552	699
443	772
255	549
118	197
264	586
122	658
238	492
703	748
59	618
12	627
43	158
266	574
215	289
340	497
371	736
454	646
601	758
470	485
147	451
420	637
119	713
203	454
34	125
578	610
440	655
288	348
3	140
245	485
211	595
381	541
111	149
36	373
570	589
215	341
451	609
126	794
264	540
448	481
304	382
377	480
17	634
409	725
42	644
34	145
366	487
287	304
130	506
484	697
229	633
117	379
138	200
24	398
205	212
24	597
208	377
61	348
131	399
80	144
201	650
77	175
174	534
104	502
501	556
344	602
40	540
171	748
169	502
254	797
24	69
661	772
304	614
383	754
101	558
100	487
358	513
481	555
252	398
38	270
355	787
27	194
504	584
463	644
206	653
641	774
275	380
402	438
388	738
107	367
437	781
59	109
43	198
197	431
57	258
679	788
4	194
140	221
208	510
172	319
261	553
190	392
164	293
125	778
303	689
189	708
113	416
425	452
197	459
145	553
124	362
299	334
35	583
438	561
23	140
48	785
426	669
280	371
221	227
312	317
256	322
326	610
255	352
294	611
54	436
223	430
321	477
209	759
67	744
95	368
497	509
319	771
241	405
5	7
195	333
113	618
321	389
317	677
138	301
123	212
200	578
170	195
327	651
348	574
536	664
284	491
156	656
129	751
290	670
276	534
239	341
140	436
43	672
509	629
146	178
140	293
393	632
370	742
124	147
324	782
531	693
205	662
485	785
227	339
253	789
550	654
568	602
236	402
724	771
619	727
361	755
121	391
566	608
286	635
250	393
195	514
134	631
377	590
346	567
171	586
105	262
152	543
115	145
312	633
39	265
2	600
77	142
336	432
31	249
264	568
88	558
186	458
110	776
174	471
301	788
73	381
407	584
95	247
81	623
9	453
630	706
132	208
84	151
249	417
262	267
228	614
174	479
10	111
1	283
379	777
450	677
262	541
64	494
123	629
256	492
82	202
222	639
296	575
503	506
166	748
250	665
287	324
91	525
516	648
469	755
54	188
302	458
329	343
154	263
242	404
527	720
42	248
696	795
595	609
27	670
52	557
4	704
442	799
449	618
59	630
711	748
197	518
225	518
251	762
445	507
57	735
337	469
446	594
87	751
210	685
344	417
125	614
399	677
437	610
285	670
422	643
321	607
12	525
173	780
296	496
155	766
510	799
117	380
718	726
657	747
259	616
155	705
552	577
178	593
36	551
300	771
114	573
242	789
587	791
385	500
49	232
108	597
217	345
764	790
228	709
194	417
205	236
86	496
218	350
307	425
339	638
64	80
588	650
242	446
319	552
119	445
238	650
352	581
651	764
303	631
228	649
155	610
665	743
271	453
523	591
215	422
83	550
219	469
85	203
332	746
1	723
46	578
393	567
556	604
42	478
54	113
446	525
473	558
151	222
506	541
632	787
192	311
642	723
203	489
76	795
433	562
545	582
112	522
150	633
314	364
52	469
613	745
30	559
230	579
343	769
102	531
378	786
99	395
222	364
529	746
638	690
326	688
213	317
774	779
542	796
343	708
29	296
28	188
340	423
315	614
317	753
171	340
554	676
410	493
51	268
203	495
469	563
16	432
93	418
17	106
204	220
356	374
195	692
651	761
23	144
659	750
127	153
276	430
551	572
239	266
49	742
244	327
220	738
776	794
133	208
463	637
33	711
475	648
67	277
102	715
23	373
273	593
391	555
109	112
235	462
43	86
224	463
19	110
573	798
322	637
125	221
70	453
68	597
331	430
62	410
182	492
76	205
269	277
321	553
352	461
381	540
317	339
232	424
482	586
443	795
193	784
373	462
3	504
518	768
255	720
77	396
366	517
27	741
393	584
117	494
278	693
32	252
247	505
383	531
69	704
375	502
268	478
505	604
372	705
45	144
182	609
338	438
171	714
478	785
486	497
376	389
81	470
198	230
17	691
43	185
195	494
583	587
81	301
409	555
705	758
52	164
209	678
241	288
11	187
201	673
185	691
415	499
336	502
42	91
588	799
57	718
377	526
413	799
291	628
105	467
119	266
33	520
107	233
69	88
19	707
315	674
430	547
411	540
479	656
113	155
480	594
625	775
60	573
114	454
247	589
444	592
581	756
228	585
252	548
435	784
145	204
147	469
74	789
266	608
117	377
228	673
271	567
239	704
42	99
83	702
688	752
181	424
48	624
353	547
27	576
491	554
119	381
156	749
351	631
642	761
56	772
298	377
136	605
290	360
102	509
218	309
630	749
181	468
286	795
25	73
485	507
333	505
215	245
576	692
272	527
460	499
560	725
111	214
144	425
135	669
78	799
533	698
58	88
464	594
204	508
95	261
277	361
342	679
26	333
176	214
512	604
354	368
230	550
570	573
751	772
124	249
237	622
58	498
7	477
278	292
581	681
17	600
49	259
33	165
577	602
152	649
417	588
256	755
71	388
547	726
675	724
322	521
283	711
606	722
179	587
52	195
132	445
337	645
465	486
415	677
4	517
373	772
59	280
72	506
240	460
79	566
390	439
143	775
134	589
6	215
39	312
305	308
177	403
5	190
45	54
267	739
265	279
209	611
414	454
20	599
82	334
314	754
116	547
52	798
511	629
352	623
24	797
392	730
20	283
271	288
267	723
179	764
58	602
19	710
585	605
87	377
197	340
91	788
256	319
648	735
72	563
513	669
16	401
53	105
395	686
556	590
559	668
49	145
181	276
85	787
265	455
237	668
100	115
289	383
181	790
514	767
653	678
10	228
31	567
224	771
153	278
336	711
627	766
239	669
727	728
325	339
412	626
263	311
73	699
498	764
348	736
7	574
562	756
716	744
296	376
434	528
174	603
85	514
260	331
90	635
655	782
606	794
62	124
285	339
273	410
141	172
72	545
434	524
614	792
605	630
74	280
400	442
18	198
290	794
50	726
546	630
61	605
701	747
183	768
252	685
302	434
137	765
77	268
59	646
215	491
147	229
112	434
198	587
39	377
459	646
386	542
308	689
396	514
66	344
488	647
33	88
5	458
303	408
39	499
146	390
167	572
59	784
146	521
383	707
222	370
68	289
245	434
225	692
86	450
13	37
402	537
136	515
23	478
71	321
388	431
516	663
306	561
500	649
107	762
274	420
675	734
57	716
408	493
334	367
31	768
500	637
367	556
616	734
155	355
333	472
414	569
568	772
11	55
69	561
425	629
502	522
476	496
323	502
162	587
238	264
165	595
261	697
61	572
8	278
275	725
229	770
105	615
284	556
126	513
22	643
238	372
354	793
167	625
427	596
175	439
468	525
495	581
284	676
226	689
471	488
59	499
214	454
12	59
208	514
23	488
201	789
17	83
62	567
257	310
57	136
488	796
303	530
84	520
244	559
94	202
294	478
81	783
173	175
9	248
116	677
573	620
284	364
391	467
85	445
61	785
260	496
185	365
134	429
240	603
117	237
249	386
90	412
176	649
286	683
299	759
518	675
358	569
54	194
64	248
117	284
325	665
238	654
55	108
217	269
413	447
383	745
336	744
33	246
560	749
160	553
488	735
766	784
659	716
252	334
470	551
259	432
466	715
480	559
196	351
261	327
286	465
346	738
363	562
270	760
627	668
104	489
371	670
382	385
174	516
148	540
209	397
176	789
104	698
242	505
485	779
9	169
312	410
210	509
110	229
139	478
76	580
181	606
269	678
134	635
381	698
210	260
382	764
276	583
59	349
577	798
546	618
634	764
438	497
112	797
232	263
113	608
14	331
64	310
420	473
504	714
95	186
254	259
56	764
194	254
15	431
150	367
35	225
286	785
226	468
217	760
342	676
430	511
137	419
129	241
227	505
166	367
426	539
130	206
181	410
334	406
238	421
322	752
547	697
280	590
341	388
484	639
12	144
465	627
77	115
43	204
465	793
0	228
35	648
59	752
8	199
139	173
165	193
366	550
271	559
394	695
139	331
391	497
636	675
111	376
235	254
346	422
41	66
86	635
81	413
326	446
0	152
59	251
219	401
435	704
328	761
373	606
237	594
36	401
483	792
104	311
393	783
301	462
356	494
72	194
399	577
241	346
77	781
258	667
175	795
89	589
71	341
405	462
413	609
21	53
243	778
240	675
97	292
71	637
154	649
175	765
602	635
383	485
489	772
206	304
31	149
230	689
517	614
329	578
254	506
124	210
189	319
564	722
313	758
234	380
71	693
435	525
13	792
293	459
114	611
189	626
59	699
98	187
52	545
126	254
411	494
81	238
575	770
497	511
310	504
375	577
69	435
155	396
180	647
385	787
238	391
314	709
36	217
419	482
200	696
374	464
228	383
85	771
466	612
190	553
381	445
551	588
601	634
347	397
245	566
662	708
158	462
489	544
48	458
498	605
365	424
149	468
234	545
395	769
553	787
99	767
111	648
288	585
320	334
559	731
158	699
16	715
317	755
169	618
265	797
128	592
179	627
466	472
147	188
604	665
58	404
528	655
104	491
205	374
44	124
39	153
170	321
155	417
266	269
197	755
225	415
635	775
681	701
282	499
566	748
137	414
101	323
23	305
118	211
355	404
359	480
85	469
310	465
613	628
100	292
61	173
302	571
340	670
273	462
462	542
223	322
134	273
35	527
301	489
222	613
211	438
359	735
68	521
140	260
40	714
204	535
142	614
578	602
303	563
60	537
491	764
126	561
41	651
103	113
43	110
28	390
482	509
3	457
26	454
655	678
73	586
320	768
432	614
599	778
473	483
487	745
405	690
306	698
333	787
299	581
215	544
145	424
188	289
98	309
219	455
105	164
503	696
504	665
110	725
5	317
110	225
252	270
308	350
268	293
753	791
350	701
166	683
519	604
618	708
410	599
24	696
333	420
252	384
498	620
203	370
366	407
318	558
13	56
309	557
18	34
637	748
241	685
150	401
307	726
182	610
157	756
493	653
163	391
41	750
477	658
273	734
52	697
45	228
317	730
61	509
276	304
207	564
152	485
41	595
188	363
338	752
184	223
119	458
289	667
272	379
23	150
552	781
222	652
538	730
132	281
196	460
106	551
177	408
385	529
444	460
138	292
548	727
188	338
660	700
392	740
161	720
14	457
94	695
433	584
634	713
89	722
89	201
477	564
23	574
354	769
569	629
177	336
95	272
235	435
675	743
34	727
51	764
72	492
589	713
613	614
493	757
453	472
21	321
241	446
96	531
58	439
66	708
277	729
21	659
552	753
218	478
231	556
457	712
487	697
468	563
329	728
62	770
213	252
334	421
49	784
87	746
639	692
377	513
372	554
279	501
89	590
279	500
180	454
179	231
435	582
125	505
199	658
96	347
326	333
155	503
352	707
38	670
614	770
69	208
55	797
420	733
205	719
53	162
313	481
535	740
216	485
114	331
107	265
12	21
450	624
104	701
41	113
531	786
317	737
671	764
431	747
701	775
214	235
63	115
57	442
126	149
73	304
310	587
414	557
222	747
42	438
575	797
305	477
13	458
186	569
533	678
435	729
126	437
52	414
476	661
10	375
110	372
532	763
211	282
123	266
175	246
131	133
569	616
353	696
86	218
203	480
87	356
200	793
380	666
439	621
210	343
52	250
176	565
165	735
421	599
570	796
540	550
73	275
483	548
474	592
339	384
136	272
570	612
147	737
291	625
22	590
174	318
227	475
419	639
120	718
195	694
464	707
435	459
453	519
200	688
198	243
201	739
554	763
333	504
677	736
289	479
61	620
110	179
187	239
612	755
217	478
18	64
119	395
135	439
368	558
103	471
616	767
272	284
92	101
223	458
520	608
192	280
270	793
256	333
699	730
343	546
52	777
265	686
229	270
59	283
21	296
207	593
279	519
291	444
619	710
281	615
606	763
114	160
601	707
11	339
403	630
47	254
404	636
363	594
521	661
385	639
140	269
193	282
380	477
30	468
249	423
93	424
129	665
690	779
40	100
406	786
339	776
64	135
396	420
86	561
208	724
2	291
408	656
146	403
13	608
301	475
126	168
225	274
409	762
139	613
115	452
234	671
488	595
510	737
12	123
597	774
418	513
279	281
696	786
97	402
181	263
98	310
8	793
46	358
240	563
55	597
464	752
464	614
669	733
216	773
27	152
146	729
311	725
152	444
56	751
282	702
341	628
11	103
244	569
61	377
73	513
283	551
103	365
58	661
558	627
141	569
95	344
0	625
383	586
376	557
119	736
324	461
30	441
185	299
111	344
172	652
510	650
528	729
130	283
397	778
22	618
468	629
27	304
368	632
215	449
373	604
377	382
216	786
519	764
135	773
62	495
359	784
122	157
240	262
180	734
286	409
704	729
351	392
341	758
591	736
241	568
270	387
39	76
230	442
4	574
451	578
620	784
170	476
589	656
10	98
4	160
585	753
446	451
490	724
242	721
275	692
6	334
44	94
705	752
146	691
6	377
51	438
76	404
12	556
486	781
369	704
106	430
594	607
417	461
20	693
411	462
338	710
590	773
332	513
84	790
66	439
565	674
597	641
243	284
517	598
115	216
344	579
347	493
257	447
407	519
52	630
374	491
87	304
382	475
44	326
457	697
136	196
435	783
568	739
82	348
49	595
80	428
293	549
105	189
454	671
150	717
6	762
37	160
297	785
110	581
7	114
37	768
337	351
749	787
445	626
61	122
24	645
155	541
200	292
3	722
68	499
287	451
527	737
524	763
71	339
726	774
221	655
117	359
136	192
33	171
248	360
504	789
319	616
164	525
301	735
461	645
241	598
299	717
516	673
27	660
100	330
88	178
296	300
28	72
2	538
537	600
218	530
323	491
132	731
687	733
594	727
479	502
160	626
192	588
337	443
245	494
191	722
240	489
622	784
17	521
544	721
346	474
488	636
362	413
365	718
42	597
210	238
418	510
648	768
432	795
20	112
685	763
229	588
440	619
118	514
14	632
310	497
116	616
319	794
110	306
245	251
251	397
238	791
11	573
70	355
330	521
493	683
201	329
130	769
86	302
27	134
576	726
370	652
145	756
498	652
189	232
219	578
72	424
238	252
259	596
491	624
365	420
696	755
110	528
11	789
83	532
221	676
596	760
425	542
490	721
266	730
246	417
417	799
503	550
114	538
134	311
40	208
463	683
438	710
7	619
247	511
624	692
1	347
296	305
445	595
36	644
191	341
149	476
451	650
2	534
149	613
64	465
224	642
32	573
217	239
660	710
514	524
356	552
692	711
377	619
529	595
320	369
30	423
529	533
75	481
177	182
470	761
308	591
271	547
203	242
135	585
71	659
288	313
59	711
340	568
46	711
402	505
306	737
447	494
368	624
300	573
290	762
103	173
305	780
348	654
73	797
376	388
305	336
339	419
13	266
383	698
18	98
209	311
360	784
88	231
447	570
400	618
73	465
640	679
313	786
637	713
609	772
90	748
521	571
187	453
89	170
61	403
478	731
95	760
712	717
205	292
245	453
731	799
159	244
31	213
645	674
649	677
422	727
402	702
547	648
215	239
207	736
519	781
157	169
151	256
261	548
313	422
95	144
91	402
48	148
502	729
168	250
311	351
383	669
80	768
196	628
452	747
625	779
39	516
36	753
222	578
540	548
255	703
330	514
558	579
183	445
293	683
347	445
602	653
572	709
406	753
363	646
471	720
152	488
93	491
10	418
81	516
298	656
94	783
140	325
310	612
56	659
209	315
94	758
95	199
121	527
9	454
94	281
31	478
271	697
263	481
204	234
311	677
283	366
447	704
405	453
386	646
83	756
635	641
168	392
418	565
228	508
351	539
32	538
239	287
298	319
89	97
274	585
12	621
124	181
112	125
75	505
73	517
557	670
323	576
25	27
45	580
182	437
334	703
159	426
247	484
249	406
492	775
138	662
250	592
105	132
57	609
251	420
303	640
83	358
180	743
50	271
192	560
70	97
324	732
213	732
690	702
162	384
226	550
297	797
23	136
35	342
93	133
490	666
100	441
375	798
526	711
584	756
133	517
296	573
389	683
389	499
130	453
89	167
1	385
4	222
511	655
37	790
440	448
161	535
329	662
429	793
353	434
600	792
554	715
488	596
49	161
142	792
22	788
676	692
38	200
30	188
39	762
103	659
427	717
472	687
137	336
506	544
47	454
413	442
22	690
109	681
227	315
136	538
422	771
105	468
63	559
267	774
528	646
489	719
355	721
4	453
206	336
121	264
56	771
162	338
320	664
89	266
120	660
57	535
133	500
167	634
382	644
775	778
112	576
140	304
199	386
392	673
345	466
26	347
525	638
287	530
397	633
112	448
250	466
249	684
520	703
33	469
23	113
506	687
303	719
278	599
398	712
161	443
320	449
297	349
58	75
495	763
265	556
662	753
115	505
68	471
314	657
45	790
263	433
13	197
255	435
60	786
217	793
103	455
179	724
356	497
234	496
53	718
20	36
433	551
492	670
18	260
53	315
274	714
159	291
423	444
243	358
299	501
471	522
404	769
549	770
523	754
369	755
601	665
541	793
186	531
57	675
77	399
15	614
416	610
180	546
216	569
293	515
190	569
339	505
36	511
183	593
258	452
330	410
99	185
433	790
23	43
79	101
263	671
26	396
249	475
57	457
104	738
512	676
187	424
326	429
173	214
108	697
275	700
651	718
149	636
186	428
300	565
70	498
138	155
102	681
307	522
334	776
418	526
43	162
151	203
344	580
124	752
380	640
63	678
630	643
440	487
85	123
365	723
138	609
83	270
300	682
226	679
516	560
220	469
128	168
419	476
355	776
613	770
481	537
245	290
163	505
253	653
94	791
168	793
353	446
470	621
76	114
122	663
137	352
273	504
462	580
263	600
57	375
56	773
64	781
27	447
13	448
149	583
651	730
293	712
402	518
254	576
255	753
57	677
458	631
65	151
409	772
76	292
88	383
286	319
373	580
164	512
264	507
458	493
387	646
117	189
46	258
309	639
244	478
53	157
222	400
50	166
215	607
66	83
230	586
269	772
581	778
76	353
49	771
326	690
172	731
344	411
409	743
75	761
430	613
55	426
236	301
75	126
477	611
108	388
339	604
183	255
223	357
387	585
30	620
472	654
614	763
24	550
73	421
623	671
231	629
44	190
380	767
268	437
300	423
199	332
422	517
194	302
205	488
326	499
191	710
81	99
249	271
102	112
163	707
255	482
436	574
151	607
145	562
383	477
221	345
386	422
167	179
345	516
340	749
345	530
623	736
491	666
263	674
49	141
176	523
313	679
133	614
90	769
196	569
36	797
779	786
231	671
134	608
13	372
183	710
122	375
523	760
206	334
120	146
303	776
119	618
564	619
86	650
418	695
279	319
276	502
508	795
518	686
435	599
128	634
166	620
64	221
195	325
90	198
46	359
57	61
18	475
54	203
238	606
126	665
245	508
331	358
325	632
404	790
453	710
11	748
554	702
183	608
53	321
490	750
359	496
23	38
55	588
81	271
162	166
349	395
17	766
122	507
139	558
181	500
589	655
546	632
244	680
168	588
224	471
784	789
452	660
432	546
431	797
31	179
15	195
153	154
217	399
199	499
230	799
25	639
25	83
736	761
373	678
368	523
428	547
200	329
261	333
173	428
58	565
52	62
225	397
316	577
512	653
126	779
35	193
94	517
17	48
106	471
36	405
161	483
299	631
105	414
92	757
334	597
225	749
131	432
120	548
257	552
374	560
550	585
228	450
329	470
383	482
191	508
150	723
371	582
102	582
352	669
0	135
93	771
100	713
190	721
237	486
33	420
247	564
332	710
352	373
599	694
116	770
406	696
218	457
559	674
32	191
38	721
80	158
539	744
140	755
584	658
108	733
49	450
327	517
298	585
58	140
307	626
276	615
85	780
665	720
331	593
234	695
283	491
120	536
153	502
281	435
78	620
249	353
443	767
655	771
23	713
72	263
183	449
399	722
386	693
49	781
272	689
152	188
430	672
636	648
180	418
771	785
617	651
334	524
424	452
106	488
355	742
266	592
346	734
310	373
380	659
198	688
210	551
279	362
148	299
328	585
236	463
247	583
114	423
217	315
27	113
646	661
294	315
45	624
281	672
683	756
251	476
36	625
527	726
403	661
270	414
312	421
269	644
142	166
182	636
375	622
690	749
143	753
30	552
726	748
221	557
338	652
27	108
43	772
249	720
116	166
36	294
187	331
177	606
64	412
141	290
302	502
493	689
575	674
108	166
12	390
113	593
110	339
45	757
78	112
23	657
9	663
598	627
325	423
730	733
78	255
362	434
126	782
249	474
442	621
22	338
344	576
332	649
158	614
316	669
365	696
702	794
528	713
255	600
166	704
36	654
7	557
282	584
78	346
603	790
94	676
154	545
107	440
199	356
41	50
97	661
635	664
249	642
154	334
392	634
80	618
18	346
499	729
41	597
450	536
2	609
180	713
206	251
361	738
154	787
5	6
98	189
5	687
0	718
480	689
359	706
26	373
11	386
209	243
290	470
403	452
230	790
284	337
416	520
26	140
44	215
428	728
264	520
8	573
524	792
202	666
133	618
598	611
609	708
300	504
422	529
151	775
128	412
142	627
617	777
218	747
195	725
43	175
256	299
212	558
339	658
418	685
391	776
54	713
32	682
384	569
297	377
47	631
692	760
520	744
108	113
334	667
733	764
90	618
60	743
579	620
337	742
123	207
6	201
288	623
172	196
222	249
518	788
85	429
111	487
412	568
339	689
62	100
686	745
50	360
168	462
167	529
10	436
529	652
182	352
88	280
64	210
242	323
158	586
452	522
314	439
385	499
277	497
32	243
234	717
314	750
248	756
432	748
193	285
22	583
20	349
240	593
192	791
425	657
192	645
468	612
305	354
95	450
593	773
72	278
138	679
632	663
69	308
114	462
541	681
58	283
42	591
320	796
381	441
298	353
321	566
527	645
452	592
72	517
319	691
430	532
370	444
471	511
275	565
203	499
637	754
289	475
152	731
156	373
277	432
520	741
228	798
257	481
234	454
298	433
213	639
22	740
158	356
139	167
550	568
589	694
249	789
298	584
528	672
213	547
72	781
277	498
245	569
107	503
231	475
115	140
282	312
71	438
83	601
539	651
405	700
37	62
472	560
41	90
121	613
272	633
111	553
64	551
234	516
147	689
245	609
399	484
699	722
300	310
611	748
108	320
413	743
213	757
330	780
298	327
195	273
244	697
92	172
285	379
157	286
726	744
370	488
519	737
657	767
111	614
155	287
114	622
189	722
133	737
311	484
84	108
747	787
256	439
195	764
539	713
324	455
347	604
24	382
376	403
516	753
442	679
259	538
494	784
502	794
259	261
223	510
80	191
508	776
304	468
426	627
41	309
61	310
483	634
196	597
87	142
49	799
173	236
486	698
110	555
239	671
365	655
242	590
212	281
560	614
643	769
295	612
538	759
170	419
60	181
152	325
88	522
187	594
450	615
356	421
169	194
119	448
25	113
466	508
118	655
12	237
704	750
47	731
388	742
35	188
512	651
63	279
72	229
312	567
473	621
95	398
87	348
318	589
404	630
476	507
345	348
67	752
577	662
357	579
183	329
72	542
303	443
374	482
470	511
47	185
133	413
171	653
15	483
300	592
143	269
134	658
393	679
488	502
276	303
180	659
352	485
109	643
117	683
28	235
415	458
352	590
100	428
570	709
137	433
37	527
195	786
198	316
476	623
5	579
399	714
147	282
79	552
468	619
705	727
223	757
223	507
297	480
129	420
31	518
233	240
1	65
291	329
206	671
258	406
298	707
167	407
34	248
234	351
446	711
363	652
530	738
560	670
264	465
359	583
193	585
372	424
348	698
438	693
59	230
53	765
112	383
87	533
462	618
486	489
445	459
399	573
35	697
148	375
201	787
147	656
584	689
301	592
176	277
353	645
233	622
291	501
199	798
174	358
193	581
368	789
234	522
420	528
292	597
290	444
86	722
172	593
598	653
154	230
29	486
516	562
92	161
688	773
205	503
367	439
475	522
217	390
283	616
242	501
31	115
68	677
250	668
212	448
716	782
200	594
96	305
623	691
395	706
531	641
14	465
188	198
43	234
127	590
242	493
78	173
201	338
143	624
556	728
300	462
77	233
281	444
453	647
283	619
136	267
11	455
290	529
195	779
185	723
334	747
663	742
536	684
166	595
351	557
142	165
364	666
430	742
497	574
116	706
582	700
348	476
190	304
766	776
326	739
350	577
176	283
661	786
580	780
128	235
485	583
449	792
195	440
33	79
261	401
115	183
384	628
638	763
160	405
290	772
135	172
215	692
466	781
180	706
306	443
378	519
349	655
349	432
461	742
767	774
243	492
375	771
575	618
729	793
211	447
85	238
3	480
40	373
239	686
11	741
285	595
311	605
368	614
4	365
96	304
508	518
286	763
708	713
91	686
353	753
281	703
447	648
530	533
117	772
304	585
409	582
514	671
618	696
431	503
43	453
50	554
275	678
285	484
60	403
168	242
374	682
85	379
290	535
739	757
353	479
133	539
122	668
247	441
432	749
444	788
81	531
34	190
303	540
371	419
632	766
360	513
81	772
429	463
355	364
637	716
224	570
528	665
2	733
13	682
76	524
173	519
163	186
614	619
438	762
201	614
400	597
760	780
423	698
694	717
478	780
317	778
700	770
15	325
789	792
316	770
336	772
466	742
636	646
19	449
171	736
86	604
76	618
423	758
217	653
398	498
728	750
46	420
118	519
403	733
402	513
67	690
485	543
500	781
76	499
350	684
86	784
335	636
424	466
102	213
305	603
666	768
226	752
303	712
132	265
177	614
65	604
159	642
22	351
580	679
130	331
456	542
90	215
104	771
2	626
27	386
388	585
188	708
255	760
361	579
324	515
208	477
724	765
289	799
110	415
44	558
450	770
69	724
121	129
596	691
222	386
149	579
265	319
197	577
578	725
261	416
37	484
28	713
16	665
187	269
286	589
257	682
153	691
20	678
223	699
587	705
282	619
335	344
25	497
98	358
14	265
265	760
286	577
406	672
91	380
499	735
187	709
534	593
155	397
487	795
398	690
31	690
438	646
453	751
292	362
22	366
255	799
167	575
64	720
382	527
129	402
160	559
75	234
427	541
490	739
235	727
42	169
106	556
296	798
236	264
156	274
51	291
126	489
268	693
362	635
426	552
18	290
135	169
347	390
205	733
489	777
157	244
114	115
556	739
240	639
354	396
131	622
126	203
442	479
6	362
190	545
224	510
521	658
341	773
475	619
529	639
335	360
551	614
148	389
108	530
268	674
662	719
600	719
708	796
136	695
57	289
288	429
408	742
33	57
99	723
232	514
9	569
716	766
386	496
442	601
130	524
356	402
183	344
214	521
116	479
379	667
159	310
38	125
425	572
36	108
53	408
149	484
215	790
253	558
3	312
448	704
76	307
614	718
4	12
366	738
229	286
127	379
38	171
140	439
453	699
158	662
11	450
516	715
20	758
381	687
243	687
278	513
175	437
522	646
668	709
299	624
560	631
210	586
103	467
357	467
275	407
428	496
192	423
228	260
669	694
216	762
67	637
408	770
228	293
139	342
227	351
332	371
121	758
205	545
466	733
242	683
132	148
256	508
316	594
83	283
195	630
86	684
199	237
63	650
322	705
238	693
192	207
273	458
229	505
204	722
309	483
347	554
532	771
45	359
380	406
296	720
251	748
166	674
468	506
92	679
320	385
441	496
95	400
453	626
399	746
37	798
364	518
66	377
319	346
230	312
355	436
9	228
360	597
233	738
517	679
472	734
557	629
189	333
316	445
86	546
129	454
188	484
321	788
209	541
510	741
181	356
96	146
457	675
378	797
209	581
49	327
99	687
28	326
76	173
543	724
260	347
75	397
470	662
270	671
87	133
208	707
583	623
276	476
246	343
452	646
290	768
366	707
336	799
520	648
120	202
172	780
18	27
367	721
772	796
101	192
456	494
43	593
209	471
77	491
114	323
578	667
399	706
162	296
278	729
45	731
193	710
399	678
163	763
7	762
536	780
23	718
248	524
237	241
648	673
334	371
198	245
159	474
289	618
387	626
128	779
164	214
256	490
209	501
141	399
371	557
253	658
425	755
113	244
577	746
18	646
108	155
279	788
147	206
88	356
186	503
359	432
491	498
296	403
160	532
66	797
433	709
718	765
56	460
72	443
66	316
284	757
146	593
469	743
586	752
512	533
31	477
23	64
771	789
33	172
349	449
160	468
616	727
555	586
136	456
354	456
44	553
158	744
331	354
433	521
128	797
18	506
480	709
191	787
413	437
488	591
136	744
44	721
174	406
83	737
39	673
34	743
22	41
7	336
357	619
90	504
63	549
183	614
33	662
231	733
249	703
143	505
439	461
173	181
315	589
409	485
306	641
493	773
316	353
7	221
419	791
66	725
431	685
429	620
399	541
177	285
226	228
15	746
80	488
186	247
577	663
67	228
158	760
205	701
6	371
282	425
694	695
20	350
357	758
439	759
235	412
241	399
284	501
473	748
176	444
280	746
10	246
516	641
98	224
415	736
319	720
118	525
193	427
50	524
474	707
89	539
426	692
472	749
743	767
165	615
212	266
133	186
702	773
562	736
399	453
128	480
257	274
530	793
282	284
278	706
257	610
306	764
493	580
569	654
111	597
100	493
574	731
233	370
334	787
504	681
57	624
511	674
585	655
1	478
227	557
180	452
329	734
487	639
135	376
17	39
127	748
632	791
38	732
106	174
441	677
201	556
340	642
330	343
82	368
628	661
112	228
16	669
494	770
122	409
387	796
300	376
196	500
196	389
31	410
23	242
319	607
324	604
237	599
95	480
381	448
529	532
91	603
65	543
424	739
10	731
23	722
383	512
290	643
80	730
136	739
247	560
500	517
624	636
191	750
222	374
445	737
300	687
528	767
302	573
109	632
402	404
264	299
164	303
100	576
442	588
335	634
132	371
226	356
558	656
442	636
61	654
437	749
48	130
401	486
331	380
613	679
46	170
225	729
331	737
391	602
189	783
58	387
27	329
53	546
109	520
453	715
204	662
51	308
424	496
161	221
300	450
351	757
18	421
442	609
317	683
145	461
285	495
0	309
330	414
183	652
387	396
393	460
559	662
267	529
158	583
96	176
173	400
424	644
417	485
390	531
2	758
53	780
159	632
491	540
408	704
91	289
349	375
103	315
578	593
229	486
481	651
332	516
455	799
476	708
605	776
399	684
252	340
183	414
105	283
510	596
319	453
62	314
572	707
65	469
312	578
535	741
182	349
198	377
723	729
298	373
545	634
102	219
376	666
6	470
335	669
369	600
397	707
449	642
438	531
119	485
235	763
434	563
460	647
191	285
164	206
467	480
399	626
457	764
185	433
131	722
366	635
13	65
484	656
329	501
234	419
622	699
767	788
420	457
115	483
298	579
494	643
32	146
136	173
246	338
145	271
649	737
366	695
276	379
701	718
160	197
377	483
181	418
210	364
314	392
101	401
586	713
261	562
234	758
195	489
70	356
73	775
663	751
17	246
424	690
135	589
30	682
387	636
328	340
413	486
555	709
117	324
31	774
315	412
38	151
473	753
124	738
519	655
473	531
264	445
498	571
312	358
185	268
105	688
463	480
458	565
561	718
536	620
486	661
13	472
559	645
410	677
34	419
170	297
196	410
213	393
222	779
486	588
385	431
460	590
36	62
534	596
161	393
143	726
299	416
19	235
123	350
460	485
428	689
580	666
261	607
737	766
84	778
20	644
274	542
17	40
100	381
375	464
1	223
29	735
284	739
193	281
192	452
155	177
208	382
108	620
6	394
103	152
755	765
188	645
252	377
276	759
188	392
71	336
117	258
510	750
345	786
50	436
229	697
496	709
2	449
38	405
778	796
282	682
201	411
603	775
683	763
53	474
388	412
48	753
3	106
433	572
156	589
635	753
348	691
229	549
57	568
430	701
332	468
386	488
118	517
310	409
295	780
202	531
368	708
369	791
103	522
234	756
73	674
675	705
141	209
207	334
113	124
436	611
299	795
430	436
277	681
172	268
92	111
557	627
147	480
5	89
257	777
133	562
65	337
451	471
209	228
218	721
574	738
362	510
104	222
646	749
449	607
417	604
148	349
387	651
95	167
603	697
52	238
159	496
623	624
19	43
118	252
182	616
21	379
234	433
231	484
641	758
3	659
469	788
591	684
557	715
199	532
1	405
144	216
287	318
549	670
340	405
440	703
132	503
84	798
545	585
22	336
369	467
584	749
111	326
309	536
101	465
84	644
484	663
212	710
243	498
126	486
302	553
253	583
524	650
468	533
143	627
83	302
177	355
105	756
85	488
520	724
143	252
247	644
225	583
142	325
145	568
85	138
56	768
169	546
548	703
376	398
119	212
182	474
212	716
132	420
10	693
276	343
285	513
152	468
313	322
132	134
154	512
144	152
205	312
198	443
532	691
495	757
480	739
333	769
708	717
59	368
543	669
139	321
385	444
542	777
39	428
652	737
356	762
258	748
374	413
539	644
247	473
200	698
50	76
54	311
123	542
122	175
214	424
136	177
108	142
211	510
408	410
209	749
197	270
611	771
201	223
231	416
88	690
342	576
285	478
179	277
186	268
136	176
100	442
205	751
60	754
92	220
213	607
145	659
570	720
86	307
62	358
45	206
590	730
50	787
34	791
13	271
4	33
227	263
131	593
192	501
491	686
162	381
368	524
106	440
124	567
323	428
161	702
58	718
188	225
410	490
453	454
116	229
221	626
535	571
305	379
224	465
255	610
263	578
81	757
584	695
344	628
151	621
161	529
541	724
54	210
281	678
344	684
78	478
109	440
496	701
68	550
150	253
416	497
87	553
32	306
424	543
51	581
80	468
52	237
569	679
10	248
347	356
547	658
119	748
51	717
364	443
372	552
197	580
242	394
108	269
260	381
134	193
151	789
459	580
130	498
130	656
486	617
62	323
191	478
101	253
110	464
456	652
278	610
299	507
255	627
317	781
610	758
289	325
248	520
163	716
103	754
193	195
621	756
197	566
547	775
407	713
97	513
38	265
11	680
393	394
90	664
148	693
501	664
107	629
82	278
142	448
737	738
126	358
591	744
304	323
112	705
478	642
189	202
541	579
140	553
84	612
118	456
347	700
67	607
99	301
63	707
69	659
230	585
9	604
180	447
82	143
17	182
596	637
312	568
61	459
313	383
464	697
524	772
636	741
498	565
525	732
531	617
178	613
508	616
285	334
10	186
778	799
441	741
209	210
525	776
242	584
142	645
9	544
287	600
462	543
21	417
298	303
106	493
222	503
333	575
282	325
337	729
603	744
434	608
237	329
395	533
288	765
364	757
39	346
218	781
296	377
212	297
188	658
497	539
422	581
119	183
18	470
45	167
107	334
26	384
26	350
133	449
200	283
96	547
208	593
478	562
668	747
280	561
198	345
13	368
41	128
197	469
77	675
168	380
430	684
170	700
240	384
5	109
307	798
9	789
115	782
3	709
340	583
473	535
279	285
541	630
268	405
336	570
57	347
264	463
347	364
228	540
108	283
328	489
385	767
228	460
191	749
596	683
311	612
402	610
436	685
250	638
118	652
206	307
426	597
206	226
173	240
6	213
53	484
104	742
50	594
153	514
372	385
69	319
308	724
158	322
679	773
440	524
163	654
206	638
217	369
220	706
297	442
218	392
165	301
0	63
90	489
3	53
437	556
750	757
469	514
95	130
82	756
292	718
233	785
127	222
364	487
406	559
316	730
214	525
20	391
73	737
623	789
14	492
380	511
405	754
113	125
105	447
50	791
55	711
237	778
4	263
277	579
321	749
242	773
130	749
346	771
300	644
80	520
229	451
440	544
357	710
703	763
545	784
144	752
231	611
59	202
206	490
196	670
13	320
619	726
38	290
20	79
149	473
382	726
357	741
674	680
638	742
226	798
95	132
591	614
38	667
235	552
191	546
13	649
255	792
34	663
184	621
120	468
433	641
65	459
303	389
232	323
1	4
167	698
87	457
31	119
182	713
294	324
110	295
5	38
3	294
505	666
409	512
445	775
508	782
28	201
182	539
103	436
66	737
166	767
189	191
194	765
102	556
87	544
183	491
662	667
557	620
274	508
244	321
467	604
395	414
297	553
39	353
29	217
114	193
197	358
374	521
433	515
27	138
137	637
72	247
30	589
579	766
124	706
176	189
783	793
161	480
151	601
369	619
500	723
156	552
492	590
296	628
458	517
321	506
284	598
522	761
669	790
123	227
445	676
87	297
248	271
38	245
567	594
5	60
45	496
173	433
187	431
275	702
342	395
132	441
294	655
409	484
115	157
91	576
295	713
207	580
732	794
73	693
334	697
21	208
238	783
12	142
52	513
214	534
231	403
121	482
583	783
301	479
59	538
651	772
299	307
45	295
135	265
294	387
3	59
24	538
395	543
270	577
228	799
755	762
398	689
132	581
378	605
316	749
334	682
48	430
193	750
435	455
151	738
183	724
167	770
229	447
223	652
366	568
443	704
669	738
257	515
262	732
171	482
555	706
383	588
618	768
112	319
210	748
34	373
77	242
325	488
388	758
277	784
156	523
209	737
215	688
215	628
259	736
36	540
204	664
271	556
235	389
78	587
196	519
285	297
150	788
469	773
117	353
12	617
558	567
604	607
316	413
189	563
494	614
283	535
222	708
212	358
27	234
44	131
179	268
24	760
81	336
136	344
144	262
345	693
292	683
120	628
584	675
162	202
211	316
271	619
74	501
671	732
702	739
178	471
297	486
296	484
18	518
217	375
608	616
197	565
72	118
48	583
93	717
56	88
247	611
144	240
64	756
439	542
71	274
487	759
90	97
369	687
263	448
449	500
408	625
6	550
53	517
286	594
426	480
164	356
585	789
536	745
284	482
43	524
244	588
131	693
107	373
161	411
163	503
281	391
142	344
261	641
217	601
189	588
165	282
463	529
681	795
25	161
89	379
236	591
25	552
401	724
545	578
372	793
120	250
124	497
37	500
505	702
646	759
145	262
178	409
258	747
173	461
576	738
225	229
105	304
365	748
248	283
28	664
268	421
115	335
425	471
207	515
572	745
205	395
493	500
356	700
376	386
594	648
292	403
632	646
596	643
274	308
621	775
313	690
212	774
301	627
245	267
307	422
15	116
236	651
462	517
334	709
609	663
482	511
280	704
173	294
650	741
227	342
489	574
538	608
357	689
45	428
305	445
124	376
322	678
14	419
168	455
117	581
82	113
102	496
429	622
572	701
4	249
238	690
149	198
573	743
346	595
140	253
75	740
298	395
353	586
36	134
74	740
346	677
64	744
606	636
245	736
332	771
767	779
115	195
295	679
332	713
12	794
206	274
209	283
284	298
80	258
340	594
326	694
575	646
576	770
196	219
103	634
75	583
730	748
350	638
458	580
467	663
438	701
114	477
121	204
264	450
344	737
180	237
209	446
278	353
96	310
439	722
388	514
765	767
78	461
256	445
488	577
486	596
139	434
82	395
19	132
205	223
193	456
237	245
101	137
529	570
500	791
331	726
107	412
195	519
79	475
88	629
240	774
32	664
221	362
627	634
6	189
217	779
74	277
59	252
627	671
230	366
206	497
545	679
164	795
11	523
463	567
127	360
102	187
146	164
197	674
350	643
722	767
4	510
144	756
234	751
300	668
211	605
145	450
102	776
225	249
220	736
487	653
233	563
220	559
532	637
132	790
425	613
5	534
142	371
152	369
106	397
192	602
59	643
5	75
373	588
354	686
653	665
161	510
247	462
104	753
40	94
21	605
766	768
231	357
371	471
466	778
509	747
92	353
19	613
190	308
47	327
245	295
256	736
366	396
225	731
13	579
23	360
360	521
85	340
599	761
423	683
51	486
226	682
360	553
78	586
503	737
27	796
336	499
103	633
321	565
206	406
467	783
452	477
171	755
549	771
302	602
81	639
138	464
2	392
705	795
694	754
375	742
271	680
45	355
25	785
240	340
777	790
171	651
534	677
437	531
136	616
420	685
507	527
47	361
114	140
259	475
276	500
171	710
34	379
140	358
115	789
100	106
113	116
298	717
375	679
264	416
130	678
214	384
414	511
36	658
215	417
629	795
152	763
12	58
440	648
17	628
330	383
102	736
10	190
580	649
258	387
28	708
22	797
28	711
242	408
239	361
334	628
115	548
38	558
48	446
761	791
44	686
43	306
498	559
459	683
440	541
402	588
149	307
433	437
487	712
521	764
451	534
472	475
351	460
192	483
140	663
428	633
97	521
114	749
320	341
161	487
235	281
140	630
117	226
54	486
207	419
75	448
597	697
353	738
18	115
39	722
398	759
326	725
2	338
217	348
196	580
673	678
64	682
383	452
217	758
142	581
103	228
376	501
197	332
266	438
144	490
41	95
311	661
372	737
436	650
205	250
178	285
199	451
63	252
410	468
168	405
46	212
223	376
170	431
28	187
261	422
231	535
57	488
93	445
204	346
224	436
304	588
650	667
326	539
323	762
23	121
581	745
242	640
45	299
334	756
480	587
215	761
214	230
433	615
180	434
245	298
125	164
83	767
188	552
621	754
189	798
183	600
249	589
71	707
235	447
500	789
432	554
47	791
587	760
227	668
748	765
221	691
285	695
35	657
320	525
76	79
99	213
225	750
79	554
31	127
152	634
323	473
316	519
26	190
244	654
14	267
570	713
563	751
3	96
101	271
530	661
47	140
488	699
60	176
503	647
288	580
242	775
56	750
618	750
532	575
42	187
189	258
212	785
154	765
503	670
221	408
10	258
391	792
66	205
270	437
149	672
271	421
372	549
132	252
108	341
81	520
207	355
67	445
71	583
337	798
33	82
19	540
457	748
127	630
287	633
173	302
55	87
73	186
262	653
171	319
179	535
72	237
94	127
241	708
112	692
419	741
42	555
305	356
19	673
40	740
87	243
157	322
189	764
375	563
18	404
139	165
310	574
307	505
471	658
714	756
375	709
331	483
15	697
464	784
10	298
568	688
215	550
287	703
453	700
121	199
531	652
703	753
50	335
431	782
69	258
56	737
166	697
71	452
241	613
536	627
7	148
17	162
223	244
344	575
230	302
110	649
140	412
22	138
367	414
175	534
62	207
231	311
360	626
375	620
599	730
20	275
377	499
160	213
154	651
60	336
41	645
503	601
575	633
14	56
518	644
455	467
45	328
220	419
575	645
611	710
92	593
35	104
225	523
113	674
366	774
651	658
58	722
215	794
174	530
118	772
221	255
552	734
231	594
146	373
190	214
110	672
263	796
172	795
183	650
396	465
19	418
248	749
24	412
177	461
622	694
497	698
47	420
40	132
175	644
26	573
161	446
509	578
68	75
91	583
254	730
75	723
621	741
163	695
362	399
521	772
175	203
53	454
77	301
309	341
397	766
230	628
44	685
69	347
365	450
78	454
53	367
358	677
19	278
502	672
534	726
44	398
300	459
351	525
113	600
532	566
214	252
474	518
112	519
397	547
223	411
294	588
30	448
477	768
157	207
8	613
96	170
170	445
528	548
172	554
261	661
131	659
267	651
469	541
5	433
240	319
443	536
529	791
174	727
183	450
227	273
26	40
457	458
268	367
385	709
516	633
329	394
338	380
62	550
682	747
19	104
322	702
448	753
64	247
435	550
86	168
558	639
282	500
97	537
103	553
370	448
145	749
234	480
155	380
82	122
560	636
85	198
542	721
498	544
342	425
17	64
633	720
155	265
39	298
734	786
275	415
429	516
120	664
595	791
300	750
99	316
60	416
237	742
176	761
204	787
582	756
147	180
40	109
439	543
409	791
743	792
370	694
37	301
244	429
290	542
87	491
384	553
120	341
325	569
391	675
612	678
7	628
256	501
209	300
460	580
126	270
249	736
178	312
478	788
63	343
81	522
225	232
17	646
321	505
283	769
55	212
158	277
599	773
58	560
333	621
452	583
312	462
410	414
329	407
585	731
444	709
678	751
233	559
397	686
302	760
59	306
225	663
111	314
409	751
91	760
451	767
81	198
222	584
305	547
230	593
258	669
181	307
146	404
172	234
577	775
105	168
390	673
379	738
348	568
0	335
62	650
746	784
465	540
78	544
194	440
143	703
107	590
50	272
596	753
70	156
173	286
86	239
71	502
183	426
311	477
124	269
172	516
82	376
160	358
46	436
481	521
209	439
262	404
59	315
171	779
317	350
159	406
228	423
321	686
415	747
220	555
133	746
304	645
75	381
28	621
10	512
334	580
456	586
20	232
2	100
142	690
180	547
165	336
233	528
6	540
179	191
381	656
383	640
127	539
45	536
0	401
415	714
217	798
103	423
10	784
80	92
179	522
114	563
206	746
450	688
721	733
251	677
456	743
643	678
579	650
278	514
142	797
645	785
218	523
68	667
434	525
2	536
506	690
42	174
220	712
252	392
314	370
235	340
38	661
143	304
389	405
137	187
420	600
301	766
60	588
224	607
166	495
219	725
90	720
418	421
351	540
96	291
14	410
633	636
38	497
257	761
14	233
257	315
565	764
148	180
260	394
206	670
332	491
526	591
295	361
143	183
315	378
250	632
542	731
8	766
106	459
93	152
19	650
244	280
65	617
210	582
218	429
231	702
728	732
136	752
236	534
125	462
105	517
341	694
194	218
189	791
486	524
194	311
242	799
80	548
559	684
8	279
346	470
263	735
373	479
220	558
303	590
144	292
560	616
617	654
51	393
354	742
263	388
548	759
637	689
25	44
618	644
617	738
313	538
85	376
68	249
82	771
367	629
298	435
398	609
467	687
87	607
299	641
114	327
671	797
166	470
272	674
182	243
112	757
556	568
10	482
323	759
517	690
344	455
245	469
423	465
341	774
177	489
7	288
62	663
5	206
306	324
360	379
93	230
459	528
325	784
26	703
369	674
67	747
283	727
121	392
156	242
348	427
531	796
462	494
648	769
35	134
83	673
311	392
165	268
271	536
72	434
115	259
566	570
96	267
310	391
511	685
112	473
416	682
138	655
126	482
523	553
89	247
33	60
204	546
105	257
51	458
300	767
568	632
450	731
61	252
86	523
345	659
137	526
327	434
39	751
165	376
445	496
373	514
417	798
46	688
92	642
189	195
96	554
489	528
45	505
1	438
100	474
404	637
158	317
110	274
84	782
48	628
310	314
44	588
459	650
159	434
119	476
392	561
210	667
593	671
21	771
267	483
367	415
32	456
334	622
653	674
462	521
659	660
386	470
164	718
16	511
309	598
102	111
346	600
265	331
151	665
268	594
371	500
420	486
248	259
527	771
122	713
61	593
31	622
21	505
87	542
535	674
117	371
701	713
332	374
366	455
17	357
64	545
246	453
321	536
125	266
191	389
555	583
16	238
10	670
152	570
43	228
565	639
76	563
661	686
396	559
508	773
408	505
69	784
156	240
614	791
3	200
44	752
11	521
273	527
39	539
144	730
125	699
738	751
416	513
191	406
176	734
164	385
84	667
232	485
29	748
103	199
214	399
114	148
107	227
223	766
341	461
37	320
386	756
399	713
292	582
367	484
113	184
82	514
560	754
603	698
245	433
693	785
124	585
47	61
167	321
115	200
317	625
205	679
329	798
282	741
99	496
531	788
510	634
626	755
164	405
35	390
4	711
146	353
177	471
92	696
237	410
22	167
83	296
106	678
53	656
83	241
315	685
153	507
43	742
380	601
28	625
209	772
203	252
425	521
592	598
194	318
539	584
419	456
278	426
658	712
567	617
413	725
337	525
220	577
425	501
708	739
198	373
189	190
305	435
144	202
18	580
114	138
71	663
496	799
314	369
108	125
243	706
599	757
219	373
89	104
547	682
182	251
475	796
154	682
507	782
314	575
29	83
377	785
434	627
158	288
145	757
7	131
414	699
691	701
204	724
96	246
443	512
202	568
92	451
356	503
43	432
267	404
547	770
542	614
459	703
60	538
3	578
292	594
215	720
54	189
78	559
179	257
250	596
369	776
620	740
609	738
37	583
408	427
176	361
261	696
577	623
431	598
209	608
273	620
31	562
322	442
224	504
309	642
86	427
279	357
203	340
309	457
251	506
3	732
121	756
58	563
3	771
428	526
248	367
608	709
561	738
60	603
339	407
292	674
734	772
407	478
221	400
75	329
24	83
249	259
292	389
125	483
674	788
182	292
33	113
58	682
452	563
588	610
109	728
208	569
254	367
280	706
610	780
239	534
692	712
192	585
329	372
149	560
138	647
433	708
100	207
49	571
67	756
23	753
201	704
634	669
206	703
482	788
139	662
393	648
622	669
337	603
86	519
502	561
380	737
43	555
168	591
119	271
107	281
210	429
72	465
285	792
118	609
456	716
624	709
170	451
177	662
626	772
329	408
350	452
277	403
98	598
104	518
147	623
627	636
562	647
23	496
153	610
169	228
479	505
75	76
478	579
599	731
64	499
344	572
561	580
357	719
156	480
121	235
330	686
455	499
45	161
670	717
452	514
483	746
318	660
25	239
77	277
241	322
415	695
34	547
147	679
535	568
215	377
568	586
373	594
61	754
12	224
284	487
20	68
229	737
148	554
190	535
9	346
139	759
534	650
444	784
239	453
623	687
628	680
256	329
80	770
466	491
314	396
395	735
145	555
393	432
472	499
191	618
20	509
171	447
150	672
6	597
166	225
386	674
333	387
77	553
673	758
351	479
245	536
257	527
240	514
487	673
280	641
23	702
54	288
299	585
131	640
198	389
55	793
151	154
636	726
87	707
67	287
300	632
407	694
470	702
738	762
27	443
283	469
74	181
253	590
242	513
131	246
546	705
76	732
71	365
15	707
422	648
35	752
174	542
453	754
225	341
142	535
298	392
79	622
45	711
476	552
323	771
59	105
251	311
579	737
233	685
195	772
285	511
492	757
228	665
199	661
599	706
312	503
403	578
509	540
226	497
33	542
397	485
163	650
255	620
95	516
21	657
334	469
311	681
102	663
285	584
672	749
54	395
67	318
233	620
561	696
550	734
532	768
65	243
425	574
666	718
527	715
614	753
589	795
113	537
42	151
380	763
157	495
288	747
49	701
171	638
344	748
122	313
561	592
6	134
348	527
46	768
61	219
246	723
584	739
116	429
196	426
72	543
43	292
574	661
22	260
74	637
362	785
63	548
473	684
452	587
92	239
171	497
163	189
226	454
428	601
563	761
129	296
28	168
131	354
768	782
83	773
352	651
210	221
15	719
16	62
358	630
445	452
284	336
505	634
363	587
66	474
4	339
284	747
447	779
322	556
772	793
564	734
287	463
223	687
147	375
294	328
371	712
28	585
210	294
276	750
166	338
138	791
200	583
103	596
315	334
103	451
72	124
394	514
519	646
298	497
160	686
233	546
194	382
228	396
99	780
139	418
203	304
96	142
571	619
235	731
252	457
571	728
356	385
36	393
311	436
126	688
2	388
109	602
245	441
483	485
223	765
91	671
135	473
62	433
551	640
132	614
476	679
686	796
94	570
140	259
360	716
401	549
70	340
166	281
11	499
314	560
529	643
497	644
89	346
252	425
384	586
109	278
218	480
266	409
24	761
338	543
708	763
226	343
556	718
472	551
671	785
540	734
16	576
62	176
47	649
566	730
457	788
147	421
220	705
322	611
342	798
10	565
269	337
407	620
107	778
380	674
143	270
184	193
314	496
201	746
442	483
128	636
36	186
143	644
33	727
113	399
34	245
102	491
325	669
629	710
532	697
430	569
365	596
336	393
355	546
60	770
109	294
517	793
79	225
48	411
289	634
384	454
594	779
60	772
424	683
536	755
622	789
628	746
120	772
52	295
54	736
8	772
264	589
476	765
237	311
234	408
391	616
410	779
68	90
83	637
425	779
214	234
785	794
428	789
404	633
144	596
392	779
122	421
111	367
91	365
503	736
196	395
66	549
452	667
116	769
403	672
558	597
78	330
9	477
757	788
517	728
403	432
722	751
46	770
85	513
267	462
339	520
209	597
2	484
238	460
474	552
48	711
344	691
359	776
691	753
173	413
232	695
66	635
396	544
118	494
282	577
74	219
202	231
316	746
314	347
478	747
388	588
466	649
349	697
433	725
342	365
305	360
629	641
287	465
389	780
172	351
99	632
232	690
722	735
714	795
258	749
78	115
631	775
93	147
75	685
225	591
584	770
402	579
443	740
205	468
228	686
667	684
769	770
360	653
144	785
394	580
523	768
575	634
441	593
602	651
48	154
78	132
604	722
501	653
322	628
156	481
93	302
115	498
303	734
209	251
349	423
279	446
374	625
96	314
278	516
89	153
86	372
177	707
196	438
387	394
636	778
224	761
216	395
221	513
297	636
272	454
43	666
498	640
414	576
682	707
644	725
500	652
116	412
295	510
81	590
119	636
79	249
572	632
93	755
214	451
136	788
572	639
30	688
472	506
119	424
580	723
458	758
587	761
425	556
516	679
158	683
81	640
122	797
233	503
168	677
18	283
372	765
13	221
631	740
48	474
12	259
348	774
160	455
391	619
112	715
82	420
345	773
158	274
518	787
466	469
731	773
118	442
525	656
94	666
94	361
101	379
219	456
442	772
368	589
99	689
67	738
463	671
753	761
95	384
90	607
83	509
416	751
96	460
423	675
122	725
457	643
347	402
121	240
548	667
201	382
67	245
144	524
84	627
392	499
214	292
305	612
65	194
463	603
329	497
275	762
218	224
289	605
138	785
100	789
360	387
176	414
188	323
521	566
244	655
242	277
18	692
66	123
278	505
334	594
423	756
212	236
342	418
119	331
406	540
45	724
574	769
5	209
238	349
428	467
296	743
513	686
465	640
279	738
116	472
146	518
94	750
92	469
19	537
71	516
169	294
77	288
62	194
135	725
276	599
514	624
67	308
351	511
248	786
377	452
352	666
221	427
198	330
114	139
23	344
407	533
480	570
526	635
17	585
21	742
461	649
574	578
225	238
252	487
212	361
350	352
220	684
347	437
343	496
484	538
200	305
29	199
298	425
367	545
38	509
131	523
225	441
566	655
89	659
631	677
251	293
73	697
704	743
426	701
619	664
210	331
343	479
54	349
203	730
94	429
178	547
142	594
267	568
122	767
430	626
105	131
89	601
248	700
174	221
46	130
237	314
244	524
307	429
499	511
251	776
71	416
493	595
71	499
300	698
538	606
237	306
26	558
471	666
76	241
290	648
463	549
117	671
274	574
568	759
221	276
446	782
176	268
198	750
21	621
183	562
427	784
20	613
352	386
343	357
667	792
38	490
81	277
142	422
354	455
14	728
93	161
271	621
112	426
140	377
360	752
374	520
391	569
244	352
379	640
436	777
89	795
104	171
345	789
168	207
456	703
241	671
11	32
2	296
93	158
339	429
21	346
49	213
271	514
413	567
5	177
141	245
148	261
256	771
241	354
40	474
38	792
292	795
249	725
6	607
79	349
608	785
450	497
304	498
276	484
339	674
226	669
167	524
96	399
296	536
350	450
99	576
49	289
469	767
59	375
153	173
31	759
122	659
509	710
207	426
476	787
638	754
507	626
37	305
405	519
260	302
491	776
541	560
263	768
14	160
96	269
586	591
358	402
463	761
454	666
191	564
100	786
296	407
56	210
360	576
164	729
316	405
396	506
340	522
579	660
78	655
265	458
98	429
326	672
271	410
359	362
84	328
106	163
382	502
194	222
197	394
392	755
62	102
94	635
19	796
23	289
36	505
298	650
69	760
40	353
6	704
400	488
208	607
444	718
505	640
611	724
601	621
34	495
218	675
280	475
488	768
227	627
99	698
86	404
106	567
11	796
234	728
234	722
230	544
62	430
627	662
10	120
71	678
143	405
682	760
580	763
285	783
107	455
223	751
95	321
499	611
505	650
606	664
494	613
50	616
198	275
44	615
31	205
44	571
512	559
298	503
499	745
2	781
48	762
339	497
170	258
143	206
179	362
216	594
231	425
187	549
262	647
191	211
206	441
56	174
120	228
15	636
342	617
176	180
352	519
203	779
153	379
152	290
320	362
231	233
438	502
71	343
17	665
69	597
550	708
67	683
398	450
18	232
451	673
20	304
291	689
156	711
380	502
328	746
588	708
307	391
531	579
698	731
272	356
145	394
147	602
17	611
337	610
196	362
478	784
178	720
363	678
354	484
492	783
171	560
195	681
394	670
0	674
282	711
509	558
543	781
28	495
602	725
224	530
63	315
164	470
398	661
280	567
150	321
9	370
257	579
56	187
83	388
200	543
616	715
19	55
174	700
244	703
314	588
453	549
104	770
511	609
200	433
310	480
353	747
225	479
258	269
102	698
213	278
567	684
320	776
454	668
99	494
256	689
291	514
288	333
41	500
343	400
132	557
523	735
651	663
71	544
146	594
398	673
516	758
431	522
541	675
292	440
489	732
495	529
8	140
398	414
288	298
191	388
91	407
461	756
640	689
62	431
157	621
150	645
252	552
18	398
177	422
761	766
152	255
32	497
251	746
162	390
295	393
499	715
721	761
330	701
12	124
138	459
520	688
201	247
42	601
316	708
319	738
122	231
231	760
181	694
61	308
210	415
411	636
33	121
542	756
94	182
327	352
422	514
87	438
94	398
107	144
148	244
343	601
421	689
395	781
77	172
468	550
172	736
130	493
27	777
445	779
31	675
441	449
323	348
384	652
41	119
528	563
284	796
660	666
395	678
13	236
59	87
333	592
574	774
47	311
694	737
54	687
485	727
531	780
229	405
118	604
448	611
132	655
175	621
168	353
445	751
200	446
295	551
104	685
133	744
353	683
414	688
185	532
152	464
614	660
166	330
396	676
236	788
578	629
93	662
166	403
531	650
419	770
15	571
25	772
73	502
375	653
374	727
694	711
547	602
221	751
147	261
207	772
640	649
4	548
280	328
716	742
405	679
321	697
602	719
344	366
240	462
562	577
378	711
229	693
205	474
546	671
295	509
695	697
339	536
199	328
148	622
183	624
211	567
512	664
217	562
248	775
616	799
8	470
645	770
435	518
25	431
391	620
24	795
379	507
81	165
5	172
20	694
467	772
174	492
502	600
55	599
580	621
165	333
240	760
377	632
532	579
528	575
182	524
461	600
68	771
207	494
169	432
258	519
322	344
518	545
1	734
479	533
250	521
248	731
35	314
45	134
33	516
8	698
516	622
697	731
283	284
309	460
7	232
64	175
30	749
177	547
346	749
301	782
226	672
1	717
37	440
609	687
277	547
181	572
76	737
334	525
479	714
355	408
140	578
585	705
46	710
430	660
534	662
166	393
147	778
107	659
655	765
281	317
675	683
249	276
510	756
159	731
100	415
199	633
344	613
149	559
352	387
84	468
356	586
432	504
17	692
290	617
234	779
289	302
87	346
253	372
180	278
408	660
157	403
94	762
583	694
367	555
221	482
436	599
22	686
305	463
238	255
533	622
2	98
252	612
1	698
386	687
601	617
5	629
533	581
231	409
64	246
161	285
387	536
642	765
252	714
359	492
214	737
442	687
71	731
126	776
212	561
88	613
139	757
108	149
113	673
281	388
67	291
564	759
81	332
723	775
326	443
636	650
624	676
286	599
210	428
607	637
24	589
577	601
167	706
189	623
611	614
192	502
607	640
284	584
49	662
470	651
331	363
468	573
98	357
505	749
371	599
393	465
203	503
191	299
410	541
31	695
256	603
149	542
571	675
32	757
238	739
272	721
453	598
135	706
188	256
480	527
129	164
98	730
391	749
606	795
81	127
80	260
346	750
463	548
109	511
398	774
288	652
381	520
49	363
610	636
377	441
259	416
446	680
263	713
108	547
444	749
4	666
18	53
105	752
367	457
523	732
161	250
436	686
369	533
106	638
124	546
200	745
51	91
223	647
191	638
466	635
465	675
530	651
323	342
561	723
467	692
206	412
93	437
282	686
160	427
72	782
521	735
202	330
323	767
635	669
302	788
569	635
238	644
343	472
48	584
137	477
299	394
193	319
209	503
194	737
94	621
449	562
273	513
108	708
715	760
415	579
154	609
557	672
30	755
253	316
142	739
158	615
530	611
104	284
208	467
492	755
346	751
108	669
608	793
506	518
310	654
153	336
339	452
636	683
11	718
164	509
25	328
604	726
213	738
396	480
133	267
84	386
416	521
397	637
165	271
362	377
5	117
165	505
340	788
82	314
408	605
290	673
400	674
289	326
617	633
179	269
323	594
280	389
253	359
673	683
183	601
19	641
97	155
324	755
229	320
639	710
152	724
550	634
515	757
111	155
51	102
200	612
154	622
573	772
72	185
466	755
498	748
20	444
574	631
91	768
90	707
103	459
245	797
294	437
590	667
232	710
308	794
336	362
481	710
687	799
130	423
92	231
378	683
420	522
90	321
193	539
100	627
451	676
420	523
164	248
587	738
212	630
62	726
210	359
505	725
9	264
660	767
604	788
8	495
363	600
55	779
253	584
434	606
486	787
453	611
509	744
54	167
228	360
61	617
341	478
181	680
247	386
191	399
200	389
51	187
245	520
13	425
31	325
244	323
483	676
16	658
183	640
57	149
714	767
268	477
327	749
255	346
266	766
31	118
189	648
332	757
287	349
271	461
271	418
272	793
408	730
478	585
19	288
250	763
184	563
44	92
408	594
125	170
223	579
407	502
302	611
83	586
230	457
281	394
121	598
57	525
40	711
260	603
232	552
477	635
320	500
114	499
126	274
248	249
60	94
518	765
476	633
520	634
434	720
442	497
97	267
329	341
105	473
117	443
169	589
9	589
340	349
508	720
610	790
549	786
103	485
7	704
173	614
360	691
444	702
294	630
352	778
4	402
103	295
351	795
700	743
412	760
327	469
104	453
229	438
555	707
265	563
718	766
142	529
493	578
125	624
131	557
328	522
258	608
87	743
298	748
390	484
337	602
87	88
83	378
390	572
229	296
350	361
494	758
290	386
223	440
95	548
6	458
714	763
153	577
25	653
240	590
278	607
347	453
100	715
389	668
107	359
49	713
132	769
514	784
167	332
238	792
162	459
167	189
195	200
385	727
7	780
222	227
348	694
3	275
568	617
355	635
54	513
166	617
477	731
242	324
52	343
463	643
7	751
298	403
212	621
319	478
216	784
218	726
340	653
35	215
404	448
33	458
201	779
49	451
240	463
224	263
297	720
537	725
205	508
275	351
22	186
287	684
305	636
221	291
369	544
59	331
171	760
563	710
128	435
7	248
443	586
9	383
312	640
140	614
345	782
181	681
328	590
264	382
58	386
46	432
575	734
302	658
269	672
359	431
137	328
49	59
347	597
333	508
530	792
353	654
499	750
78	293
179	250
429	781
365	592
259	497
38	172
222	539
141	780
298	473
21	407
227	782
2	5
4	722
326	484
359	462
345	740
305	355
86	629
727	751
132	703
65	601
393	487
181	212
55	693
387	581
613	661
257	745
104	439
545	780
84	727
352	612
103	729
276	456
195	678
417	782
323	376
527	539
491	514
167	695
59	156
531	537
502	715
195	659
226	322
258	724
392	412
90	509
138	255
203	524
29	242
22	640
421	696
417	473
402	756
64	448
161	706
96	328
244	463
100	494
111	355
392	458
352	524
514	613
208	618
205	757
171	568
185	189
582	788
68	294
122	700
222	285
134	360
647	726
364	728
407	657
302	749
372	476
466	677
50	385
55	389
65	392
147	782
295	564
578	643
261	373
389	678
33	243
90	278
471	759
142	190
56	116
105	606
138	534
471	701
119	161
17	573
163	571
273	631
296	461
307	322
453	509
679	714
169	744
404	551
98	434
159	254
355	499
31	58
180	617
542	574
394	699
150	212
225	721
283	593
43	46
331	406
38	691
581	628
353	730
609	658
97	168
66	406
141	421
18	354
179	455
583	688
80	754
413	531
470	518
79	117
103	483
255	594
709	756
247	495
70	445
35	666
693	777
205	339
116	786
447	473
250	723
557	582
241	683
85	372
466	744
136	510
394	515
118	279
402	666
297	545
77	326
216	361
249	610
448	559
142	504
139	343
16	247
530	704
149	208
379	705
331	717
379	591
211	405
130	589
618	775
386	733
573	695
342	379
149	451
20	339
374	736
14	130
89	612
254	432
558	623
124	461
279	505
481	705
66	281
639	689
89	416
311	686
14	621
458	647
122	701
325	403
385	792
122	610
281	385
169	454
99	159
100	502
187	291
82	253
298	725
204	738
672	729
150	448
372	454
673	732
182	632
51	740
64	282
200	350
179	410
68	379
213	454
376	445
254	710
508	586
462	793
54	186
495	592
33	798
197	414
390	457
269	763
330	763
294	691
95	259
482	566
529	581
286	321
91	403
415	573
766	779
710	721
334	576
38	358
378	760
53	747
260	629
63	734
67	278
122	143
243	793
519	697
166	297
217	324
84	583
706	766
120	484
129	711
633	668
682	736
295	436
137	427
717	764
115	785
40	224
184	456
104	588
472	706
423	573
172	529
347	348
47	182
132	228
69	349
261	454
90	796
283	401
0	391
14	762
275	769
277	620
107	553
180	440
540	626
165	230
475	592
305	721
343	485
240	465
406	515
303	656
117	557
86	300
93	130
105	662
73	396
300	608
717	727
572	651
281	770
460	796
40	254
296	317
575	744
35	61
415	735
84	475
396	560
291	356
55	190
746	754
103	562
54	530
201	773
228	698
141	195
65	398
150	691
218	550
580	748
359	671
670	739
11	156
386	701
178	382
240	347
52	528
137	579
485	567
90	462
340	585
551	559
285	644
658	711
27	656
33	646
551	767
127	418
63	772
446	628
162	559
648	742
326	501
270	538
258	708
42	486
146	468
503	732
489	506
648	680
191	528
565	750
122	411
9	725
231	351
37	185
244	460
639	700
152	475
100	321
76	515
334	629
346	418
621	635
205	270
328	493
201	498
246	412
359	573
337	568
90	360
359	400
33	719
427	689
333	415
241	663
441	473
686	775
13	498
115	470
254	591
3	681
47	669
443	526
299	460
376	535
63	154
281	290
273	318
177	566
429	785
3	159
460	629
113	576
97	410
103	432
366	475
406	523
210	413
294	411
210	750
526	588
186	415
376	687
426	698
100	524
88	379
188	499
370	682
214	559
54	613
551	691
146	705
383	619
636	705
365	733
82	199
179	449
301	469
510	752
302	327
104	464
183	406
192	659
295	724
88	330
250	486
140	633
156	675
96	501
163	599
252	275
67	349
619	751
273	380
257	474
532	550
87	416
606	671
166	171
468	733
748	760
275	535
180	720
211	408
609	779
98	518
28	482
295	756
371	725
519	782
127	210
279	305
461	620
100	533
579	634
288	292
496	776
443	768
348	510
709	726
39	533
7	438
42	344
44	780
539	564
570	657
198	297
334	588
447	558
512	535
341	690
48	90
175	309
64	740
280	743
85	590
236	451
480	679
553	761
675	713
502	551
78	315
100	237
267	523
249	398
158	464
715	740
195	437
576	753
86	187
204	302
580	622
106	159
241	305
290	634
351	685
187	259
667	757
268	474
85	769
104	450
282	504
227	799
113	527
744	752
433	672
161	375
262	395
258	653
664	793
136	545
104	322
275	363
205	722
92	571
684	777
578	614
191	455
404	481
70	167
490	656
381	470
430	447
463	763
616	721
575	632
57	176
723	760
84	444
127	641
72	694
248	529
112	249
477	565
245	425
408	636
191	300
318	798
326	623
155	761
329	626
139	575
172	519
779	796
336	661
86	328
390	716
327	734
141	161
264	390
84	309
76	662
86	672
31	570
105	163
16	165
276	332
366	780
483	603
69	402
383	680
571	611
186	526
119	733
218	250
225	283
156	763
189	543
346	717
316	628
550	709
15	327
277	482
28	107
256	442
480	629
554	762
18	338
331	466
19	180
695	751
476	742
135	615
256	793
438	702
374	485
173	563
262	458
106	118
482	736
411	789
535	704
223	460
76	759
212	482
136	219
81	560
125	715
110	498
608	684
61	687
517	785
520	698
195	689
123	497
226	589
7	651
624	774
29	106
341	772
332	475
211	235
700	715
247	784
485	602
433	564
122	360
271	404
144	739
477	752
97	780
157	205
50	267
527	561
64	549
315	555
299	636
150	614
250	559
495	695
142	572
92	530
490	558
58	546
21	522
94	252
199	242
61	504
550	740
399	461
548	597
274	754
58	470
373	474
783	794
346	673
270	774
123	226
74	526
309	701
497	559
73	177
123	729
172	679
119	606
82	212
286	798
611	714
353	363
360	460
367	444
44	308
245	567
301	591
638	799
175	208
302	476
468	532
586	708
719	795
97	167
7	219
108	653
148	796
401	424
265	312
72	630
114	788
117	202
485	601
220	467
303	626
30	645
287	441
89	243
15	541
449	661
457	750
251	572
399	415
459	540
107	391
374	447
367	514
248	425
157	170
430	524
14	95
24	224
79	463
217	384
201	307
406	739
658	749
186	219
223	730
270	682
48	679
65	575
96	117
470	745
71	178
310	528
580	714
450	753
601	711
43	374
1	44
192	256
261	451
31	594
497	716
100	414
413	459
39	637
303	676
250	695
461	488
220	579
370	529
229	541
226	451
444	509
451	611
443	562
387	787
259	553
351	493
532	631
394	723
253	317
107	374
53	521
54	571
477	505
177	215
333	785
449	507
8	57
586	661
416	701
343	447
71	209
251	290
465	710
276	392
490	614
135	258
485	662
277	281
245	371
485	529
593	654
46	716
28	387
242	382
275	746
130	180
66	397
276	674
612	717
26	691
498	733
106	795
267	456
160	555
4	624
289	418
204	780
25	679
356	549
440	780
143	201
5	515
159	376
387	468
504	547
112	778
573	697
377	540
435	788
672	698
67	479
564	720
577	678
282	503
301	595
605	673
318	639
131	493
166	238
111	537
54	446
389	553
420	532
235	691
459	613
92	96
152	514
104	164
291	517
642	652
6	664
289	432
131	380
325	670
83	232
148	343
217	252
185	323
625	657
206	376
80	683
590	798
300	396
143	281
212	658
284	627
274	575
41	165
71	669
12	442
2	547
257	526
39	678
448	541
330	659
314	509
566	617
288	365
637	747
488	668
141	638
286	664
207	791
253	370
261	423
386	439
434	532
215	224
86	792
149	732
154	567
582	617
288	506
230	245
336	790
187	280
495	626
30	146
668	775
132	183
491	641
146	342
51	197
199	604
204	743
22	189
32	94
326	482
371	602
103	783
181	518
162	342
55	706
313	348
118	747
540	613
595	648
596	635
162	283
29	590
108	480
616	770
364	746
141	330
443	461
238	596
301	500
152	284
144	239
504	644
84	239
1	118
2	9
10	637
281	312
522	609
457	651
272	557
195	457
82	653
184	595
385	401
389	493
108	262
436	680
545	708
313	403
154	273
295	607
454	553
47	453
543	663
440	503
234	303
179	213
249	366
98	537
330	588
148	166
20	144
457	595
45	416
122	261
372	563
167	603
363	629
3	607
533	551
363	782
184	791
126	530
87	765
19	346
349	729
723	769
212	401
189	350
598	720
452	537
145	390
348	412
361	765
257	509
653	714
523	691
564	736
615	745
284	629
589	793
137	701
130	330
314	797
550	558
6	715
44	254
127	332
73	291
379	671
54	149
336	407
326	632
180	536
68	548
146	287
306	376
69	501
46	575
33	615
239	740
737	786
461	552
348	555
7	508
301	307
246	687
295	611
102	685
171	581
315	665
189	299
35	435
14	88
422	716
356	377
124	139
228	521
410	466
95	371
486	652
401	415
36	171
586	596
13	467
444	676
64	105
117	400
41	215
202	790
167	191
438	684
308	600
212	554
243	771
522	565
326	352
625	755
548	590
305	382
224	745
129	267
471	709
597	793
693	737
372	627
48	585
116	395
296	413
436	502
492	731
44	593
42	595
231	593
475	744
457	796
251	571
165	272
720	737
112	789
29	96
451	626
230	520
604	667
242	729
409	553
362	714
323	552
228	580
199	744
417	618
50	89
56	503
185	773
163	219
377	610
164	766
152	287
267	509
135	502
221	733
134	502
399	540
32	478
98	425
779	783
53	464
555	764
729	779
593	738
542	678
460	523
96	207
92	486
360	772
127	170
691	777
294	645
241	486
98	242
96	662
74	612
183	594
168	499
299	682
170	614
261	673
598	618
37	513
210	450
177	615
454	732
355	672
488	722
417	658
147	755
374	438
215	716
121	311
202	499
302	648
315	432
327	553
258	634
8	133
309	764
380	522
263	742
180	583
322	533
730	745
374	577
156	172
281	433
69	449
155	682
158	547
115	731
115	500
31	573
78	703
176	602
237	788
10	148
280	314
68	568
326	780
76	181
158	611
182	321
65	413
410	420
686	705
61	282
17	456
594	657
147	455
270	681
342	792
57	622
46	120
614	658
335	374
589	645
139	144
395	602
23	267
103	661
282	319
28	742
0	101
11	203
266	311
24	184
91	526
566	635
338	407
202	705
146	595
146	228
392	642
739	778
505	566
84	472
252	408
579	776
387	596
361	687
217	573
120	252
415	553
712	782
325	340
3	757
225	552
165	701
59	777
356	537
312	583
84	415
279	352
279	626
435	759
31	733
84	254
259	603
486	672
514	587
460	546
107	268
15	698
345	470
12	385
461	763
271	794
80	491
239	775
244	512
737	798
386	554
215	427
68	724
463	544
608	671
208	239
249	699
733	794
349	695
502	684
605	745
13	170
173	476
568	798
448	733
85	102
107	365
79	277
134	612
65	313
53	566
107	597
254	399
286	521
49	369
154	458
158	763
26	340
327	537
533	553
414	567
186	756
94	765
160	683
55	444
134	262
6	38
31	597
263	729
12	643
334	758
102	604
98	166
317	331
433	667
156	296
65	587
82	471
754	762
552	642
93	377
208	452
464	534
165	357
316	362
226	780
418	727
61	680
676	769
199	449
233	465
6	158
71	211
193	413
18	425
40	646
12	153
51	750
559	631
399	783
90	173
68	545
206	729
214	335
533	794
544	668
373	630
267	617
393	656
197	705
680	788
374	566
241	537
82	761
59	622
123	264
338	774
260	511
112	660
70	125
210	568
517	790
506	660
85	783
600	743
395	650
147	503
280	673
631	643
78	357
680	779
216	282
324	492
343	347
329	694
151	769
552	785
634	752
465	467
75	220
595	798
353	687
285	390
435	789
193	560
357	615
463	789
324	645
504	693
463	502
48	691
695	795
136	798
52	371
225	690
485	544
84	463
299	709
252	556
306	411
355	769
265	413
180	334
10	502
64	265
570	670
417	472
303	455
90	282
76	597
21	89
118	136
378	627
459	628
198	796
375	417
25	235
21	693
251	331
264	544
52	437
314	468
318	363
217	260
370	422
393	723
374	486
425	705
246	262
248	518
279	389
117	253
134	554
162	645
14	389
664	741
679	704
120	181
351	561
74	162
235	260
84	109
368	431
457	631
69	684
250	755
186	687
411	536
91	152
180	459
125	401
253	448
44	397
562	737
368	429
504	512
171	326
169	464
388	728
28	292
402	504
506	588
322	786
89	195
740	794
647	790
142	592
699	702
313	707
493	570
140	192
0	626
240	475
66	568
7	185
195	552
381	439
407	611
370	512
619	698
81	213
149	157
432	756
383	435
600	630
396	477
372	573
414	574
403	624
26	736
325	337
171	772
223	681
483	645
268	568
33	573
251	749
176	437
305	531
472	494
78	611
53	486
438	730
163	777
33	522
265	578
5	797
606	628
321	793
631	723
314	770
24	672
727	731
49	457
208	230
345	387
422	634
59	785
591	598
226	551
280	600
316	449
361	531
262	690
13	346
567	787
210	556
398	474
538	701
11	725
117	538
416	527
224	359
471	574
192	521
146	154
382	533
431	538
468	755
353	626
516	728
27	505
155	440
451	700
258	310
540	611
118	711
207	691
321	405
169	418
85	479
6	329
257	737
282	476
6	286
41	244
508	793
45	498
231	368
266	648
36	248
714	746
37	720
212	627
64	574
325	641
705	782
552	716
747	780
62	665
438	639
300	336
277	795
69	104
121	638
193	210
335	572
704	774
443	518
248	282
166	713
123	242
155	702
495	730
166	308
14	23
300	692
313	550
91	364
139	465
300	518
411	742
185	342
551	705
17	779
75	372
13	719
109	371
21	195
163	298
255	568
635	791
232	371
341	679
652	724
138	423
163	594
564	610
428	525
488	763
200	395
214	430
48	457
356	557
11	63
478	636
58	291
583	673
220	626
79	461
273	539
549	787
182	494
286	757
274	634
248	605
444	554
210	386
48	193
29	160
433	703
116	327
17	504
510	632
502	570
52	364
90	688
170	709
13	691
447	701
0	706
395	489
162	214
407	606
299	677
514	716
525	667
180	738
661	770
350	392
211	413
238	470
371	677
276	512
128	755
18	715
84	671
314	638
218	651
477	504
386	728
97	200
59	786
104	651
140	143
78	271
338	694
276	311
594	795
194	646
378	578
680	714
585	654
504	626
192	657
208	601
612	748
518	632
197	287
78	796
634	683
438	709
86	440
257	537
88	376
585	762
435	640
411	602
134	200
62	470
633	702
209	545
227	697
9	678
21	730
78	404
233	306
286	391
13	275
221	644
99	733
276	517
668	700
262	629
166	188
407	551
407	788
150	627
475	561
130	744
590	718
177	258
206	357
114	696
250	798
536	647
171	723
494	565
733	757
347	418
368	609
210	670
421	745
92	638
102	493
16	254
352	383
531	738
194	527
677	678
327	554
278	325
447	471
229	322
215	750
107	460
110	346
80	441
504	632
309	566
94	185
108	792
541	781
18	716
94	200
255	561
165	612
587	600
512	618
39	50
54	164
493	673
238	681
414	642
441	517
289	340
49	106
160	692
72	648
400	798
97	204
165	732
365	777
740	788
172	753
285	451
213	257
117	358
245	381
392	633
440	799
236	616
332	739
128	166
124	336
308	514
473	763
325	468
346	561
99	529
342	708
88	159
598	730
197	305
352	426
369	584
361	485
517	600
394	402
497	564
549	746
170	465
4	302
223	795
435	669
763	784
318	546
516	691
315	527
92	328
27	614
477	509
292	695
124	456
104	574
487	552
527	625
546	635
426	455
464	519
315	629
176	642
400	742
383	600
156	268
272	476
358	655
42	675
290	329
62	645
106	481
26	570
431	740
275	570
206	797
69	121
703	718
99	793
596	743
102	600
170	498
364	713
310	740
525	733
661	744
109	600
105	519
24	49
426	571
47	164
306	519
277	387
487	714
521	687
6	457
439	451
118	381
12	121
401	643
367	559
518	638
209	628
64	407
81	110
76	129
85	730
567	768
105	239
173	691
0	775
50	316
258	577
347	618
538	712
446	514
88	118
125	344
604	639
279	685
107	570
349	743
27	692
278	785
91	238
52	58
684	734
364	664
69	388
222	390
513	608
249	799
332	737
629	764
635	646
323	523
75	444
297	433
509	628
199	305
53	476
74	207
45	215
410	666
252	543
7	159
411	529
312	658
484	754
487	593
80	300
56	537
619	657
77	490
671	682
174	551
191	611
281	372
117	318
467	557
176	494
247	252
338	735
181	506
300	374
226	726
348	466
129	798
122	772
241	737
488	690
139	579
520	633
416	767
249	645
60	374
464	531
433	748
416	580
4	672
212	341
81	680
411	754
437	470
507	797
256	747
733	736
148	686
236	427
182	676
297	396
701	755
254	672
619	640
2	779
1	476
282	586
240	362
73	141
107	648
6	499
247	365
348	504
362	418
542	797
282	326
72	725
149	592
84	633
362	777
437	789
119	469
201	365
105	728
151	508
554	793
106	339
34	263
154	236
53	115
492	721
435	573
350	642
85	128
424	431
325	466
183	668
587	697
78	116
276	441
30	752
182	336
466	529
751	790
668	780
238	745
47	207
155	432
512	765
336	696
337	776
197	363
78	440
518	555
197	704
427	580
229	564
475	725
200	526
410	506
287	574
109	127
185	253
194	467
335	445
50	134
169	770
274	753
458	785
104	221
233	772
334	492
147	494
426	725
11	177
373	609
454	458
518	528
64	151
503	674
11	652
13	362
298	636
126	443
232	523
203	775
577	670
442	691
71	244
21	564
43	342
230	745
635	672
419	578
60	533
74	584
169	274
468	683
140	183
105	641
164	624
146	430
347	566
80	497
43	583
326	496
215	492
392	522
440	643
643	775
30	529
1	733
397	656
48	518
297	580
278	736
302	532
8	99
141	387
169	229
334	499
400	781
203	257
87	199
62	245
215	381
315	449
54	344
231	463
544	568
368	480
367	427
3	796
33	291
139	262
641	743
147	775
466	596
296	738
507	550
625	669
180	523
158	495
104	316
230	645
44	795
4	420
331	567
483	574
30	137
203	748
152	445
323	365
132	779
340	675
68	98
328	534
337	419
65	73
246	253
522	676
105	297
440	626
146	195
46	431
17	517
217	382
107	692
614	624
553	586
563	791
371	541
249	346
8	454
274	482
1	10
65	557
587	692
478	651
120	372
177	329
100	491
77	742
210	403
596	736
264	541
597	667
317	450
489	509
101	791
333	403
26	576
708	711
81	443
49	730
515	627
428	753
76	616
281	516
73	272
185	390
519	636
258	493
356	380
179	630
456	689
375	399
72	597
510	652
385	605
296	795
220	567
359	620
254	379
214	343
412	614
75	155
455	722
553	669
263	772
204	222
470	688
237	490
417	428
636	765
255	641
192	334
82	184
187	296
94	564
718	747
58	502
144	462
270	632
419	459
138	353
309	581
291	562
191	359
134	245
331	708
252	304
299	565
8	707
73	516
381	691
83	129
210	398
719	778
410	558
57	324
134	629
187	289
68	71
222	223
16	68
569	689
15	622
257	478
470	731
453	656
370	689
159	686
11	641
179	371
102	648
143	494
580	753
18	717
552	737
440	595
568	612
389	753
102	417
70	791
70	419
111	415
458	629
62	248
557	789
46	598
378	601
144	473
348	356
350	487
219	595
116	505
565	568
592	669
43	409
109	310
280	665
36	531
507	601
349	715
534	610
69	421
93	426
254	639
306	427
187	215
77	668
22	39
305	597
135	241
86	740
161	444
530	546
28	613
60	482
365	375
122	692
508	753
269	603
199	650
279	421
224	735
3	618
110	227
53	238
165	487
43	59
302	393
129	216
532	683
8	79
238	447
64	590
595	660
144	590
111	146
271	577
483	647
83	675
362	782
43	732
478	559
456	719
241	481
54	161
486	716
636	658
148	334
625	741
81	661
342	784
363	533
314	470
405	443
239	779
84	420
555	699
319	735
211	672
133	163
72	625
199	310
130	321
274	362
20	567
135	176
567	576
13	263
157	566
225	660
569	780
515	521
679	780
259	354
277	427
546	580
132	622
359	576
330	679
564	729
183	673
502	663
72	296
651	726
523	604
162	387
171	292
221	307
269	440
284	428
218	587
601	778
42	789
503	589
290	627
192	436
538	542
236	695
181	557
66	210
324	359
277	665
17	382
167	265
329	498
198	625
550	671
378	600
466	593
324	739
224	260
254	628
358	649
172	520
500	596
412	479
460	633
564	691
349	508
55	323
294	442
22	401
126	371
398	476
212	388
497	695
494	716
492	606
228	771
201	726
211	707
356	357
36	332
636	663
164	621
34	464
15	216
95	190
230	412
64	459
295	343
126	754
666	765
583	689
314	363
52	747
296	787
110	136
59	456
381	762
225	566
55	393
214	618
450	557
301	614
320	606
69	159
324	758
307	417
319	783
389	642
198	774
143	429
207	569
392	444
58	274
412	682
196	309
246	791
62	427
630	641
430	731
106	465
192	531
269	601
253	533
312	712
153	452
217	470
494	757
61	303
339	364
409	542
58	555
83	279
456	483
175	366
108	472
175	360
39	246
563	742
395	643
165	296
293	469
335	365
434	598
128	400
25	747
114	363
77	398
599	606
133	778
4	551
254	473
316	620
299	484
105	736
225	463
117	298
216	599
4	118
309	766
63	792
512	654
203	580
519	713
277	735
113	631
340	630
214	427
310	559
581	723
145	533
14	49
316	537
327	653
83	746
233	343
746	799
134	552
355	704
305	640
356	547
396	520
68	390
181	714
497	795
97	334
61	481
185	602
526	581
116	241
200	351
10	580
160	595
192	504
580	648
2	16
491	660
362	412
433	700
79	652
311	623
194	776
283	651
254	706
131	495
526	585
353	400
352	725
471	789
200	763
277	462
17	217
445	567
321	727
26	210
375	693
439	468
443	486
182	708
546	799
385	483
59	409
47	95
60	783
345	396
343	425
19	735
399	623
59	771
485	699
360	770
208	323
512	751
650	772
516	624
241	787
88	718
363	582
127	650
265	271
363	503
245	640
495	614
330	373
67	459
358	399
402	619
388	634
79	119
97	173
39	398
300	498
335	484
143	670
706	718
85	572
339	368
449	463
273	474
342	715
160	511
412	606
100	662
237	590
346	695
409	713
221	338
363	702
146	410
170	248
46	185
49	731
736	763
189	556
163	422
318	615
298	387
103	316
121	247
271	478
3	243
73	84
466	483
246	405
622	641
653	699
187	667
515	560
458	665
61	157
34	332
389	755
244	260
240	247
170	617
244	566
17	96
222	702
129	274
85	793
66	416
396	753
91	133
51	181
56	615
10	334
327	650
111	777
534	702
232	675
568	655
157	276
459	502
309	615
298	309
30	258
305	421
218	304
431	609
286	519
333	438
48	212
128	265
42	56
8	11
89	595
53	241
658	739
312	353
146	169
242	456
632	641
3	676
319	432
183	526
50	246
245	554
305	311
92	291
276	362
11	274
670	707
315	493
303	404
464	650
724	726
26	611
338	669
534	778
82	134
45	265
17	773
8	141
42	85
122	272
482	519
69	727
116	310
458	733
223	755
177	757
352	379
295	754
311	799
188	276
532	722
182	780
148	223
480	607
352	762
98	477
611	671
189	591
362	728
92	312
96	374
46	699
247	664
274	523
397	752
408	480
433	484
374	777
97	135
201	736
562	655
226	376
573	613
290	293
460	668
362	753
227	325
78	625
489	683
700	721
118	432
24	220
144	700
129	186
111	547
23	572
76	215
331	631
231	325
142	431
240	781
588	736
224	668
411	548
465	654
5	273
73	214
75	207
114	117
459	640
152	472
19	518
460	511
318	566
71	256
165	716
50	583
372	403
327	528
38	183
38	563
517	726
260	405
316	696
197	525
428	708
644	740
97	237
157	275
366	674
262	442
47	144
466	619
480	678
339	430
502	539
94	636
196	317
646	770
687	737
15	420
457	576
162	685
435	574
23	424
279	344
144	568
707	770
384	442
451	681
245	578
503	592
187	305
237	602
371	533
22	141
543	793
204	272
71	314
464	772
401	634
416	576
315	656
221	533
445	659
10	216
543	726
465	610
142	364
430	622
184	636
195	253
32	388
64	676
45	613
104	195
466	622
262	615
27	111
95	214
347	523
517	784
575	695
260	551
203	546
597	690
175	197
198	385
153	489
434	669
459	583
403	782
128	171
633	640
337	468
253	265
297	694
652	704
578	611
362	689
462	504
91	689
356	521
61	709
83	594
332	719
647	690
401	674
197	594
195	215
70	100
545	684
10	264
280	771
105	574
239	269
290	644
650	707
279	496
469	547
400	495
77	206
425	780
326	798
368	683
554	679
205	261
441	462
582	640
435	761
298	621
49	625
504	647
249	330
67	387
305	635
244	777
291	687
216	429
23	521
53	660
58	120
452	761
254	405
387	406
302	487
85	161
11	121
84	250
116	477
472	768
579	760
69	418
82	240
218	367
399	407
172	703
506	640
146	511
22	517
347	424
0	656
172	349
379	407
432	778
509	688
209	534
632	710
107	654
382	495
360	669
183	468
418	521
431	519
291	413
70	250
277	693
91	164
168	194
333	417
195	644
161	570
521	607
791	797
455	690
82	626
127	509
577	603
491	699
72	452
152	345
196	509
207	798
150	507
62	101
336	562
311	740
16	22
162	315
173	655
39	725
66	612
399	669
107	635
216	492
566	586
384	394
129	714
423	799
66	145
420	435
149	459
367	467
309	504
363	556
474	625
159	667
98	715
10	602
55	650
647	725
2	144
437	447
305	461
747	772
260	304
409	475
409	700
151	278
456	704
480	794
47	284
67	793
423	718
335	461
189	449
77	716
426	759
248	493
118	154
366	520
86	249
221	277
397	582
102	518
458	737
599	644
292	484
489	520
315	784
108	704
94	754
96	589
124	760
670	769
683	782
172	670
145	311
407	507
332	561
30	413
550	754
25	270
56	508
324	332
162	475
62	422
271	384
364	659
249	263
71	700
384	475
562	657
365	632
349	595
681	768
381	477
249	727
410	609
508	513
1	464
7	20
346	609
402	787
51	135
284	727
500	627
167	351
479	732
195	556
154	322
216	227
146	226
615	704
217	713
86	764
653	760
193	714
325	509
213	671
226	774
30	247
633	661
627	679
105	211
207	483
473	787
263	488
17	463
54	471
232	268
1	502
158	711
43	782
31	450
311	398
284	642
177	741
269	278
682	741
247	486
437	469
114	328
149	673
260	770
28	346
216	564
158	240
412	769
374	442
209	474
88	664
242	318
541	745
140	631
224	235
449	740
61	466
107	585
3	496
124	680
700	719
422	670
197	464
220	471
5	592
413	603
144	231
589	760
403	716
462	628
452	588
347	465
18	455
141	685
472	473
318	653
109	702
64	506
20	285
61	354
135	721
663	700
104	658
180	242
85	125
163	566
57	170
289	665
486	773
211	386
150	513
203	725
33	318
212	662
253	682
168	710
306	580
222	389
423	506
278	741
485	621
9	365
353	525
166	385
426	663
418	621
210	468
374	581
392	554
107	622
81	331
38	684
51	390
335	527
439	675
57	71
285	648
283	291
216	591
245	718
168	798
328	695
366	618
228	433
216	411
86	482
321	702
83	770
6	655
397	481
224	633
176	362
245	674
161	730
511	636
166	569
562	762
70	383
533	783
166	203
147	704
24	109
328	465
6	491
155	264
18	278
358	508
192	430
203	632
210	461
447	692
610	757
328	476
97	579
294	576
433	795
537	617
405	656
58	626
285	729
181	534
459	466
554	612
391	461
7	120
608	712
100	291
449	649
220	683
376	561
12	313
98	694
126	133
433	783
547	619
678	688
555	696
344	733
115	788
109	328
107	188
292	428
374	467
790	792
400	441
396	730
451	764
514	753
142	632
41	312
574	773
11	351
44	400
438	541
250	609
273	789
382	388
409	629
120	243
12	456
622	663
359	406
59	438
47	656
317	377
526	568
23	241
44	224
193	251
207	526
43	785
98	504
697	713
326	746
216	510
20	140
423	639
336	528
62	554
384	696
190	768
117	268
238	446
302	650
21	189
591	662
7	140
178	221
174	695
644	759
126	277
352	457
19	770
328	452
630	766
170	516
293	568
95	353
122	552
574	739
93	311
381	793
677	700
126	645
587	771
23	694
453	590
8	520
508	610
137	265
20	201
173	564
65	578
466	660
528	622
406	728
592	739
38	389
328	797
464	541
251	351
109	181
582	592
260	377
36	356
233	462
177	493
728	759
191	513
73	479
747	771
30	581
196	250
64	213
83	739
38	648
431	661
471	506
258	511
327	772
474	622
438	510
632	669
179	598
295	344
232	771
94	215
42	365
56	235
615	762
509	619
243	337
185	603
9	667
176	703
35	431
587	664
157	398
454	614
379	455
467	478
415	636
156	788
74	597
738	783
141	337
231	748
197	450
131	604
140	638
17	526
259	491
101	596
334	600
610	650
277	535
571	795
123	694
160	490
281	712
101	632
152	221
406	606
324	432
106	618
241	386
221	294
154	335
0	547
59	531
401	568
57	354
410	429
221	516
139	394
277	656
338	589
439	779
736	754
386	411
203	696
610	612
144	182
502	510
213	469
212	490
155	314
143	171
0	84
108	337
538	572
207	299
481	632
198	500
487	659
157	355
44	604
360	581
133	288
464	590
524	694
565	738
209	442
419	484
487	536
463	785
66	514
232	713
522	798
560	665
111	461
202	680
505	507
328	586
361	536
22	552
1	155
259	665
284	579
473	485
352	417
13	582
83	684
510	714
33	631
148	757
17	307
621	733
29	381
598	632
395	728
230	604
471	641
279	530
570	697
261	432
122	676
89	726
238	504
127	340
545	615
185	618
82	561
25	112
132	569
360	447
333	423
659	729
353	534
190	303
116	301
308	422
127	780
9	98
629	643
251	714
521	589
647	746
470	594
88	637
473	676
142	733
229	524
346	615
55	369
70	426
32	651
167	726
107	277
158	500
88	179
30	220
2	134
91	707
210	561
263	762
28	514
195	732
320	512
216	580
602	799
171	446
371	767
28	799
74	231
88	492
224	798
258	652
394	535
229	430
63	253
344	489
234	540
35	654
87	655
22	716
337	644
410	573
21	60
223	704
231	373
272	377
15	465
64	339
162	666
17	623
238	269
234	306
10	201
15	97
99	376
229	619
565	737
114	374
487	493
433	445
352	730
504	602
633	794
39	754
83	744
343	744
570	681
116	240
244	629
456	735
369	733
207	309
663	703
156	241
311	626
201	516
110	128
163	709
208	272
31	662
451	452
217	333
6	684
136	588
363	515
402	685
20	113
19	149
248	350
432	511
131	757
403	538
95	687
244	669
56	305
195	665
506	583
118	133
237	547
55	497
358	462
108	216
276	780
548	712
499	663
110	388
92	311
192	552
60	75
664	723
19	499
373	461
186	545
75	203
86	679
390	747
16	473
324	340
48	169
70	226
433	571
146	512
112	294
212	365
427	629
450	489
531	594
133	695
250	306
302	655
222	797
519	770
498	507
249	435
315	660
740	777
223	633
428	626
32	420
61	484
190	348
252	510
54	342
229	522
117	478
264	443
262	483
565	696
93	263
468	615
282	560
670	741
319	512
474	750
140	546
482	679
172	252
127	759
418	799
444	650
455	515
192	272
466	534
439	530
257	693
38	346
258	729
142	651
307	413
52	303
136	186
61	705
72	473
16	186
168	504
30	232
500	770
278	528
3	82
565	607
323	614
252	300
81	789
71	299
498	584
107	467
545	754
193	198
65	672
30	595
270	454
44	119
345	518
472	792
298	701
119	677
625	760
46	743
338	430
204	465
759	777
562	574
648	793
6	14
188	227
98	732
47	548
459	616
558	654
24	28
47	540
421	516
551	598
215	391
302	462
9	21
80	740
77	674
1	468
88	410
239	639
258	471
97	324
68	706
133	785
234	605
199	586
501	734
24	697
113	179
92	545
383	563
560	593
344	465
293	496
157	550
27	412
21	766
259	552
164	461
358	504
157	329
223	312
29	505
91	531
177	469
473	732
115	542
528	647
529	585
272	478
267	559
512	769
188	250
579	771
327	380
408	712
333	486
296	597
98	207
114	279
146	496
467	492
498	502
412	625
269	464
357	420
70	703
482	755
485	527
238	731
183	210
9	523
175	220
11	752
143	299
436	780
274	680
601	703
374	765
17	193
39	546
271	352
146	663
82	790
231	793
157	759
612	782
256	505
404	580
179	328
98	653
502	752
2	782
711	751
15	80
227	405
332	474
3	150
318	559
400	455
43	584
299	436
39	64
386	657
329	781
169	511
439	649
251	656
23	746
305	541
234	723
299	367
420	595
249	757
621	691
398	584
436	738
458	762
707	794
20	66
43	272
403	405
479	589
310	397
514	610
41	478
250	314
393	785
395	776
302	753
249	615
270	432
221	410
552	633
320	462
197	371
9	390
74	171
312	787
290	756
338	460
332	555
495	745
36	617
221	606
173	485
0	244
103	203
322	745
516	590
465	788
14	254
136	661
406	687
117	681
275	383
328	501
315	551
31	353
251	533
408	490
209	365
27	116
178	227
117	535
31	693
724	745
534	746
323	438
16	61
189	565
340	764
197	697
27	42
200	276
482	789
189	336
322	422
89	640
113	698
267	286
116	230
296	788
115	351
402	638
278	403
148	712
581	792
237	409
315	598
209	359
255	741
529	741
328	423
425	720
352	699
411	413
228	791
478	524
240	515
485	751
7	700
540	684
258	707
181	479
155	496
257	491
441	774
347	681
321	459
272	738
123	562
63	628
278	340
334	662
715	727
221	616
562	608
352	706
496	503
454	519
633	687
373	527
81	771
150	745
66	305
247	362
312	601
485	721
333	522
46	663
610	655
333	462
42	362
309	629
358	371
48	140
401	420
68	291
68	398
325	661
358	644
486	746
346	665
76	612
3	38
199	222
381	641
272	686
154	745
269	393
589	725
127	297
129	459
76	746
534	764
1	738
504	597
377	415
357	598
170	592
577	768
105	312
274	637
92	673
223	488
1	684
67	626
254	582
387	625
535	717
284	728
312	782
103	576
134	749
523	618
49	225
403	490
750	792
86	627
247	300
293	333
206	581
0	121
545	588
245	747
279	666
631	780
40	308
704	748
182	592
10	200
142	584
263	638
88	525
409	514
225	492
106	699
292	637
91	505
225	445
587	657
30	746
356	579
624	661
508	576
673	695
531	736
502	648
321	331
571	667
130	449
565	605
44	268
439	498
436	657
423	499
43	355
262	474
138	196
17	333
295	614
153	710
104	712
327	679
169	754
316	464
534	738
163	370
532	714
445	623
82	556
29	696
379	602
411	477
174	715
477	785
0	493
488	510
108	534
321	750
25	563
322	335
80	496
175	499
374	709
111	140
216	549
215	724
3	606
422	428
195	482
214	588
47	106
357	714
710	716
410	522
110	163
603	789
395	712
94	627
120	317
102	198
136	577
76	685
531	781
485	546
548	645
71	616
584	754
640	672
379	429
60	541
178	309
241	550
114	480
213	765
99	721
118	286
374	760
109	395
20	122
8	732
20	577
274	302
340	732
543	625
697	748
55	638
344	506
181	748
538	780
456	767
170	368
514	696
500	559
408	421
145	231
251	531
42	683
419	518
252	350
323	613
551	753
211	641
61	610
450	652
122	265
353	627
50	489
301	420
62	364
43	212
52	268
654	751
173	789
157	427
205	581
182	470
96	764
439	556
440	722
239	692
104	611
71	199
765	777
232	735
331	644
126	396
245	658
503	573
439	640
91	678
15	572
12	178
166	242
189	467
110	790
225	482
119	298
511	735
513	607
20	148
27	675
491	580
47	53
439	521
130	182
391	442
683	692
275	354
396	509
411	648
365	646
75	542
264	358
8	458
250	694
346	548
41	265
420	431
181	634
52	422
156	766
141	279
340	460
227	406
126	710
163	253
542	600
61	535
56	664
135	786
296	539
627	680
24	408
289	725
102	643
61	416
352	798
78	175
409	730
157	614
141	560
506	714
267	687
503	777
395	582
559	710
112	520
12	509
352	768
325	705
396	518
505	602
136	705
209	353
696	796
175	618
44	447
44	357
53	221
720	780
320	408
96	640
63	205
270	710
128	374
139	422
306	488
265	345
576	791
174	370
25	330
121	233
477	650
396	768
243	252
315	354
114	780
331	654
373	617
260	754
106	221
123	707
641	761
98	157
17	63
539	690
278	697
435	464
433	729
21	78
252	735
722	792
226	292
541	761
133	297
116	259
593	706
522	780
417	720
248	464
421	597
415	498
393	550
204	429
265	696
165	454
54	169
342	605
94	582
264	486
448	532
470	684
122	476
500	512
270	331
209	421
398	685
525	753
463	733
401	792
92	520
482	527
178	335
423	649
233	537
21	668
160	453
330	695
609	763
245	622
196	626
417	584
57	148
124	261
160	748
771	795
7	756
25	424
223	481
176	297
99	313
258	372
437	532
25	90
170	285
339	512
713	756
244	763
51	672
574	671
9	664
227	338
285	514
243	542
57	206
357	599
41	277
273	690
89	568
227	579
402	631
170	191
290	565
519	717
216	476
167	223
322	471
59	702
88	357
615	659
138	297
368	597
68	442
694	715
486	500
552	664
114	220
72	159
73	458
630	645
286	428
50	435
153	167
457	680
551	732
427	544
475	605
111	536
617	729
495	760
219	539
414	749
329	506
209	763
135	753
164	425
345	664
194	699
365	751
166	796
327	456
87	246
254	444
372	748
646	775
179	488
424	707
188	759
171	747
503	558
627	769
155	238
176	197
520	579
406	589
21	99
309	432
406	710
560	777
138	282
26	126
116	177
73	522
516	681
57	439
128	229
473	777
248	467
285	654
632	728
317	729
449	543
164	443
431	532
486	733
530	749
337	781
536	697
403	584
194	351
26	672
752	777
360	596
46	505
311	775
97	576
642	708
121	556
300	403
447	614
499	741
266	369
60	520
174	673
346	794
88	308
300	303
11	243
38	323
254	294
185	684
353	532
161	672
185	379
166	226
365	430
21	656
264	754
506	638
451	717
92	512
234	636
610	761
492	770
637	785
59	131
263	399
80	572
125	652
297	308
427	473
156	530
13	675
420	603
507	728
219	357
243	764
272	597
381	748
337	703
260	286
23	303
192	572
168	616
590	702
385	400
492	594
153	753
221	654
290	430
562	584
551	594
419	453
470	741
207	541
341	699
519	723
438	623
125	601
271	720
363	602
10	526
177	659
21	323
316	520
505	562
339	562
590	606
346	627
51	206
294	710
361	421
255	636
36	748
539	637
26	278
68	271
48	161
138	267
20	610
489	704
287	588
377	383
40	256
155	724
306	680
7	92
93	569
267	758
308	743
48	351
188	209
191	475
52	71
686	791
309	745
495	589
538	791
111	745
641	790
493	550
227	373
201	511
304	777
360	778
315	406
316	711
120	788
64	697
32	426
181	519
11	332
76	455
487	610
263	771
361	435
287	293
388	649
143	145
235	684
117	152
743	777
279	789
426	473
549	645
214	485
382	696
258	275
416	436
149	669
528	658
381	636
239	261
270	357
416	547
551	734
225	768
493	585
600	685
155	390
485	489
401	702
730	758
75	85
212	300
411	461
227	753
645	696
700	778
129	429
414	777
355	789
553	724
67	158
183	201
25	98
424	465
203	782
281	765
50	92
259	618
632	638
117	319
304	503
384	421
557	705
171	191
315	541
316	681
118	375
501	666
60	129
629	798
346	523
455	635
84	325
365	449
452	495
437	570
123	494
51	494
279	684
396	532
71	192
392	532
234	276
463	600
291	472
91	206
362	488
303	727
458	555
231	560
69	232
503	649
277	360
330	489
45	553
39	324
381	573
235	507
148	509
674	735
116	312
96	565
30	223
67	561
136	618
3	670
156	409
312	794
353	709
98	325
338	482
100	131
63	607
459	687
461	767
545	766
242	667
223	591
309	744
16	51
241	746
199	526
95	494
369	380
61	236
203	320
57	155
214	298
1	572
169	772
232	550
81	481
231	326
62	707
154	795
264	365
27	663
134	536
378	393
238	625
115	759
231	470
88	630
725	783
516	613
335	399
234	670
579	746
369	636
304	411
231	281
131	543
382	629
216	627
279	592
152	728
522	788
152	490
224	475
101	756
64	260
317	694
43	144
646	757
487	527
297	537
84	789
301	747
453	465
457	711
17	387
162	695
377	510
32	249
451	647
459	771
116	562
122	595
54	60
129	572
473	547
577	625
215	672
167	420
388	679
241	587
138	366
229	725
115	321
525	721
689	753
193	264
340	534
56	94
267	466
334	745
380	385
110	216
174	292
459	546
364	397
284	690
112	490
591	758
240	570
345	583
19	434
59	623
7	252
105	648
627	706
495	713
162	236
152	409
122	243
62	384
191	292
77	395
543	693
305	444
31	656
8	663
676	681
425	499
93	556
145	747
343	745
251	674
409	526
785	798
226	731
165	725
682	742
309	613
706	739
40	404
193	441
185	261
257	458
19	81
261	291
121	158
110	347
117	705
230	411
245	798
642	741
99	175
447	740
157	779
175	405
185	242
593	598
506	580
420	785
303	349
50	179
358	451
74	360
66	627
497	556
679	687
26	678
277	506
169	443
26	106
50	359
197	631
99	791
410	415
137	246
92	341
359	439
176	580
219	272
322	441
666	760
515	532
163	195
121	188
519	774
123	540
2	343
503	643
57	702
155	204
170	319
155	591
666	707
130	195
69	643
10	136
314	781
40	554
68	538
527	581
195	234
526	607
173	484
73	713
327	602
563	770
344	459
173	312
441	536
118	206
711	712
207	281
182	562
273	480
346	533
233	323
382	593
86	160
285	742
235	540
83	240
575	602
96	439
443	565
169	567
522	726
218	791
352	515
446	684
169	494
620	714
605	700
445	549
206	500
276	463
64	772
119	719
28	378
386	432
311	559
440	727
137	749
236	644
379	556
651	735
31	493
528	666
474	638
422	466
27	575
219	692
413	528
325	540
35	60
525	694
484	713
135	362
32	124
18	367
279	539
135	339
327	330
270	355
70	534
426	596
72	262
115	301
493	613
36	532
275	754
93	308
67	172
563	758
59	348
99	579
401	630
31	692
327	403
304	569
78	459
230	641
348	444
662	756
103	289
60	296
342	636
304	731
402	620
71	318
357	528
244	604
176	296
75	690
418	722
17	188
383	455
224	285
332	388
51	230
327	675
365	591
44	101
216	537
617	636
372	589
115	253
590	748
34	535
178	529
123	467
134	520
562	656
33	281
37	95
124	271
508	583
102	163
255	308
61	609
442	527
244	648
142	719
164	524
130	754
615	785
337	367
157	180
37	729
671	686
474	506
189	597
69	238
38	526
261	737
56	603
141	623
501	764
246	419
414	636
34	299
134	460
328	631
213	691
100	591
31	561
29	640
290	334
33	143
193	658
41	705
284	305
193	268
486	556
174	322
193	254
381	630
238	382
69	142
500	700
296	713
43	726
759	793
52	284
37	708
16	134
117	317
549	785
512	518
213	293
65	597
376	483
179	265
560	635
297	388
48	568
206	530
223	429
414	712
84	558
186	312
147	373
104	564
536	640
58	797
42	550
173	513
564	651
240	735
301	397
193	659
510	762
633	758
522	530
400	728
479	587
28	406
555	765
35	418
667	780
14	474
608	767
216	535
414	620
189	437
310	775
397	757
393	408
39	715
6	512
218	795
23	554
257	633
253	302
100	165
623	712
311	486
93	226
92	720
275	628
659	732
299	614
106	695
357	662
464	743
202	604
598	773
72	282
37	327
123	762
179	661
577	706
74	295
484	554
111	365
121	393
1	266
83	510
143	315
307	758
241	282
425	666
680	721
228	637
127	204
3	302
594	737
339	427
399	622
66	74
551	612
250	799
484	798
94	107
132	219
9	721
109	662
62	269
84	543
292	419
111	499
1	42
306	724
242	734
35	529
412	796
103	593
394	654
690	745
200	412
427	759
137	485
87	503
94	286
114	326
93	478
54	602
308	331
193	486
158	688
14	55
161	757
403	741
269	694
124	291
334	748
255	366
409	701
482	761
423	603
229	745
54	325
265	486
442	457
430	631
77	696
201	745
290	426
233	617
261	604
550	718
220	557
178	645
74	400
270	532
485	540
671	780
423	622
107	156
314	511
480	680
308	656
433	479
62	643
142	520
106	274
401	466
292	750
282	403
280	595
236	781
84	493
598	674
234	418
485	623
341	351
398	719
469	744
217	224
125	596
718	727
282	369
397	747
54	603
393	399
55	226
262	787
413	480
44	110
38	771
88	485
232	705
266	378
127	230
483	799
666	749
234	566
588	605
379	465
214	253
368	639
497	603
342	741
691	726
276	778
124	187
250	462
156	224
169	530
279	463
62	789
289	542
162	638
538	718
653	658
321	333
139	284
445	488
153	511
30	790
46	411
194	290
763	769
182	374
227	232
89	506
98	557
71	401
714	725
9	464
481	620
158	342
339	678
40	526
370	439
224	367
633	750
335	494
449	680
167	515
80	162
537	596
23	476
153	568
115	756
136	489
181	622
373	536
101	623
206	740
155	282
166	173
737	793
30	491
91	657
138	447
215	684
251	792
240	424
289	540
281	578
173	701
308	507
608	734
354	729
446	615
150	394
105	183
193	588
343	749
437	734
59	648
226	626
574	655
349	705
624	726
174	633
4	796
589	598
195	360
27	657
468	792
44	170
149	460
174	579
394	712
453	508
460	747
88	741
17	379
101	451
444	568
421	524
384	527
110	242
233	779
578	690
95	788
263	626
89	130
144	692
416	430
116	520
202	599
712	739
330	427
213	751
414	794
221	757
88	516
677	734
62	148
460	686
28	338
167	709
110	748
172	684
203	281
324	505
93	461
354	366
114	168
0	256
171	642
222	341
213	331
408	699
235	298
185	194
184	438
551	761
478	690
15	145
438	575
444	663
2	56
2	573
488	512
326	502
25	710
32	296
145	432
218	673
242	461
148	510
188	567
55	218
16	59
0	39
298	380
97	446
318	778
367	507
27	531
504	589
186	713
225	352
92	193
82	119
261	396
382	574
103	785
664	727
302	604
640	754
109	417
235	408
541	796
341	759
212	676
512	544
8	794
72	300
511	795
29	224
36	291
215	246
312	731
7	646
551	703
313	385
281	455
482	668
703	794
73	364
135	658
251	514
443	479
199	680
239	351
130	666
321	662
491	621
193	719
166	519
176	329
237	424
182	335
626	647
68	95
205	358
213	307
202	335
280	613
185	552
364	718
374	465
301	691
204	375
354	652
83	716
223	758
88	149
146	203
28	783
51	97
512	726
392	433
36	236
25	372
10	522
260	720
311	445
495	767
193	661
26	191
212	415
660	687
407	661
317	658
348	559
132	523
774	791
388	760
60	180
279	574
674	763
354	404
261	505
36	557
498	537
444	657
330	739
392	660
17	289
59	461
345	725
117	367
153	726
238	246
392	671
11	486
26	597
110	591
125	565
72	160
334	354
224	629
213	575
365	387
31	483
66	621
193	766
704	760
582	603
446	458
554	704
228	353
502	543
145	508
407	634
293	682
65	461
390	758
299	763
114	351
55	784
413	618
111	427
488	563
481	570
187	409
122	761
228	583
438	743
505	684
119	268
326	447
235	422
434	601
314	433
384	639
146	570
570	686
59	423
13	314
83	227
136	476
117	741
593	696
362	608
147	163
279	772
75	458
342	756
381	705
427	564
334	568
297	459
244	552
59	154
162	452
351	471
524	528
297	719
393	624
205	795
367	496
359	693
562	580
136	417
561	666
69	664
78	359
1	377
84	646
398	679
6	95
725	763
290	660
29	110
157	543
553	600
299	743
280	402
239	540
39	566
320	627
492	662
509	782
349	396
531	624
304	605
107	274
360	483
169	220
392	538
382	649
8	514
692	707
184	252
180	368
736	740
14	169
171	390
83	252
264	753
118	135
65	68
261	443
234	366
128	496
225	451
355	678
304	443
8	15
386	702
11	400
227	381
26	746
325	502
491	703
588	754
153	220
504	556
98	677
5	167
201	679
610	770
691	710
230	647
87	401
223	408
310	320
343	585
0	659
458	607
404	611
120	420
260	419
502	713
346	403
380	698
735	788
173	719
380	617
638	642
54	109
120	231
304	632
132	706
555	628
329	379
118	618
196	493
579	647
201	537
264	387
39	735
583	703
472	785
239	440
159	583
15	700
65	782
161	557
509	602
550	724
195	691
279	385
224	599
28	184
433	774
354	727
607	721
583	635
374	506
258	624
209	469
243	268
313	363
296	799
91	704
22	88
14	298
382	445
614	796
201	262
646	738
302	507
4	342
126	422
339	406
354	410
374	784
621	643
2	32
2	387
177	505
125	672
529	756
329	631
193	297
223	589
162	460
621	628
70	461
247	340
34	774
143	506
322	430
256	757
377	392
352	588
703	782
90	470
433	630
168	498
376	606
444	454
91	237
474	642
520	643
424	515
98	635
129	563
189	379
171	618
328	707
250	625
344	545
201	581
12	768
350	509
395	693
793	795
472	675
29	371
26	650
371	521
318	463
27	276
731	742
72	736
139	474
134	769
422	623
175	655
673	796
124	530
417	563
59	298
146	778
125	174
147	461
586	702
321	377
554	627
540	705
313	360
123	511
555	658
184	214
309	560
318	510
440	594
31	386
454	763
640	733
163	743
138	571
215	573
480	624
537	635
125	361
161	310
144	263
398	748
108	313
430	458
470	786
243	339
39	159
220	789
316	578
254	301
87	505
263	686
97	143
247	406
393	492
427	797
5	299
153	533
153	438
433	743
105	557
105	288
58	415
304	542
294	404
232	400
209	371
360	556
490	513
308	731
706	799
12	159
485	692
81	782
667	706
154	409
240	510
537	734
175	662
436	667
375	434
532	614
26	451
225	245
38	728
203	537
158	795
409	684
79	776
84	573
598	708
85	720
340	539
309	728
374	512
550	683
335	681
588	690
622	691
144	460
439	683
237	764
422	480
30	57
206	586
347	404
544	707
631	678
413	523
187	755
220	620
383	731
337	348
95	133
300	678
19	729
279	575
161	494
61	141
591	613
200	294
207	590
78	475
77	100
66	418
418	726
65	191
419	587
706	711
366	414
245	698
189	378
255	730
83	153
282	388
788	791
479	528
31	426
48	484
511	729
382	389
194	584
93	297
172	714
416	438
540	745
15	709
224	238
304	435
514	718
200	381
550	790
233	660
422	617
261	400
612	683
94	317
224	304
566	642
631	640
461	651
51	103
292	619
113	133
161	367
395	532
21	662
34	265
7	262
187	366
529	785
593	638
385	419
433	621
83	341
708	791
16	741
483	768
474	723
301	519
80	453
16	378
117	453
220	784
248	402
57	750
399	727
354	442
51	332
194	740
560	784
489	762
251	652
294	646
273	292
72	149
690	750
199	235
8	611
15	151
94	596
40	292
531	776
175	780
420	742
672	738
202	693
356	493
441	613
498	713
290	403
60	163
157	357
29	325
442	665
158	625
244	775
77	609
602	703
48	342
572	717
135	364
228	675
125	490
126	449
92	313
523	798
117	185
400	588
319	795
119	313
142	514
93	492
140	467
68	443
456	794
313	340
219	315
356	488
64	242
650	692
180	728
31	206
223	350
576	799
406	416
684	782
33	432
212	746
77	727
410	784
595	712
397	421
97	285
475	488
308	739
205	451
473	537
394	697
628	717
619	798
267	368
172	645
50	163
296	429
187	273
567	716
306	633
237	308
3	547
489	571
499	712
276	573
275	699
106	141
148	459
300	382
440	613
63	587
138	253
552	793
28	118
14	603
218	552
34	69
67	133
116	191
113	361
260	650
319	364
28	229
276	584
353	501
99	558
120	158
397	774
250	551
173	391
375	466
440	758
19	317
23	583
46	464
76	598
148	369
392	715
245	767
258	513
554	628
545	725
249	656
612	732
284	600
43	247
296	586
464	628
332	434
249	537
177	179
287	695
57	758
287	760
286	346
165	366
53	146
90	678
304	355
341	662
25	643
322	555
68	551
370	558
39	442
479	787
364	541
182	568
233	562
437	799
356	724
121	715
2	562
257	775
716	735
123	441
140	206
294	532
306	404
566	754
189	206
223	351
593	647
208	697
301	785
586	595
5	677
204	624
143	557
521	529
346	582
41	639
382	638
246	354
235	267
651	742
526	799
82	309
126	436
74	372
220	512
249	251
125	135
100	708
13	233
335	753
325	654
560	645
332	417
153	630
56	501
365	525
129	516
357	709
554	587
250	757
145	655
294	432
758	790
607	710
205	399
479	629
690	699
61	623
294	525
479	514
316	629
135	328
131	568
609	756
176	188
165	303
364	633
142	664
717	734
213	265
251	553
55	422
55	247
287	598
38	279
48	794
37	535
214	309
235	781
310	445
218	390
315	391
135	563
306	700
322	760
410	750
118	324
215	411
369	522
21	759
17	201
367	446
269	575
215	748
116	119
433	607
236	548
102	458
133	419
171	727
527	617
112	770
384	430
177	770
188	439
345	712
161	280
322	772
211	259
557	608
252	777
346	351
54	79
71	162
67	334
329	443
560	709
51	611
258	678
248	298
355	799
29	84
391	524
690	781
171	369
308	351
262	763
650	688
103	713
431	540
223	683
109	645
169	299
381	579
8	718
215	596
574	657
464	735
376	512
373	525
539	582
388	562
232	282
95	422
446	687
212	487
305	509
117	610
51	692
121	785
1	471
264	524
368	768
85	650
73	109
121	797
544	661
258	784
507	673
269	777
105	243
182	759
26	683
94	781
403	588
172	586
651	678
61	212
480	669
482	715
232	328
563	643
319	508
3	377
545	560
333	497
494	791
477	630
282	618
138	600
150	335
110	402
101	714
269	342
378	576
70	277
567	585
416	691
17	417
93	441
479	522
413	771
135	744
52	792
108	459
462	499
192	320
134	263
393	571
243	538
451	747
628	755
166	241
178	274
534	704
108	654
282	381
3	185
644	666
273	773
37	257
71	470
195	411
678	793
231	266
230	596
527	755
28	741
79	705
482	493
321	323
375	754
413	605
216	637
273	750
312	744
97	772
11	603
64	611
328	777
274	535
256	516
4	178
474	765
339	383
271	422
62	84
95	312
220	525
80	142
381	529
337	674
263	554
613	730
282	515
19	438
650	771
470	540
118	408
89	217
481	759
722	736
232	291
598	688
106	289
595	701
489	627
208	518
329	435
4	57
274	317
66	570
180	268
144	618
101	754
570	760
406	663
327	686
23	525
35	126
376	681
29	193
286	766
157	498
128	603
549	650
339	581
22	144
290	325
423	545
188	785
166	554
280	773
217	455
258	591
386	627
511	525
157	374
586	750
132	193
277	553
143	488
116	124
135	283
12	432
181	504
595	719
688	768
300	772
308	573
279	554
304	425
398	455
163	771
55	107
106	490
310	372
388	426
50	717
145	649
257	284
40	75
45	363
494	732
209	245
528	708
278	560
493	594
225	565
386	462
244	632
195	245
401	550
102	560
185	252
501	538
62	178
448	494
186	295
736	796
380	711
54	774
57	665
1	430
353	427
324	608
106	345
441	608
175	471
280	774
21	88
329	349
465	661
696	751
204	344
417	666
182	253
497	741
150	325
67	687
163	205
86	752
106	135
240	290
274	713
592	742
5	787
191	411
194	695
6	720
379	559
441	722
128	533
227	424
630	767
346	684
65	146
425	526
234	625
169	786
141	329
139	786
639	683
393	731
88	115
89	716
301	503
207	667
278	297
422	725
91	378
180	411
423	729
43	285
120	142
292	721
508	655
674	761
42	661
59	611
395	761
415	727
65	614
118	191
15	150
590	649
90	660
688	702
353	794
547	598
452	653
437	505
276	782
127	518
62	156
534	559
530	742
207	401
60	84
8	666
331	453
132	404
16	690
318	772
463	559
7	683
295	365
23	416
198	674
579	790
531	733
148	517
270	734
558	753
204	470
312	724
157	318
191	289
147	711
557	664
353	793
122	444
561	685
558	711
298	573
189	738
46	114
609	677
643	728
213	460
15	652
353	472
146	369
475	641
6	733
203	349
8	122
14	705
81	327
617	737
298	618
272	416
479	566
149	634
276	767
445	543
129	573
10	793
150	538
40	707
89	158
137	400
384	626
341	593
446	558
29	569
384	595
114	340
23	760
261	593
212	503
340	445
382	396
426	437
136	241
301	444
290	366
116	663
434	630
225	535
185	502
566	607
252	787
212	738
477	714
145	313
124	444
265	422
55	692
146	479
332	599
552	554
195	241
270	271
135	354
56	785
286	604
479	563
172	324
196	199
100	405
181	396
85	154
390	532
11	668
246	398
319	580
14	723
54	581
169	319
452	684
175	320
274	586
96	568
25	486
147	250
249	450
459	626
358	394
278	634
401	677
97	550
324	361
342	493
71	163
439	645
408	409
159	449
252	344
194	303
384	457
2	123
570	626
390	693
365	524
256	651
44	476
481	522
511	776
115	134
59	541
291	716
678	740
483	771
569	757
555	621
450	579
9	19
27	735
250	598
245	475
295	638
444	475
167	564
206	434
310	347
544	694
82	577
308	482
129	391
166	526
198	740
128	384
21	547
249	770
4	671
566	701
136	548
27	788
15	499
120	230
510	547
334	390
623	642
261	575
130	792
293	362
372	522
619	766
271	627
254	761
69	299
582	752
171	423
231	632
310	485
472	783
599	631
55	493
178	566
392	509
43	358
193	738
71	405
349	477
718	733
278	355
461	543
300	627
387	721
425	782
276	540
392	419
63	347
212	778
285	331
25	651
270	700
11	202
359	603
29	479
286	699
145	598
63	706
13	546
185	407
425	733
442	444
155	306
33	107
251	492
265	682
136	601
378	579
142	748
16	522
558	797
188	412
174	405
293	391
122	558
53	676
234	581
109	598
541	603
94	122
216	595
383	760
416	626
631	785
212	743
194	778
59	765
6	335
268	329
249	573
329	635
556	626
11	30
289	566
23	110
127	364
568	636
295	427
230	346
336	595
136	336
325	741
10	92
456	712
173	767
52	476
679	749
88	732
11	267
105	186
569	608
334	666
142	352
633	724
47	261
323	786
133	218
233	438
281	525
305	773
613	654
238	316
119	522
212	543
169	285
408	496
47	69
427	681
268	429
8	110
150	165
99	722
678	745
726	776
363	535
512	735
290	466
376	792
75	200
200	402
221	448
556	694
582	771
52	282
419	576
315	386
202	476
21	721
641	724
63	67
649	734
184	708
525	712
82	641
366	685
454	744
304	675
591	601
59	697
577	604
143	602
20	44
432	757
53	97
200	731
23	602
58	74
302	607
65	774
511	755
118	483
238	466
708	765
407	699
385	535
375	384
288	733
246	712
73	397
505	587
415	639
19	456
12	698
319	401
36	447
44	264
4	5
101	125
203	493
232	787
16	728
637	656
276	737
422	682
397	500
358	603
345	453
96	429
64	432
516	632
61	665
399	587
41	132
469	722
183	549
44	195
287	334
96	295
190	330
55	508
70	150
85	374
51	574
218	326
523	726
242	419
228	754
175	773
572	754
2	655
72	331
270	694
89	159
113	628
313	575
200	767
415	655
35	242
54	445
171	707
247	293
676	764
482	589
143	213
154	752
525	658
364	454
324	471
108	766
191	637
9	504
134	393
622	678
440	756
269	642
378	618
98	779
202	275
113	734
153	453
602	681
8	459
76	634
352	750
390	683
180	326
778	782
450	510
362	745
223	540
62	403
468	705
158	472
114	241
122	350
315	522
134	152
384	508
117	670
528	793
269	704
219	229
213	492
54	246
471	581
525	647
155	423
432	622
221	497
404	520
0	740
407	547
306	768
328	355
113	693
450	542
73	791
519	710
125	379
473	739
166	433
274	668
378	656
1	693
13	578
339	482
84	623
600	794
105	151
245	755
54	282
204	695
538	757
182	739
489	758
559	718
100	401
171	207
270	723
629	746
403	448
319	373
369	577
190	298
204	283
449	626
557	660
256	517
533	585
267	430
385	705
23	550
195	785
572	590
286	666
272	292
80	462
214	646
247	721
579	694
296	302
304	478
313	737
26	693
398	790
685	749
286	430
220	549
350	469
186	404
165	191
15	212
319	523
58	223
63	208
244	750
18	770
520	660
356	657
323	748
255	572
199	264
124	130
572	789
128	417
425	609
456	676
94	590
93	330
157	484
293	341
454	509
232	544
123	197
333	569
245	764
78	623
207	275
87	386
327	798
272	275
578	786
587	704
83	705
122	603
388	619
5	156
240	273
493	790
248	405
325	383
37	76
478	633
334	643
398	425
403	511
294	712
85	738
675	765
268	395
233	412
203	688
469	493
67	145
348	359
647	727
393	410
780	781
549	761
480	650
390	700
192	470
131	360
49	210
362	710
68	158
74	329
99	179
353	541
293	440
217	494
340	765
91	442
214	407
244	600
204	768
51	105
89	472
18	195
486	710
64	215
262	391
311	790
437	446
386	518
247	752
531	557
267	796
362	794
481	559
107	141
8	500
310	631
138	777
234	719
217	289
116	578
99	543
611	791
331	795
177	520
139	725
73	403
500	756
567	704
315	668
495	728
588	618
170	212
15	178
422	597
101	197
105	554
472	596
297	784
161	576
238	396
24	219
450	455
278	734
186	381
354	532
234	766
365	687
108	123
126	427
611	673
190	616
242	420
557	589
387	773
401	692
63	180
31	113
274	313
67	612
89	652
202	383
512	670
372	756
57	173
123	663
368	474
278	366
365	390
724	747
561	700
351	777
62	685
106	745
502	560
321	350
422	795
138	709
407	787
430	437
433	676
35	693
192	644
473	687
14	737
411	595
427	775
486	714
261	395
342	780
216	448
17	341
244	577
114	458
64	474
288	595
451	781
20	365
91	192
229	661
644	738
525	665
494	772
555	780
255	274
439	721
196	769
94	665
56	707
173	714
319	440
680	715
24	140
283	479
145	718
495	537
174	755
140	288
343	722
164	243
117	525
194	462
21	271
442	538
262	460
329	755
70	543
11	319
205	472
318	460
22	414
340	640
69	404
54	468
189	498
175	523
536	561
357	556
420	722
107	490
160	252
381	410
554	743
622	780
600	653
230	697
88	666
23	569
207	463
36	399
100	747
105	771
386	758
722	750
199	531
367	378
215	669
175	554
283	520
86	117
44	498
482	576
61	545
447	639
22	671
160	364
582	741
141	627
49	52
493	623
517	565
158	333
363	686
111	327
281	387
243	381
332	349
381	512
210	627
130	747
301	542
23	382
491	639
209	799
323	753
263	512
104	271
192	450
507	709
275	759
330	507
96	729
495	657
131	339
146	643
242	744
414	548
14	671
550	787
57	713
433	717
390	592
456	701
28	205
352	538
235	321
101	704
264	746
285	414
89	419
81	436
400	404
185	740
90	511
70	196
148	730
368	776
359	511
220	520
229	652
450	458
39	111
100	719
620	745
8	317
70	303
341	371
234	648
718	722
159	792
159	233
312	527
585	628
115	721
390	471
55	132
43	601
82	638
87	307
336	749
13	696
137	208
660	725
72	261
28	111
231	422
700	728
245	289
194	679
18	787
572	603
341	681
267	691
363	390
58	461
434	599
175	736
257	283
65	94
382	707
242	666
328	488
119	569
425	691
12	378
0	239
290	612
499	790
328	657
404	762
28	59
426	653
84	788
89	114
407	582
77	166
110	596
345	571
317	728
653	736
440	662
25	527
324	480
520	545
177	695
144	220
324	449
192	522
421	648
591	775
235	681
75	281
169	386
402	698
197	562
201	729
290	343
120	434
38	746
266	520
346	681
59	783
229	623
121	344
130	395
492	726
689	788
718	753
373	749
519	746
295	566
88	471
70	113
599	634
258	414
715	717
62	392
133	373
254	371
368	672
504	729
160	280
457	727
50	53
318	455
145	484
279	582
488	744
9	61
115	354
44	480
650	697
212	682
475	630
268	353
235	574
128	270
11	632
42	404
370	669
253	355
358	442
307	368
31	50
141	389
115	701
77	564
482	647
47	646
530	575
374	470
298	726
416	548
348	446
414	644
4	660
124	433
273	676
377	693
348	648
476	634
384	468
166	360
753	755
130	420
77	780
266	746
51	738
199	654
203	509
186	340
263	368
21	179
683	704
326	640
93	276
485	639
349	757
176	542
764	788
250	408
258	600
311	689
497	599
87	388
43	136
230	648
96	316
395	797
396	479
219	593
322	774
364	502
278	764
693	724
417	716
83	520
248	641
428	749
216	547
262	783
396	738
491	783
82	482
336	615
117	215
152	161
290	374
243	363
80	495
132	328
316	437
66	447
265	360
409	715
393	764
88	709
9	237
595	714
367	393
502	593
29	186
713	795
169	182
252	783
42	794
238	780
113	345
30	70
631	634
424	647
255	503
340	702
87	402
220	338
224	335
333	676
274	591
106	711
191	306
204	543
226	584
245	429
420	786
149	280
2	444
442	503
67	295
17	85
579	695
46	56
468	714
252	401
708	775
87	223
288	419
730	798
248	459
588	662
92	364
505	542
195	615
126	440
590	618
273	602
238	697
86	478
543	707
211	437
539	599
79	660
59	128
94	484
528	557
263	542
104	461
419	723
583	609
341	615
30	537
150	211
469	792
61	634
200	694
45	400
418	450
265	356
94	731
761	763
156	339
147	353
130	403
138	159
639	696
577	707
91	169
371	787
150	761
274	715
157	424
181	299
540	581
611	707
273	348
567	714
694	786
222	313
166	627
91	263
101	746
287	712
196	637
282	742
103	159
639	667
128	557
516	662
365	629
534	673
495	676
109	592
15	535
658	784
11	582
511	647
455	577
496	535
18	774
104	350
458	753
589	747
170	635
117	560
648	732
482	483
112	521
113	332
502	549
251	591
622	700
333	487
309	393
18	344
239	273
68	795
462	645
286	777
385	717
24	81
441	671
128	232
318	421
100	404
642	743
89	415
581	706
495	706
656	709
196	315
83	449
192	579
267	402
368	763
537	706
503	567
484	776
287	290
337	791
335	552
165	179
150	161
291	301
499	521
364	579
266	790
12	696
0	693
319	704
744	789
387	776
315	434
262	427
267	669
116	236
211	344
175	225
282	752
670	676
74	135
222	421
590	757
699	727
334	369
193	692
778	784
136	454
452	696
410	487
175	383
90	317
549	780
75	274
29	36
348	415
626	794
396	776
189	628
86	685
397	527
160	304
385	436
124	664
122	349
102	174
282	798
552	695
94	150
92	384
472	722
578	715
39	636
545	744
220	543
228	691
510	657
368	511
308	785
450	622
301	530
56	169
537	611
186	398
50	258
123	535
25	594
123	341
137	498
193	243
98	127
368	635
221	364
141	577
29	513
419	467
370	454
26	343
119	132
343	588
23	553
397	442
55	154
189	610
102	321
229	612
58	639
157	496
121	396
16	539
155	549
146	224
119	647
596	739
389	612
498	582
20	294
641	787
125	706
333	498
424	659
4	230
245	357
106	293
142	563
142	742
598	784
197	721
326	450
228	744
291	424
233	795
224	390
23	54
331	619
248	328
30	216
197	628
330	498
208	778
358	566
124	499
151	163
256	336
148	363
208	235
364	480
256	586
423	620
218	710
78	210
152	359
382	657
126	516
2	185
112	364
719	780
169	227
656	776
703	767
43	164
52	563
311	373
281	389
155	421
594	661
222	690
185	260
115	743
91	266
296	682
339	351
225	585
139	315
269	409
526	749
266	797
425	605
358	692
179	497
24	791
70	284
167	687
180	455
153	733
118	675
120	507
231	382
212	722
232	722
459	589
254	413
214	681
43	705
72	266
378	645
144	624
541	783
610	799
282	308
364	643
115	408
421	708
180	285
14	610
310	431
350	614
461	717
79	429
548	691
504	686
553	750
129	549
734	753
220	695
310	343
557	581
128	695
3	359
235	626
426	762
171	761
430	500
714	786
43	633
35	334
208	392
625	632
38	64
157	710
158	253
26	546
126	621
503	620
193	769
248	709
201	515
742	769
368	758
478	609
301	423
131	524
469	713
27	701
444	641
8	775
310	441
377	492
344	452
490	692
485	642
360	479
502	641
134	587
378	781
127	676
586	615
26	142
394	737
97	270
432	623
397	405
94	691
71	257
334	450
496	650
287	698
494	568
169	539
164	439
267	592
146	624
81	738
665	689
67	650
521	619
364	462
325	389
179	635
1	113
46	104
656	711
443	774
128	403
410	684
466	777
342	577
595	606
86	507
151	218
116	713
400	518
325	789
159	497
339	396
240	579
122	315
159	580
224	275
104	377
171	640
457	492
26	504
361	619
102	376
399	764
214	341
215	608
497	797
39	151
23	397
539	754
2	190
499	724
631	792
283	567
44	392
20	125
176	795
189	516
24	258
426	780
147	738
671	789
251	735
191	652
536	579
459	690
434	759
367	375
312	372
139	615
445	685
29	150
105	327
700	782
301	342
93	675
64	179
245	678
86	459
135	562
688	692
399	416
60	561
209	382
46	176
122	277
20	74
604	739
380	738
133	720
160	205
19	752
620	792
239	495
322	527
147	779
273	303
200	759
464	583
254	361
209	669
187	633
423	651
164	413
227	331
345	645
476	657
380	566
651	768
212	612
100	674
26	297
120	249
70	747
274	710
223	337
6	498
184	732
700	734
311	656
427	496
415	451
245	700
358	486
218	549
309	338
138	778
444	640
320	358
19	538
267	755
99	453
169	622
157	698
476	489
661	723
46	312
155	612
225	259
98	584
394	757
22	384
272	543
262	563
263	447
19	179
343	451
39	132
52	76
58	405
566	696
35	88
504	570
495	562
410	631
566	677
9	256
629	760
211	457
59	363
146	441
83	487
342	725
295	700
508	542
380	412
32	377
121	553
573	685
69	366
75	146
458	677
391	407
196	732
0	288
298	549
238	407
402	608
109	404
141	351
377	401
29	259
620	765
432	442
516	598
453	486
235	432
0	115
664	721
3	462
189	757
376	543
97	572
436	537
384	574
308	575
210	676
279	400
251	380
252	456
228	636
24	798
708	727
684	761
64	205
367	700
505	715
195	464
752	796
229	267
355	495
6	74
383	686
290	781
421	786
190	233
120	373
169	205
340	688
139	515
156	713
70	625
191	368
78	598
240	406
121	251
118	692
338	503
496	559
774	783
565	656
633	721
220	322
38	210
58	129
125	308
52	523
233	774
380	473
300	755
247	700
86	720
253	722
380	429
486	724
702	759
349	639
124	375
305	646
489	642
344	686
106	402
9	698
340	370
408	655
168	454
647	745
245	656
471	486
161	459
410	513
1	601
597	782
11	651
275	786
433	642
741	759
153	487
590	779
415	445
75	199
92	492
356	498
362	404
43	69
511	774
374	789
200	747
161	681
113	266
144	287
378	770
33	428
287	755
374	523
128	287
86	309
394	594
475	598
176	591
101	557
499	697
123	239
366	462
236	355
439	799
480	752
469	519
0	588
280	544
477	500
1	775
614	676
177	292
251	593
495	633
116	227
241	567
521	568
158	358
293	611
232	589
11	306
118	224
135	497
33	35
307	673
481	691
247	444
187	604
789	794
242	694
356	650
83	447
360	791
398	629
440	754
24	368
199	562
149	504
462	635
40	717
179	236
12	716
124	363
100	325
455	780
200	680
101	301
363	429
204	430
184	444
87	366
556	659
104	411
391	571
396	545
221	643
83	585
353	426
119	167
73	268
248	578
64	576
132	447
138	631
342	653
97	588
468	652
387	634
90	502
338	521
497	541
266	489
50	465
373	405
77	152
440	730
80	523
119	519
161	629
453	476
609	683
473	690
88	187
346	583
392	749
183	314
383	442
64	160
449	460
103	495
415	691
335	726
360	389
9	592
123	434
499	776
90	176
180	698
26	432
466	565
97	448
18	556
530	775
617	753
113	185
603	730
125	498
516	527
786	788
53	565
215	572
536	595
315	591
254	404
248	563
116	556
290	417
264	798
56	80
68	535
136	614
621	768
298	706
409	503
513	567
355	411
285	643
458	602
52	409
429	572
292	380
468	660
1	699
394	684
562	610
107	463
2	15
205	737
381	492
302	358
88	647
229	785
332	653
16	125
151	569
397	799
261	723
470	489
265	268
121	323
424	627
20	490
92	570
400	410
309	563
57	518
209	716
407	612
419	428
290	414
327	368
610	630
103	350
271	631
47	521
368	561
470	579
585	781
69	116
238	463
248	767
281	666
128	333
118	669
13	378
104	112
571	645
484	767
571	603
80	395
10	715
128	642
488	498
147	408
16	122
22	130
270	731
326	776
261	689
620	730
451	560
402	596
94	552
462	706
356	575
53	534
94	787
650	665
536	781
392	548
148	423
93	632
76	684
376	692
367	372
240	361
161	350
246	378
49	182
353	430
167	372
429	640
33	511
236	769
240	519
538	758
26	217
431	537
7	591
154	482
60	795
448	453
410	768
486	683
483	659
220	650
130	387
250	439
258	549
116	554
62	686
122	142
521	551
63	257
276	443
261	718
167	561
397	502
200	348
391	744
449	497
639	745
619	718
177	205
196	786
245	514
578	678
178	787
71	661
690	798
40	409
384	656
155	676
130	435
499	728
489	590
236	380
121	572
91	249
282	753
276	461
198	328
441	788
317	780
526	727
19	294
122	485
290	771
147	446
510	789
314	700
561	726
379	388
195	259
150	372
608	658
369	677
246	319
220	638
375	723
134	281
144	664
141	573
519	547
73	455
290	743
453	591
255	663
648	745
451	728
219	674
191	664
3	431
178	612
44	416
70	743
393	402
169	364
177	789
238	531
12	314
43	630
159	552
116	232
414	738
69	640
237	321
337	563
491	616
175	182
340	444
82	336
414	546
211	429
3	717
93	337
60	431
195	520
238	746
97	511
526	708
412	432
107	215
179	470
76	716
455	792
104	142
122	258
57	316
322	428
89	194
57	637
256	473
167	318
55	499
552	565
386	618
283	426
28	511
268	711
5	105
152	683
178	574
125	306
239	431
232	677
188	571
7	278
134	516
247	687
199	561
533	704
179	245
217	284
252	555
104	580
106	413
491	657
147	705
23	27
34	56
417	481
347	766
377	538
426	532
152	430
208	540
324	736
346	429
145	682
344	357
578	791
489	721
283	771
122	298
47	458
289	338
302	379
683	747
716	739
98	261
287	534
25	528
71	320
359	593
183	693
326	559
89	297
31	299
160	517
19	205
73	505
562	572
536	726
245	617
93	682
52	555
142	621
198	644
532	555
28	577
255	448
406	797
59	487
137	500
145	159
64	759
4	780
688	796
96	648
394	755
296	711
65	639
347	719
43	758
240	297
353	593
136	302
467	770
12	179
417	694
305	569
150	273
709	757
629	767
135	365
317	773
286	703
30	339
109	138
585	730
115	486
222	772
320	406
618	787
19	62
48	572
80	393
10	87
24	406
227	717
113	141
72	662
193	369
625	796
230	664
540	627
534	652
169	602
556	682
354	514
473	643
609	659
137	492
136	578
470	610
159	487
75	554
56	676
623	638
47	223
38	426
40	234
217	372
360	648
103	334
574	748
214	440
150	514
327	356
93	456
406	691
430	580
229	458
86	657
65	326
387	726
523	776
24	691
203	726
339	519
532	786
197	626
493	776
52	494
187	639
633	655
69	203
134	407
129	194
189	427
430	769
145	518
5	659
531	728
399	401
267	465
363	605
506	555
259	296
109	292
134	445
58	777
7	116
32	415
279	300
222	781
635	696
8	418
547	706
160	340
220	245
310	479
116	468
30	588
359	788
172	661
134	368
398	632
674	709
340	363
199	436
39	351
344	416
102	170
403	551
65	780
331	543
192	737
430	466
170	601
171	301
526	776
71	773
48	196
639	675
102	256
126	739
165	338
370	688
119	615
84	451
171	684
685	723
337	360
189	303
147	567
13	206
203	766
38	496
387	795
555	751
60	235
239	569
279	549
39	483
66	117
57	122
320	494
168	338
70	319
227	596
207	610
418	771
129	385
488	781
199	409
566	760
537	676
477	508
434	570
243	586
281	551
110	199
153	314
357	550
36	465
540	621
13	711
92	623
223	799
536	716
23	417
27	168
24	221
207	796
69	137
7	158
212	763
243	727
153	323
389	625
396	662
174	681
693	728
601	628
112	466
265	475
485	737
500	593
197	216
82	290
337	775
453	574
223	692
341	620
195	600
99	206
280	424
419	446
30	82
312	323
275	514
239	675
510	617
95	317
96	681
2	361
520	525
3	698
361	599
125	322
218	751
546	713
70	536
46	491
133	337
38	360
69	780
307	369
123	343
299	685
563	780
112	226
465	634
311	507
193	460
650	659
286	303
389	454
309	451
73	610
386	784
470	755
279	754
538	625
462	519
339	585
261	711
93	601
270	669
171	565
271	632
400	692
219	677
177	771
29	692
393	505
201	571
96	239
69	420
442	489
231	499
232	488
581	624
206	687
369	750
106	774
456	729
434	486
182	626
465	798
671	772
669	759
589	716
676	711
289	780
69	460
560	642
146	732
465	694
127	466
120	528
627	704
121	661
12	227
67	625
75	439
103	527
208	688
588	649
136	339
449	589
611	659
529	774
259	572
89	420
645	765
213	794
37	153
344	387
161	182
469	683
194	349
582	601
403	413
190	544
221	363
8	690
761	767
526	732
41	137
483	490
230	438
44	479
181	308
310	554
2	47
379	711
359	590
13	525
55	251
108	598
129	545
471	776
662	793
521	739
222	489
191	783
255	508
235	293
575	713
209	360
75	353
108	160
231	592
246	430
128	544
537	562
37	385
333	550
23	458
190	269
299	541
244	423
14	482
258	700
10	351
182	615
630	640
138	582
347	629
34	529
432	650
109	412
448	643
54	286
681	788
117	796
458	789
141	230
543	798
476	778
217	422
268	647
239	502
687	789
55	300
223	248
366	474
19	133
430	439
9	347
104	294
431	602
69	740
154	216
504	596
248	757
529	755
467	697
521	642
705	766
145	526
52	73
697	725
510	607
103	261
18	512
68	517
701	739
299	593
423	500
172	538
263	535
238	439
179	293
451	610
10	646
537	602
285	407
301	471
210	543
244	563
215	318
167	602
653	776
169	222
421	743
20	334
43	662
415	545
186	253
231	393
278	694
578	655
128	709
276	416
271	735
479	679
179	432
149	525
114	285
756	777
399	470
50	797
77	313
233	293
306	606
223	678
114	698
28	717
93	706
154	700
245	489
117	554
442	786
390	577
162	407
360	759
416	638
154	314
143	233
520	663
159	177
241	561
428	480
573	736
131	496
553	734
355	550
148	213
11	613
490	694
180	199
518	747
43	127
409	685
451	565
317	334
231	779
182	623
209	213
407	594
68	620
79	678
201	497
464	620
60	314
304	720
30	644
198	464
185	674
349	455
234	417
53	640
45	675
35	736
391	578
426	454
321	573
309	388
383	678
217	491
102	588
38	219
249	280
84	792
406	413
365	759
93	256
93	333
246	478
55	135
298	609
25	704
216	782
75	351
217	697
59	632
435	491
141	522
525	787
211	729
180	400
19	600
577	690
152	310
210	309
642	774
154	487
223	612
245	455
219	235
17	84
39	671
20	273
424	629
312	649
227	745
28	314
561	570
237	485
145	525
368	666
390	472
47	354
329	767
344	504
218	761
62	702
485	596
15	351
222	494
35	769
224	278
30	470
435	709
567	712
558	795
435	785
270	420
220	399
526	647
14	215
134	686
394	686
196	568
432	698
309	638
652	739
246	394
271	435
538	755
618	659
176	784
233	358
667	763
31	398
8	427
60	495
208	798
261	603
345	505
133	463
105	535
553	595
69	362
345	596
639	702
379	626
402	410
9	417
307	555
565	576
92	243
598	786
159	407
288	755
399	745
170	571
307	669
333	467
219	712
517	755
494	558
521	744
435	567
60	666
694	776
77	556
148	206
478	539
322	580
487	787
127	333
20	409
17	143
44	694
446	633
320	468
391	745
100	316
156	248
283	618
566	734
149	293
340	590
236	743
259	299
296	650
61	66
154	465
540	793
127	739
228	413
291	697
501	683
357	577
481	634
628	758
342	443
150	418
274	403
254	277
154	158
505	685
200	271
318	368
337	714
251	265
445	778
168	398
369	395
285	518
221	421
507	767
341	666
356	559
483	730
395	606
529	678
306	494
438	675
464	561
427	540
546	560
452	455
37	529
230	553
656	795
496	526
319	446
250	546
148	439
82	333
13	305
312	379
594	633
236	773
261	769
72	467
91	253
306	453
249	345
261	739
74	519
143	324
385	404
432	437
75	363
504	735
140	239
216	752
617	627
284	607
280	448
728	798
56	606
34	499
125	639
233	521
180	414
255	277
398	557
153	352
309	564
558	760
507	689
25	631
541	604
461	561
255	318
351	487
202	342
624	680
312	420
199	778
4	447
529	687
45	128
168	682
37	228
39	686
229	554
496	723
71	100
492	768
23	230
45	597
346	381
643	705
503	611
243	563
107	263
553	770
282	671
227	464
216	266
55	539
473	627
17	778
185	763
155	518
145	477
373	680
526	669
258	458
152	618
281	517
159	337
512	716
76	324
30	211
193	280
388	748
182	420
413	648
37	465
357	449
518	793
80	689
93	631
396	681
74	611
101	759
302	338
468	751
226	520
55	733
83	181
290	618
44	714
329	447
389	478
595	631
72	328
204	749
93	183
111	719
282	528
500	634
141	665
456	602
463	623
49	554
36	417
243	715
167	345
520	778
302	643
642	724
354	655
137	191
493	765
275	412
51	475
154	790
518	558
28	402
82	228
170	310
69	110
274	563
265	668
280	403
719	782
598	734
113	282
480	712
162	738
254	312
167	462
626	745
145	266
61	372
209	623
215	734
61	530
100	495
281	472
210	589
54	485
591	753
202	311
32	472
309	746
153	517
118	427
111	664
10	655
368	618
318	474
93	566
518	694
752	770
445	544
749	793
194	697
297	404
346	362
418	549
527	762
390	746
329	436
171	527
241	523
424	429
216	613
83	337
139	391
237	767
278	746
95	306
7	50
72	533
220	368
243	660
202	480
298	569
94	660
252	324
242	762
435	653
290	525
233	298
159	186
359	367
609	759
571	598
235	531
743	758
464	621
31	664
9	56
141	454
74	550
111	422
33	438
198	222
196	503
318	548
268	561
66	134
112	385
348	777
465	680
291	378
368	416
327	525
207	356
62	98
20	378
38	267
219	220
164	563
362	727
287	667
654	762
648	786
562	718
491	620
462	528
356	484
515	679
144	527
5	494
68	280
349	603
744	771
131	413
475	696
25	520
678	778
454	501
392	439
203	222
477	750
30	337
174	697
22	26
530	774
216	504
401	780
63	375
444	529
620	701
383	786
768	775
665	684
82	596
560	577
30	494
212	683
15	373
113	149
6	650
230	791
217	663
152	351
68	518
6	209
659	771
44	463
232	470
29	503
9	160
153	699
73	738
93	323
269	584
26	188
231	516
86	123
246	505
599	780
21	66
232	316
197	763
633	710
56	616
85	100
490	761
581	670
241	306
418	527
152	540
356	706
243	665
201	348
755	780
161	558
226	416
127	217
227	604
220	627
18	149
478	552
158	755
225	279
20	346
181	225
183	783
390	740
293	740
228	448
2	514
293	678
575	786
708	738
121	382
431	646
418	496
142	450
56	442
142	321
166	212
469	518
338	672
211	542
280	730
62	561
92	359
77	601
488	664
237	558
444	756
283	460
280	635
206	560
34	725
339	373
734	793
34	574
346	372
368	471
110	430
453	793
295	680
13	55
127	436
376	752
273	551
210	631
169	785
236	347
23	60
389	674
9	382
87	125
299	720
614	743
223	260
452	619
158	779
435	584
270	519
514	636
25	351
243	655
91	616
300	535
13	315
177	454
214	647
583	707
90	623
404	732
430	768
128	410
160	324
194	199
580	588
564	605
43	628
50	387
449	513
260	573
111	794
129	237
88	102
160	587
29	468
203	611
676	746
90	612
60	283
311	694
350	672
390	622
628	750
8	682
158	272
78	439
457	522
137	443
7	154
86	748
89	366
58	297
291	653
298	689
84	357
194	297
31	790
369	528
539	648
71	385
19	217
446	570
14	29
246	337
295	613
383	420
694	705
565	789
533	687
314	503
244	310
299	318
147	175
96	707
162	609
342	575
98	173
181	771
170	478
35	153
249	485
0	541
650	701
19	296
128	725
365	704
532	727
271	381
132	247
30	377
608	660
36	573
142	698
491	619
106	586
91	434
67	511
126	532
571	640
397	548
176	637
9	115
498	668
189	348
376	591
212	700
369	785
260	665
30	575
178	443
72	746
377	671
690	758
372	395
130	690
437	739
253	623
57	224
87	447
266	662
524	677
349	480
1	106
141	755
115	464
205	234
630	745
171	634
350	490
312	448
554	666
121	332
119	586
278	575
339	596
550	786
36	646
481	532
218	416
31	487
121	782
375	496
24	85
412	734
194	755
53	288
224	317
85	462
75	337
95	238
12	790
540	711
19	701
35	682
166	422
252	679
354	435
106	729
29	144
504	793
156	712
237	451
528	577
178	509
406	570
271	789
253	705
142	575
639	785
0	684
56	511
3	153
5	304
368	396
357	447
353	394
53	562
111	761
223	749
534	742
306	445
101	687
481	593
673	774
578	665
154	268
689	750
701	799
256	613
351	736
277	373
465	469
331	503
180	573
72	458
144	574
343	799
505	607
142	715
257	490
516	584
36	619
312	337
227	637
123	214
324	512
428	579
298	751
301	460
508	708
153	450
75	652
668	688
294	440
728	735
125	753
36	44
134	428
79	737
177	651
107	603
423	440
119	241
276	791
70	169
212	531
495	639
653	704
518	688
210	278
626	666
433	692
99	473
331	411
101	626
340	395
346	451
203	213
175	286
279	459
503	676
161	694
217	631
46	414
148	786
133	384
142	497
368	677
436	684
68	301
257	495
493	636
44	300
228	248
259	330
367	701
21	297
189	627
35	53
280	663
13	749
404	775
540	764
56	789
302	389
94	614
92	97
319	426
10	647
268	635
299	615
159	741
562	766
291	664
166	670
255	472
253	715
684	758
298	604
120	424
115	124
3	39
246	719
277	371
731	778
411	589
195	704
142	609
202	375
23	100
31	112
725	741
526	563
328	513
455	746
10	483
599	674
330	483
485	741
416	669
49	361
44	667
275	760
65	731
26	443
489	751
9	63
129	479
171	656
100	305
107	518
501	649
25	108
453	670
227	751
220	528
276	754
336	784
478	655
396	605
420	596
190	752
62	499
170	759
293	446
22	276
485	503
578	657
79	299
555	560
44	796
182	258
50	366
98	544
46	90
166	714
437	763
307	603
99	176
57	388
62	508
116	148
143	329
60	514
457	546
220	693
209	479
117	464
221	311
239	548
139	703
301	615
672	719
260	298
87	534
634	778
474	514
23	648
399	414
398	482
16	418
249	462
165	736
74	199
91	429
446	781
512	749
335	768
392	695
146	297
625	709
685	756
393	477
337	394
232	524
517	769
336	710
304	719
434	557
501	573
227	609
606	658
220	370
125	222
250	363
173	262
46	364
297	455
356	443
100	629
194	757
677	696
370	657
9	568
5	617
428	515
91	242
17	436
561	594
578	651
335	416
50	439
385	501
509	581
753	754
267	646
129	656
164	458
27	643
361	677
10	332
501	635
54	62
187	592
232	383
59	343
113	684
100	101
388	424
159	709
52	538
299	467
371	417
503	667
57	401
218	576
153	783
174	323
459	539
191	395
285	384
398	763
384	718
46	599
444	616
41	600
301	745
8	436
339	385
389	509
119	539
468	540
487	783
40	239
422	584
13	47
485	667
523	623
485	710
300	789
235	335
483	507
420	797
246	684
166	580
471	762
532	794
138	504
0	167
406	740
191	219
657	693
119	464
183	738
592	796
116	183
21	584
408	597
471	652
4	235
256	465
160	605
501	757
666	680
134	238
454	488
740	767
689	711
225	732
38	630
351	675
424	745
28	788
326	455
0	120
98	577
140	425
54	638
76	313
164	676
244	541
45	642
441	709
593	769
562	751
106	747
503	522
451	520
240	431
101	175
386	776
311	706
340	364
479	616
15	540
281	526
135	410
545	694
73	779
379	728
393	650
429	617
65	315
49	154
27	473
313	398
583	745
265	278
216	593
123	334
19	219
444	735
8	69
565	608
107	414
453	580
30	288
200	235
9	751
418	628
94	243
207	267
221	594
152	527
170	752
520	535
363	467
569	678
187	234
638	726
20	605
286	479
330	370
312	557
516	684
560	589
10	28
376	519
91	538
457	794
533	583
101	440
34	309
248	635
109	217
393	510
133	426
276	453
413	599
30	312
538	594
302	746
546	768
245	648
78	470
5	216
4	620
106	154
97	301
434	693
190	221
105	717
98	347
87	252
197	321
143	657
6	31
208	505
285	555
451	752
273	598
120	194
130	265
244	318
456	574
275	394
45	593
132	419
343	515
79	276
342	688
145	511
504	605
358	767
80	472
237	301
582	779
394	679
551	685
113	451
122	662
154	498
302	559
280	399
178	321
148	408
327	613
620	715
56	171
254	526
170	444
339	778
88	381
280	775
222	704
379	758
478	574
438	534
491	606
679	706
237	507
635	730
62	406
136	269
416	708
121	141
325	446
512	569
19	310
38	52
114	570
81	235
187	482
414	771
665	779
262	634
441	702
536	586
118	708
162	746
248	706
5	565
137	161
316	475
187	680
320	603
54	316
34	581
440	590
355	716
174	509
227	690
378	540
64	198
179	411
174	334
266	676
493	557
571	708
220	360
506	679
187	310
320	352
685	739
351	494
472	735
129	498
455	605
19	506
402	519
417	503
97	660
24	638
372	529
373	391
0	700
72	314
51	714
110	175
514	611
4	410
479	766
10	508
354	507
715	772
132	733
169	756
319	670
229	284
470	524
66	153
139	601
239	672
194	338
126	648
3	95
15	650
356	713
27	210
673	716
665	691
206	502
231	447
376	516
24	723
10	766
257	487
11	465
400	590
123	137
67	216
760	777
73	360
33	101
366	721
131	747
192	581
282	700
179	186
400	461
98	613
129	603
759	782
448	610
543	586
178	719
559	749
246	619
22	450
206	425
47	345
49	477
261	551
279	510
628	639
61	306
314	633
117	473
454	521
186	659
232	724
136	246
111	528
232	283
312	445
223	686
211	737
9	410
96	137
459	652
373	626
361	718
46	655
253	571
331	432
57	254
179	437
122	145
447	679
576	586
101	407
12	706
32	626
50	421
244	534
13	270
32	622
147	181
126	787
101	269
117	787
200	280
702	779
369	742
24	364
579	604
149	462
252	360
272	531
121	682
297	647
464	518
108	694
131	214
190	258
155	765
160	688
336	437
207	648
198	408
184	453
345	608
395	764
13	499
249	696
277	614
225	366
307	781
451	486
169	424
25	585
26	30
119	681
156	624
434	648
583	779
142	419
337	464
160	773
581	799
33	325
407	503
122	383
695	771
462	485
198	291
70	518
32	474
344	594
4	709
38	297
281	496
353	633
125	545
71	771
622	661
108	394
591	728
414	678
260	579
269	428
141	668
121	459
309	760
155	721
300	422
278	349
185	736
203	548
284	512
538	683
506	622
516	573
9	502
527	752
110	513
65	686
462	701
205	242
23	534
340	521
183	720
256	403
99	291
105	370
261	574
138	663
3	511
390	625
78	348
158	797
90	426
519	640
41	594
623	702
14	378
215	345
492	496
251	632
442	624
56	96
621	683
460	713
266	638
117	719
331	640
35	433
48	602
387	514
453	633
125	384
258	324
226	705
297	704
270	703
312	466
103	235
27	640
122	601
243	675
234	786
62	78
273	439
262	700
368	464
7	781
164	689
231	637
53	68
3	451
26	257
172	770
521	591
207	474
514	798
170	482
56	117
163	653
64	337
21	143
562	681
496	746
743	773
49	704
244	567
302	651
105	507
402	441
14	189
172	406
128	357
119	135
185	400
335	427
107	314
755	757
42	124
232	244
131	652
441	463
282	315
175	421
381	420
689	723
10	730
131	199
36	338
169	637
304	487
362	536
567	591
688	734
520	785
683	720
427	535
37	725
43	539
92	702
104	758
58	741
146	166
185	232
59	764
573	694
219	234
2	323
313	624
20	110
381	517
171	720
272	370
101	496
382	624
206	257
62	407
542	774
462	472
431	716
630	717
316	371
7	769
267	443
525	693
67	192
194	276
79	102
99	571
476	626
104	126
205	774
339	494
630	780
264	381
29	459
305	695
302	478
498	661
557	667
165	586
279	607
505	695
253	776
305	448
451	458
192	761
305	492
407	604
495	721
64	197
258	430
93	403
235	272
137	258
110	236
701	707
411	753
498	594
704	757
415	569
167	497
720	785
349	760
386	581
660	783
253	627
24	532
161	440
364	415
18	199
114	372
144	677
76	344
546	714
350	419
251	255
328	394
737	770
83	360
619	641
268	628
181	216
111	464
752	765
245	309
365	727
467	659
210	665
59	362
0	451
498	721
550	582
164	763
445	745
297	680
30	498
37	419
599	613
255	601
345	723
112	761
241	720
422	524
238	776
629	751
154	359
20	717
331	417
35	307
276	549
127	237
384	411
157	568
2	183
111	255
388	683
320	625
71	173
463	684
621	664
563	654
461	598
637	726
89	562
186	347
516	623
356	628
521	785
300	352
296	633
256	392
496	770
474	687
191	776
472	670
169	603
175	400
308	658
521	684
251	741
31	215
277	488
272	671
8	786
291	594
482	545
31	256
509	685
35	227
612	773
287	475
83	459
314	783
124	227
219	565
301	660
99	444
187	241
644	728
291	415
231	370
76	178
67	272
415	522
9	571
190	520
217	366
128	590
444	452
491	773
148	791
181	475
360	578
34	671
176	509
277	433
75	641
151	793
203	704
142	552
562	768
221	624
184	228
13	439
165	237
131	447
546	745
129	421
6	525
310	494
371	616
511	615
397	663
354	454
267	474
488	634
14	323
229	502
151	255
33	651
260	723
39	339
338	564
288	488
207	505
298	484
112	552
222	566
45	575
80	352
487	654
373	450
270	752
87	698
474	790
262	544
417	558
251	381
379	558
41	638
281	293
0	229
87	558
336	690
533	732
288	295
211	735
152	405
197	453
642	687
42	630
98	407
55	529
138	358
254	622
304	722
245	352
154	486
630	736
15	755
528	797
91	546
535	647
28	643
444	606
203	378
24	630
147	582
174	452
20	243
191	699
15	205
671	694
41	412
288	322
129	228
226	624
609	630
432	755
84	321
327	557
323	722
413	489
57	725
258	751
75	570
427	434
115	191
632	700
652	766
126	372
30	264
332	401
32	338
446	548
500	600
20	370
147	611
119	340
150	191
341	344
360	452
258	789
693	765
156	679
259	588
169	326
619	782
21	268
438	518
27	32
338	747
468	748
327	503
5	706
249	371
392	717
182	581
303	526
100	435
581	715
37	424
32	178
220	430
87	510
2	445
135	544
137	705
4	676
587	640
431	531
248	565
656	791
392	742
35	741
569	660
120	690
363	539
82	444
458	747
529	753
509	640
678	782
260	366
396	593
243	713
75	360
103	557
44	410
10	118
32	52
372	782
461	548
99	218
208	589
127	315
4	128
119	631
349	770
31	155
327	384
66	791
369	458
55	622
416	697
426	448
290	540
127	494
272	627
548	569
84	799
6	311
142	255
277	347
399	784
173	435
215	614
42	474
350	723
600	654
682	769
175	631
764	783
455	775
217	537
660	702
338	687
119	303
107	737
160	258
167	262
84	425
44	53
215	330
211	243
114	716
158	454
521	667
10	774
27	721
75	228
181	649
323	768
373	695
207	295
391	393
119	430
183	457
481	491
517	530
30	759
64	68
134	185
418	687
636	639
319	430
324	430
262	720
212	787
125	623
193	572
705	719
41	322
290	751
277	721
36	259
169	601
442	611
517	707
567	599
236	665
56	528
426	613
108	397
422	632
276	367
217	767
196	246
624	626
420	697
662	784
181	594
21	739
713	777
441	786
292	636
43	327
466	471
259	468
575	691
512	636
763	787
332	517
479	664
372	644
236	368
35	137
92	566
152	603
620	684
141	599
212	405
641	711
171	188
267	423
290	757
132	541
303	345
157	382
283	745
440	697
582	711
352	464
196	254
630	700
120	157
91	416
154	327
208	361
150	738
5	400
33	699
515	629
34	90
651	682
187	518
56	475
229	531
651	774
348	583
135	730
185	710
268	401
352	697
374	405
16	538
525	581
136	783
557	782
188	493
491	796
190	687
354	625
173	638
64	231
134	426
455	594
329	770
270	449
627	776
491	677
136	347
204	634
343	504
27	644
214	786
31	552
327	559
726	771
94	539
155	616
127	425
10	579
708	767
11	722
193	669
100	500
195	748
245	545
174	284
295	546
309	345
357	398
140	388
273	308
13	259
577	671
685	797
4	654
96	687
470	665
132	236
318	468
447	722
556	759
627	763
448	510
84	372
382	609
21	265
185	610
99	515
513	562
268	351
203	739
320	540
340	651
363	636
58	550
279	767
671	708
147	515
362	470
545	755
422	501
391	583
701	782
417	670
157	509
341	560
235	288
428	675
167	392
141	305
535	614
151	296
397	613
156	592
328	385
164	605
324	533
63	530
116	526
427	713
31	291
109	295
162	778
420	621
472	615
181	281
381	617
402	550
117	508
318	718
104	614
148	552
33	490
339	767
337	683
297	328
96	717
169	796
283	421
137	678
326	438
32	670
527	626
442	628
525	744
28	263
408	666
499	793
397	447
769	791
8	163
249	617
133	422
529	602
74	616
29	796
162	627
59	759
266	288
315	571
303	380
496	751
274	350
492	605
732	775
264	630
714	728
113	213
29	105
66	231
31	454
82	484
231	700
69	375
578	743
466	535
208	332
334	422
1	779
397	571
426	753
385	484
325	614
3	70
152	227
114	455
270	535
588	779
203	347
6	241
37	780
608	619
536	712
595	659
3	476
100	301
227	553
207	770
2	357
380	741
14	366
561	784
48	176
106	193
62	355
349	674
20	775
210	346
277	724
249	611
159	546
122	392
430	674
11	343
130	614
224	728
334	374
56	635
240	437
22	553
235	750
181	324
731	733
292	426
281	772
221	494
134	137
35	794
269	613
104	356
317	525
365	774
226	387
210	496
70	753
124	247
60	736
11	100
68	74
537	585
253	548
82	357
158	674
337	585
757	796
75	595
516	564
152	304
50	135
149	539
433	784
463	722
345	744
11	458
66	528
5	116
224	688
294	527
344	405
257	539
302	522
57	668
190	710
465	690
619	796
56	453
472	620
734	764
301	316
233	642
225	338
567	688
637	762
470	607
348	770
357	426
755	785
345	354
445	681
467	798
62	684
55	59
88	774
287	350
116	305
25	717
355	600
86	570
0	492
284	665
433	468
257	733
637	768
143	402
233	672
357	792
15	446
81	798
195	232
20	676
361	607
12	31
51	269
41	210
137	521
37	704
199	472
62	428
80	305
283	498
137	483
507	534
453	673
605	754
164	321
17	618
381	688
491	585
201	707
250	709
323	353
654	794
728	776
365	544
17	771
496	796
61	406
389	696
439	492
625	769
218	442
74	190
286	383
214	441
167	244
511	672
232	545
88	101
139	745
380	460
392	557
236	480
63	466
286	733
75	778
182	266
165	664
563	682
35	795
93	486
331	568
53	475
347	768
639	770
356	418
261	708
687	723
296	511
2	764
161	614
386	401
92	450
485	520
293	382
162	190
517	608
179	509
214	419
202	238
431	677
443	615
403	470
625	716
52	143
464	659
152	705
134	210
296	784
510	768
567	759
207	623
144	295
207	311
636	775
49	647
132	139
699	706
218	668
22	102
309	685
392	452
379	423
119	798
195	711
28	401
216	323
98	569
93	382
236	448
51	725
502	769
110	724
281	769
74	439
274	387
574	766
73	341
619	660
221	793
209	455
12	217
28	488
114	380
18	383
493	670
53	784
23	764
575	619
202	540
495	547
245	349
537	561
55	432
49	394
294	493
32	381
499	682
90	416
355	449
12	262
156	605
414	442
684	767
320	758
127	647
22	468
184	405
1	704
17	156
189	525
381	407
107	557
234	643
130	781
330	349
82	740
32	449
204	342
88	673
222	603
132	794
248	657
422	476
671	756
290	519
109	391
516	699
501	646
392	534
18	369
492	689
15	419
345	699
87	735
120	324
112	459
10	468
757	792
310	616
332	644
484	615
358	476
253	620
559	663
56	175
163	733
407	675
137	204
15	162
367	604
19	450
54	614
401	734
393	686
625	689
89	384
343	631
23	469
156	395
109	237
261	688
116	138
14	374
200	406
481	686
14	121
139	728
200	378
40	285
418	538
41	401
55	547
50	707
98	676
169	623
404	529
274	484
211	507
48	254
429	736
104	275
558	568
554	748
19	187
568	701
45	130
27	671
322	378
435	496
633	700
324	603
613	728
423	748
284	415
19	741
1	136
462	518
25	35
277	489
83	260
419	782
526	608
358	519
11	144
460	484
69	733
201	207
668	681
443	538
544	775
4	779
521	664
330	532
232	414
185	397
87	623
281	671
644	678
87	749
82	355
187	769
572	592
105	543
54	742
42	288
487	797
469	723
107	472
701	751
552	746
193	438
141	272
468	797
109	588
65	205
430	619
157	215
46	611
119	795
600	791
279	560
366	644
322	665
434	530
46	360
34	220
33	633
292	767
406	706
248	607
226	238
350	498
28	638
147	619
24	481
295	484
399	780
395	429
419	719
441	704
453	551
149	456
77	408
605	779
391	656
115	510
102	239
262	659
46	319
52	99
587	623
7	425
109	315
278	699
102	689
100	781
157	470
432	530
397	733
89	154
437	760
2	399
367	687
623	695
256	279
141	273
219	464
131	136
115	252
393	615
511	737
291	460
248	655
527	630
171	189
305	729
262	326
179	468
192	576
463	773
198	514
52	383
371	676
602	730
477	563
337	339
643	765
249	794
131	564
601	787
15	380
3	145
49	365
345	555
509	567
375	542
25	46
163	303
195	653
144	651
152	663
134	469
141	241
181	779
22	356
17	640
41	129
38	275
523	721
338	391
506	512
280	529
364	563
658	724
224	375
371	585
95	262
140	191
25	31
227	256
14	390
238	276
290	579
314	592
61	94
172	442
598	762
382	783
38	247
266	789
134	483
71	145
490	611
318	496
456	573
97	668
164	241
121	615
308	741
405	675
50	451
223	295
297	735
190	218
655	660
368	588
264	522
52	126
6	81
68	391
79	593
618	721
174	202
289	606
143	151
138	763
728	752
433	460
59	526
111	676
528	632
178	592
460	530
187	493
438	596
240	661
497	550
138	208
188	688
180	539
0	423
338	505
104	253
636	655
121	604
68	337
149	497
1	750
367	682
190	564
282	314
513	781
405	667
147	498
271	644
226	657
635	693
381	580
250	791
438	520
8	228
128	492
368	697
136	315
44	763
142	467
310	658
453	645
151	384
300	354
448	487
95	533
377	669
663	676
526	645
555	746
54	190
200	407
125	357
372	530
149	664
249	628
135	485
298	374
425	466
318	377
397	714
386	785
281	508
26	182
407	623
597	760
522	674
335	690
673	760
413	443
30	269
429	517
501	692
227	536
393	756
483	486
41	455
404	420
27	651
120	492
359	791
10	353
255	359
208	752
289	641
274	285
457	723
174	294
212	725
346	549
259	337
177	231
132	601
62	742
32	528
74	488
147	372
384	693
153	477
12	278
22	434
505	584
91	247
65	376
57	87
5	566
563	790
102	230
13	590
561	713
465	504
50	261
254	687
59	365
76	359
99	198
114	119
15	47
195	224
14	710
317	562
516	653
191	604
122	197
388	794
603	676
540	608
89	145
535	693
387	535
263	556
327	365
192	573
0	281
100	732
717	791
249	440
42	291
7	627
429	694
191	614
14	551
625	641
180	600
188	625
228	518
428	474
36	634
556	736
103	516
327	733
400	601
190	767
120	529
616	630
725	740
275	778
115	125
220	244
195	579
201	606
546	754
75	359
557	718
546	739
38	354
318	595
528	552
109	559
614	764
737	747
474	558
375	778
142	759
372	599
164	429
143	578
524	647
147	419
596	659
103	384
116	681
269	718
306	446
9	322
289	783
132	556
508	581
49	452
93	677
97	395
424	751
116	397
507	748
258	696
73	152
22	269
576	588
222	512
113	648
162	622
296	500
94	404
510	612
666	739
406	429
275	612
333	421
235	373
41	229
528	758
472	527
316	506
165	533
83	720
158	789
316	699
195	662
32	653
600	723
282	552
385	764
23	750
362	423
529	572
547	684
26	702
310	581
232	580
46	583
298	519
415	534
167	230
506	708
139	624
99	118
207	468
9	700
222	248
199	761
362	685
402	597
486	503
145	479
43	365
512	520
12	658
276	570
603	765
2	345
50	144
506	791
216	415
624	723
15	466
80	533
69	178
97	289
143	772
174	614
20	204
176	252
527	591
512	718
233	510
331	431
210	610
251	473
411	538
30	338
174	475
117	509
175	495
725	786
193	489
650	655
291	446
578	612
647	692
592	656
388	528
314	418
730	747
284	764
36	741
328	558
329	612
41	71
5	783
446	515
262	268
148	394
84	495
217	271
252	519
40	332
50	210
4	490
14	278
186	543
190	227
381	758
293	457
522	748
15	761
441	726
117	121
216	484
100	785
38	128
216	556
2	527
175	711
258	706
322	340
354	791
160	226
527	732
117	340
323	517
7	65
533	616
113	150
93	210
19	550
487	539
136	461
90	224
89	670
221	530
182	252
211	538
98	249
390	684
453	690
643	694
44	330
150	585
103	484
209	771
433	522
74	313
50	776
502	604
76	677
344	641
279	419
200	621
286	471
476	492
453	526
217	528
320	404
108	574
162	252
18	375
90	674
20	97
229	321
225	303
11	597
260	300
464	615
408	701
108	781
152	628
102	368
289	743
290	471
561	628
53	482
57	409
622	761
87	495
346	690
714	744
483	558
515	587
363	490
413	706
336	750
138	730
119	228
44	501
77	109
418	570
35	483
548	664
264	702
116	314
182	199
102	116
106	541
290	358
547	618
163	639
209	416
51	694
532	624
371	614
24	250
251	726
305	511
17	617
224	315
240	438
402	451
500	792
348	553
146	344
350	397
122	159
66	208
272	522
276	466
304	760
559	683
257	456
279	414
87	686
71	690
159	553
283	296
160	411
366	786
600	619
268	451
79	104
99	792
137	435
605	694
382	652
480	557
385	459
117	736
175	595
3	198
308	755
380	657
196	676
128	262
231	653
293	591
260	669
27	448
252	436
538	613
185	357
201	450
222	274
62	359
12	102
367	663
303	728
64	715
12	254
745	755
467	575
154	402
641	792
134	611
567	745
62	457
523	525
86	290
480	753
391	450
186	551
125	255
119	751
87	332
367	620
611	730
343	781
64	233
571	607
95	750
122	310
362	477
64	429
116	788
278	402
20	623
318	482
618	702
687	706
231	765
140	549
95	676
533	671
56	358
135	655
11	245
232	339
304	694
116	445
204	751
50	286
477	638
285	562
403	530
350	656
409	596
225	266
353	515
483	545
584	771
158	529
242	292
450	537
48	338
100	129
465	581
189	252
599	708
6	713
519	757
240	625
1	571
22	152
334	779
274	510
26	170
48	428
228	409
71	664
10	234
174	485
85	593
16	524
484	548
403	546
393	496
280	642
555	782
263	681
252	686
67	212
351	394
15	765
225	563
215	731
463	479
717	724
573	756
63	660
336	523
164	478
104	615
43	761
68	129
189	307
153	642
55	655
427	495
236	529
621	783
129	161
284	779
77	189
0	279
231	445
28	345
69	434
689	776
276	491
80	505
25	626
471	708
139	498
461	533
546	785
8	331
94	482
4	540
556	749
189	736
82	718
459	696
311	441
209	638
133	437
331	799
135	647
492	636
17	293
297	589
196	355
369	671
106	666
239	714
251	500
289	769
232	610
392	479
297	380
63	162
172	469
476	706
350	783
298	652
479	697
506	508
467	591
431	769
146	322
24	298
521	784
82	738
46	496
65	722
311	467
385	783
527	651
1	279
195	558
318	773
512	538
82	476
13	19
273	294
386	440
499	651
325	615
616	737
536	598
201	781
149	674
174	300
565	597
58	648
16	220
249	771
331	435
347	510
441	681
671	747
466	558
244	607
221	230
554	683
366	640
20	292
129	171
179	307
34	339
96	360
255	794
197	660
94	338
416	633
452	586
125	659
436	619
258	308
29	311
315	702
439	584
680	791
413	683
17	52
403	484
357	691
59	246
721	799
171	523
307	642
653	717
174	190
110	444
175	453
235	726
404	527
188	548
341	649
269	591
83	372
454	530
613	647
46	714
372	584
425	536
109	526
369	740
577	594
412	433
190	443
201	621
337	772
169	461
165	494
194	627
186	310
214	238
202	398
161	251
132	787
467	724
93	484
176	739
120	161
311	589
351	553
429	668
375	486
94	352
415	614
141	566
117	481
629	726
216	263
578	775
0	558
158	205
92	564
277	511
363	553
385	627
246	460
622	771
132	678
612	675
2	621
576	788
318	344
603	667
537	540
293	411
73	170
2	232
155	563
32	399
26	400
322	718
82	585
371	536
545	642
146	561
86	106
156	472
374	508
169	657
288	463
29	204
225	592
23	213
388	731
186	563
428	700
224	763
175	359
351	359
141	309
412	557
120	227
363	735
103	340
154	562
55	613
492	616
22	304
53	415
286	298
45	471
343	734
413	415
334	589
158	355
78	578
105	317
406	688
24	71
153	339
287	580
26	656
185	273
219	421
484	644
69	743
41	159
649	657
592	604
222	288
592	770
423	464
25	273
553	568
12	95
266	328
105	254
289	497
66	713
62	764
665	736
374	568
500	742
327	710
397	523
615	657
185	510
180	401
550	689
75	375
165	513
598	641
278	525
187	674
103	185
569	697
102	378
543	757
366	449
374	553
10	369
81	317
543	569
422	683
384	627
57	605
256	567
196	381
305	574
278	429
198	534
200	689
383	747
526	577
227	483
81	288
50	355
359	455
272	392
396	711
186	615
430	507
38	212
158	235
606	784
142	625
111	442
478	499
646	765
360	519
573	598
318	357
297	721
11	141
70	467
155	709
108	173
304	422
70	133
156	645
190	263
78	249
467	602
361	646
397	671
234	596
491	740
317	624
226	797
114	346
185	196
338	455
373	521
33	607
206	384
423	606
206	368
286	613
148	303
179	636
80	731
654	765
189	765
296	619
334	386
8	76
49	179
215	240
541	643
114	441
531	721
26	694
410	795
73	193
217	453
709	713
5	240
94	454
225	581
161	583
455	741
377	600
506	624
321	740
338	383
36	83
438	444
462	752
663	771
174	725
512	657
332	409
114	610
417	636
51	619
223	342
105	600
380	579
590	662
254	442
110	563
65	310
687	762
128	405
341	599
46	277
225	752
411	686
54	408
533	648
157	188
690	737
25	397
152	291
157	312
66	399
467	699
254	631
271	552
190	707
436	700
266	564
561	783
41	403
60	107
55	732
58	171
108	250
174	531
230	453
14	177
363	712
279	550
243	518
219	701
54	354
357	469
454	783
227	645
365	574
710	780
260	563
320	757
155	218
653	693
73	241
211	285
365	633
78	711
23	455
11	615
261	467
183	197
0	45
308	793
394	693
291	419
98	723
147	536
469	500
131	188
546	571
228	578
461	577
167	784
195	387
534	791
2	789
347	784
463	653
337	555
618	767
4	281
28	486
74	267
480	674
744	751
431	574
322	754
100	498
5	236
74	770
197	432
76	753
317	572
41	614
692	759
351	617
235	406
121	390
203	470
392	785
100	797
518	798
502	586
92	184
411	473
224	573
580	673
287	782
372	696
131	697
150	445
31	560
739	754
46	674
217	286
452	639
254	748
74	350
276	331
121	618
294	688
123	128
31	780
10	16
287	706
208	325
136	764
539	620
335	692
739	776
486	585
96	561
18	38
400	751
277	518
214	693
211	274
145	514
473	579
446	671
22	425
310	667
105	478
245	265
298	391
256	621
253	568
465	593
318	790
408	693
238	282
665	763
476	750
237	438
13	545
12	539
56	234
741	744
23	624
313	606
389	393
403	495
523	783
122	445
106	209
170	667
309	754
138	475
241	487
114	601
247	321
92	414
109	198
129	373
83	193
32	599
449	742
0	611
309	454
8	483
77	186
84	786
37	739
153	333
164	502
119	329
277	743
763	773
532	679
453	634
527	656
12	337
155	261
432	488
257	680
57	763
72	142
153	384
284	549
405	502
28	86
465	475
68	586
366	724
11	622
34	561
128	291
13	704
136	574
418	703
176	490
1	625
462	529
217	400
171	781
538	644
317	585
468	546
30	786
343	594
83	599
90	480
61	690
150	657
126	547
157	239
135	444
152	643
471	483
153	609
65	530
185	257
380	515
378	558
611	626
431	725
4	583
57	683
33	544
314	367
6	483
113	145
760	792
194	470
137	375
443	570
216	308
332	534
52	60
435	551
174	222
361	512
223	639
97	466
598	692
28	209
167	226
185	457
48	783
9	712
50	766
70	96
71	273
384	453
318	438
6	357
182	714
269	419
180	266
580	717
495	586
305	619
44	671
258	286
156	467
226	300
274	359
406	715
26	453
310	733
29	557
339	428
488	499
388	659
4	610
188	776
441	630
24	388
179	298
23	668
646	699
37	218
556	661
443	602
275	365
540	628
524	555
265	729
164	390
29	779
400	422
67	329
72	619
4	376
116	516
16	368
657	776
238	580
107	754
574	713
556	674
9	661
345	681
434	489
348	595
352	492
58	586
191	264
194	797
154	211
287	387
228	247
316	481
44	497
290	512
354	738
92	798
459	732
439	658
264	433
89	564
402	790
146	519
300	348
152	622
36	335
1	466
599	626
181	554
293	373
295	721
474	763
505	563
80	408
0	263
719	758
180	356
261	565
221	381
195	312
408	799
544	772
265	596
2	380
15	426
79	332
147	701
34	677
212	684
63	351
466	591
333	511
166	709
298	322
117	130
131	733
333	443
468	741
154	258
348	756
296	454
318	520
135	670
53	790
193	762
139	625
506	577
54	326
588	725
78	550
243	414
244	726
270	489
113	742
178	518
251	478
184	778
5	367
302	755
698	780
138	710
194	262
276	472
445	478
123	573
187	758
31	514
102	620
724	791
305	649
327	725
515	799
302	570
217	660
21	381
42	642
305	351
527	540
153	181
108	370
240	258
47	589
21	686
159	527
157	738
182	282
57	611
361	672
164	635
75	667
51	358
240	389
139	576
282	519
121	458
607	746
56	203
111	595
304	492
271	606
336	764
470	527
257	404
340	789
70	620
491	736
139	553
31	725
51	712
227	552
122	475
482	567
242	604
15	634
244	641
562	724
154	581
562	663
105	570
45	422
532	541
248	449
272	754
401	655
213	335
499	517
401	489
542	634
43	261
308	360
356	699
229	413
208	694
163	379
426	792
26	793
7	516
592	797
421	715
267	629
154	599
344	561
239	327
325	723
459	618
28	204
272	496
148	733
161	281
591	784
170	650
110	658
34	314
209	580
0	585
154	506
160	791
606	710
254	323
575	791
160	575
350	418
469	507
377	380
130	288
404	457
296	584
5	591
136	769
311	671
710	730
240	428
65	289
189	344
149	428
70	685
436	795
73	638
607	703
179	523
235	481
337	597
357	514
89	172
374	614
283	631
443	779
453	782
246	566
481	758
22	118
214	307
308	546
446	635
652	779
278	623
86	751
266	388
13	136
19	405
476	575
291	344
709	730
19	763
250	635
38	530
59	328
263	416
419	492
79	746
588	718
39	548
200	547
208	279
354	423
37	161
420	781
202	649
105	734
336	430
48	760
510	706
455	654
148	184
522	663
209	511
183	417
48	614
335	625
153	315
181	580
512	625
15	307
139	688
420	704
267	272
17	314
420	501
39	608
675	690
202	348
492	756
50	285
53	73
313	678
552	692
580	627
39	99
402	532
110	741
65	384
38	39
446	742
74	143
77	374
250	797
379	592
247	603
175	552
441	761
112	539
86	265
610	730
75	104
460	503
132	695
151	334
408	471
534	712
659	784
332	634
19	280
92	466
334	535
141	304
213	682
347	687
136	295
556	672
312	336
305	743
363	566
352	555
19	195
130	743
25	38
257	471
484	594
268	304
668	719
240	586
326	412
170	385
181	388
244	301
417	723
205	283
216	465
135	173
106	650
153	604
156	256
139	557
217	394
270	565
100	780
63	463
250	708
57	201
160	607
70	749
114	775
73	725
12	115
287	716
269	563
2	192
65	443
483	624
315	483
159	430
112	627
24	584
612	650
69	133
428	642
175	659
470	636
232	382
210	780
29	225
330	680
218	625
695	759
362	792
573	653
452	707
66	85
430	671
610	722
654	761
27	501
6	587
427	512
439	538
11	732
28	218
356	623
97	556
105	446
425	625
292	640
210	713
729	757
133	408
167	522
148	418
581	750
436	558
27	160
139	658
60	331
225	771
94	105
231	275
9	120
108	194
607	766
136	622
137	611
385	714
78	181
575	697
128	147
112	506
129	594
11	587
182	237
153	236
315	327
73	266
205	331
250	667
205	529
476	643
1	645
58	471
339	563
54	192
522	624
236	793
436	676
1	284
468	483
36	645
356	398
148	621
131	483
687	696
477	687
99	520
215	466
250	432
588	770
307	384
364	662
334	377
135	626
67	265
299	661
507	595
172	514
347	734
150	747
174	367
210	259
74	375
223	780
88	688
342	739
199	730
247	377
7	181
93	762
367	398
149	532
137	146
124	252
176	573
558	577
578	623
98	170
242	359
45	598
386	574
32	600
478	773
221	694
443	533
159	615
358	690
141	233
719	731
74	342
242	569
100	245
401	457
773	774
591	752
5	158
264	384
564	689
56	269
439	572
400	498
301	755
71	102
126	522
124	658
307	711
347	491
186	323
361	723
112	146
269	369
431	615
411	577
168	220
208	675
284	374
81	678
116	392
209	368
112	743
35	730
141	532
140	713
313	355
23	655
336	590
475	741
206	791
465	786
375	668
93	526
145	307
75	114
20	75
133	501
62	725
290	620
81	546
270	424
619	721
436	466
547	767
289	386
659	748
197	292
207	523
29	365
130	531
260	364
36	125
529	577
312	350
557	788
119	235
220	441
414	536
48	70
89	432
167	435
55	131
21	655
143	336
652	663
135	184
179	641
658	666
186	789
207	666
60	332
95	188
55	316
149	356
238	583
182	456
126	674
249	561
416	721
334	762
163	619
354	585
275	674
137	528
367	585
222	241
193	267
95	765
379	505
57	491
224	503
506	689
127	208
103	613
368	371
221	371
239	420
66	152
58	673
433	594
160	544
163	375
96	273
388	411
134	161
423	793
158	544
26	317
143	786
184	229
164	294
584	674
592	717
223	495
16	20
142	218
424	532
104	469
233	363
162	726
187	262
353	544
454	632
141	242
237	701
521	676
266	499
514	658
76	131
200	362
426	582
697	795
434	664
321	688
519	573
78	435
704	732
489	684
708	746
254	668
39	589
233	355
294	699
140	656
181	462
341	653
336	372
393	658
258	705
215	225
144	663
1	785
483	606
307	744
270	721
76	623
9	386
75	752
104	752
157	573
414	710
144	398
324	577
491	738
172	748
491	769
78	334
186	670
205	273
242	776
227	498
45	57
278	352
327	615
257	426
63	144
304	581
194	360
384	423
383	446
94	344
12	272
160	376
207	577
424	655
401	737
362	397
164	226
314	627
80	201
299	688
210	743
608	781
157	569
117	162
384	456
89	93
543	736
274	393
47	418
233	367
288	540
277	401
269	461
233	693
363	405
255	394
220	629
466	592
669	780
280	653
124	481
151	534
33	592
376	651
356	776
485	775
481	760
216	766
21	781
574	719
214	538
484	618
225	426
134	748
276	752
248	559
64	750
56	530
11	282
267	309
584	762
542	732
55	451
749	757
322	687
186	618
42	633
77	527
181	455
241	636
39	717
296	470
203	356
233	625
19	621
690	700
62	563
96	553
60	460
703	787
514	764
465	723
157	487
538	694
87	568
285	410
15	610
506	754
234	787
18	417
212	410
133	733
454	690
54	182
221	369
360	777
422	498
105	530
149	705
231	696
376	756
359	483
266	663
136	210
7	362
414	422
76	788
340	571
276	457
258	718
97	409
374	492
147	278
345	628
9	429
143	408
109	240
38	78
124	454
77	376
55	128
74	166
432	754
508	755
215	796
134	509
12	315
253	527
407	617
298	410
73	442
356	618
451	607
5	539
107	378
342	467
691	756
181	316
539	681
202	498
332	362
13	523
91	644
127	620
181	194
147	273
415	460
68	451
499	601
426	700
496	774
31	98
18	228
358	725
257	671
123	524
418	552
45	759
149	376
93	501
603	769
104	349
350	735
126	592
194	409
378	673
138	613
594	682
28	195
75	289
289	561
655	724
113	281
115	433
526	700
443	762
195	527
649	794
275	619
48	529
169	175
231	289
131	146
53	249
297	551
77	506
23	107
568	646
246	464
431	451
134	743
178	254
111	148
184	426
483	637
49	255
91	701
51	558
572	775
741	776
105	217
507	530
215	343
510	602
12	167
428	691
327	355
72	745
319	400
310	388
317	540
480	726
349	571
104	498
129	219
348	738
221	335
242	742
368	434
662	799
301	379
271	334
245	257
450	482
11	189
475	660
5	637
30	782
13	375
507	757
421	615
140	355
42	484
290	349
468	768
158	374
252	633
519	651
33	644
88	499
44	211
175	311
445	748
547	661
133	190
568	713
228	527
309	502
220	235
16	367
473	539
289	598
507	688
467	558
59	186
56	340
81	320
395	502
5	218
164	670
60	269
81	116
486	521
160	361
197	411
661	739
53	774
338	458
230	385
475	550
248	316
589	608
288	784
123	231
276	469
359	521
99	375
426	485
134	618
246	558
516	549
33	499
731	760
143	745
439	581
438	687
363	420
122	365
392	657
318	739
209	271
135	693
594	712
353	364
69	148
276	330
436	463
152	466
339	754
177	666
341	756
189	210
209	670
67	466
226	687
408	559
14	490
141	254
169	187
286	782
137	729
57	791
190	750
60	559
281	386
28	302
129	613
148	251
701	742
263	617
63	473
204	457
428	435
250	671
651	732
34	575
250	771
345	660
358	405
26	247
32	712
331	777
140	515
52	694
236	634
233	392
620	783
530	541
298	339
235	742
366	654
453	681
635	708
191	717
96	190
180	513
18	476
447	686
115	282
232	384
112	762
82	696
92	380
286	669
110	243
283	755
320	515
91	564
703	730
417	717
253	348
237	282
302	654
61	385
498	577
116	496
265	659
81	494
566	792
222	324
200	622
121	407
55	743
92	145
17	394
270	530
202	736
111	540
211	441
372	434
221	642
400	415
421	677
336	514
134	208
198	225
206	415
195	613
247	541
253	363
243	529
228	246
319	754
399	668
221	281
141	402
110	616
169	453
72	464
134	357
90	762
788	789
628	722
603	728
155	460
331	797
700	783
157	472
439	580
227	468
198	235
251	754
217	381
257	765
503	579
319	656
511	613
526	772
738	785
203	759
5	195
98	551
156	347
329	706
32	510
219	459
544	660
160	428
192	413
89	270
511	790
85	748
135	635
177	229
595	655
516	610
84	735
52	90
81	280
659	727
76	260
596	609
102	576
264	542
103	537
171	411
174	397
229	474
338	571
392	402
244	676
68	770
434	710
502	587
343	411
50	506
330	386
85	742
601	611
494	657
155	386
91	337
185	208
171	605
511	642
52	687
417	690
470	484
147	450
168	737
31	328
209	415
549	727
398	454
594	645
2	512
276	310
153	248
226	274
192	799
684	705
109	428
370	786
348	430
122	415
387	432
324	787
352	415
213	603
150	170
491	553
543	774
184	308
472	600
71	87
389	715
260	509
249	531
554	733
197	491
439	532
646	781
8	172
134	409
223	485
527	690
288	439
36	638
302	431
240	386
20	237
247	747
551	726
367	562
512	576
293	715
522	740
689	749
185	645
410	564
327	470
295	497
677	689
171	294
451	576
58	713
337	406
553	657
231	625
91	784
462	689
446	632
164	382
235	743
5	388
179	670
201	237
54	152
261	557
114	675
367	738
78	272
141	146
15	645
266	285
699	751
119	596
332	781
53	178
66	390
239	766
82	600
353	609
217	430
89	330
574	608
385	703
47	49
364	468
165	581
418	739
106	553
164	323
765	776
94	704
555	673
8	768
494	536
432	567
386	599
186	696
30	558
460	735
627	653
10	796
26	114
194	389
196	604
138	789
190	583
14	707
365	617
740	751
312	662
248	555
345	425
48	111
144	531
724	784
75	423
203	352
242	464
210	717
43	168
246	458
79	121
111	395
107	483
226	384
200	525
1	262
404	459
305	478
222	516
414	713
548	749
334	404
504	711
690	762
374	687
248	620
276	757
92	605
115	565
466	678
302	362
377	384
149	211
677	779
90	335
418	616
99	416
256	301
15	36
188	345
336	770
269	313
105	656
393	452
542	698
61	553
594	615
534	695
28	250
62	773
230	492
573	713
170	405
216	342
134	486
464	513
302	371
146	405
485	756
585	595
130	635
80	295
92	680
188	273
338	408
207	377
214	700
80	329
45	164
117	364
13	46
221	683
27	292
471	528
137	730
147	183
584	797
124	430
172	627
71	481
478	675
309	609
268	777
310	786
364	787
0	142
127	437
441	700
566	679
23	231
458	544
588	717
68	145
88	529
46	80
216	638
58	583
181	670
10	620
160	336
269	363
15	229
19	72
122	474
210	674
124	151
213	418
538	769
128	589
472	583
176	336
454	464
339	584
286	625
633	728
192	511
204	441
350	713
85	481
182	320
227	254
673	726
359	636
55	371
95	726
313	412
365	734
570	591
282	346
569	725
613	711
358	359
154	515
570	785
277	440
555	783
415	766
341	387
6	677
181	249
358	622
104	530
618	703
182	520
192	704
333	445
182	260
41	456
524	739
538	750
161	736
287	294
210	453
578	680
453	794
541	764
284	344
475	694
82	198
83	313
442	792
392	478
205	238
273	469
590	610
576	782
312	737
88	230
170	259
39	537
621	696
655	693
92	485
673	730
663	719
55	570
456	516
324	540
57	119
357	539
512	700
27	729
312	540
365	677
666	776
134	735
493	615
313	621
228	352
67	774
211	287
254	779
226	613
27	654
85	388
338	798
78	305
236	585
122	308
285	717
31	306
264	468
255	797
263	330
200	379
777	782
45	444
301	746
20	127
303	510
588	658
23	622
285	449
345	746
54	685
462	697
577	704
208	280
108	256
649	797
317	796
158	236
630	659
176	377
396	598
130	469
380	629
254	375
6	359
189	572
178	320
429	509
648	789
626	787
505	625
89	799
242	603
468	722
416	563
0	218
671	683
208	667
201	643
88	243
382	415
671	766
372	729
105	145
307	624
313	446
292	299
317	477
496	697
247	328
52	482
255	784
151	353
247	261
305	424
190	511
123	274
13	149
116	633
332	654
345	347
116	574
369	413
32	343
408	798
372	492
308	536
119	333
458	746
670	728
284	657
655	793
50	302
13	240
40	732
406	501
47	552
252	732
8	308
184	793
550	620
72	386
168	465
129	153
93	423
67	527
189	287
497	784
143	715
384	745
155	486
476	546
170	500
47	695
336	646
276	735
3	261
145	351
253	719
367	567
160	687
12	273
577	784
258	261
178	530
54	360
246	746
189	652
219	670
242	417
15	118
426	551
211	458
659	721
362	545
356	554
398	546
186	477
174	577
227	320
327	597
68	403
628	734
33	200
332	690
329	710
409	755
14	312
313	639
136	682
236	447
170	670
187	395
124	326
443	594
501	678
363	576
110	504
125	240
278	348
99	539
619	688
184	237
222	799
158	228
323	360
401	487
513	662
108	219
114	534
459	506
74	766
211	620
636	660
76	120
292	349
292	337
72	618
142	507
173	656
303	322
3	593
275	787
289	350
155	203
113	591
624	782
101	361
266	282
383	529
220	542
348	668
365	693
569	650
379	636
213	771
87	721
94	371
159	361
51	263
115	267
250	650
577	582
163	184
498	693
270	593
200	682
331	518
721	738
2	566
528	639
151	352
589	767
343	533
5	419
407	499
497	545
198	271
410	608
645	793
590	739
725	748
484	638
159	774
34	775
150	304
85	384
358	474
397	648
141	143
314	506
54	692
230	458
189	362
196	552
226	312
185	369
194	581
41	772
614	640
352	566
184	383
543	579
22	222
46	425
120	659
452	538
80	585
335	523
494	498
81	203
153	504
154	416
7	699
428	670
381	757
25	188
596	772
278	626
127	728
410	517
7	435
34	760
137	299
87	552
751	789
236	383
441	730
427	451
219	772
259	276
92	309
50	111
421	760
68	799
188	643
208	511
319	785
318	723
223	621
406	435
142	694
421	444
235	595
257	561
351	454
152	573
21	451
505	782
105	174
442	612
193	760
241	736
113	786
457	641
390	644
181	616
453	485
47	539
283	730
206	631
264	666
178	459
197	512
330	750
499	515
59	726
262	413
234	425
96	466
400	483
215	545
621	645
76	111
73	646
26	782
198	493
257	373
367	420
28	73
538	725
186	424
245	659
344	566
14	646
126	662
41	282
211	499
26	711
288	311
29	723
111	650
53	217
67	529
401	739
367	647
460	495
45	740
270	323
379	710
161	304
577	672
459	534
273	320
197	256
329	738
161	355
382	507
77	207
170	799
385	661
621	655
525	784
323	660
68	199
415	479
177	311
130	636
253	667
442	597
579	705
59	314
696	753
28	226
104	269
422	728
94	584
181	220
238	577
263	362
147	591
153	358
60	264
552	564
160	570
24	417
397	624
18	255
364	753
333	411
623	643
156	490
170	631
512	531
184	283
55	699
503	734
99	796
193	270
436	594
548	673
430	665
415	560
67	555
205	332
34	200
88	610
12	646
447	542
24	407
224	314
316	474
383	753
610	641
146	171
113	328
289	307
195	362
16	335
129	508
252	662
775	776
371	477
211	525
264	619
112	272
55	373
272	459
145	373
12	443
351	742
122	687
539	606
88	735
430	484
332	493
111	538
300	588
1	629
391	627
545	597
109	473
144	685
257	688
509	753
194	469
102	791
488	701
529	769
11	508
15	780
200	738
94	133
11	325
89	495
219	306
96	574
390	462
505	693
5	290
71	655
198	651
561	743
363	650
197	347
364	378
26	765
625	747
53	541
674	765
169	690
486	750
94	288
164	588
72	79
77	700
590	796
186	620
29	462
170	355
109	679
165	286
282	341
487	652
397	454
220	319
158	771
485	769
252	762
115	152
109	341
27	713
269	387
599	608
401	516
91	212
48	215
234	534
620	660
205	470
296	521
54	337
22	760
644	667
511	706
95	733
486	776
680	726
675	774
289	530
656	657
494	725
67	357
519	731
556	598
300	400
374	527
465	608
272	338
6	356
249	343
479	634
53	737
223	784
97	133
135	524
233	435
99	418
51	508
428	458
63	568
608	691
97	501
57	643
453	777
371	764
56	671
473	499
188	651
329	338
53	642
484	523
436	765
663	725
156	442
327	762
89	111
718	776
406	572
306	747
616	638
67	532
114	591
301	613
621	737
237	443
396	454
84	183
654	721
391	629
154	184
1	773
385	744
8	630
385	737
332	788
305	779
691	799
500	645
0	12
165	543
222	479
156	264
224	373
207	458
199	403
52	673
168	539
147	748
283	592
432	612
171	703
21	420
387	523
244	573
131	192
76	459
100	352
69	487
145	214
162	180
46	413
240	488
44	634
131	579
141	318
35	202
447	766
550	674
239	566
703	796
70	322
83	124
7	581
340	412
105	450
752	792
326	430
141	407
180	362
33	102
509	706
243	411
97	687
20	656
246	363
171	775
313	441
144	794
492	610
201	744
256	432
110	412
346	587
422	613
337	660
695	742
431	450
391	528
32	747
177	263
257	389
63	87
122	323
248	624
128	280
72	184
343	525
211	778
332	626
336	735
403	506
484	702
82	670
186	400
194	720
123	489
282	362
742	779
356	747
197	412
208	311
42	305
75	413
188	467
210	352
253	391
278	778
154	254
325	796
316	327
354	683
341	580
82	375
623	716
241	377
285	592
394	685
64	685
551	788
216	527
125	408
83	693
100	327
420	686
379	782
279	631
38	511
135	490
13	121
302	469
212	228
98	289
586	672
368	650
312	506
10	564
13	294
42	167
170	479
88	677
329	348
209	400
4	193
670	760
511	780
204	770
478	647
167	322
338	450
192	707
538	573
225	377
202	595
98	735
114	565
133	352
96	643
110	689
502	652
2	539
358	471
411	502
162	491
38	145
75	441
289	619
395	788
203	442
115	604
235	305
141	339
296	755
265	758
292	739
80	109
65	728
76	273
27	218
520	691
222	706
103	739
46	551
346	374
140	400
465	789
368	468
166	397
535	590
71	164
381	696
288	377
493	576
179	402
80	506
625	727
139	184
82	465
9	14
171	347
340	446
472	765
13	519
364	509
709	785
11	713
101	259
389	777
594	699
642	697
162	457
16	258
458	671
149	331
500	529
80	357
297	420
302	409
527	596
320	773
206	557
536	708
138	469
44	63
189	354
598	753
90	797
647	711
216	619
199	228
146	783
228	650
436	695
331	645
631	692
326	369
221	544
392	428
227	546
32	221
629	704
184	643
244	523
115	425
409	538
6	165
385	446
424	795
246	717
398	462
23	749
439	705
377	763
468	653
275	611
195	262
239	296
247	356
403	409
561	584
411	495
206	440
380	680
544	798
324	690
289	364
215	652
145	157
617	649
181	528
258	428
9	274
410	796
121	387
151	529
203	456
354	509
221	436
126	544
137	584
21	193
252	359
547	736
479	638
373	496
543	662
671	743
513	634
171	513
197	405
294	742
277	396
273	384
293	518
68	240
25	450
143	561
146	365
178	550
600	775
495	758
594	722
199	647
36	632
65	665
444	672
493	651
279	557
95	440
256	764
310	329
158	798
311	370
309	537
141	202
42	159
136	329
112	468
535	593
1	94
693	712
57	397
52	518
143	776
641	768
76	690
14	592
227	766
65	87
545	726
114	658
226	458
252	747
89	281
121	550
643	702
362	796
443	593
202	556
386	527
189	518
121	648
14	210
130	790
434	535
130	494
599	799
16	604
65	307
439	463
77	779
134	221
98	364
477	487
227	739
14	159
120	474
563	774
140	505
494	745
653	707
43	585
212	223
212	275
215	677
54	574
139	442
93	98
234	370
38	126
75	799
276	775
89	627
379	550
163	696
384	748
326	571
557	714
325	586
175	376
620	770
337	760
75	509
390	500
216	523
345	733
184	294
563	693
426	549
387	409
376	436
18	269
361	511
228	594
87	688
332	347
79	126
235	671
119	777
31	246
661	775
96	150
129	745
458	504
373	459
247	622
288	397
299	369
426	644
293	464
516	601
46	766
229	647
75	540
154	305
196	220
391	755
211	360
413	466
352	516
307	474
408	787
61	65
70	249
362	555
15	444
1	325
544	564
143	190
111	785
229	665
246	487
107	724
128	174
446	679
453	548
154	430
172	243
178	383
249	630
117	530
23	502
215	396
251	317
71	410
125	482
44	385
393	698
28	690
137	674
13	742
695	750
304	594
39	409
211	711
219	495
156	370
328	514
145	591
37	728
159	640
519	650
574	741
493	691
459	558
50	321
201	565
19	95
229	667
68	744
372	592
269	389
134	673
270	290
135	406
452	768
76	517
72	695
349	358
94	505
120	409
242	710
136	141
135	197
577	734
15	742
107	546
116	441
662	712
663	772
344	798
315	542
81	707
69	336
80	306
277	645
140	390
519	613
197	611
280	526
77	733
66	358
351	784
140	263
38	562
207	735
137	641
483	724
4	585
18	658
191	424
110	210
277	672
200	414
199	648
211	265
474	735
441	695
293	547
11	586
599	702
244	443
274	649
37	785
73	481
19	224
201	539
702	709
227	275
95	471
300	618
352	704
719	741
372	456
97	751
593	731
490	768
190	696
107	499
128	153
67	460
540	796
335	723
709	731
493	680
372	758
599	628
38	682
231	541
7	440
53	757
184	787
300	326
115	238
224	569
433	746
451	630
282	540
299	415
112	321
197	407
201	417
277	796
287	473
331	495
196	435
43	397
409	694
167	589
236	605
242	418
188	277
83	127
487	770
77	127
518	633
477	606
176	463
350	709
133	336
28	667
30	162
41	545
253	286
178	293
485	530
268	372
343	526
361	425
285	739
77	621
429	649
213	234
436	461
351	389
13	621
357	510
83	310
417	611
344	778
273	477
151	581
159	475
155	673
270	447
164	383
0	139
166	565
322	698
437	449
160	561
372	680
13	351
205	342
97	435
582	634
484	589
4	697
86	529
160	786
173	207
510	778
142	214
320	438
62	761
439	525
104	589
306	375
69	600
123	230
90	92
141	700
335	767
43	300
229	409
320	364
297	768
439	622
28	762
352	500
327	585
89	758
314	485
251	583
84	503
99	234
66	446
618	748
203	282
62	580
327	485
295	525
40	126
253	263
679	738
86	183
212	238
117	141
505	789
176	706
53	799
87	196
39	311
37	738
202	720
23	332
176	638
125	193
48	521
32	485
306	656
561	702
106	612
82	409
119	170
379	625
193	552
87	203
439	454
250	412
191	536
40	358
205	426
419	593
185	759
75	788
41	754
253	769
232	375
384	776
81	87
104	379
254	477
104	315
359	747
78	231
203	690
228	726
89	769
220	656
621	743
254	471
22	69
319	782
215	657
271	392
142	639
372	745
551	635
318	740
576	627
651	683
486	738
0	14
183	407
220	796
71	604
147	253
110	324
265	635
286	640
5	762
480	702
523	785
98	359
349	532
60	256
581	735
233	277
125	227
728	786
245	247
191	758
81	741
66	106
147	173
253	467
69	384
518	794
275	635
97	393
317	547
223	797
8	216
187	514
335	455
625	790
23	177
61	578
637	772
141	413
388	393
161	210
298	691
131	793
76	201
142	673
93	101
635	798
53	173
190	682
277	509
40	701
174	774
311	604
7	513
364	631
159	265
489	596
69	412
40	199
268	297
196	206
284	597
25	231
27	693
94	654
31	783
315	620
372	383
26	260
401	664
123	685
320	545
358	426
394	657
346	671
133	280
488	676
89	710
512	698
303	617
113	649
222	762
468	657
115	487
264	528
470	756
31	392
283	293
156	684
66	786
416	690
31	91
93	294
521	593
437	770
84	359
273	613
375	555
521	737
276	394
418	711
747	759
96	241
8	452
101	760
234	616
139	410
646	745
283	572
154	769
75	770
55	690
610	670
671	711
84	697
524	559
490	755
132	346
29	440
149	783
327	493
634	771
73	131
98	560
662	692
395	699
202	438
263	644
317	611
158	357
469	617
38	793
135	323
354	443
30	450
432	451
301	502
281	591
682	766
230	289
577	638
609	736
537	780
60	155
352	694
240	245
308	538
438	459
232	752
145	193
368	773
72	512
471	481
54	267
66	309
369	585
138	640
564	670
125	501
344	421
247	553
125	268
278	419
160	445
613	781
166	278
512	682
389	399
144	603
342	718
250	357
265	778
471	538
159	466
312	754
154	497
353	615
238	420
10	447
613	715
219	748
41	459
120	134
242	735
265	421
499	540
408	728
462	746
64	410
81	292
180	557
771	772
505	601
333	528
126	695
34	236
1	402
66	191
244	650
49	274
280	549
704	735
202	298
241	749
477	786
430	637
353	719
63	312
212	359
268	386
78	527
32	75
703	774
40	64
70	363
21	521
102	334
279	316
330	441
465	491
4	496
192	228
8	479
67	148
650	661
272	567
301	303
93	443
36	704
401	573
145	422
246	283
704	713
581	768
108	411
353	716
152	609
232	403
449	690
117	656
663	690
152	439
214	215
586	738
9	145
124	451
488	775
183	324
2	84
8	171
159	482
347	785
344	725
152	768
6	469
262	716
493	731
490	533
588	645
72	536
205	314
169	718
97	371
511	640
170	514
600	753
482	496
101	307
281	566
474	632
223	528
224	680
83	519
7	412
393	769
27	746
268	736
540	564
124	168
233	586
192	515
77	131
195	701
64	434
315	382
331	764
220	743
112	508
57	545
284	390
2	333
286	457
473	479
151	632
408	434
3	121
290	753
140	347
58	771
252	608
93	451
476	571
72	518
243	433
144	648
70	344
91	747
217	371
118	234
505	734
226	245
130	216
360	506
153	397
192	300
137	462
444	483
222	424
187	545
127	422
41	102
349	544
54	631
368	750
104	163
265	416
5	376
40	607
327	606
134	599
92	408
424	660
80	83
288	425
14	720
140	678
349	550
202	459
338	340
31	346
152	549
153	596
620	781
304	724
187	764
280	289
338	609
48	680
337	431
87	583
47	228
536	546
159	666
507	567
269	745
78	259
755	797
345	742
483	658
6	474
345	637
410	754
124	629
117	325
608	786
181	707
224	363
423	511
91	587
148	370
18	458
581	798
79	435
117	621
376	577
581	785
628	671
592	649
54	476
240	687
196	251
313	747
122	566
259	378
685	754
285	341
608	710
324	354
180	510
560	588
379	436
214	473
173	395
320	750
457	685
649	736
379	684
259	426
400	589
199	474
325	493
200	788
190	663
348	468
192	414
211	239
527	695
256	676
32	271
204	439
604	776
608	773
311	617
9	689
487	761
228	523
78	555
295	452
2	224
190	653
493	510
768	796
4	84
55	178
38	336
703	741
539	576
18	709
359	781
272	644
318	794
431	675
73	608
415	583
458	621
418	456
45	439
240	656
450	686
275	657
88	682
76	304
527	698
101	483
180	555
200	643
419	513
469	489
501	558
67	221
51	739
138	605
15	148
513	599
351	409
602	655
58	365
256	705
264	703
203	594
542	550
13	17
271	342
85	411
98	165
74	222
283	724
269	301
218	223
430	603
348	459
43	363
96	519
37	379
405	743
513	685
95	737
216	301
485	690
627	684
296	540
90	449
185	787
254	538
55	200
665	678
222	628
245	720
231	609
440	766
417	422
36	213
240	530
101	796
436	468
357	545
90	461
32	198
138	262
293	368
21	626
229	666
649	651
109	229
497	762
53	597
353	616
533	566
103	658
431	788
317	518
420	688
340	365
221	407
73	557
180	219
109	684
422	463
143	621
230	761
58	208
457	644
212	551
70	79
227	357
579	735
257	755
509	695
273	325
92	189
27	734
97	610
631	781
121	635
244	682
372	751
507	783
156	586
339	342
211	317
399	633
97	605
64	174
307	509
285	635
652	682
66	465
290	332
5	551
456	548
436	512
179	440
518	637
709	784
54	594
633	776
204	351
82	511
154	188
72	673
15	597
454	491
185	728
378	422
63	436
40	543
121	377
202	605
422	741
74	236
66	799
414	716
239	454
169	683
395	523
92	391
295	430
168	414
631	768
7	466
494	615
229	630
144	594
90	690
202	234
505	774
32	545
150	573
516	774
541	663
590	764
393	488
507	577
323	472
52	764
32	226
279	308
356	715
4	414
306	687
493	551
200	513
202	544
178	370
119	153
235	752
616	680
598	646
42	270
698	732
536	737
446	592
241	503
295	661
593	657
471	567
78	328
638	797
65	607
446	543
30	334
626	703
464	591
430	486
243	398
210	740
293	495
33	413
142	635
12	348
588	782
270	561
268	546
611	711
557	730
228	659
449	645
637	668
43	252
118	659
95	211
382	473
50	473
430	563
566	628
321	751
633	768
123	345
41	743
402	456
315	687
583	716
129	696
78	636
191	686
763	778
129	634
452	797
451	678
136	218
78	360
560	752
22	431
168	496
370	457
120	153
73	173
322	466
385	558
268	601
137	710
332	439
265	679
59	233
648	787
37	265
105	113
462	646
158	388
222	441
82	305
8	176
567	659
12	82
103	549
303	337
2	74
59	612
433	772
378	742
66	170
582	633
213	473
48	362
395	628
142	465
262	292
458	648
352	407
12	710
42	102
1	491
32	175
344	678
240	388
187	382
52	580
9	341
34	723
431	705
411	431
227	431
137	219
267	657
13	486
149	506
23	35
111	636
469	608
537	788
14	236
247	593
603	796
543	624
190	568
178	706
75	123
132	728
89	463
89	653
530	718
344	497
205	537
275	291
24	168
458	736
617	641
499	546
336	392
10	175
6	432
150	491
7	731
268	406
108	584
69	681
635	675
315	581
488	678
371	742
499	645
36	133
7	608
234	655
236	265
51	250
382	634
435	602
568	766
127	176
120	376
711	775
352	638
553	758
155	250
245	454
369	518
701	722
33	443
280	385
293	647
500	537
103	111
140	563
478	639
54	413
383	564
125	369
43	596
584	768
219	450
352	720
162	736
213	784
248	466
214	714
218	484
187	799
65	799
14	43
270	471
297	613
320	565
137	351
185	687
254	646
171	217
105	395
415	608
26	169
22	215
553	731
341	444
380	505
355	661
421	785
384	708
468	735
668	692
150	651
468	678
63	571
247	301
244	647
115	774
300	534
111	346
277	395
137	494
100	744
172	483
38	443
447	556
285	724
352	636
103	208
714	749
326	436
546	701
581	752
142	774
352	493
193	383
98	520
80	163
273	713
675	764
177	301
326	454
109	299
85	781
21	545
321	488
4	228
24	375
657	744
147	224
204	578
90	460
410	519
178	626
127	352
341	799
187	744
178	711
246	250
176	397
606	660
544	578
179	640
274	404
33	570
195	562
295	585
144	537
194	656
138	611
519	566
35	664
63	543
116	627
169	281
57	467
110	615
180	469
165	764
539	635
96	584
108	517
234	775
518	651
551	681
518	600
178	249
504	679
452	746
545	681
652	721
63	492
473	702
72	627
355	543
186	537
715	737
27	565
54	759
598	624
520	657
84	701
84	699
110	794
547	685
632	659
554	791
628	764
761	777
479	687
283	303
25	476
142	750
34	273
126	297
686	693
412	565
469	703
353	660
188	751
422	555
127	354
10	326
299	796
278	551
229	337
54	754
51	442
165	469
500	666
177	609
195	728
29	521
100	582
620	799
92	612
530	637
4	46
146	688
110	327
222	449
13	337
57	278
26	748
200	211
176	295
377	624
424	662
165	562
123	525
425	549
358	613
20	579
564	751
90	479
347	690
577	643
117	266
384	655
287	488
68	513
73	208
200	408
267	597
51	198
398	610
249	401
334	788
78	692
193	754
108	546
169	689
219	690
37	616
15	606
318	757
23	626
381	715
30	228
642	785
540	642
471	655
400	434
623	682
6	66
286	713
450	671
240	612
320	463
244	686
419	533
596	701
537	589
140	334
44	374
129	412
249	748
280	618
65	586
378	712
512	752
180	396
488	767
47	255
332	443
162	199
567	796
78	146
407	650
59	201
16	440
263	611
10	720
128	276
456	506
511	761
123	337
448	473
148	533
112	274
398	664
432	596
55	633
185	348
248	785
313	779
165	291
99	443
549	702
203	788
571	682
60	742
490	658
497	733
120	178
27	628
549	641
398	554
162	702
196	664
106	534
174	536
336	685
106	563
176	345
78	438
268	276
250	622
592	618
354	417
718	758
196	537
345	655
50	599
343	702
226	755
6	370
533	694
259	504
260	452
407	756
98	523
522	770
472	532
424	474
394	706
206	261
57	175
246	314
355	581
254	603
498	677
387	590
483	523
45	528
177	733
248	442
12	586
14	564
196	706
102	611
437	677
445	566
352	729
335	451
264	727
431	523
272	348
60	626
6	688
148	355
421	776
542	677
515	666
157	333
321	398
219	305
336	776
48	414
3	238
513	628
237	746
74	686
61	376
273	307
259	792
7	175
39	275
184	753
162	301
131	759
88	721
155	522
112	185
687	715
372	390
392	733
318	735
107	473
176	524
484	605
364	376
69	710
318	673
655	761
149	746
382	749
579	747
27	416
683	794
477	625
634	637
152	557
181	604
360	760
359	752
44	247
8	480
39	452
127	656
380	686
145	774
18	189
401	641
490	697
235	274
479	662
152	480
154	505
82	168
430	757
105	417
381	661
81	755
254	664
702	785
71	477
44	646
494	578
95	350
287	336
537	764
12	707
141	440
34	772
345	726
451	713
277	404
87	271
206	481
702	789
724	737
86	241
356	702
144	445
82	764
355	429
442	648
302	520
277	766
99	483
572	727
292	680
168	395
345	705
141	622
420	470
600	623
206	549
67	300
304	430
30	407
10	407
14	261
59	229
181	338
333	673
26	344
536	651
20	715
336	457
220	323
12	391
413	585
556	569
152	236
226	619
522	700
171	633
558	788
71	383
255	264
304	398
381	571
24	648
541	624
25	625
130	520
284	359
636	640
43	356
364	398
63	441
693	694
149	199
508	512
376	601
575	690
252	609
224	566
361	794
421	438
337	414
193	238
125	327
260	622
378	750
692	785
624	758
359	581
201	600
306	772
316	663
16	661
112	143
367	480
105	181
39	538
431	610
55	441
28	718
552	744
53	104
322	526
249	583
488	558
268	410
6	122
691	751
530	681
35	410
198	536
260	404
294	736
100	701
402	560
14	384
174	287
204	495
139	291
675	699
181	538
511	753
697	744
294	360
475	517
576	698
231	523
276	589
499	535
155	628
62	560
471	680
166	703
385	435
56	735
106	624
258	792
423	712
190	737
14	402
35	617
88	513
445	448
56	377
28	689
8	383
496	733
287	503
256	772
506	537
279	755
309	719
342	764
480	733
287	432
299	736
252	734
356	684
328	685
465	574
250	549
81	576
0	528
89	291
9	489
757	793
574	771
478	702
562	687
221	785
186	316
1	371
108	360
309	692
345	497
234	518
323	637
31	77
25	511
260	786
192	303
36	242
17	744
318	631
210	540
25	184
1	525
191	679
569	726
403	404
558	630
60	471
556	649
394	636
96	786
645	776
89	351
377	520
462	667
366	690
15	497
358	466
253	478
3	272
56	516
113	307
2	678
4	102
294	757
416	479
195	759
329	633
184	331
327	604
82	774
311	556
333	595
193	789
284	797
65	491
265	539
41	331
148	741
45	244
671	690
47	245
562	564
90	243
491	518
402	658
76	97
224	784
440	606
31	173
225	265
319	395
21	38
99	661
140	237
138	673
75	513
380	507
655	789
268	584
557	588
95	791
46	764
74	446
287	494
131	230
18	486
170	732
270	741
31	765
252	539
107	288
136	740
322	662
17	279
344	466
6	378
687	691
604	606
448	681
8	350
633	680
578	607
363	723
261	790
476	622
299	469
12	650
220	593
528	744
144	327
224	498
478	508
429	484
288	673
314	355
440	455
119	211
7	365
145	716
321	483
501	592
84	345
9	780
34	619
521	666
183	235
118	551
371	395
54	119
90	387
11	676
273	512
408	695
218	291
192	350
697	757
627	757
130	722
247	548
730	746
346	705
196	427
383	765
225	288
10	304
332	510
76	332
1	46
261	771
182	372
712	744
218	444
583	585
245	537
175	305
233	289
403	787
13	708
200	544
74	379
273	608
749	766
194	650
310	639
596	666
193	208
129	295
170	675
422	768
152	254
765	778
15	173
534	741
46	327
376	451
80	630
263	434
221	452
11	485
295	722
368	559
83	471
186	677
159	228
443	474
193	674
332	355
35	42
465	773
286	770
166	207
160	793
318	560
25	250
331	747
447	729
61	269
471	594
375	686
6	280
443	575
293	602
236	713
299	618
313	397
535	649
496	679
58	591
291	408
564	695
309	462
129	143
317	378
84	404
208	457
193	474
11	464
122	553
356	634
67	558
21	710
170	432
294	595
42	600
361	507
281	424
242	413
790	797
282	418
172	667
371	622
179	691
632	719
261	763
224	234
370	750
141	236
80	789
514	612
559	677
73	415
340	787
232	439
72	566
389	416
259	731
22	535
381	427
512	767
359	721
215	267
275	282
397	460
575	794
405	470
105	352
516	797
790	795
31	468
490	792
61	181
46	577
227	378
261	616
421	734
237	333
109	590
235	519
632	653
125	494
302	369
27	268
637	791
16	162
145	515
486	700
249	553
448	621
686	726
337	346
565	717
70	179
66	368
89	347
353	561
208	512
123	380
240	284
112	721
441	799
67	568
531	730
395	779
433	463
55	342
272	312
713	772
515	573
12	451
211	787
28	447
420	694
98	236
80	645
154	525
584	698
463	734
243	254
254	424
189	317
279	796
43	578
45	660
231	735
107	191
208	224
23	282
407	783
40	532
582	632
173	617
176	520
406	583
156	223
43	208
669	692
253	417
562	603
443	567
191	691
160	239
479	600
157	722
31	673
417	502
190	254
446	553
353	637
776	788
558	685
168	293
306	590
328	330
150	344
55	418
382	384
617	716
3	598
17	542
360	595
159	517
51	87
54	735
365	497
251	719
404	450
300	369
537	767
457	605
176	267
124	237
92	228
562	571
399	533
403	656
7	342
75	81
52	372
321	720
265	375
146	515
416	498
762	777
443	468
123	709
606	650
239	709
157	565
284	339
10	642
375	794
204	599
468	473
366	464
224	485
189	669
713	735
309	758
368	555
306	407
154	297
138	191
29	729
156	200
24	182
370	725
418	667
322	768
243	412
329	535
5	278
453	781
300	716
110	131
384	706
616	643
285	325
61	349
551	763
370	410
240	592
145	470
65	718
190	385
347	439
599	648
255	495
48	610
360	542
248	480
126	260
669	698
254	799
401	546
373	721
351	354
0	499
119	627
115	243
361	795
53	685
127	401
393	770
184	541
158	536
371	551
318	489
31	194
99	339
573	672
175	395
474	648
30	544
162	538
472	598
7	779
704	719
429	505
90	609
108	553
26	312
645	730
197	508
51	565
706	724
149	798
534	535
300	564
60	271
348	426
158	328
166	680
348	733
250	512
232	657
484	597
30	394
476	723
582	652
219	497
84	271
45	445
415	521
514	652
559	699
614	652
110	187
643	745
35	791
33	755
513	722
43	487
71	252
49	512
333	765
213	678
119	655
235	569
359	655
439	545
685	693
37	683
13	247
362	641
337	741
304	544
366	648
597	618
577	742
177	382
470	643
256	773
350	714
218	628
186	700
290	407
290	785
143	680
127	479
106	231
0	234
251	262
27	679
270	787
442	555
636	776
230	267
323	556
408	589
18	386
248	687
400	418
120	179
224	658
125	521
227	242
354	712
153	348
165	599
0	573
111	352
436	638
425	690
132	580
284	647
147	307
488	670
613	760
55	213
631	695
144	145
612	718
520	721
87	638
268	684
496	606
161	563
62	283
346	666
19	295
93	506
613	758
122	618
550	712
172	691
30	693
4	144
259	318
476	480
93	277
52	590
135	523
602	768
46	125
239	244
50	534
219	345
123	305
157	254
276	795
262	702
256	343
429	712
542	628
82	562
372	438
175	339
601	777
401	795
73	609
142	780
78	549
230	314
267	439
232	520
197	426
598	793
566	688
151	368
255	709
174	787
5	462
219	240
291	701
263	562
75	757
268	496
94	519
346	649
228	631
185	548
364	774
165	741
39	449
530	628
305	657
286	512
408	729
458	725
212	354
365	720
310	437
203	767
785	799
517	729
382	405
386	645
198	631
208	725
476	610
358	758
103	149
526	654
21	514
281	673
146	581
407	780
422	494
16	257
675	785
215	360
95	332
164	569
163	437
158	428
346	741
151	698
2	533
250	593
462	762
321	473
365	466
431	680
409	549
81	427
665	775
97	322
178	692
378	655
603	618
421	787
160	797
293	532
505	590
34	127
257	640
635	690
648	669
139	711
641	755
452	482
374	729
327	413
487	526
421	752
80	670
272	297
97	263
59	115
320	547
492	562
391	474
348	737
323	671
276	694
368	481
98	578
391	631
222	358
308	713
207	424
345	561
22	333
598	715
313	494
380	716
116	685
125	223
657	769
489	562
87	316
153	776
260	383
47	642
474	660
317	614
256	397
439	638
473	598
507	627
275	720
100	532
172	720
664	710
17	489
283	627
365	482
131	745
65	712
429	788
317	325
162	417
254	713
120	337
348	494
55	308
101	416
651	689
18	501
257	530
336	763
548	620
157	376
602	702
482	639
17	211
31	273
415	446
80	452
239	768
92	164
87	335
284	769
484	769
36	703
46	306
158	163
21	583
260	429
91	530
104	188
584	751
454	672
179	479
339	408
12	85
114	739
143	774
479	585
353	556
83	687
211	513
445	698
182	536
466	776
478	769
525	702
208	400
441	557
96	725
446	712
661	781
332	598
138	481
432	652
93	719
460	632
616	735
252	728
322	657
129	725
356	576
246	792
278	531
229	233
84	276
522	665
475	530
193	379
115	584
330	694
298	509
103	499
358	444
143	352
427	655
51	200
75	173
500	538
61	127
475	693
98	720
17	653
107	428
43	173
90	580
271	571
45	463
295	501
23	91
499	569
343	751
330	350
71	482
472	576
466	615
112	360
229	479
667	705
68	688
213	766
8	337
234	369
43	201
252	492
111	755
19	737
243	445
308	740
186	484
229	535
211	758
395	420
162	615
141	600
108	790
277	769
60	711
291	330
216	608
57	455
141	463
33	529
80	184
198	679
116	404
386	644
300	720
11	418
78	367
298	362
265	558
39	534
427	657
173	703
278	698
503	586
577	757
64	473
191	413
113	586
165	765
524	688
298	578
511	627
81	719
160	290
444	463
396	405
618	713
259	459
67	490
0	148
210	513
369	784
8	177
429	688
31	107
14	46
190	300
627	630
299	520
83	435
582	673
581	672
71	769
592	729
119	725
343	616
684	791
236	792
735	772
179	282
507	523
139	239
224	648
217	638
425	776
106	685
116	759
609	620
231	434
45	223
175	669
181	615
83	145
344	495
182	681
164	675
318	659
120	240
225	785
13	25
509	705
597	634
12	745
616	693
60	615
219	431
229	247
142	654
251	453
530	695
54	365
246	703
104	569
313	480
287	763
307	590
568	685
231	713
80	91
178	214
33	233
596	778
293	311
188	408
467	493
169	581
88	386
30	274
378	681
182	701
100	664
86	267
610	651
116	664
472	755
211	404
652	684
288	649
296	710
35	466
349	390
743	784
300	413
28	660
507	672
384	726
71	485
113	236
230	701
244	363
655	764
254	564
182	327
275	748
207	655
231	547
364	709
184	253
203	398
63	523
58	683
65	162
623	653
564	757
340	372
303	453
717	770
557	572
65	481
632	750
561	566
7	799
324	554
285	311
63	469
428	439
130	253
16	54
140	247
412	460
453	482
210	718
96	665
525	568
59	385
126	375
15	301
45	319
340	532
112	704
50	126
473	653
27	86
85	286
62	769
544	596
0	793
168	306
576	742
548	641
460	655
445	460
484	655
453	552
41	652
118	502
271	565
149	764
650	675
487	580
158	209
422	786
282	706
242	293
187	479
32	48
131	328
16	379
720	771
134	144
114	697
63	111
4	573
627	646
151	471
29	736
126	345
321	640
552	797
17	148
135	649
365	434
39	254
56	126
53	176
487	758
539	545
201	533
115	583
208	731
360	642
386	544
43	373
62	615
77	188
51	545
101	676
308	389
274	642
44	641
373	384
349	788
303	721
212	563
115	677
190	215
89	519
416	599
275	719
570	776
128	526
570	677
384	486
68	715
132	146
353	492
74	260
423	726
65	526
187	410
52	299
414	613
323	449
276	698
587	631
515	776
59	459
254	533
368	678
222	750
148	617
45	722
445	518
28	322
302	368
136	566
173	210
455	639
540	578
216	250
180	310
169	336
243	725
68	607
305	502
42	469
213	491
85	133
246	511
290	795
28	106
256	659
199	301
281	380
277	556
170	502
493	632
21	758
197	606
119	516
43	608
21	442
15	235
228	434
101	394
179	674
246	284
321	745
248	427
435	467
419	665
210	431
166	657
265	465
575	685
234	773
29	489
200	214
93	558
218	434
469	657
199	691
76	522
618	665
322	427
484	559
296	637
433	525
20	458
134	427
383	647
83	659
38	342
314	788
70	465
252	599
193	338
318	580
475	683
695	737
484	511
105	427
500	548
488	624
120	635
498	700
135	141
228	713
24	55
419	435
312	736
200	727
145	237
442	775
106	508
85	603
264	677
311	615
131	228
445	463
46	639
378	499
378	650
70	722
34	159
625	648
206	752
59	121
138	505
124	335
361	371
196	722
226	791
386	573
326	681
733	758
99	691
196	640
210	737
489	790
53	575
324	481
438	666
371	517
132	422
39	141
134	215
523	611
705	709
131	606
665	773
222	372
450	501
415	672
0	539
488	747
349	598
457	694
506	612
63	198
109	512
20	473
178	747
396	726
300	524
543	689
293	421
58	580
190	494
127	178
229	231
189	703
9	55
565	769
94	683
115	740
83	266
234	632
181	729
116	458
135	454
268	381
30	579
284	375
157	167
294	755
47	210
483	764
258	786
200	579
222	451
537	781
165	460
326	685
551	617
357	648
500	565
59	504
177	564
122	140
57	691
179	504
608	648
95	96
23	467
118	396
54	539
204	238
7	393
127	358
38	750
405	705
670	772
411	441
27	570
196	560
341	347
44	395
65	633
75	532
487	565
315	647
40	498
39	66
12	519
447	753
29	320
224	606
568	709
101	187
734	746
416	424
51	756
685	691
39	464
203	309
8	287
261	442
413	774
55	419
700	759
144	317
185	262
641	731
85	144
155	618
184	685
253	326
14	439
431	507
10	443
165	187
203	629
128	251
364	794
14	624
181	646
598	698
360	405
167	227
126	708
98	323
395	679
229	731
589	672
672	782
408	544
314	515
93	104
105	678
349	654
224	787
17	206
444	498
460	743
386	580
461	476
408	649
26	119
125	585
549	581
0	128
395	573
29	453
268	701
497	513
611	720
53	490
79	180
86	700
651	722
597	724
324	628
316	479
12	223
642	655
304	636
398	593
37	78
71	506
211	479
278	443
179	194
266	637
513	699
43	431
270	645
726	792
334	487
174	564
479	733
195	773
118	600
339	433
330	455
738	790
219	387
431	754
167	550
19	117
487	709
57	655
5	111
151	505
461	792
686	719
381	726
182	707
430	689
18	719
367	696
154	390
720	765
95	365
119	243
99	768
117	747
375	720
156	579
683	687
156	574
159	409
107	285
29	89
683	783
204	338
69	313
523	636
130	217
495	553
291	775
442	769
494	516
389	491
89	139
596	653
277	414
178	414
194	399
164	371
81	345
462	783
123	336
386	765
94	583
98	684
27	556
323	457
263	446
571	596
339	347
49	559
668	711
128	548
217	725
157	412
213	314
112	725
93	744
154	264
336	467
93	554
204	363
462	589
291	366
64	636
734	799
301	310
254	577
208	592
591	707
65	290
566	757
72	511
430	632
304	482
392	394
490	723
595	704
576	636
557	595
268	340
145	528
92	624
488	489
109	743
53	309
527	603
187	384
138	547
115	187
38	422
43	527
78	675
138	680
154	629
85	767
235	245
496	611
42	331
357	388
21	80
337	420
556	600
128	289
439	684
43	714
182	343
55	227
213	264
81	111
175	514
102	488
581	764
449	775
463	746
436	604
35	450
317	410
319	710
86	726
136	525
369	486
581	742
242	708
47	771
89	571
257	483
602	739
405	500
452	557
705	736
244	765
59	500
111	610
106	271
442	752
50	630
633	759
239	751
235	659
331	550
94	793
154	513
321	725
343	518
436	485
750	783
307	415
396	526
235	575
207	353
324	688
295	618
409	763
447	448
45	103
165	260
641	705
178	561
164	431
24	785
191	606
352	437
43	779
461	596
192	304
321	664
519	739
74	265
157	448
154	681
10	531
433	487
531	672
658	671
70	455
183	374
412	645
275	340
352	475
335	491
127	410
153	560
9	479
207	720
609	732
23	400
736	741
453	554
213	577
192	419
296	321
58	776
76	382
615	741
183	557
164	372
361	534
291	639
500	510
133	347
674	787
68	544
248	716
205	590
636	669
427	471
191	519
120	719
200	686
57	141
211	654
159	579
463	751
595	612
49	527
113	442
180	182
203	798
294	430
611	738
134	423
187	279
511	566
199	221
448	746
200	371
268	553
71	225
96	710
461	689
437	632
362	373
109	245
654	677
29	454
37	151
590	712
393	660
492	503
378	572
100	592
113	431
71	705
453	731
190	739
39	297
302	699
85	511
483	642
64	670
112	196
35	619
45	370
650	750
126	150
623	735
608	610
598	763
152	647
236	269
36	304
695	723
512	513
204	428
156	606
290	637
473	703
308	775
32	60
408	637
86	762
582	718
523	665
147	337
28	242
93	518
373	441
312	596
611	784
643	669
93	146
28	729
379	755
68	85
59	225
164	534
18	347
127	690
141	177
13	63
641	676
69	176
52	508
79	392
82	598
367	665
439	755
647	732
208	327
508	786
538	586
340	683
166	276
0	592
430	791
151	482
332	333
154	733
178	378
114	253
50	769
114	792
28	303
151	318
37	241
416	440
188	727
159	365
390	530
256	569
195	648
43	270
174	672
379	384
106	461
88	607
276	699
91	481
608	784
513	525
375	392
430	721
14	281
158	315
32	273
39	419
257	277
135	640
366	431
296	463
63	400
362	517
92	560
406	636
333	635
420	739
417	475
617	773
14	222
129	386
109	686
395	784
18	334
546	734
276	684
270	361
471	685
485	731
409	650
178	768
424	756
561	732
138	720
82	576
64	677
153	569
392	675
289	358
771	791
10	711
95	477
261	621
164	397
297	576
104	774
677	782
291	603
16	772
394	443
155	737
73	126
79	788
519	698
519	585
410	660
253	416
64	570
277	706
92	683
3	741
286	597
776	790
535	713
185	599
270	298
75	79
3	409
197	625
599	690
481	722
632	773
148	645
42	701
80	224
514	633
3	789
120	236
211	377
319	686
436	692
114	644
192	227
537	723
97	406
18	185
361	443
163	406
72	646
192	546
492	570
91	200
250	554
334	611
386	501
53	748
594	602
538	667
224	602
376	717
37	642
5	170
578	717
36	84
510	664
547	549
23	260
82	578
241	791
340	706
125	512
609	797
207	781
211	658
338	792
80	583
450	593
509	597
713	786
32	512
131	720
143	268
68	300
233	373
274	608
536	667
346	370
527	628
0	771
264	789
59	207
54	599
26	667
67	482
610	644
186	575
136	453
474	649
23	321
101	455
531	636
84	613
541	567
587	778
460	703
312	556
127	324
300	793
293	686
122	529
655	756
54	653
129	411
26	175
50	722
617	674
382	420
32	716
346	478
128	484
122	430
394	510
451	723
349	718
97	194
409	687
178	451
49	757
436	633
159	397
233	592
245	301
391	456
414	792
335	560
384	598
523	777
196	781
665	731
556	601
254	511
604	721
53	557
96	419
124	758
21	761
274	416
184	696
409	558
32	764
31	503
47	342
321	457
100	528
170	349
1	794
429	730
33	236
384	463
578	619
418	463
213	387
527	713
200	249
42	126
26	446
30	204
484	494
502	683
130	155
188	337
101	460
524	568
498	739
213	791
302	395
367	731
262	645
238	335
294	348
34	670
384	757
257	566
73	453
45	435
317	464
399	792
216	697
57	109
44	527
7	528
580	773
144	557
468	776
152	317
47	326
47	798
221	295
77	360
2	301
187	618
694	789
653	759
113	323
126	797
473	664
227	382
479	746
234	284
350	633
249	766
338	397
364	679
237	769
356	644
183	685
594	777
620	736
375	541
27	530
236	632
196	617
157	232
21	393
321	522
500	722
592	686
366	421
136	569
677	725
161	216
197	364
113	152
563	787
163	315
265	658
67	797
35	224
646	797
655	668
311	744
47	663
285	688
27	221
102	405
378	730
113	252
314	579
601	729
182	683
510	598
323	343
220	563
232	707
287	313
133	212
191	425
89	632
86	550
18	668
200	421
757	786
67	324
513	681
466	789
414	517
320	342
89	238
628	777
267	602
387	570
16	280
169	297
281	598
83	425
246	498
510	515
149	781
5	309
307	350
6	114
451	641
187	506
211	399
306	426
588	682
10	251
43	754
617	788
515	719
335	680
366	759
378	382
263	516
712	795
174	237
355	559
119	364
400	730
281	787
325	497
41	755
93	315
614	798
17	432
540	707
152	313
205	222
107	170
640	666
229	256
698	792
171	660
194	268
138	716
522	524
118	145
428	587
49	677
19	279
176	275
602	782
461	468
441	790
118	771
5	643
552	760
145	538
238	684
46	556
143	629
268	440
252	786
118	681
182	318
491	793
257	506
157	404
516	765
305	775
418	706
212	519
77	318
109	792
368	372
326	763
208	485
99	417
112	505
208	331
168	376
265	691
275	686
338	360
34	176
326	511
17	209
503	790
37	133
102	124
246	362
671	745
592	672
190	395
72	167
85	472
105	248
290	474
144	403
251	284
520	795
439	701
239	553
330	690
259	639
426	795
50	691
247	334
714	792
206	437
440	726
59	798
382	515
273	555
289	753
478	575
160	693
52	641
482	600
296	616
575	677
255	584
108	748
369	462
11	190
108	475
309	384
43	265
539	712
74	542
290	740
129	200
227	737
608	654
364	399
90	237
566	783
80	398
255	757
99	594
60	216
270	799
324	493
215	508
659	796
385	390
250	606
63	186
108	444
219	409
437	560
236	515
708	774
95	747
42	325
207	756
199	795
49	422
7	414
151	744
334	446
92	523
208	732
767	773
524	793
37	201
217	489
34	92
91	522
627	644
272	499
213	599
451	784
128	587
341	366
38	246
62	579
462	571
39	446
19	244
35	78
710	756
272	719
285	620
39	583
328	587
301	546
576	581
165	390
641	730
239	752
330	461
442	675
51	129
215	773
322	731
23	402
756	764
202	357
749	782
465	494
304	491
611	702
381	633
224	428
203	602
574	743
99	253
20	358
277	304
204	690
223	726
438	565
206	501
143	379
466	685
523	578
123	793
3	791
116	367
0	510
136	428
415	555
596	682
98	625
345	560
66	742
15	729
480	785
355	744
277	521
471	571
183	525
348	590
475	633
189	422
209	679
384	530
83	769
385	455
211	715
572	628
703	733
4	359
306	559
135	709
317	586
162	337
419	745
97	169
237	436
40	379
146	279
66	573
247	475
680	766
34	427
370	417
317	571
19	143
466	641
517	736
499	636
52	244
355	532
421	454
104	723
216	769
220	777
358	762
255	520
223	646
728	778
297	698
172	434
275	530
79	539
139	155
469	702
307	632
28	760
317	668
306	550
480	766
512	754
41	97
114	145
534	749
426	569
657	735
237	751
416	693
496	619
276	378
16	377
154	782
635	717
61	773
502	636
150	785
680	735
353	539
184	385
745	748
94	110
161	327
184	393
563	746
338	363
18	414
548	735
577	777
122	598
177	521
427	438
4	564
394	397
306	570
481	503
472	725
605	643
8	284
124	328
18	164
434	445
402	578
392	735
277	375
508	580
405	475
39	561
73	105
364	428
181	644
124	192
40	283
473	728
164	661
161	169
143	385
381	455
683	718
372	639
212	295
227	282
289	442
422	528
737	784
190	787
160	215
339	492
267	639
365	553
68	777
174	665
479	671
106	609
454	741
246	473
669	716
250	405
551	721
200	304
238	401
85	343
27	120
28	379
177	259
119	295
444	600
469	741
167	713
193	322
534	755
61	428
40	723
154	786
164	667
167	732
22	593
214	232
92	201
176	748
577	680
556	660
5	549
11	70
293	573
490	771
656	670
551	733
223	324
180	567
213	352
368	660
136	358
611	693
14	430
96	602
199	254
55	182
243	577
198	520
613	634
275	711
309	319
473	500
74	436
474	491
36	367
644	695
353	624
383	568
248	310
26	314
347	745
417	615
256	385
200	796
8	214
37	450
315	360
42	318
347	650
70	596
332	378
543	783
24	260
95	424
214	456
137	651
180	188
458	718
307	743
782	798
86	209
29	690
592	769
372	649
350	421
84	559
93	402
475	529
42	272
275	594
292	667
516	676
121	772
286	473
293	408
266	444
254	759
601	700
101	411
27	63
147	346
406	569
256	591
69	98
167	665
209	499
79	448
75	666
53	419
119	793
564	764
405	434
507	556
35	362
208	509
146	536
435	662
143	527
471	541
255	272
148	663
353	428
623	776
300	378
133	468
170	766
587	715
679	740
113	577
434	511
616	769
241	793
25	769
533	573
732	749
238	551
640	774
116	373
98	624
602	726
123	781
420	521
219	635
110	378
181	330
631	752
136	482
12	327
84	273
59	82
131	492
130	207
348	596
173	410
183	560
105	640
165	185
239	738
4	351
374	562
220	498
213	440
213	395
708	749
293	403
104	288
546	662
330	467
67	586
362	614
356	674
271	721
60	298
278	317
459	748
186	190
352	513
251	641
590	686
78	319
415	671
91	97
126	702
468	723
114	530
13	456
624	724
321	450
624	663
12	780
179	634
316	370
209	767
106	316
96	411
581	741
594	710
475	521
22	481
362	602
264	327
285	378
298	577
365	747
280	712
417	761
92	596
684	787
74	668
191	568
341	539
537	546
159	572
153	375
396	450
420	791
730	792
246	763
487	725
88	665
4	730
67	116
309	623
165	353
92	235
235	622
171	219
575	767
25	518
82	220
383	773
230	424
97	680
144	154
135	484
184	743
476	725
39	679
24	719
466	482
552	775
72	267
49	696
413	511
216	658
179	539
774	790
61	251
10	722
437	727
50	484
349	709
500	743
289	615
347	520
76	373
92	274
300	383
78	480
108	500
625	729
323	469
120	412
628	681
110	468
82	734
132	715
283	474
429	709
632	725
88	335
587	766
204	536
187	694
281	292
97	564
236	314
384	525
74	707
343	740
171	290
232	256
250	354
147	269
519	790
243	703
221	550
190	334
423	530
451	751
659	670
590	592
182	454
352	642
83	766
388	768
474	774
354	629
243	387
63	308
405	592
80	209
35	707
313	506
359	459
31	238
207	467
441	691
313	684
263	727
103	381
576	606
206	543
187	753
319	633
663	799
153	548
216	431
324	792
527	765
2	639
337	565
96	628
466	497
87	547
135	204
231	716
335	566
27	760
115	429
35	451
470	546
145	534
300	702
196	766
581	748
354	720
186	602
96	143
743	760
348	467
175	304
387	573
167	730
386	773
659	689
392	678
339	624
118	332
570	618
622	688
348	531
577	581
108	318
175	341
487	563
486	605
454	550
125	726
260	703
593	762
203	790
11	31
142	481
343	457
311	592
40	700
457	706
124	145
317	741
295	659
239	734
719	775
288	327
285	757
364	416
494	659
312	594
63	217
338	412
19	356
1	477
27	324
86	694
8	692
152	452
251	295
80	785
217	237
520	751
259	515
110	664
22	197
100	166
54	647
291	767
198	238
59	150
329	527
373	674
157	784
498	562
33	78
24	68
101	136
289	730
328	496
215	350
184	562
287	519
92	230
92	563
101	164
155	269
534	645
98	394
329	467
313	399
23	384
208	458
515	662
132	491
99	789
596	690
399	628
44	434
197	327
42	542
469	630
82	137
147	593
718	760
174	197
480	780
372	410
350	581
442	613
89	246
293	669
369	555
255	657
258	682
146	514
518	705
409	530
523	744
360	442
460	756
372	512
93	383
77	701
29	264
73	571
517	691
529	605
48	177
208	507
51	597
450	626
268	284
739	785
423	427
689	783
216	533
67	249
367	785
46	191
361	468
185	384
248	517
117	587
440	737
10	370
272	440
221	317
251	731
205	655
180	292
246	761
117	765
311	447
125	564
134	297
67	314
600	631
374	424
502	694
77	95
334	581
460	615
591	634
217	445
471	693
208	566
219	245
470	619
580	613
226	559
85	271
123	425
271	616
11	420
8	37
112	248
345	657
398	755
23	468
179	273
144	656
11	167
6	235
343	655
542	674
81	258
368	780
338	620
80	693
192	570
26	339
123	149
214	755
599	750
176	230
77	493
62	655
73	118
216	712
332	685
65	791
489	744
139	308
307	661
42	730
244	309
501	643
135	600
268	600
158	593
677	720
610	720
409	570
50	454
313	728
87	426
61	586
574	711
326	510
79	523
229	655
604	625
508	743
232	312
592	677
66	639
51	499
596	633
414	677
67	423
335	418
10	134
184	235
380	722
535	542
365	393
369	448
147	661
305	615
78	466
305	545
310	560
339	448
42	744
153	627
64	737
300	776
278	732
212	613
348	565
217	733
592	601
129	144
273	700
490	773
218	667
738	788
15	577
1	304
58	720
62	226
390	772
500	741
163	723
175	601
538	565
34	262
573	702
208	758
43	232
1	768
392	762
70	239
126	764
437	498
484	625
322	379
220	662
234	388
131	771
90	276
410	635
456	657
163	365
456	775
259	785
53	495
444	760
400	659
145	385
141	676
121	373
545	767
740	797
213	245
58	701
215	386
197	672
275	536
107	783
51	504
181	764
18	562
17	450
441	568
219	699
8	360
86	243
302	436
106	156
242	770
140	795
330	725
657	727
170	503
345	359
139	303
491	754
191	487
65	643
327	406
197	545
152	564
600	682
148	646
694	749
37	726
310	741
156	180
34	328
165	788
220	242
320	430
224	281
246	340
204	321
47	750
368	711
506	776
12	338
250	693
433	459
159	705
345	490
138	164
536	613
305	324
112	602
477	732
119	659
401	778
590	635
44	440
335	611
248	542
468	625
163	613
64	193
265	311
68	493
424	615
318	435
602	624
45	333
129	471
362	476
392	547
307	678
221	633
580	705
211	237
66	156
29	52
307	714
581	762
421	669
101	753
697	767
202	671
418	433
595	611
618	623
578	672
108	331
152	308
129	512
49	672
299	482
187	682
436	698
141	263
359	651
134	270
206	429
202	386
280	677
3	320
76	591
174	384
56	522
327	690
161	513
462	738
238	546
132	596
258	675
303	711
385	702
127	730
259	373
81	168
179	790
448	599
427	486
749	753
25	308
531	681
116	707
297	443
18	652
414	615
96	777
33	330
287	455
288	385
556	794
285	360
271	276
415	706
203	475
108	272
122	516
618	745
267	655
20	134
212	651
47	677
105	130
464	669
137	566
306	653
410	774
424	450
214	373
28	508
490	491
292	565
477	495
434	605
134	269
539	691
265	742
40	128
283	600
212	619
268	751
491	496
490	736
103	477
216	614
379	496
261	285
156	531
13	753
302	304
176	516
438	569
204	512
134	647
5	83
466	767
191	400
177	684
153	460
795	796
772	775
176	348
673	799
220	584
124	505
378	708
228	768
484	591
182	220
592	659
78	364
601	730
215	397
401	642
464	680
368	451
596	623
267	436
132	784
211	799
356	413
382	391
274	609
301	585
318	719
105	724
235	393
221	765
401	646
19	71
118	458
458	633
638	778
172	353
130	181
88	562
315	458
419	583
498	720
291	677
93	334
626	686
238	302
90	687
212	231
473	545
149	274
522	751
145	219
670	770
51	518
83	709
379	785
226	297
285	509
124	579
301	476
162	743
437	460
291	505
517	789
112	686
21	526
337	749
142	718
201	236
17	110
174	470
351	535
193	646
291	720
364	691
145	500
270	542
346	675
227	250
179	562
30	504
109	725
25	483
210	367
265	785
213	641
144	713
607	735
135	342
639	758
114	435
659	717
476	563
34	587
485	762
585	700
76	600
193	527
604	633
391	546
250	666
205	629
99	447
55	79
394	549
333	774
222	558
2	495
5	334
58	651
296	466
537	559
27	100
48	337
438	552
140	360
255	298
378	762
341	641
128	301
149	244
130	294
311	389
20	578
363	427
101	262
466	564
386	438
537	713
38	72
173	502
108	327
567	741
143	180
387	411
444	781
494	703
577	727
109	596
153	760
333	431
37	145
517	553
581	677
24	775
111	278
387	404
184	703
561	741
70	84
384	769
574	591
589	728
335	689
263	539
613	698
186	391
56	609
381	490
69	314
29	338
43	689
357	463
389	796
384	649
569	649
300	663
194	387
96	580
512	586
676	747
380	414
110	637
59	333
98	596
197	462
285	662
307	788
184	550
126	471
222	609
438	498
59	617
544	743
528	770
181	384
647	723
372	643
577	674
478	572
72	653
558	615
586	756
50	477
162	763
653	788
493	596
228	458
657	745
103	625
58	723
126	581
111	221
70	545
405	702
237	664
23	234
491	671
218	763
153	593
378	381
77	219
629	737
83	651
139	433
46	693
311	618
322	396
623	711
326	575
116	249
480	508
217	448
403	599
183	606
672	688
2	94
264	682
398	683
364	510
83	328
523	566
443	628
54	306
338	507
533	682
35	395
12	723
533	721
12	511
80	418
590	684
398	723
87	369
210	407
152	491
38	582
378	575
532	717
292	424
200	419
24	394
458	697
68	243
73	584
296	739
299	530
31	357
584	779
400	512
69	795
501	719
97	495
134	348
218	473
73	777
328	790
103	507
449	455
408	752
215	644
322	403
17	414
391	404
406	754
246	334
470	722
503	537
224	717
234	299
443	568
588	713
713	764
334	724
119	559
81	644
664	752
41	718
342	416
10	339
214	479
317	734
75	626
193	259
134	775
249	566
77	108
239	533
469	725
127	729
381	708
28	389
36	707
297	561
589	755
273	634
395	424
259	372
141	249
206	565
492	754
144	255
86	205
706	741
347	669
654	760
545	598
466	662
227	418
222	722
72	521
15	89
716	777
98	528
547	714
17	354
514	792
304	360
227	687
116	758
146	494
451	549
246	691
154	169
548	686
216	471
430	487
703	756
471	631
595	641
585	675
588	747
1	233
252	495
616	747
193	759
177	685
583	724
56	151
359	434
495	550
682	774
209	530
148	326
150	373
280	751
251	429
38	306
581	783
256	358
680	727
138	249
145	412
398	781
271	771
244	781
68	454
254	460
26	255
77	524
194	654
246	301
234	373
399	692
275	293
153	405
102	340
422	731
244	366
221	690
122	449
468	516
422	661
75	134
202	325
195	595
447	576
670	680
603	634
181	566
179	575
600	779
380	718
29	739
378	688
92	738
539	711
239	303
659	764
110	622
287	335
307	732
330	374
155	524
306	705
11	236
515	616
253	384
342	427
166	532
68	652
113	477
96	228
588	686
269	522
110	666
91	275
242	321
233	664
330	385
333	733
486	792
630	712
95	588
174	462
769	792
150	409
444	449
698	787
314	679
126	758
328	393
572	593
547	603
192	260
33	735
363	745
596	646
366	484
186	481
35	469
28	606
10	45
363	781
76	414
210	588
490	753
131	163
47	673
86	193
356	751
225	515
13	405
23	343
319	330
329	655
183	654
418	558
29	112
461	613
151	292
25	618
347	654
117	249
65	561
344	420
528	662
109	269
99	633
240	691
383	605
115	669
660	711
4	399
160	463
2	114
19	169
273	616
208	231
339	535
187	738
109	208
434	518
136	728
412	712
41	470
215	357
53	144
54	77
468	664
180	423
36	509
47	764
50	409
388	662
203	386
409	796
16	153
210	455
555	721
203	796
247	777
376	518
469	485
133	134
374	552
48	662
65	174
758	774
222	467
330	426
420	424
3	710
554	591
267	720
162	393
318	479
460	474
88	535
268	507
182	627
93	177
259	383
86	563
751	757
79	213
159	493
316	783
183	246
19	348
165	576
60	665
265	561
206	624
43	371
404	719
5	529
271	368
393	525
273	493
53	481
34	711
212	631
49	778
655	791
297	340
472	752
479	521
366	541
473	477
5	519
143	317
239	699
70	678
258	395
16	792
460	799
455	646
173	204
589	605
47	720
0	327
690	711
363	485
650	746
443	641
510	743
402	720
562	792
20	259
178	329
40	667
210	655
357	589
290	302
516	567
647	667
55	707
504	702
239	535
236	741
346	692
390	643
254	480
46	558
4	86
318	797
320	443
68	407
19	371
18	268
193	741
434	501
239	504
179	573
517	579
435	524
131	473
521	705
234	459
142	769
57	552
641	791
305	699
185	378
42	531
392	463
395	700
462	717
182	345
750	794
739	789
142	150
201	311
357	408
57	62
84	101
60	712
208	559
14	766
551	631
9	447
2	90
407	785
54	392
110	508
395	562
269	716
59	616
494	728
529	567
79	184
177	608
197	442
81	102
210	529
402	558
202	248
231	483
293	406
652	763
106	786
129	301
122	332
54	433
406	665
115	683
265	663
722	799
273	756
36	529
180	579
272	364
578	751
58	707
734	795
22	134
186	195
427	707
275	764
7	163
614	665
81	269
123	723
57	688
751	781
199	493
209	710
140	380
186	555
219	356
17	167
74	270
175	285
133	366
122	745
167	613
69	220
289	628
445	793
69	172
20	655
424	633
512	706
3	182
200	400
92	701
369	795
194	341
149	298
309	320
462	617
499	771
349	534
175	266
499	585
161	234
426	778
293	451
295	552
41	155
10	623
129	368
48	489
567	573
533	550
76	277
477	532
140	203
18	581
185	317
622	722
197	514
257	498
54	590
259	691
321	549
9	304
495	518
389	603
257	502
488	630
11	610
165	501
353	535
185	504
52	251
363	607
133	153
544	603
234	791
83	136
276	503
0	103
54	434
422	755
275	390
3	388
146	513
122	470
130	305
321	449
11	728
85	707
284	536
341	710
135	312
131	679
56	624
490	764
552	721
141	283
523	659
51	234
147	456
94	401
420	460
492	500
189	528
536	559
241	632
133	507
5	416
228	587
147	352
88	188
706	770
57	787
708	780
117	618
8	659
200	756
288	780
354	675
422	647
44	285
356	627
312	449
712	757
485	733
491	517
148	455
548	592
155	242
18	426
324	766
23	495
471	663
250	716
2	521
20	323
569	729
81	541
249	574
417	458
199	631
293	723
98	395
523	799
590	669
276	609
139	269
453	677
452	611
93	342
164	538
410	419
618	641
149	225
81	606
407	497
320	442
579	762
424	454
91	501
10	242
58	503
83	582
76	240
402	452
353	771
231	774
572	614
416	652
168	700
141	371
578	615
239	382
372	593
15	65
161	370
239	517
72	333
76	136
316	662
764	765
20	72
331	507
293	372
173	777
237	521
65	211
44	475
214	566
104	170
114	504
231	579
316	361
260	640
76	778
697	746
490	742
230	368
429	687
325	625
217	782
591	605
415	510
136	292
312	313
366	668
64	312
97	655
498	649
233	238
41	721
195	332
164	632
255	676
42	182
329	547
667	767
479	562
62	723
453	474
95	762
541	621
431	577
43	682
210	557
471	721
476	631
378	637
108	755
219	737
338	557
355	750
158	786
277	502
556	710
596	624
323	729
221	357
276	390
332	465
52	330
3	156
483	672
118	291
432	774
289	728
2	725
554	775
215	719
155	241
354	371
212	768
417	451
231	257
363	372
363	593
309	375
174	355
130	355
133	219
320	628
105	170
363	789
90	319
417	778
153	386
238	586
92	176
62	326
549	643
157	473
613	786
97	545
37	652
248	505
430	602
208	691
115	296
581	594
526	697
269	481
20	342
234	527
316	748
362	388
580	710
625	685
397	726
193	540
202	487
217	496
362	726
303	607
113	585
503	705
296	495
377	565
334	687
513	625
693	793
181	514
407	467
238	758
590	734
180	531
5	66
137	466
100	254
203	699
35	632
366	440
305	633
252	434
85	308
6	505
163	791
115	735
10	322
375	572
16	787
39	656
73	621
673	712
121	529
39	295
304	556
80	217
364	707
12	386
410	451
56	784
79	99
194	427
132	485
336	344
274	789
208	258
480	631
228	664
413	549
57	309
656	693
193	434
264	660
41	185
146	401
527	766
306	342
48	776
409	758
34	618
191	623
282	624
228	486
139	436
298	378
409	707
242	499
97	574
259	684
377	588
74	401
109	678
486	542
255	378
178	579
376	709
190	484
180	788
30	209
526	685
681	771
562	759
128	346
397	484
676	776
28	519
201	480
494	590
316	429
213	520
369	675
545	698
19	359
528	717
647	760
71	97
57	428
52	382
320	415
67	657
376	481
162	370
66	618
401	523
273	688
40	663
240	419
161	784
321	417
74	224
180	354
110	427
623	708
95	613
235	697
161	316
131	503
70	782
200	232
384	404
156	644
411	761
239	763
44	552
461	466
72	460
68	228
43	430
217	477
132	720
668	675
315	603
492	752
28	704
38	40
76	117
242	358
216	536
432	597
10	388
1	208
490	547
107	465
250	366
676	738
260	704
204	604
243	719
77	394
131	352
163	225
407	718
458	460
255	538
308	534
74	341
108	303
265	794
429	783
631	717
582	691
202	217
188	660
228	476
316	732
465	612
180	607
39	382
591	794
32	359
274	673
105	171
425	479
256	332
98	756
6	93
294	389
738	755
85	463
98	562
224	446
328	613
448	575
394	611
93	312
26	296
102	312
324	410
350	798
18	172
110	798
581	697
283	476
411	747
450	627
331	624
249	302
298	789
3	498
474	561
618	722
309	369
132	672
127	262
515	580
431	756
607	707
661	713
9	176
592	647
669	747
66	371
46	685
443	449
24	536
500	536
24	411
183	233
297	621
46	177
173	398
526	704
0	411
455	740
624	790
168	784
234	332
57	560
167	304
112	387
54	624
336	374
631	666
202	526
147	211
333	750
69	604
425	652
25	696
729	763
244	798
135	447
410	498
60	619
335	508
191	774
380	516
106	651
229	553
131	253
343	649
72	343
100	793
472	705
141	287
195	328
278	440
600	625
365	479
142	360
42	274
444	658
169	232
27	323
359	659
529	624
214	488
95	798
391	480
372	546
228	311
42	170
212	525
248	516
76	484
486	579
298	370
202	658
678	734
123	537
343	350
530	632
9	548
18	794
57	392
92	330
309	787
101	672
548	747
306	611
165	626
647	756
156	565
543	690
17	199
169	571
174	610
266	326
101	273
187	505
654	661
12	286
6	186
170	661
282	799
484	637
106	613
512	689
133	246
0	342
145	248
209	466
329	550
137	618
257	279
93	693
70	709
232	443
471	509
358	794
184	440
57	634
248	637
555	590
444	556
181	750
481	647
292	762
146	742
361	789
155	699
605	735
382	589
278	354
272	277
350	722
326	389
194	659
432	527
122	408
77	657
236	492
61	112
104	652
267	741
212	216
597	726
475	637
550	694
576	609
88	445
165	438
492	686
536	615
191	216
309	586
579	731
170	246
420	469
380	775
88	297
250	760
67	89
143	571
62	246
197	555
295	630
14	213
46	384
92	694
303	793
303	654
52	588
202	754
508	718
462	692
420	769
97	256
34	553
597	615
280	518
22	153
248	435
81	440
792	798
126	336
330	689
81	618
345	682
459	657
19	387
273	663
118	485
138	583
88	512
225	648
262	627
310	414
246	395
364	627
46	721
179	369
259	754
257	425
41	660
336	376
438	603
196	683
654	754
368	722
274	289
199	466
135	422
167	646
142	440
97	351
64	536
564	593
97	377
96	692
20	244
465	734
301	320
80	241
152	777
453	686
683	708
15	45
224	369
307	705
43	715
73	418
52	393
168	406
713	755
518	527
472	658
438	638
517	643
558	791
122	678
773	794
622	779
387	389
307	383
455	552
534	724
16	154
118	125
184	468
20	484
502	525
118	730
591	770
521	792
247	691
501	541
143	261
221	652
301	308
266	772
70	744
225	481
198	227
401	498
486	731
194	677
445	679
230	633
494	515
328	511
306	602
508	679
444	679
51	331
336	470
336	752
75	367
535	557
189	624
341	667
402	657
330	629
552	639
451	660
101	226
469	714
181	490
41	418
404	693
153	506
596	663
373	712
358	710
235	286
652	688
202	373
55	256
306	441
77	198
68	406
14	655
274	324
231	482
33	237
361	544
501	781
525	696
11	779
481	565
148	668
507	710
178	583
370	445
532	712
646	796
142	593
310	681
295	761
181	546
559	590
73	372
58	697
514	736
145	574
321	623
126	166
140	401
635	724
248	295
365	634
58	657
413	473
364	611
117	213
190	346
529	656
128	311
78	387
629	799
143	663
398	653
142	516
122	733
380	597
620	668
22	325
305	620
590	703
37	773
569	597
146	585
386	660
87	605
72	158
607	681
574	676
346	348
453	511
405	780
13	564
333	599
597	643
158	550
17	467
297	408
199	498
241	461
568	581
350	648
398	526
221	442
245	557
597	744
568	789
201	772
184	730
17	385
53	572
714	735
21	293
51	98
13	471
95	239
415	597
102	571
163	274
143	634
377	518
134	539
374	585
375	592
53	224
339	400
517	692
296	691
145	582
119	584
194	217
615	716
591	622
709	782
519	656
420	794
46	208
320	611
524	580
577	694
322	462
59	358
130	541
430	724
130	529
265	584
327	569
232	471
437	670
110	374
445	548
443	726
178	556
109	343
244	513
118	374
4	729
600	774
145	309
95	607
224	425
76	798
67	348
469	577
250	475
58	493
130	523
431	600
514	695
528	630
123	331
354	557
213	681
239	480
114	310
276	678
188	738
51	395
451	616
240	589
100	615
210	608
84	552
64	285
36	132
770	774
684	711
376	605
10	665
163	423
73	188
97	161
19	330
133	283
168	727
504	663
214	246
102	186
555	614
31	452
56	489
72	711
330	565
353	499
317	645
477	551
185	554
132	207
286	622
30	483
352	508
196	225
229	746
404	735
302	465
95	331
164	620
88	148
426	767
102	536
152	499
395	552
270	525
555	636
118	529
203	792
276	326
266	459
275	777
69	519
178	792
384	471
73	434
669	748
405	545
254	696
188	598
179	229
31	284
96	706
110	751
335	657
65	301
97	570
371	632
680	797
280	559
103	726
124	277
507	737
296	515
486	680
186	788
23	404
190	720
271	441
475	590
39	405
244	582
469	484
522	670
544	698
41	753
625	787
314	428
24	598
501	799
125	516
138	642
423	798
335	794
260	279
94	760
24	255
301	493
381	472
226	502
268	274
66	128
195	789
224	770
649	658
213	774
504	730
269	705
34	468
111	256
273	766
140	350
102	498
627	793
710	774
118	649
622	772
349	516
312	344
90	196
238	786
208	789
286	655
123	254
85	270
60	154
378	505
297	306
313	418
110	539
343	453
16	426
194	224
470	671
267	284
220	492
707	714
557	614
126	413
257	314
180	258
186	755
459	509
42	342
300	604
621	665
133	189
478	512
201	595
188	473
728	746
165	491
77	136
742	796
241	786
188	244
325	369
270	550
313	468
578	698
274	532
196	518
449	600
113	449
652	709
220	433
537	726
20	645
627	737
129	397
98	712
104	717
518	789
14	96
317	793
11	198
473	791
188	691
537	687
127	531
239	470
291	432
45	773
252	409
243	790
291	612
529	689
39	467
167	308
69	239
227	497
172	238
426	527
115	728
329	595
335	446
545	658
10	236
11	98
382	648
86	571
51	702
229	453
600	673
235	535
491	627
386	663
138	411
178	259
173	290
34	533
105	488
48	220
290	357
68	262
443	467
459	461
177	307
238	652
42	741
68	639
402	615
215	380
67	680
294	587
437	474
44	595
313	455
330	431
411	752
17	740
85	162
310	571
300	674
616	701
787	794
20	531
181	341
189	559
9	23
65	558
265	789
103	197
120	497
720	743
349	584
176	402
138	566
428	748
27	71
633	730
131	581
286	748
204	550
430	523
47	713
240	279
74	108
476	579
27	782
616	656
468	694
450	787
390	589
621	695
117	132
26	89
379	430
327	582
127	645
415	503
168	722
311	371
44	649
245	284
164	622
1	187
358	575
182	189
286	534
28	745
570	753
52	443
109	537
131	519
199	412
20	412
602	718
468	785
352	474
433	528
285	448
96	708
77	330
470	561
564	770
277	737
138	755
305	431
99	497
148	366
169	389
170	663
7	104
343	554
554	658
733	771
551	756
300	490
253	310
141	321
163	383
542	611
472	773
429	446
724	776
230	667
393	763
155	416
129	318
350	795
301	645
37	53
431	552
5	39
507	708
135	347
647	697
234	469
442	541
38	463
686	727
109	532
779	792
169	183
513	639
480	730
24	322
185	391
670	781
198	769
18	241
255	755
240	443
340	432
388	508
65	726
67	701
221	432
255	415
609	783
187	696
589	750
306	613
15	676
138	654
205	570
58	62
269	291
453	736
388	741
434	453
41	67
131	289
459	551
393	633
36	452
130	695
427	783
220	346
464	606
421	428
596	613
94	419
100	276
695	784
360	545
222	431
727	777
14	712
254	257
525	544
408	679
80	381
255	785
279	620
172	371
169	619
242	322
196	376
535	768
16	339
479	549
637	728
365	410
100	180
152	392
217	437
46	150
373	634
746	750
512	526
573	673
387	503
177	380
17	547
20	154
586	792
150	187
342	397
201	741
190	676
125	225
417	756
23	271
475	646
394	628
30	758
440	688
152	216
205	571
206	639
463	530
468	693
416	567
186	582
172	409
183	470
239	680
224	272
239	677
16	621
171	410
264	421
24	326
216	271
66	291
237	489
718	796
59	244
137	721
788	793
69	333
270	480
426	757
102	778
115	798
629	756
342	545
455	743
180	367
160	728
180	207
30	86
77	346
668	766
599	656
41	79
18	762
23	641
411	712
62	538
173	779
86	370
545	729
270	777
1	647
702	756
247	450
129	206
402	724
149	469
394	622
358	756
521	592
330	669
99	445
8	170
573	600
497	630
90	793
242	400
83	403
39	97
356	791
79	314
473	570
11	389
224	307
556	596
28	701
285	552
407	514
170	594
194	675
293	784
9	123
313	381
508	674
559	565
393	461
595	708
357	368
100	271
13	725
15	500
62	182
57	152
259	658
269	742
287	382
311	609
465	643
60	394
503	718
330	727
8	754
461	505
354	506
177	649
413	593
236	277
506	645
147	460
421	533
64	608
417	527
1	688
222	437
539	569
126	616
159	391
298	511
486	640
63	407
129	584
364	667
123	773
78	584
253	798
97	250
741	753
294	466
9	442
438	505
15	187
72	115
358	602
526	768
182	787
11	737
685	784
43	622
195	545
320	510
228	474
87	715
61	720
126	518
39	179
427	640
515	655
163	604
343	363
59	672
341	554
564	637
215	533
372	757
412	669
431	559
310	692
215	464
75	357
410	729
594	760
200	311
190	698
547	753
542	560
35	328
386	419
167	361
311	567
386	766
95	203
361	415
655	798
240	692
502	751
39	279
394	736
345	543
70	253
14	536
152	194
260	293
290	681
147	216
96	242
458	538
172	197
323	538
148	245
73	161
121	628
589	781
153	210
108	580
267	649
42	440
49	173
412	655
50	276
421	656
405	515
156	361
416	606
240	472
384	633
320	659
198	414
153	508
284	334
0	459
13	279
100	663
74	105
585	669
112	541
311	560
450	577
255	558
16	360
237	725
554	625
127	668
559	733
212	314
233	312
109	353
474	504
364	600
217	304
81	94
49	501
94	688
437	487
407	798
627	787
494	530
153	299
168	384
400	440
67	692
267	275
86	616
348	443
49	658
120	257
302	352
387	541
347	639
175	338
158	769
118	273
164	668
593	717
166	720
495	747
71	193
265	680
395	474
70	407
178	496
86	655
356	513
445	732
122	465
333	611
130	156
574	706
206	767
78	551
540	775
184	747
354	707
311	342
129	133
13	638
92	306
335	378
113	440
105	726
436	649
352	443
223	721
214	467
101	657
93	366
243	765
197	211
577	645
203	786
83	502
268	389
329	782
384	594
443	453
554	783
149	337
245	347
304	686
14	336
576	602
486	699
600	615
46	345
91	207
450	589
127	504
74	470
278	490
208	271
37	589
350	699
515	613
157	728
417	421
161	454
485	645
87	626
441	762
685	715
438	493
137	181
412	520
149	234
111	449
320	322
304	685
494	569
79	507
408	721
27	176
273	434
732	736
170	342
474	675
450	467
301	407
98	795
155	366
22	499
14	302
674	736
397	692
194	652
302	319
217	302
67	649
428	548
231	246
7	368
466	672
495	734
436	744
267	788
89	604
89	593
208	557
255	360
389	619
526	721
439	441
73	233
151	523
339	484
220	251
205	496
30	367
90	135
230	741
158	305
250	517
683	729
64	491
490	677
61	597
126	791
272	766
57	786
185	699
104	134
205	676
181	759
210	390
495	637
115	247
109	763
132	214
179	603
561	650
314	450
271	649
206	282
42	581
505	526
35	45
41	267
260	506
33	769
142	164
408	586
237	637
206	416
144	543
469	691
226	229
86	767
172	762
144	367
463	674
130	169
22	596
45	390
480	542
173	584
259	529
500	675
262	423
18	666
99	178
370	710
3	79
169	716
155	580
163	552
646	773
713	748
194	412
113	293
42	133
378	687
297	326
393	646
529	707
203	522
53	468
594	725
461	467
338	743
68	297
205	726
698	776
459	624
51	621
628	794
368	681
462	642
646	713
425	620
333	369
170	274
230	749
581	713
113	567
184	528
536	548
620	752
107	302
115	308
236	733
121	723
292	552
694	782
71	159
9	797
128	536
1	120
591	725
110	526
326	757
486	518
214	351
45	203
442	796
280	539
350	700
469	701
186	441
194	403
301	499
512	610
412	471
162	197
151	639
305	367
671	773
545	774
416	546
362	441
64	538
442	605
119	422
672	674
59	466
96	607
443	777
79	415
152	695
417	494
39	577
301	715
403	742
37	372
3	553
301	474
249	739
56	436
624	793
29	115
63	287
7	421
557	574
160	454
364	652
407	786
28	412
142	282
1	294
166	660
108	118
344	356
228	706
369	796
670	758
259	623
6	703
273	279
155	762
634	744
445	561
409	638
2	273
216	529
62	398
285	769
131	368
621	646
326	342
190	285
216	780
59	119
321	493
459	752
427	621
115	435
279	659
115	475
192	640
57	452
90	417
207	607
226	236
429	767
441	771
42	80
145	727
553	752
399	790
412	451
199	686
553	654
211	667
591	646
528	659
271	420
366	735
73	388
199	509
527	789
331	650
199	642
343	768
149	216
72	334
21	587
48	697
637	660
641	729
621	746
281	553
447	559
126	526
242	543
68	167
36	48
46	484
471	615
533	755
342	484
570	775
46	308
28	339
681	756
269	397
315	634
342	799
101	128
73	480
343	570
323	631
647	784
247	720
465	564
436	555
276	492
630	795
262	680
188	765
28	756
29	234
201	791
77	410
513	701
322	419
238	464
223	601
330	389
326	337
530	708
63	249
464	696
58	78
660	747
114	125
683	786
193	641
489	747
104	668
15	51
44	158
107	317
101	238
556	627
746	786
164	436
433	639
10	262
50	309
463	782
138	634
207	545
216	357
6	43
177	423
378	714
399	601
253	585
460	778
496	578
47	239
316	332
699	746
266	727
235	675
321	464
497	739
9	126
601	697
289	749
589	786
243	678
200	743
349	737
436	740
654	755
5	480
146	431
97	663
70	428
413	464
99	353
196	673
100	222
65	338
165	738
146	239
531	569
631	737
38	767
516	611
308	749
103	145
21	650
50	153
758	764
129	214
30	104
256	298
346	668
337	764
115	469
63	167
267	725
32	66
517	628
49	785
391	510
312	513
451	742
72	372
48	523
75	753
65	171
190	559
428	725
93	714
105	319
649	717
133	349
606	782
698	725
617	758
588	742
338	349
84	473
694	748
425	505
270	452
712	725
701	719
589	710
264	653
32	262
4	563
739	772
242	272
407	446
246	543
422	604
514	656
36	321
440	798
452	737
277	510
169	678
228	537
234	500
49	350
366	651
224	623
407	417
275	684
332	708
1	551
280	696
438	788
38	131
76	705
243	373
188	201
498	601
32	254
185	578
557	757
614	627
298	742
52	369
191	704
129	593
272	650
13	537
28	623
387	772
182	214
392	732
652	668
505	673
117	492
355	483
478	598
363	532
254	341
419	661
278	376
185	320
192	229
471	505
285	376
53	624
361	562
364	550
215	251
501	756
539	694
169	480
287	772
773	786
478	648
224	412
23	269
437	593
58	85
263	299
40	371
473	754
378	696
97	224
299	380
228	265
88	780
426	502
45	323
79	561
23	675
176	471
251	799
4	156
267	738
658	706
463	641
237	737
299	496
314	665
237	693
217	285
214	227
109	253
115	636
44	573
64	393
450	453
109	152
182	766
202	609
518	524
281	704
236	680
447	706
98	775
435	534
310	792
167	426
29	670
411	458
263	758
216	335
30	490
233	718
475	570
345	401
577	687
155	643
321	748
487	616
365	638
525	620
340	548
8	637
466	628
523	552
381	534
153	404
289	317
56	315
320	501
94	103
436	747
14	458
203	226
123	554
272	425
122	796
344	353
417	462
673	722
202	414
48	264
401	576
244	250
21	171
105	116
236	311
33	37
602	682
560	701
298	438
273	538
278	489
354	583
47	222
104	326
181	767
242	378
124	714
361	626
245	255
425	477
6	412
297	658
47	784
331	539
397	792
115	733
400	651
207	231
183	703
53	430
301	633
82	647
361	720
9	17
243	317
509	754
348	798
386	639
149	206
228	244
462	664
546	690
36	141
93	144
134	660
549	613
141	502
65	750
193	247
59	742
346	659
159	345
422	453
217	468
382	539
102	515
80	515
198	737
94	370
401	731
209	324
466	567
236	256
89	669
372	501
193	275
563	729
550	560
546	762
186	198
311	696
56	568
252	403
195	629
167	745
365	431
292	523
337	639
331	766
92	740
117	134
94	752
4	179
508	651
152	333
539	727
547	606
0	766
172	490
175	467
70	88
445	475
408	710
346	639
387	484
260	387
551	571
367	600
493	679
277	313
643	792
371	586
339	531
110	565
333	638
564	598
120	612
85	683
345	400
207	343
396	607
697	702
229	255
413	569
625	772
271	305
242	668
202	567
527	681
27	700
178	341
167	278
221	786
22	217
569	713
164	527
297	732
158	415
149	792
181	477
461	793
53	513
386	395
562	767
24	391
97	670
91	158
507	613
681	730
138	391
20	505
112	443
243	382
405	582
130	741
291	482
1	623
138	376
652	791
82	533
38	753
671	758
455	701
131	617
48	603
41	612
172	477
132	395
605	715
340	526
367	379
149	203
76	234
223	241
127	740
186	712
415	496
72	591
9	565
502	726
6	700
291	429
121	555
298	776
68	156
577	627
47	158
666	731
337	490
92	345
261	470
521	554
65	545
292	580
595	741
240	632
190	773
681	752
65	797
359	419
563	626
629	778
370	421
37	402
41	745
32	514
18	525
441	583
403	694
62	126
491	584
53	435
251	653
66	318
205	659
220	367
454	473
168	526
10	301
249	367
550	651
711	729
384	556
262	710
16	285
244	649
4	792
330	508
463	562
312	591
169	423
68	415
278	302
613	774
314	490
337	637
421	798
702	796
145	522
254	297
67	385
278	686
678	713
293	452
350	517
109	355
197	743
377	443
371	783
341	612
349	777
409	671
30	669
439	472
378	621
131	765
71	161
246	474
198	447
626	725
644	781
454	727
61	695
276	423
655	748
296	395
15	54
251	697
356	432
190	681
150	239
91	420
626	631
0	250
373	737
191	409
23	217
252	758
545	786
586	683
383	418
774	796
647	782
93	514
173	371
589	662
157	366
101	735
596	618
370	504
303	664
325	676
169	381
487	553
322	653
217	775
321	752
113	357
138	552
106	188
450	507
676	744
194	381
383	443
244	492
593	676
94	462
417	607
111	162
185	425
273	596
229	767
529	794
582	613
264	694
389	473
597	709
565	719
301	768
159	344
600	750
179	572
396	665
312	378
231	591
181	780
93	531
74	709
335	782
36	128
308	406
310	344
45	442
392	539
231	408
405	709
408	760
542	722
104	783
388	707
184	462
114	758
188	698
63	243
37	347
189	514
381	702
173	463
18	359
64	645
202	279
467	686
74	383
391	763
138	146
586	604
192	448
273	397
168	311
624	688
97	181
586	690
410	769
223	450
42	260
207	632
148	266
278	501
81	390
412	427
102	393
454	681
244	397
13	684
191	261
610	671
203	686
60	499
71	569
297	747
15	331
61	768
322	383
160	780
209	431
301	388
513	588
154	542
95	483
188	434
188	429
608	622
350	466
215	598
42	422
154	332
49	252
538	726
524	638
256	648
77	291
6	695
598	761
488	718
62	305
395	647
126	657
239	501
265	270
452	486
134	541
9	203
540	584
615	662
738	753
487	560
595	652
551	634
241	470
19	781
150	752
537	729
215	606
98	248
6	200
37	482
590	632
287	741
312	691
333	690
145	523
184	370
83	514
687	738
33	630
179	643
162	667
252	484
217	434
32	376
236	798
35	315
162	484
288	689
572	633
285	291
366	631
173	756
373	782
27	561
429	475
212	465
41	788
354	405
420	775
59	78
269	323
369	429
142	298
252	557
97	635
364	619
335	651
653	751
309	418
224	247
35	470
61	659
337	738
443	751
224	587
67	312
698	753
4	236
46	207
154	292
216	698
142	623
277	790
254	329
330	388
144	484
359	779
44	452
258	427
752	754
239	670
181	629
75	552
319	731
6	613
317	345
185	488
123	538
49	516
710	796
392	497
89	403
341	777
267	759
10	708
338	630
250	310
87	286
370	438
357	358
8	705
42	792
323	566
3	733
279	639
218	234
237	374
9	480
323	642
457	779
198	374
80	291
3	512
158	395
342	447
256	552
100	631
434	509
203	428
729	778
58	281
97	699
324	551
170	791
45	311
543	611
613	744
520	637
417	681
7	449
96	123
143	547
24	105
458	711
97	596
199	695
79	290
233	247
194	746
345	370
176	438
148	792
76	176
235	580
175	449
179	528
221	663
31	130
244	489
258	582
378	792
357	731
238	490
252	329
256	458
46	257
255	611
601	733
439	639
41	458
320	612
502	507
186	703
182	216
724	790
41	213
286	779
269	299
1	241
264	527
171	276
365	471
581	780
299	754
150	589
350	710
230	353
125	360
46	354
354	526
48	560
400	524
173	603
243	530
573	583
518	561
138	144
479	690
19	85
405	659
31	123
13	522
667	791
68	708
224	705
247	510
408	790
109	630
339	708
417	495
443	460
363	753
339	740
140	498
101	219
217	576
329	534
28	607
130	646
410	447
588	789
24	56
451	724
48	382
87	603
30	619
411	725
86	334
66	107
159	773
76	384
347	663
366	427
524	685
143	555
33	745
339	500
301	576
133	758
600	671
96	796
445	614
279	568
563	618
395	683
369	792
651	743
14	543
173	390
465	552
193	538
388	648
1	355
5	211
560	740
400	769
145	188
380	682
93	509
112	263
351	667
382	636
186	266
474	555
349	448
110	437
51	541
255	700
50	601
228	421
37	776
49	478
132	617
209	621
154	252
321	743
301	582
312	504
137	305
579	730
331	584
88	759
610	752
82	678
167	387
65	334
14	607
35	289
554	778
216	425
276	772
361	712
126	533
98	320
89	646
294	489
339	355
200	485
475	578
376	614
244	556
39	744
155	786
244	406
46	561
232	727
495	775
44	105
268	360
559	747
286	466
339	568
133	294
265	739
307	793
150	481
295	468
299	749
98	303
25	369
497	720
2	642
169	741
221	264
43	63
86	756
338	534
475	566
583	598
41	571
335	348
497	527
142	213
207	476
401	455
371	397
446	614
61	636
40	525
45	490
321	609
418	676
324	413
288	354
107	381
310	646
48	558
182	392
96	504
571	758
94	196
80	792
346	630
107	305
85	175
402	723
132	531
158	159
41	361
359	532
76	481
325	781
227	646
532	736
183	639
681	765
173	772
114	156
21	507
406	767
380	696
132	221
268	349
643	655
411	680
542	547
427	547
22	591
455	488
157	701
128	598
353	406
355	544
758	787
217	648
43	206
245	360
714	791
405	626
167	487
211	764
355	539
349	703
7	498
403	625
183	542
216	313
495	524
589	665
284	640
220	568
57	419
433	776
251	662
297	511
174	735
81	701
380	684
287	489
73	568
283	411
212	258
375	385
24	737
350	760
321	423
323	727
126	749
214	476
480	592
102	542
71	543
437	774
317	746
183	511
437	439
736	755
289	429
274	401
468	718
517	730
134	682
268	638
102	231
25	773
71	431
354	370
436	693
463	569
220	697
165	432
132	722
546	581
29	308
193	505
627	762
443	631
238	277
372	441
4	790
445	746
35	174
498	726
695	700
191	297
70	314
331	589
324	393
197	249
547	573
267	751
300	787
161	716
387	440
151	463
7	377
362	572
194	315
403	446
140	455
195	733
459	653
101	328
403	454
148	479
232	497
265	367
318	666
480	721
87	755
168	586
85	719
180	581
53	733
553	744
164	531
274	599
675	694
392	763
173	430
209	585
131	742
539	624
576	621
415	661
131	502
402	673
164	770
282	459
145	777
620	795
608	694
98	666
382	745
64	485
632	785
614	669
204	387
184	334
165	479
89	531
78	721
145	773
260	422
128	362
39	124
14	47
599	718
184	675
140	571
69	191
479	796
153	255
398	403
147	153
97	246
459	710
27	128
508	524
462	630
50	371
371	556
609	613
19	183
313	791
216	246
155	273
228	656
202	634
183	339
484	539
114	440
25	297
28	618
564	591
126	576
444	750
28	137
341	521
234	716
602	667
228	451
505	753
156	462
2	52
14	700
171	200
42	107
344	621
490	501
352	381
8	781
209	533
160	663
221	628
482	714
131	435
458	774
51	600
169	748
156	287
336	359
395	725
456	474
211	585
429	456
348	761
279	698
521	618
236	595
67	655
309	579
492	506
65	407
235	690
600	657
34	316
325	506
286	672
366	694
137	568
383	797
203	302
304	494
241	770
218	400
256	380
62	284
112	305
323	706
411	522
78	290
215	678
563	628
144	315
54	643
131	153
65	471
161	383
109	638
218	498
443	510
219	278
136	271
284	656
271	538
12	733
420	586
446	779
299	799
240	313
4	762
338	717
64	628
587	594
179	426
309	755
362	535
196	370
580	604
150	751
82	459
80	657
141	634
448	505
511	530
455	669
479	591
601	686
33	537
127	166
435	711
109	447
214	387
120	711
564	671
73	282
123	550
497	629
515	687
121	491
337	454
34	390
27	179
631	714
596	692
433	454
51	524
503	613
21	770
641	764
112	169
341	482
593	596
339	611
233	460
256	563
28	54
398	457
79	414
8	467
537	707
321	532
371	507
6	185
249	530
360	367
321	570
245	376
388	609
2	367
497	771
96	493
78	450
372	669
612	746
11	321
4	432
1	179
428	553
744	779
149	605
291	684
289	388
86	298
119	557
167	474
673	707
299	492
54	439
14	715
613	656
147	241
285	786
371	650
62	787
145	217
594	739
63	763
103	725
69	616
329	573
122	264
271	527
292	416
331	695
86	92
145	216
589	609
231	510
520	530
104	782
602	614
190	305
403	412
378	458
72	776
18	560
258	558
414	739
43	345
554	626
547	749
76	212
383	463
107	368
110	425
464	647
483	750
123	754
421	451
628	698
145	527
81	482
329	739
70	418
490	671
546	681
100	196
293	594
178	260
339	735
225	454
170	461
105	508
62	132
524	637
81	426
291	497
265	408
718	788
185	714
168	692
20	297
127	473
177	467
578	748
693	695
142	747
32	607
531	578
202	404
351	532
708	786
424	788
161	704
441	499
543	610
324	408
50	376
7	698
536	735
138	517
93	641
329	422
300	415
618	649
353	697
76	599
102	765
625	703
107	385
180	409
4	546
154	594
56	749
78	401
156	783
191	278
328	641
433	762
21	623
46	270
305	647
53	175
51	368
77	682
232	683
33	220
13	495
124	304
257	689
397	511
140	695
266	620
197	556
522	772
166	332
84	689
127	797
342	522
343	595
3	748
207	570
349	567
81	508
547	793
262	417
353	505
50	479
119	597
537	712
306	607
372	626
436	552
177	570
226	379
191	770
500	561
509	606
356	797
19	731
462	551
38	451
363	448
543	788
132	141
455	677
119	794
13	752
442	552
135	592
54	543
150	483
6	320
649	684
305	628
217	294
91	498
340	722
50	405
363	655
10	558
183	620
306	695
95	503
372	770
615	633
174	296
227	377
118	671
131	471
292	783
534	790
504	641
577	646
358	623
404	539
269	422
236	320
104	234
567	747
224	670
26	567
132	755
88	97
1	271
99	686
534	557
195	612
284	775
182	473
87	433
64	460
151	416
458	506
198	691
394	399
255	384
16	231
724	748
166	722
375	768
196	620
433	601
490	635
230	545
357	742
111	177
97	319
388	610
76	285
124	142
300	539
150	337
84	436
329	685
36	392
5	402
19	239
112	722
537	564
162	441
364	367
445	522
69	619
231	627
175	593
157	619
251	491
39	527
82	637
51	402
245	623
160	242
256	570
281	720
463	730
356	577
203	648
114	180
266	474
519	744
444	598
218	654
405	541
28	135
165	440
185	738
365	514
406	438
161	561
375	477
353	765
458	496
528	676
219	384
303	638
299	797
41	342
402	687
58	474
571	600
114	734
571	656
208	387
43	606
326	651
39	378
151	455
138	667
618	762
165	795
4	641
19	416
334	734
415	767
172	788
129	528
79	356
51	546
271	685
658	789
4	785
74	185
505	637
56	668
150	569
271	487
0	72
545	600
99	537
687	697
54	591
421	755
567	663
142	471
12	163
326	478
313	645
277	452
255	650
64	194
691	775
477	794
233	657
162	463
428	463
83	474
419	689
294	409
555	750
619	645
241	773
31	121
334	623
72	269
544	554
144	567
56	420
129	604
119	637
257	329
277	298
234	691
223	711
252	397
103	213
486	643
22	283
97	557
404	614
5	14
89	460
264	670
268	577
17	170
508	612
32	411
292	363
161	630
375	673
527	736
435	682
94	448
367	455
30	462
309	546
398	659
760	789
251	359
82	231
201	566
630	711
518	554
373	449
146	370
85	424
136	646
335	599
592	738
481	538
402	630
114	736
215	334
251	438
659	711
173	452
399	688
4	382
186	795
351	727
13	568
38	382
33	560
236	385
474	489
331	447
297	412
515	740
147	202
52	620
117	686
88	302
549	793
710	741
136	472
222	585
714	727
339	350
258	567
223	367
292	487
70	539
328	469
229	717
335	763
266	656
394	604
51	472
387	460
555	781
341	757
165	758
392	713
31	775
63	507
207	634
516	722
82	284
200	233
88	176
541	689
604	732
589	660
55	402
261	664
364	601
327	566
485	720
398	430
53	379
352	491
522	779
172	612
33	209
397	739
458	777
624	687
421	461
70	484
380	499
144	735
203	223
737	772
40	660
148	763
128	565
123	291
442	729
362	732
291	490
95	168
91	523
76	327
58	79
354	774
326	799
595	781
262	644
339	718
292	729
437	630
393	638
241	290
48	690
39	215
327	474
382	483
413	712
163	244
85	192
331	344
426	543
448	716
420	778
394	667
64	224
455	481
210	360
318	544
190	593
33	795
199	749
426	657
66	323
453	499
244	760
15	545
22	465
188	354
531	534
270	790
94	716
208	374
298	363
132	315
379	444
217	731
339	690
261	785
151	763
44	206
62	153
126	707
262	638
608	611
587	612
248	488
1	669
422	681
61	432
382	560
167	756
106	247
92	799
280	668
59	209
215	745
706	781
356	382
347	733
177	409
244	774
416	763
541	716
97	706
107	639
104	744
446	725
568	760
160	565
92	575
7	437
37	149
358	534
172	210
443	741
26	280
46	402
325	633
270	461
293	318
571	651
710	743
427	608
94	773
45	296
134	313
7	67
165	350
534	637
94	426
541	638
123	640
350	689
357	624
174	719
512	683
334	347
246	528
262	366
47	472
12	461
727	773
143	792
382	734
29	383
231	506
154	674
24	555
144	196
24	65
79	482
509	770
522	602
202	536
242	794
44	715
243	558
86	785
20	541
210	789
213	369
419	478
23	756
25	196
493	609
321	701
337	726
606	798
549	585
357	759
233	769
34	576
202	762
436	509
109	698
155	584
191	376
47	307
593	716
418	459
76	588
238	448
27	325
47	303
444	704
260	635
88	236
549	684
226	693
283	642
45	588
418	472
333	439
543	567
122	590
180	198
56	401
386	442
87	410
318	713
301	769
21	709
619	666
582	661
92	143
640	757
243	787
42	154
453	727
113	713
248	300
166	282
324	472
34	764
113	632
284	477
441	710
73	140
258	301
25	213
35	711
94	300
87	146
395	661
406	617
295	490
369	397
78	634
414	648
273	668
181	689
430	741
99	202
422	594
100	258
28	138
145	410
363	617
130	411
182	215
354	490
657	760
85	685
442	774
75	553
249	432
372	374
171	726
139	645
594	780
551	587
168	382
153	322
2	411
416	581
664	720
224	603
321	758
58	341
33	700
498	617
213	644
401	609
438	622
199	664
132	309
525	734
52	464
585	666
400	566
286	668
246	785
131	184
108	417
193	468
35	122
204	629
18	519
248	515
96	251
136	367
185	501
413	427
294	671
15	423
37	606
79	545
650	783
2	51
50	108
42	114
380	387
204	333
194	578
457	506
261	322
338	633
480	531
38	654
305	398
538	794
129	166
369	608
92	594
69	499
260	658
48	621
343	419
577	593
31	151
460	569
442	657
111	744
410	688
437	537
128	781
169	218
172	423
325	695
549	603
488	732
375	628
188	737
13	602
512	638
207	433
431	767
103	207
209	495
212	727
33	528
488	615
157	323
225	680
560	683
409	410
7	470
16	95
535	629
415	644
511	725
467	759
148	194
331	522
369	777
24	72
328	484
219	444
35	692
262	319
35	696
118	180
325	673
321	421
246	662
144	613
607	684
31	329
486	587
774	781
433	618
304	545
30	347
244	304
248	750
330	466
230	571
60	391
71	491
678	739
249	694
84	791
235	349
282	435
175	265
117	383
435	621
129	491
224	333
252	793
442	622
267	288
36	537
331	689
134	678
628	660
116	285
160	600
242	492
39	682
537	778
36	129
376	705
115	313
43	783
483	620
625	697
90	559
15	375
600	655
91	399
713	761
344	608
108	324
447	606
411	475
182	651
346	378
257	383
118	407
262	317
128	355
363	699
224	585
445	468
690	787
98	368
95	223
23	181
126	478
415	718
664	797
0	787
556	642
379	699
354	696
13	654
608	771
120	237
294	383
431	668
78	179
124	617
539	641
179	789
152	256
149	612
259	492
431	771
492	516
289	770
543	674
393	585
552	789
43	132
335	784
415	740
678	758
28	435
89	122
327	471
83	790
310	769
277	451
414	730
327	560
280	502
126	642
400	452
230	680
49	335
465	595
444	744
275	618
308	523
112	118
450	459
231	369
0	240
517	787
727	782
511	659
548	702
57	460
108	455
326	452
434	522
191	334
68	473
389	574
283	759
238	359
91	615
125	636
341	672
737	767
610	759
53	424
75	137
25	442
172	399
283	762
135	290
31	554
25	609
122	685
559	635
13	198
106	629
525	677
50	407
56	341
637	798
606	728
279	359
580	796
428	785
19	367
11	744
28	746
97	186
278	455
139	593
382	680
98	553
649	654
253	502
0	502
230	627
100	622
228	654
267	440
473	600
91	100
209	751
37	180
113	238
73	484
28	251
6	183
108	796
519	671
5	201
563	607
57	796
69	634
250	305
18	542
50	648
241	440
387	602
330	477
25	505
413	500
257	660
391	618
248	553
321	719
214	560
589	688
358	430
497	684
584	651
69	799
21	47
470	672
165	269
122	271
146	442
129	738
478	527
359	396
164	440
456	641
195	398
155	442
77	357
83	409
289	451
238	732
318	396
249	692
21	502
501	677
34	530
339	605
794	797
559	681
514	579
371	549
87	299
60	690
641	722
438	549
213	332
262	297
43	89
334	744
381	717
511	515
435	690
232	792
435	671
139	408
241	667
93	370
17	99
380	685
113	619
18	659
95	718
118	760
503	639
118	139
505	669
2	155
9	54
359	674
62	183
371	646
106	205
276	380
259	541
185	676
207	316
381	394
287	450
353	549
368	631
335	555
126	627
8	688
74	323
153	164
86	152
270	318
39	220
607	687
412	690
73	409
570	646
555	712
316	709
250	652
68	681
269	712
107	149
437	615
103	722
507	608
51	450
337	605
282	710
157	780
493	752
633	749
250	524
188	401
40	739
647	707
28	450
656	681
39	320
596	700
421	490
508	527
221	298
113	390
152	335
233	794
510	708
41	172
595	695
396	597
182	593
156	340
110	239
617	733
447	461
250	615
185	573
108	672
119	530
93	608
308	569
60	566
107	315
639	680
216	607
145	370
10	207
4	20
53	680
36	386
252	550
4	557
620	665
291	622
81	587
613	627
113	714
50	172
17	497
269	492
618	799
44	387
217	251
177	438
36	755
306	755
604	683
338	442
64	481
92	247
17	117
420	606
146	432
309	513
188	662
80	537
336	681
181	336
474	789
110	609
352	428
507	600
269	549
392	417
117	440
73	757
226	330
281	302
102	702
29	697
564	742
365	411
582	594
554	572
104	755
494	786
664	679
497	710
157	265
309	410
194	661
65	702
92	579
536	695
133	331
357	437
339	796
61	790
326	684
7	28
81	143
131	714
352	586
62	589
43	697
339	743
118	404
202	590
322	523
131	677
85	744
186	346
102	798
240	255
11	318
305	488
493	724
149	423
269	562
439	442
297	736
6	608
154	318
329	419
283	794
621	637
55	492
379	610
267	644
378	474
385	462
187	686
359	408
356	609
318	600
416	755
56	178
41	63
38	369
23	634
291	699
631	638
676	716
210	327
164	259
317	343
6	414
118	464
291	369
125	380
416	784
31	501
543	640
209	535
506	631
452	635
22	613
388	565
354	570
156	257
72	551
21	282
248	679
392	406
330	391
348	551
419	422
529	710
300	748
297	552
51	307
191	241
403	545
511	742
320	749
698	784
158	507
155	369
586	617
437	746
456	667
236	262
315	337
192	257
295	678
361	545
48	713
679	730
61	200
651	712
256	424
46	539
635	648
2	236
386	757
153	680
482	735
466	523
236	445
521	522
37	120
521	633
435	549
14	253
603	607
256	626
37	719
517	737
408	648
146	539
635	739
208	378
135	533
562	566
473	549
149	729
639	657
15	621
260	291
525	789
164	518
41	784
387	764
487	762
86	425
160	672
432	436
272	768
166	380
117	176
178	432
99	589
164	484
239	428
50	695
210	738
242	263
404	742
318	449
276	538
484	770
575	740
716	789
233	297
33	562
266	665
358	431
309	467
330	342
693	760
15	706
227	721
85	652
178	232
12	172
169	241
101	712
119	792
410	471
107	231
191	654
239	332
123	518
172	624
191	257
489	718
351	697
233	604
338	356
363	555
142	433
563	622
399	448
472	518
29	591
135	796
4	687
146	523
84	536
165	782
277	600
142	717
95	408
161	217
730	734
250	750
254	418
78	602
133	453
114	123
185	637
13	238
44	700
510	660
382	411
198	792
116	643
563	700
158	304
344	546
88	552
90	503
14	277
206	655
469	747
125	611
62	623
644	704
162	321
122	437
6	268
43	307
647	659
91	648
347	658
4	649
450	653
210	371
309	382
81	569
656	685
3	392
212	509
531	566
578	585
555	704
112	175
257	740
23	545
193	580
533	701
582	796
358	761
302	797
397	448
46	616
96	473
88	358
489	543
517	535
281	494
136	604
490	538
97	709
199	482
0	575
411	641
743	763
102	306
100	568
464	698
288	479
262	330
122	249
494	541
597	748
350	635
441	509
8	404
289	532
70	85
407	768
397	601
330	712
107	668
446	580
102	268
160	320
364	564
9	321
218	227
63	282
40	78
522	642
41	300
359	699
287	472
186	429
57	747
176	401
454	650
400	517
565	776
414	488
310	411
119	560
98	210
282	780
357	505
189	535
231	247
100	541
264	375
413	662
498	669
113	640
322	587
277	366
190	609
35	332
9	791
426	799
126	647
312	598
552	561
71	432
149	445
555	702
334	632
276	384
103	420
150	779
164	537
571	664
107	548
447	783
48	356
95	162
125	559
30	405
33	279
180	467
96	358
252	665
116	220
122	554
190	249
180	290
138	317
595	596
248	483
125	372
370	734
540	752
87	782
239	601
116	780
66	793
593	786
14	453
409	490
137	289
336	471
176	659
306	711
145	235
236	324
481	781
183	390
605	708
570	571
44	263
11	220
29	430
13	132
76	323
128	137
135	510
49	343
487	531
9	395
576	787
63	449
48	594
185	647
323	629
304	510
321	577
340	772
522	547
267	675
210	300
205	765
46	210
528	778
638	703
599	759
36	650
20	284
81	752
205	648
409	746
154	742
491	564
47	353
137	397
544	761
15	143
42	607
125	479
25	432
323	622
171	722
576	731
231	717
168	214
151	544
39	306
463	578
54	346
483	562
570	613
331	679
444	464
630	757
270	371
393	502
345	675
124	260
31	703
77	728
60	170
223	452
337	740
265	355
453	592
527	773
457	524
225	362
453	529
193	743
269	477
385	636
377	790
657	660
295	685
138	361
47	730
208	269
17	679
0	97
139	386
190	777
72	106
105	765
173	454
52	688
168	649
23	320
86	182
153	194
575	596
261	679
97	463
217	544
75	424
614	710
146	205
89	551
273	447
151	382
295	419
269	725
651	773
180	666
553	735
735	769
323	441
30	31
389	466
294	765
73	249
192	571
628	762
75	724
49	160
166	202
288	739
585	734
289	533
291	302
28	74
63	704
641	751
250	259
357	418
308	421
42	502
205	413
125	455
239	416
49	408
171	260
410	502
226	712
299	787
209	656
526	701
442	696
695	794
298	743
586	660
178	636
375	738
4	756
492	781
118	137
215	515
138	524
228	697
115	571
351	396
101	115
677	792
281	359
303	375
152	371
234	759
103	612
436	603
388	729
190	386
534	711
230	517
58	693
12	628
142	551
40	556
232	503
406	432
91	341
361	399
78	227
493	740
372	518
481	567
379	797
17	469
475	623
4	348
678	743
248	666
93	716
394	439
490	716
244	539
118	602
576	614
49	736
199	755
204	307
395	416
679	696
432	480
567	618
535	687
221	567
77	677
138	151
276	507
324	426
187	569
296	335
46	361
254	415
588	700
601	796
355	737
142	705
34	555
194	197
285	560
168	676
412	448
99	532
277	434
620	694
5	474
152	437
220	330
490	667
380	600
197	290
313	600
280	578
130	246
1	317
298	548
328	442
88	541
406	761
468	796
599	662
160	519
472	605
142	189
204	417
209	701
184	782
119	206
391	750
260	443
135	554
502	589
663	731
118	788
207	726
465	719
183	567
409	557
431	460
294	458
349	577
3	536
181	339
463	618
302	488
585	594
385	646
250	489
105	495
418	691
117	590
581	655
82	249
312	414
485	745
143	427
545	702
285	702
311	563
377	697
588	687
403	493
311	795
238	713
320	340
202	363
549	593
608	618
368	547
87	270
186	711
407	581
474	556
24	445
407	684
34	556
182	208
602	710
77	259
274	568
624	675
89	625
630	788
216	743
235	788
461	583
92	180
733	785
210	351
396	451
717	742
161	709
49	444
109	369
299	590
94	227
10	673
574	799
301	786
162	619
70	612
228	757
4	396
398	537
717	735
99	307
720	776
363	428
16	163
722	730
53	296
77	660
70	146
94	601
376	773
329	335
53	479
270	562
450	546
33	535
269	429
162	583
539	765
187	351
71	618
513	585
11	488
90	124
196	510
116	270
61	614
44	353
131	724
159	575
661	691
279	706
573	712
488	523
411	451
340	449
574	622
230	309
314	725
293	502
251	489
119	195
497	680
223	304
160	543
417	559
153	765
385	572
6	240
79	292
55	238
197	791
398	613
242	524
56	561
3	399
59	581
123	733
351	372
127	278
38	223
338	664
289	389
336	508
21	757
639	797
141	198
186	233
406	507
85	571
256	510
483	654
290	760
12	641
106	540
261	706
170	728
635	759
527	633
123	634
101	544
37	792
3	55
26	235
78	746
345	366
12	295
321	458
215	265
21	689
461	738
50	533
307	795
693	707
665	690
293	564
273	564
217	599
374	594
376	527
73	704
16	149
502	624
391	716
224	666
18	793
275	303
487	599
11	456
117	154
377	718
497	763
169	626
192	678
203	719
360	658
127	705
525	769
70	645
192	236
63	756
545	779
269	355
286	449
247	263
97	165
39	58
423	642
235	625
662	772
106	681
190	785
61	142
639	676
470	517
111	491
643	657
69	147
83	440
48	185
38	765
379	715
89	248
413	474
549	778
299	457
160	741
379	694
331	547
429	435
204	215
73	363
4	338
15	579
408	714
79	692
225	548
360	786
347	403
609	709
215	435
6	267
331	749
500	577
481	703
11	693
524	619
441	650
168	704
354	440
29	662
168	225
277	580
47	308
475	703
338	381
249	660
608	680
612	707
415	464
397	606
85	349
223	392
342	503
458	593
23	586
487	687
143	595
194	438
293	749
399	675
390	401
438	652
78	207
175	384
6	683
130	390
287	730
397	560
9	273
302	710
172	508
3	26
277	782
66	795
119	577
94	488
369	768
10	101
234	316
232	376
38	507
223	301
243	639
67	536
219	415
230	471
20	185
648	659
148	344
204	463
341	399
640	641
170	245
64	584
268	506
14	497
170	211
127	677
408	772
245	250
704	745
108	386
31	626
385	504
1	365
196	406
168	554
8	222
552	575
191	769
116	471
308	732
180	626
231	250
277	578
437	667
67	381
3	254
285	357
399	719
699	720
309	644
562	565
157	794
266	318
428	705
462	785
37	384
117	243
22	84
396	762
55	298
268	783
91	374
513	796
407	489
43	654
0	163
72	620
232	748
185	679
381	631
35	213
233	313
36	476
62	413
558	671
43	159
416	612
4	740
180	449
778	795
558	792
376	700
396	430
316	349
481	672
151	273
352	498
32	261
372	442
450	638
246	535
378	526
188	551
338	723
284	460
536	760
525	602
95	768
101	380
113	791
191	735
75	152
133	665
379	708
217	701
130	347
732	739
10	260
484	720
299	424
97	432
151	326
236	425
122	191
133	479
504	559
545	617
551	605
339	583
1	24
151	532
368	520
226	642
75	101
94	176
14	115
474	666
82	630
190	770
520	781
44	545
80	126
293	413
507	632
522	632
165	281
456	478
187	651
234	442
677	682
144	696
55	209
139	783
134	403
150	283
266	584
189	536
534	753
5	272
238	570
663	665
22	399
60	220
551	794
250	584
626	729
295	783
288	618
480	544
275	532
37	48
199	722
39	165
347	576
606	613
299	421
104	317
408	736
77	383
12	75
223	593
253	783
438	600
424	658
206	725
34	756
18	267
174	704
267	283
149	580
617	699
62	328
229	678
330	344
25	491
630	760
551	567
130	408
166	432
239	634
457	735
582	734
31	596
17	105
20	282
242	428
61	496
48	528
111	451
383	520
80	290
139	424
306	316
146	253
466	620
279	516
6	450
115	674
506	529
206	404
160	391
215	269
125	799
69	287
228	692
423	715
50	606
370	675
233	594
27	601
49	324
226	505
89	376
122	163
162	242
330	652
28	221
504	514
321	468
2	265
696	762
471	651
171	718
49	790
126	402
342	681
349	670
761	770
510	567
656	733
439	667
141	244
20	184
284	666
452	649
317	461
132	618
457	513
117	157
22	615
346	369
433	637
185	585
726	765
566	743
115	345
217	665
120	363
499	795
426	496
74	106
425	494
48	324
383	794
690	768
112	437
300	735
446	788
149	432
8	34
221	242
186	464
368	689
426	573
71	709
24	361
97	796
61	350
5	613
301	623
444	571
56	242
78	111
73	368
491	500
324	685
4	522
62	532
595	677
251	276
709	718
142	616
32	480
235	431
122	180
136	234
655	680
307	439
253	599
105	394
314	487
340	659
91	556
86	150
532	672
420	726
688	711
145	270
34	178
594	790
158	234
374	693
176	286
374	657
159	382
600	644
80	692
188	490
512	550
173	297
40	295
152	632
324	569
202	668
88	653
3	47
307	636
423	701
470	784
455	608
146	714
117	411
246	786
651	721
104	517
696	752
235	247
363	525
163	447
408	654
201	350
60	242
95	202
137	340
45	645
51	674
249	433
577	598
456	788
196	666
176	521
529	625
693	795
5	791
167	588
87	149
135	740
2	40
546	614
497	736
77	783
14	488
358	593
335	592
490	605
192	411
5	380
109	665
135	224
74	319
206	237
5	313
165	694
230	483
260	581
149	507
364	507
373	783
105	650
146	202
126	771
455	708
115	619
334	395
53	357
587	787
188	628
449	599
289	676
461	753
382	567
185	464
71	733
465	676
477	688
7	677
110	421
79	615
194	599
85	180
210	793
87	634
168	531
292	737
81	747
317	791
375	379
222	713
282	440
283	736
113	502
17	421
344	522
50	348
297	615
470	574
19	462
153	656
428	470
72	636
191	780
337	612
22	430
38	597
207	613
338	729
41	574
587	768
495	497
4	775
422	465
370	520
505	716
392	782
326	588
120	456
16	283
385	759
390	706
114	277
703	785
247	286
550	645
516	738
55	431
54	348
306	727
378	593
268	460
291	491
372	535
341	656
43	611
264	794
394	785
210	345
243	253
66	370
145	381
292	557
386	535
58	269
234	289
520	661
282	358
320	592
466	708
106	763
331	375
441	658
403	554
392	747
209	540
17	477
118	268
111	119
66	554
175	391
158	416
34	768
167	734
691	703
10	154
426	428
350	772
14	22
188	789
232	343
101	535
586	745
440	604
298	342
483	498
278	441
329	668
321	345
731	763
32	205
520	533
523	730
207	782
99	441
262	735
156	437
509	634
638	782
451	591
413	658
273	647
257	716
160	449
161	731
442	642
10	543
250	602
89	262
488	773
152	229
335	530
532	574
273	490
4	502
451	731
158	751
541	731
30	310
271	395
101	710
769	797
600	693
278	612
134	378
351	461
57	503
293	424
387	415
143	323
191	439
322	734
598	777
416	676
527	631
234	479
227	287
64	188
126	521
48	170
159	745
106	570
455	589
53	281
284	697
719	740
454	478
40	622
87	485
376	637
275	696
230	413
501	534
268	665
343	562
262	505
262	416
261	581
121	437
467	774
112	720
179	722
201	298
229	659
611	780
191	410
93	477
76	239
276	369
170	642
281	728
492	529
23	155
14	758
233	633
498	784
339	600
525	752
468	720
30	243
416	696
326	505
572	674
312	698
467	789
124	281
497	641
92	546
542	648
634	794
66	675
321	520
125	387
256	374
727	772
494	717
268	530
120	411
125	734
58	98
179	294
435	720
201	409
661	674
75	222
33	429
256	265
239	576
638	709
51	596
322	571
622	713
194	559
436	730
267	356
73	641
144	208
406	662
127	612
418	520
129	521
55	506
39	494
242	486
151	787
343	498
149	719
93	488
31	795
27	82
553	757
189	776
369	378
185	466
270	369
221	611
460	557
201	677
417	746
440	514
523	660
115	738
275	595
41	588
273	651
14	317
230	525
50	252
263	604
184	210
214	445
139	178
131	400
217	726
498	658
210	363
185	606
172	579
318	700
53	278
589	661
190	495
234	536
89	125
489	743
86	526
101	235
28	683
8	620
63	353
2	177
35	441
511	756
352	414
201	206
270	436
8	53
65	556
293	401
41	141
171	669
0	472
182	751
29	781
324	514
73	624
17	123
39	236
326	402
346	353
407	570
368	796
388	587
190	634
50	577
319	385
69	96
275	706
614	651
238	647
536	713
17	208
316	650
52	737
553	557
108	446
120	540
309	763
171	665
633	778
533	610
579	581
101	702
162	705
31	568
140	150
486	759
440	782
189	342
310	604
348	523
649	738
441	753
223	549
377	427
117	192
497	717
112	585
429	658
191	238
157	221
65	524
294	703
477	795
20	600
168	745
342	638
433	497
436	507
288	535
28	254
415	682
30	164
299	785
259	674
320	354
296	459
457	757
352	625
698	708
532	563
369	483
378	413
33	49
85	361
4	521
471	524
295	398
394	721
336	692
581	704
104	689
216	764
453	609
147	298
154	228
84	188
145	265
159	530
404	444
463	622
84	794
296	529
117	661
200	480
166	410
100	572
327	728
424	613
29	718
16	214
500	749
428	522
54	307
463	514
32	724
490	738
244	471
220	396
109	462
21	660
456	673
250	565
127	783
27	709
634	734
25	573
316	484
381	755
23	398
434	645
60	160
37	618
310	758
257	684
299	696
197	199
490	668
383	644
300	417
92	177
292	468
256	737
405	525
371	561
136	434
132	241
3	223
277	554
397	753
520	614
93	748
264	360
154	271
267	347
282	414
465	506
21	680
142	309
386	577
90	735
412	577
357	372
105	666
333	760
113	230
358	582
451	740
109	197
73	345
44	792
54	677
500	625
451	625
42	618
386	653
536	572
771	775
308	697
395	657
148	664
69	529
134	558
272	518
54	133
289	715
294	436
127	483
145	172
413	450
292	577
58	477
78	309
305	720
218	404
129	747
232	577
408	732
279	753
555	613
646	743
51	470
172	342
41	353
145	664
105	396
136	153
722	780
544	588
352	713
31	120
380	719
153	202
330	648
265	683
51	784
60	456
94	267
35	89
114	245
110	733
427	753
93	327
99	598
236	252
0	253
257	399
55	751
145	239
87	250
11	623
372	493
771	776
431	799
100	400
258	309
210	706
94	216
593	653
541	626
569	585
200	636
330	348
39	761
463	607
159	323
149	698
547	671
216	435
245	412
84	154
417	737
341	467
24	415
522	689
357	532
102	659
548	585
355	374
176	769
158	542
130	151
66	505
170	289
67	661
278	518
388	668
260	488
361	633
323	407
473	719
384	711
114	638
51	320
37	630
314	431
625	739
549	653
287	582
342	662
158	661
11	627
270	647
164	567
311	393
132	707
111	643
80	335
246	652
255	280
326	515
574	728
376	782
126	132
93	413
444	762
311	580
148	470
349	776
585	752
566	799
486	691
386	685
55	565
457	635
37	716
352	441
86	779
238	369
181	213
90	268
136	386
206	773
206	710
458	587
85	619
476	731
597	650
374	430
0	662
95	495
137	609
529	684
112	516
125	550
139	385
108	162
384	577
281	614
689	743
318	682
126	500
323	741
572	586
493	718
75	649
194	549
187	188
143	766
210	636
210	614
151	669
311	350
353	450
9	433
337	452
157	491
129	784
159	765
73	216
335	430
508	688
101	453
204	211
326	645
480	549
0	269
97	385
168	493
426	505
467	635
212	323
440	529
108	571
616	782
174	763
357	364
442	638
16	221
399	667
115	194
637	738
268	298
18	61
317	543
480	523
124	492
140	710
12	770
692	753
195	365
128	324
6	227
285	615
506	590
319	340
81	633
376	617
104	748
573	642
425	794
5	286
292	421
614	618
139	614
669	679
256	262
398	589
121	237
104	191
598	690
267	363
268	761
110	114
136	619
65	504
141	545
163	772
256	337
11	297
374	387
287	765
88	611
176	627
269	433
463	682
187	284
361	549
348	665
124	137
184	653
319	451
248	301
634	653
80	353
444	755
114	194
75	358
622	733
73	273
525	587
252	586
243	773
122	414
102	769
191	379
673	757
158	247
246	490
195	525
146	557
402	635
719	745
52	168
339	431
73	154
772	792
266	516
349	714
428	530
26	273
92	150
171	216
99	454
5	323
209	769
175	409
52	327
656	718
142	735
251	664
281	519
130	306
361	764
202	594
144	480
484	688
352	703
148	297
285	313
143	404
25	169
464	491
363	575
54	525
301	552
257	629
159	383
23	219
263	496
271	530
65	456
385	524
171	498
420	476
450	564
510	700
505	690
116	541
113	201
90	787
216	662
6	342
65	442
153	735
67	750
29	607
33	555
453	619
7	509
150	593
248	324
263	355
420	507
545	550
292	378
713	721
53	300
479	588
223	353
96	556
178	208
172	769
180	610
448	772
458	776
7	217
136	735
131	220
225	659
284	317
123	504
117	225
45	713
220	655
63	689
49	439
62	785
211	460
276	661
263	287
148	500
441	455
264	579
187	387
142	607
34	668
497	682
559	795
81	333
84	120
269	443
94	522
104	131
430	745
16	463
86	524
91	629
590	657
96	799
353	700
507	657
413	591
16	288
518	698
278	742
68	610
43	190
202	743
358	680
91	756
367	627
183	249
4	195
77	94
196	429
235	466
286	306
123	744
578	739
48	694
561	714
300	550
260	540
438	778
677	738
230	738
270	337
61	134
475	742
87	702
349	386
612	778
7	44
49	152
149	345
82	394
196	201
250	284
289	677
209	607
127	751
22	330
52	117
590	741
158	494
310	762
342	706
44	592
97	439
167	180
100	378
264	269
749	791
95	524
623	679
376	694
152	638
272	795
371	535
73	520
70	202
93	743
555	737
67	671
204	407
0	681
354	430
680	741
30	777
428	669
60	687
353	387
360	420
48	769
91	638
230	427
53	306
52	242
223	225
80	582
209	603
376	779
26	488
22	726
23	595
159	708
342	599
289	651
46	430
278	739
149	299
317	529
281	289
236	775
62	286
293	700
206	747
402	648
507	719
22	208
468	717
16	498
59	574
149	413
287	627
70	251
30	717
414	786
125	166
73	386
189	713
151	566
350	533
296	777
209	487
311	379
248	439
250	527
16	708
84	212
321	630
364	605
61	558
166	407
222	740
742	760
421	640
84	310
118	227
455	664
47	73
244	367
734	783
53	377
640	720
295	623
106	432
281	656
115	530
338	680
109	789
390	689
201	461
175	444
258	523
451	587
233	581
42	49
202	768
585	714
272	490
639	673
82	470
202	243
44	645
225	408
125	530
75	348
222	335
248	432
607	659
85	682
259	393
658	692
430	544
162	239
12	601
430	469
196	668
267	271
88	374
638	683
99	381
46	136
173	524
196	428
435	668
109	764
6	339
18	384
301	787
431	512
377	591
236	433
5	788
475	497
288	433
164	177
170	749
104	607
566	619
137	401
518	727
211	248
304	504
250	383
437	723
218	221
88	154
277	651
135	583
118	290
634	741
154	504
385	531
42	137
263	294
404	707
122	433
178	277
518	538
90	294
123	399
289	400
12	191
361	705
455	716
502	558
100	373
109	480
52	217
67	393
383	573
660	799
282	467
192	516
69	216
326	648
231	786
102	224
263	633
563	789
295	355
56	496
258	609
500	655
305	432
66	242
439	652
524	560
454	765
82	325
163	476
135	363
431	432
334	585
241	343
440	665
40	331
123	398
227	269
88	172
136	149
198	606
37	237
551	785
128	490
34	172
257	575
163	699
513	752
147	474
373	453
209	644
85	219
213	610
120	457
497	760
259	427
173	608
367	392
147	484
211	643
69	398
521	711
377	515
353	751
448	661
240	768
418	533
166	466
176	198
31	551
49	193
108	289
582	609
63	309
118	571
331	718
59	467
126	670
716	727
8	642
100	436
251	328
537	760
55	357
194	751
439	482
91	631
87	379
255	326
388	484
153	660
422	513
440	610
271	492
127	243
268	356
198	272
280	420
111	567
120	592
318	667
509	693
273	305
238	383
392	665
156	334
16	67
64	346
176	533
315	355
397	415
635	778
369	409
229	530
228	722
234	537
416	545
329	590
194	618
45	254
239	241
246	324
328	622
163	242
506	685
279	741
480	590
73	451
411	476
19	375
325	543
108	498
27	238
113	423
56	418
207	572
4	28
341	783
34	48
469	626
53	227
68	326
304	776
11	662
254	580
189	579
173	747
54	380
593	637
142	143
536	763
536	626
586	699
63	103
637	717
75	730
82	733
487	570
158	478
467	762
161	635
83	213
104	278
386	679
558	799
353	555
409	624
184	209
488	726
398	499
93	768
256	476
341	585
79	131
738	754
342	592
142	652
40	569
187	664
323	778
291	662
188	283
124	606
268	651
83	340
647	686
334	378
9	748
39	390
55	96
29	783
181	552
270	377
129	185
199	484
162	464
187	327
60	356
84	795
416	778
434	677
124	765
291	565
340	734
650	730
161	306
168	530
496	658
227	411
171	396
280	753
318	450
399	638
74	708
17	645
330	345
374	790
383	410
21	127
313	694
238	718
170	255
365	528
175	382
124	256
313	332
187	392
63	190
502	537
113	701
88	433
156	206
19	453
300	541
488	516
605	665
659	681
224	225
34	750
447	691
86	667
56	173
706	740
689	796
45	710
11	388
14	52
158	707
128	538
109	323
242	559
384	620
277	339
151	658
12	684
481	547
24	212
365	647
396	670
345	389
176	368
551	561
73	535
287	796
605	698
300	499
111	600
140	676
50	415
87	496
275	670
306	732
107	657
263	655
319	672
288	529
3	227
95	489
245	342
315	485
8	738
23	98
591	677
527	648
80	130
250	282
403	456
236	373
89	757
427	725
3	276
300	759
342	558
25	74
322	542
121	385
77	526
10	484
441	539
296	636
412	542
338	436
776	783
431	657
365	667
614	748
117	292
268	516
468	565
63	261
8	621
137	631
61	704
683	693
167	434
175	290
143	617
296	420
769	772
53	85
81	699
534	763
33	364
330	519
124	450
464	598
634	747
178	280
202	372
132	487
508	613
314	553
255	713
430	596
210	485
300	426
28	126
162	271
503	662
336	383
166	710
67	184
395	505
449	635
321	677
594	663
194	714
141	288
507	706
114	209
696	702
111	507
249	572
166	256
172	420
192	307
182	666
649	693
528	720
229	646
2	146
99	357
44	335
278	521
26	726
478	516
424	468
607	778
429	498
333	429
51	604
257	703
167	542
498	782
162	226
522	655
112	597
632	718
648	741
534	608
201	654
74	641
76	424
579	758
192	718
266	767
194	198
287	396
620	777
264	273
397	453
57	90
591	773
83	478
110	393
405	639
570	754
327	701
645	723
88	754
149	254
19	467
134	698
488	723
615	667
40	349
160	630
199	530
62	380
273	562
61	581
202	738
113	478
145	388
133	798
488	742
11	43
585	701
373	781
35	218
481	487
450	591
53	117
308	568
49	611
11	385
162	244
42	335
175	496
34	105
203	621
464	781
548	584
318	573
161	573
142	313
147	276
563	573
171	782
105	393
30	726
27	409
282	714
94	516
204	219
554	560
481	639
24	750
490	502
188	281
363	411
104	526
93	122
59	383
8	338
218	220
704	755
39	285
378	685
139	764
82	752
97	770
93	678
545	602
76	242
16	653
603	750
424	480
245	714
552	683
30	653
746	749
54	555
235	311
7	618
335	465
36	59
652	785
10	494
15	721
114	575
399	558
579	777
6	278
179	288
26	242
86	173
6	350
143	777
326	504
460	676
43	471
191	511
20	155
747	799
388	546
110	643
228	471
22	791
187	562
188	768
217	600
31	433
563	760
498	633
496	518
193	797
121	497
94	541
8	699
397	408
215	532
8	741
279	569
229	282
407	560
156	424
679	719
462	531
141	252
296	526
150	230
150	381
541	743
24	160
415	716
63	82
187	468
143	388
324	506
418	684
229	753
7	204
425	696
106	260
375	637
11	472
129	622
399	490
69	649
257	332
243	505
128	194
212	240
293	635
203	613
351	451
320	506
666	751
69	118
145	765
188	317
86	483
210	640
570	636
474	726
431	650
546	606
142	199
126	469
309	751
381	545
402	471
401	695
6	520
636	647
150	429
68	629
146	249
435	687
140	261
375	426
302	323
406	765
384	550
321	763
446	596
227	530
95	244
209	414
21	264
690	755
361	446
206	382
685	724
59	576
475	797
302	332
452	648
352	761
277	570
138	199
198	605
232	380
173	196
387	489
451	517
663	781
97	219
302	779
90	767
472	563
212	219
640	656
587	756
312	608
188	775
657	672
402	453
510	747
93	550
204	310
71	562
199	696
692	750
210	497
109	595
253	739
228	481
38	83
181	536
531	690
361	630
68	344
643	771
98	627
24	537
196	502
293	646
43	686
25	779
3	50
74	99
142	491
331	533
132	155
141	734
231	335
352	420
334	556
203	619
241	328
97	690
561	629
74	487
258	390
66	195
395	795
186	218
102	130
109	378
113	396
353	453
55	407
91	124
513	726
420	737
56	755
202	742
293	649
580	791
84	347
137	615
601	667
582	668
412	659
211	571
269	282
470	650
412	510
8	330
241	429
494	604
112	488
121	380
242	748
52	755
70	195
160	568
316	632
627	651
518	551
39	239
192	721
82	227
247	648
562	787
166	196
158	518
201	244
447	544
359	638
139	462
383	664
64	530
594	644
16	535
570	641
631	784
443	782
370	374
43	250
426	797
644	649
29	408
376	657
135	775
73	437
431	580
74	191
656	767
13	115
633	726
399	586
417	722
202	405
141	730
580	616
341	779
376	410
34	789
13	92
133	589
11	390
166	573
26	517
500	578
304	631
100	686
2	369
58	170
199	495
5	695
286	760
169	289
237	448
288	347
394	489
474	749
716	740
174	456
72	215
176	604
728	738
83	130
58	312
404	557
292	502
97	230
345	421
121	307
48	490
92	240
431	626
118	500
132	267
164	737
249	644
129	718
304	368
63	245
240	271
575	614
367	477
157	270
64	352
36	194
42	732
473	532
342	770
586	676
452	541
68	298
11	698
228	596
191	567
404	634
72	610
297	686
147	274
579	722
78	266
93	364
211	734
51	147
51	125
204	606
119	666
106	787
122	204
411	770
26	261
210	699
97	729
13	338
621	681
618	752
492	750
487	606
201	331
62	401
141	340
650	743
23	516
128	189
406	564
285	415
108	499
18	313
283	385
22	165
364	733
153	562
137	602
504	648
356	524
506	746
16	664
357	613
299	327
200	375
64	509
473	709
534	586
612	769
1	513
399	499
90	322
93	595
639	663
265	624
241	269
13	754
182	257
51	607
104	597
42	69
57	511
303	581
348	500
189	451
435	436
373	443
525	666
320	656
185	797
162	521
155	590
209	595
210	531
382	686
321	649
145	261
96	793
114	663
371	613
351	612
95	650
267	599
91	397
284	624
271	541
335	495
550	605
347	579
19	582
47	107
20	759
390	440
80	348
434	586
198	392
30	474
366	539
334	596
618	743
179	711
266	362
768	793
109	384
244	761
490	782
602	791
759	770
446	588
64	394
24	172
55	544
33	708
96	751
152	575
326	566
364	389
216	520
46	645
200	723
492	637
519	631
252	260
360	498
504	507
442	466
103	707
441	574
238	716
229	456
255	658
21	44
583	686
457	534
499	696
354	609
201	557
31	114
281	588
346	768
483	599
198	638
81	696
43	637
238	430
184	428
4	633
235	371
259	667
320	717
4	252
110	713
201	714
133	301
227	446
71	713
525	755
234	520
10	434
39	104
113	557
373	432
427	742
61	149
435	773
83	251
66	261
163	757
662	785
85	210
42	654
138	516
158	490
631	763
229	727
310	624
82	170
514	581
659	693
433	548
146	730
39	779
338	369
23	157
593	760
159	417
283	780
300	435
171	491
721	751
19	327
239	552
51	666
720	797
197	311
104	706
165	335
210	692
11	583
10	361
505	799
202	623
120	397
115	346
382	635
144	243
279	334
35	91
10	669
470	626
637	701
5	128
219	239
478	796
54	73
189	629
704	720
439	767
255	607
143	445
163	204
466	713
446	740
186	714
271	615
309	637
52	321
283	444
328	643
38	735
67	395
140	396
22	790
212	222
26	592
78	174
516	603
27	345
542	586
186	307
32	464
265	790
379	492
154	724
655	699
544	706
278	401
202	648
222	682
208	631
78	264
38	53
65	660
74	302
40	312
319	763
302	446
131	644
294	528
6	535
650	683
271	394
596	639
369	520
193	418
72	338
113	308
212	363
39	438
400	453
325	399
335	600
124	770
528	763
675	686
50	532
222	642
60	513
313	582
597	647
149	480
246	659
91	614
351	781
63	220
459	740
326	492
284	303
310	761
220	619
265	601
344	475
162	274
514	548
506	536
287	504
443	622
413	555
40	363
232	290
50	83
144	147
204	239
214	741
129	456
333	619
414	469
271	428
345	564
540	661
134	256
390	618
99	317
764	787
6	441
205	533
260	276
768	792
49	381
248	450
421	757
219	610
532	762
263	509
165	297
555	797
582	707
309	706
276	519
217	310
20	226
297	356
88	701
78	473
475	685
67	769
616	785
65	445
358	739
317	566
436	771
767	790
197	259
77	356
33	44
3	441
572	732
82	340
174	186
313	477
597	662
25	124
199	414
324	468
622	655
192	250
235	429
134	514
379	497
138	350
228	543
489	522
483	691
676	760
76	738
367	541
25	467
466	540
241	674
282	338
75	568
487	644
198	571
39	441
313	475
385	512
140	178
381	586
150	630
24	113
55	391
7	493
412	426
394	401
461	750
570	696
142	208
561	616
57	130
201	243
604	660
430	648
244	514
375	467
306	692
133	747
504	677
168	356
92	768
307	692
221	444
31	589
105	702
528	741
528	618
194	648
119	276
300	613
58	164
43	531
123	708
525	679
631	711
252	366
448	780
84	411
164	523
492	702
622	755
153	636
169	258
242	622
268	533
756	775
444	794
514	598
54	618
398	519
164	297
58	241
438	441
51	132
71	757
327	773
170	228
321	612
217	439
748	764
149	694
405	457
172	369
327	799
194	622
498	515
408	794
561	625
368	729
650	739
202	746
476	616
349	579
143	238
287	459
60	183
111	201
522	597
311	766
298	555
68	108
31	133
242	769
447	582
253	672
