360	448
197	529
53	515
261	491
104	219
77	677
262	473
95	344
334	375
320	491
138	643
197	524
10	152
3	382
192	473
137	287
362	602
375	653
135	688
625	710
230	305
441	448
574	586
112	312
319	627
396	416
207	616
358	737
247	393
137	538
258	355
267	408
218	451
358	618
322	488
551	707
330	476
47	162
220	385
273	517
117	169
402	405
289	493
241	651
130	723
168	264
223	416
207	222
105	621
315	536
569	653
67	417
81	297
438	463
725	730
271	298
307	547
36	391
540	651
21	284
115	230
254	736
484	512
292	450
503	678
245	549
391	460
362	575
544	609
161	517
473	671
28	577
371	666
41	335
343	736
107	413
228	608
458	616
75	440
155	645
29	258
215	275
40	383
191	256
232	348
441	578
67	529
39	541
331	702
227	231
401	478
34	563
212	589
110	373
372	565
13	191
602	703
334	380
28	234
32	715
219	548
438	540
166	560
112	323
494	654
312	378
272	339
159	424
625	740
643	710
67	100
372	482
220	693
64	452
376	500
102	195
113	405
393	498
227	720
46	602
35	326
519	693
107	622
50	185
394	666
44	698
269	338
478	685
126	346
324	597
424	639
253	393
42	523
36	474
644	655
395	746
271	707
287	334
34	477
129	282
250	658
202	255
280	461
138	536
69	251
642	726
14	685
166	267
73	562
115	462
8	641
101	436
162	403
3	318
420	688
618	749
461	660
329	357
36	65
67	325
286	295
236	374
85	471
301	660
40	474
20	627
63	477
267	526
384	402
529	568
368	523
71	441
36	630
443	504
106	272
48	117
357	534
412	649
62	127
288	693
9	112
76	670
330	393
119	154
247	498
282	726
99	148
526	656
266	614
123	570
28	696
305	471
111	562
306	598
115	411
186	262
287	629
111	138
340	650
403	672
139	697
105	277
77	167
399	678
168	499
40	349
171	222
411	727
401	731
251	333
261	477
22	491
158	204
303	639
328	506
307	375
85	623
252	656
3	570
131	382
460	479
289	316
54	565
174	299
17	580
492	613
322	412
139	729
196	722
107	710
484	528
345	479
320	367
581	640
24	696
507	657
183	602
114	457
57	225
8	36
270	613
501	564
656	717
130	626
201	507
80	675
454	729
144	572
305	352
269	739
53	70
325	721
180	619
114	514
338	346
83	437
56	492
410	719
170	307
225	406
177	423
139	728
217	351
289	555
294	343
58	646
33	304
57	545
237	731
31	561
4	681
240	329
360	575
136	214
495	704
40	468
397	522
343	654
344	495
224	514
65	438
45	738
294	706
12	372
59	408
501	555
37	467
210	317
50	83
166	333
233	284
460	681
703	719
125	156
18	315
380	512
593	627
3	419
141	665
564	608
128	208
28	221
56	543
10	227
133	656
150	346
75	713
286	712
504	536
301	736
133	639
470	603
459	515
631	667
336	536
618	719
496	716
113	508
99	287
13	135
273	379
52	583
232	518
483	572
456	665
120	350
350	685
234	282
69	268
52	630
123	156
142	581
138	168
16	485
158	445
101	379
511	667
184	231
20	467
276	681
131	265
189	316
229	500
45	624
121	294
16	248
303	328
395	502
197	570
217	582
258	307
509	657
554	606
275	666
311	326
65	315
186	679
36	609
158	383
377	603
187	634
104	195
95	600
309	730
206	608
113	607
364	639
336	366
210	746
227	459
111	540
213	354
206	656
121	611
176	506
13	393
56	544
225	387
326	466
285	346
94	438
353	628
57	343
227	626
221	748
151	640
413	703
171	298
32	555
331	433
237	727
266	420
218	291
47	433
364	459
31	682
11	196
546	596
230	233
345	556
212	582
197	361
7	468
157	689
272	393
63	602
167	622
492	517
16	314
221	646
6	102
207	441
217	601
541	740
381	609
378	561
499	638
54	228
9	732
31	406
569	679
445	661
299	504
409	475
308	696
272	633
386	405
221	440
202	542
26	706
95	669
585	692
108	153
35	307
89	140
291	344
249	399
273	430
222	680
323	481
123	629
316	500
349	618
203	649
530	639
672	704
506	551
586	600
47	175
237	625
561	572
319	320
60	505
138	143
314	367
452	512
222	379
238	372
258	388
358	584
558	566
146	196
132	729
72	381
197	608
38	490
84	171
88	398
472	502
202	348
621	700
207	473
93	363
275	646
480	559
22	625
292	649
287	414
185	477
5	416
279	565
89	477
133	600
177	513
185	341
502	524
446	515
394	417
192	405
1	374
286	493
495	692
161	521
604	640
254	452
204	436
111	343
177	247
26	613
9	292
560	582
239	376
261	548
79	273
633	740
471	543
81	271
410	487
401	680
376	401
280	519
64	103
84	630
253	474
189	460
561	691
205	569
264	580
275	589
112	229
142	227
115	239
6	478
559	747
240	393
572	739
128	731
354	558
86	111
16	749
0	353
434	630
301	393
201	512
130	514
163	509
32	126
6	381
174	652
288	692
222	690
408	417
136	662
361	461
340	710
160	177
233	255
183	722
317	384
343	547
394	546
21	588
13	527
269	330
627	661
292	520
88	117
42	520
8	137
513	586
264	359
46	318
409	480
267	536
520	654
94	266
46	432
568	654
469	596
143	296
31	307
557	689
359	577
53	294
269	653
284	596
274	344
304	508
267	666
183	631
165	653
341	410
155	436
306	352
296	696
120	199
292	602
211	334
79	358
364	696
76	609
36	400
257	542
340	675
100	402
412	628
263	665
321	458
92	447
1	101
33	192
207	423
101	370
433	497
56	693
21	550
180	555
343	575
432	608
247	322
458	615
677	741
598	720
299	693
282	354
539	610
358	533
355	531
537	593
405	528
302	360
224	663
147	644
28	69
415	504
240	551
183	449
227	589
514	520
91	341
64	239
613	749
674	716
195	619
197	733
54	93
61	377
491	497
201	629
635	684
647	686
307	604
253	644
372	678
671	738
630	651
502	687
299	637
135	568
296	338
576	609
347	371
206	346
558	721
133	260
121	216
436	606
269	436
496	663
202	599
579	659
18	678
188	303
357	588
209	439
358	588
253	624
31	281
452	573
130	486
244	405
303	658
316	607
158	475
16	593
194	460
218	406
165	732
167	698
144	641
244	666
178	414
601	603
231	243
584	729
96	691
660	730
410	634
110	314
536	663
43	468
22	428
206	526
36	199
37	586
3	201
115	157
12	359
179	377
264	568
367	714
13	442
361	611
124	461
622	657
58	81
275	288
450	731
167	678
150	424
90	351
2	41
75	680
407	569
580	696
94	176
145	448
62	221
242	668
201	445
362	451
632	701
494	738
501	652
97	275
193	650
153	154
42	636
173	708
141	590
263	515
365	470
127	600
156	574
387	584
469	660
55	111
368	601
309	438
356	586
262	514
130	432
107	115
107	412
476	563
201	432
252	561
9	488
150	551
145	379
227	360
298	528
306	519
211	636
143	288
86	509
57	160
388	465
89	672
148	435
309	628
514	694
19	664
179	428
137	339
15	381
60	575
479	561
62	623
22	666
590	672
275	291
491	701
172	683
382	530
420	634
452	541
21	65
651	718
370	666
499	655
221	610
36	543
339	493
290	560
566	587
95	415
466	701
533	657
527	617
541	651
154	159
220	477
163	256
260	642
492	535
64	74
44	102
311	723
541	656
472	743
398	727
499	713
151	194
295	564
487	681
180	280
141	198
403	542
429	692
405	539
273	728
270	605
97	110
461	619
216	622
9	150
44	206
483	492
53	255
76	316
36	146
193	459
127	724
601	730
677	718
256	258
247	289
240	631
668	681
27	443
525	740
470	581
8	80
114	366
157	235
437	594
5	679
255	370
33	555
292	740
183	403
177	225
36	268
190	405
297	608
43	412
310	632
321	548
157	238
561	636
359	724
554	577
549	638
40	285
52	304
613	690
246	561
237	503
112	363
173	438
104	725
48	693
207	474
46	275
550	731
60	709
87	97
39	139
223	478
44	491
232	504
154	577
507	583
210	602
70	603
109	623
153	282
359	445
259	516
125	314
427	731
53	702
59	655
119	381
103	617
300	337
32	371
359	612
387	596
644	693
319	352
195	344
476	584
559	590
47	268
35	668
80	270
618	619
118	210
51	366
15	71
67	400
336	546
94	608
434	658
61	251
253	695
370	548
540	645
37	94
62	161
78	257
150	740
226	401
164	449
201	643
359	401
468	706
122	382
479	747
130	317
695	721
454	637
248	309
510	614
489	716
194	555
275	653
400	686
412	450
411	679
150	365
186	734
303	711
108	673
248	662
551	639
186	487
16	157
108	634
33	545
462	586
173	448
312	323
419	662
28	549
326	636
339	655
80	468
422	506
341	365
135	275
118	524
595	743
339	407
45	211
72	731
122	395
72	333
35	234
161	562
540	687
517	540
410	546
246	583
72	745
194	734
73	587
44	571
1	725
387	446
330	726
76	619
90	121
82	150
346	674
305	415
63	673
170	593
192	432
399	554
344	480
325	628
12	565
185	433
253	429
685	719
274	597
254	734
273	299
528	739
216	361
479	497
82	203
439	531
314	684
313	333
218	498
246	632
107	583
327	450
294	379
299	705
114	526
401	678
725	741
226	676
251	519
387	570
286	566
87	115
69	432
357	712
26	137
349	727
96	133
67	384
235	558
112	609
265	502
41	492
310	507
560	594
521	557
27	636
316	733
558	631
42	393
53	445
580	725
233	321
107	235
96	611
343	726
53	326
31	312
369	390
559	676
250	425
196	693
121	242
141	620
572	728
524	704
403	731
27	620
509	672
54	520
337	746
316	530
237	488
151	392
63	131
345	723
332	473
407	444
85	437
273	678
104	307
7	450
42	61
99	421
237	390
117	495
24	659
375	496
605	617
474	730
47	203
376	589
102	302
188	305
88	104
344	612
109	374
79	322
171	366
246	379
447	619
378	530
606	735
193	703
379	556
425	428
18	172
408	664
169	619
361	364
230	457
241	242
211	645
118	154
304	458
170	670
218	358
71	339
186	267
274	607
460	491
718	724
19	320
28	629
225	338
205	402
577	658
139	596
56	224
506	695
546	720
128	442
399	509
539	684
46	528
35	103
55	533
10	519
18	239
333	514
335	701
435	738
373	593
238	526
22	298
525	679
176	237
85	710
166	394
37	580
495	746
234	365
206	527
13	613
290	583
118	399
45	567
173	559
1	301
150	725
360	587
400	594
457	470
3	14
180	327
262	574
165	664
636	686
60	122
202	692
472	664
263	688
61	212
69	521
188	321
580	626
333	377
289	669
55	482
405	437
47	653
137	637
24	624
399	514
65	250
30	313
186	259
446	708
506	632
51	350
52	190
234	424
358	431
375	716
294	360
228	365
322	548
8	632
209	383
177	265
361	573
189	510
190	634
586	743
17	183
144	690
127	210
143	170
169	628
290	596
462	557
169	280
183	380
289	307
76	572
13	261
356	476
80	660
317	613
20	282
217	544
180	247
365	388
269	713
149	323
34	282
424	721
145	428
611	693
431	508
171	640
182	455
556	651
36	133
129	266
20	355
80	138
588	710
419	475
138	575
454	619
191	651
402	472
7	637
65	446
141	686
18	207
4	10
7	390
527	640
352	725
321	624
383	691
2	351
238	709
91	588
24	650
275	713
689	728
60	653
114	288
267	339
328	631
223	323
135	383
117	331
617	625
558	682
28	450
123	503
191	636
230	449
339	730
63	73
117	296
514	528
305	599
156	390
380	657
286	300
215	637
286	719
309	616
65	532
257	607
215	543
143	190
66	95
290	305
70	516
294	619
465	699
340	506
55	324
194	441
117	121
338	456
161	290
349	436
228	620
268	514
240	481
392	689
135	674
585	610
1	136
94	386
306	381
272	296
67	476
427	466
672	724
25	735
356	525
256	451
483	596
463	695
526	698
71	199
12	604
487	498
156	696
5	240
369	569
443	444
244	463
2	128
258	625
103	531
32	685
5	194
131	142
68	407
205	352
359	580
17	354
253	746
39	619
585	612
238	326
575	729
99	245
497	626
425	608
185	714
264	516
654	656
147	208
79	82
46	260
46	567
179	720
30	179
181	292
455	612
21	731
54	586
82	468
122	442
186	735
44	50
134	627
182	631
564	726
347	562
549	692
189	337
17	721
244	327
375	676
219	546
44	701
296	577
18	330
117	164
28	513
476	621
154	515
230	450
17	443
45	234
361	439
507	688
411	468
150	664
410	616
29	222
433	743
170	520
42	119
107	331
392	545
668	749
124	693
33	685
658	741
232	733
55	656
188	457
260	266
75	559
52	564
614	650
653	663
100	633
11	633
683	741
578	656
118	709
216	279
45	380
279	400
178	540
297	485
174	514
710	712
220	535
182	436
447	494
474	742
122	162
129	213
524	569
139	388
103	446
467	543
55	322
42	458
246	344
191	395
34	88
374	692
219	574
135	183
422	562
146	697
46	101
10	656
480	495
490	728
27	674
536	636
518	649
305	478
290	561
635	685
438	716
401	502
86	530
106	705
114	601
152	595
454	657
411	535
102	199
379	386
203	397
186	578
226	713
367	500
43	708
160	571
0	366
218	319
215	412
156	560
60	503
526	678
426	683
629	737
570	719
223	614
291	725
263	397
640	645
470	556
323	635
40	540
19	680
568	747
107	547
479	516
113	384
173	507
172	721
352	413
170	386
376	558
328	504
474	689
177	598
460	555
432	737
250	434
408	489
705	719
128	671
44	584
171	529
46	618
135	736
6	559
378	646
33	418
291	323
208	325
307	450
467	686
415	427
364	513
327	651
94	580
130	416
112	195
421	623
475	554
403	426
54	115
201	600
397	399
313	611
219	626
12	22
47	526
9	36
451	567
215	422
198	666
348	406
230	627
112	694
161	369
266	521
94	539
266	697
315	429
86	206
251	660
565	614
192	481
62	373
215	316
161	429
300	734
196	463
231	406
511	513
197	245
184	691
85	610
238	637
279	408
423	497
44	72
344	656
360	437
323	430
351	741
387	559
64	318
375	416
48	381
507	672
144	470
59	404
17	206
375	604
372	575
481	567
297	342
118	407
212	538
520	534
197	457
76	95
547	589
244	676
45	607
378	685
192	253
163	619
318	691
136	596
211	264
383	530
209	395
143	164
134	569
412	686
161	676
119	701
352	579
234	284
359	543
232	271
129	327
256	362
403	575
480	720
276	508
453	717
589	593
372	665
259	712
153	231
252	413
35	356
247	724
216	490
96	699
379	692
305	690
395	498
328	483
255	292
148	486
2	418
64	415
450	729
193	199
24	157
294	436
502	627
123	257
307	619
231	438
504	538
294	304
428	748
95	637
227	279
63	652
414	539
33	480
590	658
374	691
311	487
491	603
66	305
20	692
103	600
344	473
48	371
104	632
23	120
22	327
153	202
295	502
117	249
661	693
300	588
38	161
78	168
19	294
18	643
224	643
21	437
425	624
306	409
254	547
229	694
207	699
155	422
5	719
374	453
358	450
260	553
419	628
388	596
575	592
245	429
158	292
395	614
5	390
348	526
529	746
189	355
5	461
106	176
168	589
131	571
130	462
339	584
40	168
120	657
258	499
396	517
535	634
45	547
454	463
412	601
529	543
262	513
298	329
87	644
134	716
179	272
16	22
475	548
131	465
507	603
507	636
519	680
416	729
163	450
37	317
8	495
222	340
116	406
72	654
512	568
462	511
309	442
244	471
223	592
81	405
241	482
142	646
261	332
120	461
299	382
184	513
131	337
369	573
58	428
558	635
109	274
380	458
46	736
359	476
38	93
245	286
264	597
123	701
451	645
24	191
154	365
9	231
480	507
433	520
47	322
425	554
0	581
164	533
193	482
378	417
592	671
219	220
438	600
57	61
284	302
267	316
200	218
121	189
269	567
246	610
144	508
311	681
159	526
112	636
601	739
40	189
388	678
527	579
216	580
196	230
36	156
74	266
518	724
659	712
512	533
284	602
244	663
234	480
27	259
108	327
495	670
240	563
646	712
455	602
79	695
489	603
11	27
235	620
285	491
83	128
537	579
252	464
87	589
4	357
679	738
92	181
421	543
406	475
576	618
15	527
565	570
51	579
541	683
225	410
291	360
286	716
648	721
36	374
257	702
128	545
362	477
38	44
393	407
391	574
612	647
460	553
450	552
676	715
380	537
533	719
523	619
227	563
298	622
150	629
471	738
339	622
220	510
22	389
184	417
105	718
289	704
91	571
96	186
273	672
54	172
293	532
222	454
261	551
19	138
364	402
533	700
505	512
627	712
181	329
386	606
200	267
176	373
177	240
355	619
57	736
121	394
69	88
627	668
30	410
280	546
130	437
274	748
225	463
9	487
411	511
363	479
482	712
173	496
119	521
527	637
132	490
486	700
236	245
73	151
105	593
5	10
217	739
22	301
559	688
169	381
225	355
49	451
252	307
64	273
725	736
214	392
406	658
8	746
268	667
51	545
389	477
175	356
599	636
131	493
154	192
494	510
27	586
499	616
8	109
325	368
204	443
269	394
356	490
542	629
313	380
328	373
281	412
231	626
63	440
196	423
512	673
219	342
221	475
189	202
160	340
197	374
420	746
433	603
111	502
72	575
423	488
275	339
271	738
369	555
360	504
608	698
677	744
337	391
445	737
688	708
218	505
12	545
168	370
468	656
553	639
40	502
13	498
259	743
171	233
443	575
105	660
201	295
127	577
72	135
255	406
69	742
408	471
0	658
27	159
478	734
390	509
39	682
254	554
579	590
570	653
581	728
220	314
311	416
517	637
48	111
1	567
209	393
173	653
27	655
356	430
89	590
308	531
359	640
77	357
413	633
271	396
46	480
564	709
203	574
292	418
625	650
153	418
199	349
620	715
390	478
87	356
257	291
517	650
16	455
51	395
143	223
84	278
326	500
365	542
358	425
130	584
266	581
325	504
8	535
6	605
357	448
232	573
197	628
145	447
560	561
333	606
464	586
472	515
291	300
161	573
653	687
56	531
554	649
236	278
28	598
301	474
35	57
25	623
40	509
192	738
545	630
503	592
169	170
301	366
680	686
161	627
224	543
626	660
193	316
366	490
149	576
330	467
107	464
99	243
531	606
219	741
58	725
477	715
184	185
413	420
303	458
96	621
197	365
97	525
529	618
280	522
246	306
360	657
51	205
269	608
340	489
537	622
38	45
54	697
284	590
463	728
198	367
25	560
362	458
376	568
23	295
506	704
84	457
53	460
83	706
126	331
284	523
601	631
38	303
208	511
106	739
116	379
107	716
62	530
552	636
452	554
490	566
345	384
78	174
209	434
361	725
342	738
100	424
73	254
212	305
660	718
73	157
14	134
27	561
254	423
38	274
517	725
478	498
2	378
130	438
275	417
17	551
542	583
464	740
106	451
23	499
43	157
46	359
476	477
214	579
212	251
60	213
365	669
177	684
170	558
158	544
36	724
78	293
62	134
1	40
494	724
561	710
434	715
6	371
335	702
552	744
113	705
84	165
368	737
70	143
297	397
301	618
255	277
245	748
541	675
359	453
110	164
51	288
110	568
340	594
535	571
453	474
159	264
385	578
106	270
18	339
73	639
8	598
284	739
43	189
489	706
382	589
559	572
598	714
674	720
51	708
516	744
479	722
437	560
12	390
468	478
22	542
211	688
406	714
300	387
563	738
74	338
73	194
44	137
593	734
260	608
95	698
92	245
316	605
65	474
201	360
58	295
227	579
142	726
333	436
605	613
458	624
508	517
111	515
636	657
392	461
17	469
145	196
274	346
76	339
482	677
2	16
352	712
480	509
28	571
339	405
447	656
371	564
474	482
586	724
502	631
118	554
156	324
332	570
355	463
274	368
234	442
108	264
59	366
384	417
537	732
148	379
249	580
374	662
433	572
363	553
130	495
373	682
177	253
469	524
29	165
342	545
218	628
466	592
159	296
125	231
140	269
184	550
186	493
24	519
351	706
71	563
338	588
600	620
415	536
321	442
511	744
357	729
329	697
148	510
116	543
15	579
223	630
17	493
201	523
16	515
92	133
9	65
15	45
172	669
511	595
205	580
263	626
362	516
155	635
169	676
115	645
78	637
563	746
230	564
202	211
636	698
18	277
162	182
496	580
575	636
250	627
107	596
251	398
302	699
239	589
187	405
344	665
365	543
361	384
264	571
413	501
193	388
333	405
226	299
329	345
334	684
298	613
348	638
294	635
607	680
514	625
101	535
344	452
292	532
5	166
106	420
86	102
297	323
82	211
571	663
173	726
124	421
145	741
564	687
419	624
273	620
443	609
107	613
140	193
374	666
186	697
224	387
42	441
543	547
377	478
225	735
590	744
312	390
488	614
265	290
33	254
509	637
26	381
164	582
41	721
114	215
188	666
16	511
245	696
9	110
259	441
505	618
208	293
70	276
653	716
209	364
404	423
483	488
372	647
91	705
233	341
63	228
4	79
9	529
205	293
269	692
307	536
169	640
197	434
481	681
515	672
209	373
23	268
422	705
145	219
303	607
162	580
82	501
681	747
347	717
434	587
394	661
293	439
190	191
71	116
312	535
65	96
243	706
36	308
141	643
64	473
220	389
116	673
526	647
252	573
222	244
101	401
529	688
54	260
638	674
392	402
12	740
309	660
559	681
50	192
407	598
204	316
377	458
315	419
343	403
283	396
64	457
493	506
290	316
244	252
205	332
316	361
252	398
47	232
3	651
272	670
344	662
100	664
401	408
604	668
444	622
412	711
543	618
498	600
388	488
670	723
279	736
211	481
41	96
292	737
92	594
13	737
197	408
347	747
247	604
359	718
196	414
281	403
195	575
103	648
28	389
93	587
47	303
119	271
402	684
417	633
168	350
218	733
16	682
47	663
336	695
239	672
118	503
515	584
32	324
83	253
228	602
337	596
726	727
150	251
155	550
368	638
195	320
220	374
310	419
426	643
270	609
151	344
391	635
262	521
87	492
437	589
69	373
347	386
269	485
488	748
42	239
98	307
108	480
583	712
180	414
47	671
409	522
207	226
149	677
327	486
69	620
185	283
279	728
254	587
46	530
93	494
606	652
581	669
35	115
344	588
166	342
6	22
13	598
518	620
230	738
33	538
164	294
31	276
335	365
81	337
151	473
140	333
313	674
233	738
178	697
64	476
306	550
537	658
25	262
259	463
76	709
444	578
657	668
587	683
413	662
207	237
43	76
144	403
282	568
218	676
180	443
432	622
433	452
296	383
96	194
48	196
109	168
255	551
463	570
289	466
157	336
308	440
565	645
75	192
277	363
281	382
118	222
388	508
31	464
199	568
254	619
236	297
105	269
246	422
25	533
40	486
186	286
466	555
422	745
37	250
334	416
305	455
12	143
137	341
581	718
525	539
236	395
39	337
398	684
270	314
107	554
16	699
618	677
2	464
345	746
419	687
443	728
340	643
10	46
691	704
118	387
26	236
696	744
261	456
151	424
418	678
232	546
353	616
598	663
38	363
126	196
327	663
64	233
390	709
379	412
155	265
257	292
443	491
356	427
384	716
92	290
310	483
150	633
111	434
169	728
170	450
283	587
308	523
193	681
364	476
87	741
82	522
86	598
237	746
493	661
13	438
333	425
200	696
268	436
10	47
488	702
46	688
139	158
698	737
648	684
53	145
405	589
566	609
327	636
510	585
101	696
323	520
396	678
480	661
384	507
320	426
19	242
272	691
211	312
21	558
468	608
236	681
346	723
58	543
514	698
636	659
424	667
158	490
290	572
179	346
356	373
322	448
102	146
423	733
48	280
140	174
560	632
553	697
592	635
397	578
429	481
154	224
452	686
52	678
190	648
65	454
34	513
432	509
444	486
51	136
338	414
376	442
586	653
284	661
366	433
323	485
435	647
38	615
228	613
555	572
49	613
344	581
302	440
29	393
159	540
566	725
271	379
189	616
162	707
93	396
290	645
168	416
176	647
218	699
201	624
56	368
136	352
173	323
356	692
138	676
216	493
57	357
264	693
92	353
42	135
261	417
275	434
35	344
206	360
418	594
51	459
429	507
608	693
23	412
74	269
270	658
228	623
17	197
404	554
177	382
153	505
458	714
165	435
165	343
577	736
284	562
111	293
44	147
296	444
170	625
248	500
170	179
378	701
220	323
25	99
440	619
346	394
568	627
284	337
237	391
183	371
71	296
70	749
452	740
275	489
325	601
52	659
381	572
3	343
76	333
196	711
278	450
437	633
85	427
60	73
43	479
366	572
276	529
214	627
166	504
60	83
47	144
39	169
531	663
272	543
176	183
234	524
16	604
485	520
88	178
196	666
89	340
81	544
10	327
6	545
109	468
133	725
425	694
351	717
198	299
264	323
201	260
280	736
135	659
261	364
577	599
572	673
212	637
190	441
379	614
113	478
78	728
145	450
651	720
101	301
431	467
258	368
12	720
94	382
576	656
225	627
86	564
84	321
507	606
140	440
121	133
443	641
358	663
358	749
81	281
95	335
247	295
9	223
129	660
401	454
521	532
50	722
355	507
628	721
309	449
215	426
247	549
293	301
155	694
451	625
275	540
47	478
113	564
53	721
49	329
304	353
619	682
43	304
48	434
500	628
614	696
223	514
200	478
180	514
63	718
94	230
86	195
70	177
274	538
323	558
301	515
127	637
52	127
5	371
371	617
131	201
200	651
475	490
249	748
314	673
402	598
92	521
78	464
286	612
162	230
241	324
296	365
96	509
51	423
133	441
362	526
565	671
121	238
147	247
75	327
19	383
265	410
364	410
567	723
443	492
4	15
481	745
200	360
101	314
479	587
420	558
177	192
557	623
154	490
245	345
215	624
35	567
206	288
176	568
315	556
21	746
293	315
170	721
172	573
398	409
54	289
83	735
236	652
448	591
187	193
142	189
185	597
483	734
26	430
361	529
491	632
182	463
289	399
13	342
439	736
293	314
44	186
80	287
315	406
430	725
254	600
42	587
165	327
390	662
262	325
254	407
82	448
64	488
325	379
223	521
323	370
219	351
477	612
439	495
136	208
425	726
204	342
29	479
540	615
23	699
52	442
149	407
152	180
507	715
369	481
591	640
78	564
221	509
97	386
218	328
409	421
239	387
547	742
609	743
36	558
407	488
475	651
149	706
11	393
299	681
151	172
133	429
291	433
48	255
105	235
81	253
47	618
538	631
175	681
46	157
224	350
171	695
324	742
102	560
247	487
88	364
415	479
83	324
48	209
150	718
144	235
17	270
115	740
401	643
14	159
135	455
209	317
395	725
120	331
127	707
666	689
423	582
123	397
314	492
599	720
181	256
367	653
49	518
141	664
170	613
406	655
366	530
40	163
374	556
452	455
77	729
157	392
33	51
480	513
268	280
191	577
222	636
282	374
126	443
14	189
414	700
16	634
11	695
476	739
272	593
664	692
432	690
591	668
404	724
71	117
232	409
277	435
207	232
355	447
285	554
353	358
380	502
258	682
139	679
47	364
486	559
550	628
405	594
467	663
32	381
219	235
31	94
277	702
264	314
491	582
119	358
603	726
71	230
384	566
526	724
357	732
281	565
122	515
181	500
151	254
464	716
237	284
103	661
41	81
255	545
174	672
277	448
368	721
337	521
53	167
233	461
72	682
149	281
369	697
135	212
64	168
392	406
476	491
28	41
11	369
279	474
125	334
422	627
643	705
34	357
151	481
313	559
317	730
126	520
115	507
102	119
49	56
251	451
291	577
229	405
220	369
55	604
499	730
111	187
151	693
209	625
574	680
188	273
76	684
33	520
97	455
137	718
279	546
86	620
350	483
203	517
288	532
431	471
224	393
165	447
328	698
216	230
469	623
180	538
275	402
70	407
667	687
232	642
253	401
244	505
348	396
543	711
562	608
197	703
46	357
127	697
304	436
83	702
16	362
75	204
130	328
452	663
128	547
305	589
165	217
6	307
152	434
202	654
247	623
384	682
31	742
24	472
156	429
25	737
91	727
27	47
377	463
141	538
432	508
251	619
326	569
121	525
305	516
489	530
129	234
286	625
44	256
492	693
319	414
727	736
325	524
92	252
184	249
62	653
447	570
30	564
409	706
282	748
68	465
185	541
244	667
0	21
305	609
384	570
63	720
102	580
428	584
485	691
356	498
582	743
9	464
82	355
222	239
122	440
300	397
293	554
318	384
256	391
543	656
102	278
78	143
18	621
133	345
220	514
252	402
348	450
174	497
170	597
277	668
110	515
102	227
26	125
388	742
430	556
2	730
409	684
317	695
172	593
125	290
191	478
272	532
277	321
73	121
9	566
0	290
333	745
289	552
19	178
247	684
265	681
363	575
171	351
195	538
82	631
507	697
490	545
21	155
12	130
171	250
304	481
354	363
532	604
542	712
52	670
142	737
168	617
209	589
478	545
531	571
269	327
599	647
470	721
304	502
233	267
73	432
32	458
303	564
174	371
135	573
260	466
467	575
416	437
131	310
193	543
434	508
563	690
224	345
60	246
87	113
216	240
425	456
100	417
255	324
64	214
205	485
311	433
508	560
209	514
151	450
212	725
184	211
84	251
101	508
33	749
261	650
353	582
331	459
115	471
407	547
671	720
350	660
475	622
112	223
292	559
55	232
128	735
400	657
62	136
47	229
46	282
315	665
366	560
143	605
87	325
512	609
266	316
433	539
151	204
85	523
385	475
119	435
502	623
118	565
216	320
598	668
101	652
223	703
87	713
3	363
360	669
26	349
382	557
458	699
378	471
140	306
142	470
67	658
289	614
321	730
7	682
268	687
160	660
223	560
28	237
223	580
85	197
62	614
113	692
336	456
105	270
624	725
191	436
144	378
287	297
8	521
317	537
129	447
210	469
318	331
131	500
91	548
61	502
125	161
29	238
53	701
62	388
549	590
238	354
700	744
269	655
420	536
196	621
374	428
57	236
169	289
389	399
98	438
518	637
14	472
561	654
108	660
50	564
124	702
391	503
696	727
514	555
149	396
427	435
108	380
128	683
221	342
424	512
615	659
658	698
419	522
37	373
52	272
39	145
508	710
596	706
553	744
45	270
17	343
231	417
64	70
18	72
547	548
491	676
183	260
331	520
159	636
344	358
36	167
53	484
269	581
166	519
475	483
60	334
234	544
206	625
441	658
311	315
652	741
250	693
329	735
589	698
368	692
117	492
33	350
490	521
279	742
83	218
47	743
370	678
378	451
165	680
217	312
293	593
34	465
227	614
555	656
16	716
427	729
261	276
172	248
452	478
41	463
150	279
9	615
458	665
351	475
39	172
548	557
157	733
112	528
225	744
221	677
703	707
8	268
134	537
308	394
135	323
185	345
451	639
258	525
64	647
566	650
513	705
296	555
293	488
705	720
448	701
203	428
38	425
179	723
51	298
11	244
648	747
112	510
210	557
316	459
58	343
528	732
143	400
144	165
586	671
311	748
47	681
304	733
85	684
234	381
209	721
33	484
74	217
236	524
200	710
339	413
50	92
231	615
653	704
19	65
30	730
44	663
527	628
597	707
126	149
156	620
141	254
444	610
650	700
404	511
58	114
571	721
196	503
222	537
358	484
75	630
5	668
148	547
49	508
517	745
654	722
110	511
90	159
22	446
454	519
75	99
68	657
555	728
556	620
96	541
45	170
14	114
224	239
3	478
235	261
560	631
291	531
138	271
404	721
180	193
24	75
452	691
75	307
43	130
127	684
214	592
35	622
278	616
243	630
265	451
111	244
428	664
186	418
315	548
251	703
270	458
2	272
165	413
361	450
29	329
112	352
318	663
239	395
492	744
613	738
172	432
99	694
179	591
63	368
83	127
120	219
110	681
116	628
652	736
470	638
33	659
247	474
5	748
148	524
67	305
238	345
566	624
313	610
275	539
447	626
414	423
447	693
387	656
467	511
567	738
528	636
520	683
115	515
651	686
509	607
5	626
579	716
221	528
563	591
189	444
78	396
73	171
195	365
64	410
76	410
132	546
329	384
398	661
262	390
111	450
96	244
122	493
222	488
599	748
75	475
158	235
23	315
5	63
99	254
301	509
335	748
172	371
360	748
490	558
212	642
397	454
64	666
196	545
270	335
447	674
32	519
37	360
436	714
64	541
182	525
56	408
158	185
199	441
343	576
335	603
391	737
410	600
400	747
645	698
348	585
135	421
126	138
583	605
21	626
337	713
298	707
686	700
373	644
357	725
583	624
460	728
193	280
247	437
55	678
558	607
94	470
289	666
174	590
90	722
56	597
29	679
90	267
123	732
193	436
195	239
569	676
80	497
253	725
108	406
32	397
197	565
111	667
256	366
83	384
589	729
567	666
399	573
35	219
316	323
332	406
219	525
213	749
49	485
285	562
396	717
306	529
39	91
161	636
198	546
169	685
517	590
81	666
69	237
209	477
5	177
64	139
103	507
237	538
44	535
431	644
73	538
223	667
408	576
190	598
68	364
115	131
93	317
90	730
459	700
107	531
392	749
55	537
30	321
119	245
326	345
228	679
1	414
31	723
270	409
131	150
141	300
279	357
53	571
279	324
82	432
129	377
276	461
562	686
71	646
548	594
305	717
25	245
349	562
146	250
165	655
4	69
88	295
292	476
155	519
293	563
41	92
348	743
141	278
534	727
126	355
309	742
457	680
292	725
185	314
534	555
179	514
173	425
36	163
44	454
90	450
196	293
359	717
393	724
356	363
423	714
380	604
67	609
76	465
381	383
186	740
42	103
206	748
299	659
334	614
403	559
119	681
130	575
233	335
136	178
421	491
48	236
143	551
389	732
397	526
335	590
266	427
88	266
311	544
669	747
317	366
201	619
14	178
466	516
383	522
453	709
227	736
144	594
574	684
262	343
54	343
127	437
24	553
603	685
22	420
176	299
98	323
34	445
37	699
413	545
517	740
679	688
447	492
47	495
49	316
11	99
376	744
211	434
659	743
41	242
118	734
26	488
45	306
3	110
97	100
0	672
222	310
43	386
323	727
534	601
312	442
62	482
448	700
316	421
282	510
327	611
300	683
181	542
30	420
30	97
391	505
653	690
459	539
501	615
312	544
602	625
11	412
76	748
397	613
183	497
198	386
8	482
18	74
522	527
106	628
292	699
95	204
229	345
235	641
224	468
38	214
1	158
485	612
198	489
193	400
78	135
394	597
204	247
437	478
534	542
431	719
314	533
135	228
9	352
582	707
88	428
97	341
244	741
297	683
191	679
283	552
238	658
178	438
88	176
113	604
683	693
440	741
596	735
332	573
176	234
676	725
215	636
112	388
192	255
273	746
365	673
53	110
9	227
200	524
49	622
130	615
531	708
242	648
201	560
385	665
248	721
530	666
26	323
29	475
58	200
374	445
107	378
269	270
359	522
313	342
297	361
3	313
351	407
90	510
503	639
303	450
87	560
387	701
601	629
276	737
348	431
382	427
234	465
27	117
386	515
318	596
238	542
228	535
250	741
105	592
40	131
79	572
462	534
37	633
223	685
156	335
557	709
27	501
441	616
593	683
416	704
241	534
415	702
196	233
103	369
21	589
254	340
326	346
316	444
204	537
205	483
262	591
294	434
153	639
363	594
321	505
126	217
48	518
201	503
0	423
21	209
288	554
229	451
303	686
630	658
340	747
293	452
473	562
353	647
267	637
456	476
591	698
189	276
212	746
196	584
604	727
86	733
156	344
261	490
160	230
355	372
260	651
21	547
30	252
618	661
479	652
134	657
66	561
305	730
430	654
254	388
340	375
63	252
44	644
633	676
84	633
179	182
577	661
210	547
271	660
339	421
392	720
162	233
328	397
141	302
418	590
9	740
29	504
165	225
308	744
453	566
298	444
142	249
3	180
283	727
67	252
253	713
477	683
193	330
402	614
57	683
33	556
443	606
74	731
504	614
171	179
41	390
218	538
638	723
209	389
340	593
367	594
302	357
448	490
278	523
514	525
45	577
262	480
2	581
278	302
381	585
480	549
480	571
3	336
520	656
58	65
297	591
500	554
77	652
88	457
197	477
635	664
108	361
498	576
230	615
292	435
424	694
189	274
20	304
4	597
211	588
136	336
331	664
103	300
260	334
43	143
180	451
448	725
669	742
444	555
158	278
52	395
353	434
172	701
416	487
672	739
483	735
515	706
280	457
558	732
58	118
179	375
10	194
373	717
15	104
47	591
152	642
46	662
32	169
133	565
182	272
217	600
251	420
271	652
12	324
8	58
29	674
265	291
120	496
85	484
175	269
65	625
88	105
83	247
225	372
225	740
699	705
692	699
214	435
46	646
174	620
158	502
279	490
111	308
49	424
249	451
401	476
360	413
164	664
35	511
148	701
147	357
51	81
161	279
259	296
200	655
580	588
442	701
184	658
120	703
36	350
437	598
87	628
316	372
186	722
671	744
163	603
56	345
88	611
300	490
26	89
398	403
335	553
415	484
37	679
107	637
201	308
478	495
182	673
74	350
346	673
368	733
181	363
529	531
311	400
118	386
374	473
308	610
110	679
82	610
663	747
494	710
554	700
348	525
157	647
414	662
707	714
393	700
251	359
276	546
15	664
66	239
210	634
283	485
401	585
127	392
645	719
319	603
147	599
570	660
415	472
165	404
62	279
311	470
226	463
613	645
434	504
195	358
424	569
245	553
374	566
66	266
145	736
526	532
128	238
197	254
49	184
340	587
312	602
163	612
189	533
688	694
200	685
127	132
106	121
568	608
107	706
141	315
65	350
276	696
202	564
193	407
416	726
123	261
246	405
153	559
161	331
326	409
96	443
15	473
513	659
12	266
575	712
465	628
82	737
112	524
722	748
163	541
403	515
1	599
161	263
20	75
237	558
160	289
1	598
615	711
508	577
237	734
422	566
306	612
54	603
202	504
491	642
696	745
2	585
338	727
29	295
290	717
289	598
83	631
153	586
77	283
557	589
169	285
75	303
656	679
212	529
395	703
522	625
109	501
127	386
34	661
629	638
560	649
46	415
187	195
282	669
120	127
14	465
14	174
543	746
171	363
248	740
423	673
175	471
100	491
647	697
234	694
432	684
74	482
176	734
311	479
309	352
236	636
49	681
6	447
3	555
209	294
395	477
467	605
56	480
324	447
93	475
151	674
312	318
199	712
288	524
85	283
315	369
43	385
436	497
34	438
404	419
107	669
14	652
226	740
108	376
251	362
107	700
39	82
249	391
121	336
144	523
88	157
73	298
232	508
33	337
69	510
251	570
37	472
656	675
201	635
104	132
517	649
522	524
191	394
133	323
113	475
116	166
11	74
43	129
654	729
538	618
177	633
456	627
135	401
18	229
100	206
514	672
244	724
245	658
195	213
236	577
175	272
11	42
125	237
318	680
272	588
145	515
9	60
45	97
132	273
514	642
486	528
58	539
227	502
219	562
417	549
8	471
423	450
476	738
341	592
41	212
203	544
636	722
338	613
150	537
83	401
613	703
57	193
580	661
66	573
133	524
477	606
10	159
320	475
71	249
73	473
371	660
234	466
85	355
349	353
319	422
12	253
116	296
97	228
87	510
618	707
544	700
545	581
184	346
589	597
116	657
361	454
161	433
375	471
244	530
148	323
60	676
108	181
568	599
187	612
284	620
86	270
261	518
221	643
119	451
618	697
13	323
312	522
53	87
249	518
276	749
53	408
250	268
6	417
567	704
245	370
184	355
415	491
134	384
106	614
70	446
499	634
104	546
535	707
258	623
61	235
134	721
297	508
112	545
291	582
158	726
107	345
56	288
295	397
93	604
48	50
367	499
392	595
204	307
51	99
220	607
394	649
445	588
125	641
177	687
94	546
88	219
26	580
85	228
62	249
271	718
46	248
367	502
110	372
414	565
215	234
4	213
159	172
536	686
394	637
174	389
413	434
229	747
281	592
210	608
329	679
348	360
176	319
195	517
140	486
466	604
639	673
103	308
419	509
81	735
132	388
523	548
286	483
277	338
284	290
400	585
301	576
475	703
157	595
71	151
582	616
579	618
203	496
132	652
256	360
170	249
33	267
371	380
141	286
23	688
432	728
390	742
180	229
140	159
169	369
401	719
312	611
473	569
180	348
464	562
92	202
210	740
157	521
29	698
650	743
198	379
175	725
542	543
154	249
176	659
59	455
49	457
25	713
162	289
251	374
151	288
526	578
210	713
378	554
422	543
25	664
36	595
106	710
361	657
593	652
40	344
131	653
258	500
316	704
283	509
190	664
479	575
512	534
41	600
132	331
152	254
158	591
262	500
164	229
211	304
288	311
185	712
372	686
446	593
12	592
27	56
66	331
553	680
528	698
252	262
295	346
379	417
522	722
48	520
102	696
187	327
533	720
71	374
31	129
70	295
157	566
221	629
674	689
125	491
329	361
472	738
428	618
76	231
366	497
42	172
238	663
265	326
479	548
13	57
534	724
153	239
74	287
521	595
69	645
323	636
226	555
56	268
161	246
121	348
50	714
254	438
140	327
345	505
174	363
40	129
117	127
105	380
145	421
6	174
211	609
21	101
119	141
320	324
285	713
69	560
146	428
144	606
91	121
640	656
187	590
142	741
228	400
613	701
409	644
140	413
495	525
23	374
187	685
54	664
198	566
29	530
260	538
387	501
254	255
85	291
109	315
128	271
160	219
1	352
443	656
355	472
233	605
425	520
372	488
183	511
19	527
257	350
633	742
30	52
487	517
463	619
140	610
116	318
42	729
20	542
142	282
461	516
257	435
131	478
554	725
265	362
275	310
164	194
243	264
187	647
122	697
135	267
54	428
99	637
1	322
45	285
478	604
75	503
597	619
211	582
21	49
66	550
156	196
154	660
13	263
270	662
351	503
310	673
478	697
571	593
542	565
370	740
36	164
160	249
465	490
192	461
271	331
455	535
182	325
58	660
26	152
55	352
388	689
185	487
108	317
256	273
126	398
439	626
80	320
239	422
385	573
27	252
128	313
295	696
85	177
8	744
7	693
151	437
333	373
6	499
40	711
70	607
288	549
579	686
242	701
256	671
270	599
15	373
276	663
240	637
99	171
223	538
152	507
642	657
528	650
489	511
140	375
324	592
293	341
140	472
103	204
430	696
469	636
64	69
4	112
325	391
0	61
345	653
229	245
63	279
262	300
47	419
500	653
451	537
52	367
40	701
393	517
508	719
424	428
89	249
305	403
93	216
42	464
161	233
201	425
535	602
232	648
276	387
421	494
149	543
364	421
225	507
62	518
290	675
222	566
270	549
417	451
256	573
192	252
94	653
87	559
268	415
283	392
108	429
117	689
96	365
460	613
201	321
47	208
472	741
293	566
20	642
143	262
531	621
10	140
34	612
66	511
173	243
428	514
40	574
473	742
94	616
406	409
183	646
54	621
291	401
48	691
96	581
285	321
187	316
267	496
269	349
267	710
54	302
127	655
74	244
71	437
250	562
72	207
263	745
106	624
31	192
489	661
80	340
81	663
402	432
499	633
446	520
291	519
486	492
318	399
176	691
245	578
37	616
267	290
109	257
258	537
255	720
423	465
380	524
247	546
580	630
102	689
255	400
158	470
60	322
280	405
334	576
11	201
564	619
552	596
120	637
97	237
563	599
66	449
512	531
114	392
176	386
265	368
67	682
177	547
106	725
342	718
493	651
650	652
310	683
287	455
358	604
473	628
313	723
375	507
629	667
97	431
259	570
566	738
48	470
287	747
23	416
62	317
531	679
212	649
148	394
167	618
438	488
110	715
152	706
60	555
308	678
181	274
31	110
510	548
354	560
293	631
25	657
85	146
232	500
281	553
300	640
63	465
118	159
188	463
226	343
291	650
444	676
565	625
271	327
70	693
163	329
13	247
31	470
643	714
43	330
94	107
264	372
4	744
97	629
488	553
565	705
277	739
437	724
94	437
228	715
14	237
104	617
325	487
520	597
278	714
44	134
541	570
152	646
424	434
608	673
147	573
91	671
544	699
235	538
475	670
467	540
64	471
381	653
184	714
81	226
55	577
204	699
61	437
20	79
165	259
438	580
705	723
89	706
535	626
419	665
132	286
150	689
481	737
230	377
69	554
375	639
129	643
275	289
347	549
74	509
399	566
312	638
138	459
548	748
59	668
345	657
399	659
389	421
352	677
204	713
588	601
76	725
309	333
194	429
591	657
88	289
165	628
135	213
253	298
131	317
97	304
29	383
597	706
246	535
492	735
434	442
291	572
371	657
78	658
51	374
10	293
48	506
395	467
40	414
258	438
511	717
375	613
488	613
172	302
213	713
191	748
117	607
557	688
4	120
123	370
83	223
438	541
43	669
531	538
308	312
345	549
251	390
322	583
209	574
183	427
535	656
425	591
454	486
372	628
516	536
458	656
162	214
170	335
5	70
274	500
313	352
8	235
36	263
21	314
372	388
101	227
331	568
4	462
8	538
23	65
159	436
215	654
213	722
16	294
138	587
379	493
429	444
8	686
93	251
212	703
324	429
552	674
228	335
171	550
9	58
66	154
175	419
353	677
106	732
11	467
163	281
214	501
23	519
426	542
535	580
77	519
388	648
603	637
23	536
408	506
207	693
172	511
3	220
358	686
219	243
7	709
345	662
25	687
20	666
288	393
122	447
69	328
433	475
156	379
87	278
184	531
148	553
121	147
341	472
131	540
239	275
291	701
335	697
55	150
151	664
4	191
200	337
38	175
123	733
290	346
421	554
205	732
390	650
114	393
204	455
435	677
386	500
3	618
448	509
34	48
57	137
284	722
69	140
143	385
154	561
229	633
200	354
102	707
353	673
413	525
106	652
470	538
344	641
296	584
201	589
160	573
5	172
198	561
159	237
442	613
477	555
125	508
46	558
308	431
231	404
276	697
215	292
445	521
228	576
374	486
369	734
58	179
187	646
590	677
243	512
271	576
130	159
361	743
470	512
153	269
269	676
183	438
487	689
366	632
341	718
658	745
35	439
217	271
365	428
278	390
157	281
37	114
151	350
324	569
489	732
300	626
495	616
107	703
425	687
530	674
7	284
351	432
227	477
340	484
127	501
280	521
179	598
441	472
567	690
90	662
31	448
88	382
49	383
149	683
210	418
536	670
201	221
315	422
222	417
452	742
31	679
336	616
219	320
139	632
246	564
133	570
99	298
461	669
86	631
379	637
465	701
34	151
481	587
559	578
335	344
32	466
468	580
326	495
118	706
630	695
28	590
510	620
535	669
332	477
184	221
547	748
52	115
418	541
105	404
284	662
49	422
563	740
257	598
352	473
93	563
474	544
129	158
710	731
426	719
14	656
172	267
158	305
76	97
239	646
150	395
301	333
636	721
448	646
187	679
157	505
62	419
237	438
47	366
96	475
329	353
370	655
466	618
130	748
18	104
94	663
292	732
697	726
15	692
136	137
673	724
451	455
248	433
295	679
15	48
508	689
24	333
468	717
52	241
169	440
549	591
100	121
316	371
435	502
71	518
310	330
368	460
26	39
222	507
207	338
162	165
515	744
325	372
93	97
386	740
30	337
412	485
325	377
17	454
33	663
225	432
86	674
487	514
292	650
27	88
96	707
313	331
111	584
548	592
240	511
183	412
296	310
277	705
135	695
40	394
679	706
51	357
174	629
270	490
511	520
555	747
197	568
506	511
230	284
501	541
29	331
161	690
110	593
168	540
236	472
146	151
392	629
94	367
74	539
336	563
297	343
144	526
458	574
612	725
258	270
214	227
234	548
188	222
185	617
68	447
490	724
310	313
113	277
251	569
63	305
56	714
1	141
201	527
450	645
695	697
506	625
61	602
529	732
183	488
259	714
197	683
337	525
42	696
476	479
26	316
1	476
605	622
97	125
383	576
34	172
429	657
225	663
175	210
94	417
118	211
163	280
126	591
165	717
233	253
40	715
106	391
181	350
21	214
229	466
69	201
169	654
418	689
245	632
446	722
44	269
222	413
161	566
282	418
158	424
186	261
484	697
290	367
339	710
276	286
18	35
146	567
66	499
189	742
15	348
9	514
199	291
140	639
14	312
149	517
114	683
568	615
360	400
383	564
467	620
240	323
260	265
429	505
494	685
105	733
554	556
330	587
373	539
140	334
6	48
543	637
9	246
564	714
110	321
207	728
252	539
603	639
331	545
229	630
413	740
433	525
49	365
605	723
135	711
481	635
172	731
393	647
45	510
287	727
189	489
181	709
339	424
713	727
316	334
86	243
2	216
152	252
167	297
531	591
99	564
219	670
629	697
162	613
383	722
270	557
393	680
43	406
35	381
130	594
266	681
415	495
540	571
112	500
410	741
477	513
159	299
11	457
229	330
189	723
121	267
141	616
55	605
676	689
450	723
297	677
220	516
193	413
33	161
11	450
107	220
281	631
171	430
0	88
72	475
9	10
330	617
517	537
59	350
131	668
18	546
364	732
138	350
385	393
347	482
196	320
202	649
210	453
505	665
37	260
46	417
334	611
197	461
228	652
36	341
92	336
399	453
121	399
167	185
143	688
387	679
232	616
85	168
166	439
287	588
348	595
181	344
179	589
300	720
168	225
142	395
282	298
21	406
139	560
135	470
305	484
107	246
113	561
467	501
355	480
207	673
59	209
62	278
54	144
220	723
247	439
237	580
196	636
119	307
15	427
377	412
92	264
301	413
4	30
228	410
466	667
44	272
81	406
84	659
414	610
152	627
200	203
206	427
314	470
392	486
213	513
184	572
96	240
84	721
429	699
584	686
266	701
470	596
192	557
254	316
493	697
260	628
269	732
39	546
312	403
433	644
480	724
87	618
43	567
374	568
326	592
445	682
584	629
406	748
291	434
553	560
131	172
62	612
138	564
185	563
432	740
125	723
34	544
125	516
456	575
50	72
182	672
41	712
378	596
406	673
121	138
215	435
231	697
191	711
71	432
383	695
273	581
87	314
213	577
501	655
1	730
140	530
349	721
415	630
395	408
34	237
97	241
210	627
534	725
19	144
175	361
137	239
137	571
292	611
170	219
130	353
415	734
317	708
471	529
443	704
61	263
431	493
19	691
83	553
336	549
51	627
175	456
11	100
26	144
209	289
201	735
200	667
81	99
432	436
337	504
125	247
145	313
394	482
175	514
356	507
728	735
120	321
32	367
252	745
590	657
224	383
433	636
462	634
239	356
470	687
487	694
13	691
152	218
389	573
281	620
214	740
335	471
253	403
154	320
106	623
528	684
454	642
493	708
169	609
91	547
303	694
218	561
72	742
208	419
48	724
412	746
627	645
91	433
93	337
600	623
272	368
316	529
89	560
34	364
340	706
444	530
166	373
10	610
59	388
312	575
251	529
317	399
193	679
9	12
544	650
12	206
136	562
133	367
111	251
133	394
392	682
35	98
581	662
73	153
26	182
436	439
376	448
566	625
96	208
3	118
100	732
396	464
44	100
135	358
538	576
506	745
180	195
312	736
269	601
58	626
15	52
104	116
67	119
76	212
380	612
693	719
242	652
481	580
111	212
33	502
616	655
179	448
266	303
50	275
468	678
77	244
299	607
18	550
50	53
27	545
120	550
151	385
125	197
343	347
474	577
196	734
241	490
492	710
58	190
76	332
156	463
524	693
32	60
145	561
439	459
0	422
668	718
528	651
115	188
255	606
122	681
260	375
372	534
103	453
137	249
47	351
633	659
211	361
143	666
400	672
141	205
156	501
267	599
76	115
82	575
89	98
3	170
59	245
120	122
445	511
243	658
368	466
301	549
394	624
0	722
504	505
437	445
402	571
9	629
254	301
207	245
49	654
313	521
335	653
146	360
105	301
584	599
68	494
586	692
194	386
85	293
495	587
310	705
567	742
193	327
66	447
204	288
265	355
402	597
275	614
254	303
191	326
233	634
309	613
34	387
76	221
33	214
21	350
702	748
599	624
211	281
434	455
546	603
37	201
319	717
13	376
512	587
254	282
300	431
196	563
82	493
136	683
300	724
342	503
236	333
3	258
184	519
51	155
174	637
199	626
257	650
482	679
166	262
611	712
221	469
183	491
170	241
217	369
295	574
318	737
542	636
37	366
537	555
233	672
255	676
40	65
177	554
90	99
139	666
108	109
260	524
296	609
521	538
122	221
429	744
159	654
2	513
477	615
241	698
28	360
455	667
198	240
24	137
149	486
366	558
597	681
355	365
246	408
401	527
150	596
379	592
233	513
262	608
238	240
307	528
322	628
59	686
22	225
126	449
698	711
303	664
181	685
21	162
334	407
266	415
234	268
116	590
63	236
658	678
168	286
154	651
458	747
66	533
348	473
424	602
97	521
127	498
140	441
29	520
82	716
215	263
492	717
167	607
241	479
208	328
184	591
476	713
317	460
115	261
102	106
130	655
483	497
329	719
292	552
255	365
457	501
146	201
86	150
187	201
13	451
112	341
435	530
117	172
40	265
122	696
115	567
279	678
213	639
191	351
253	305
235	531
344	446
556	690
123	357
228	299
333	575
104	741
78	717
268	683
2	708
258	566
374	639
365	471
543	588
16	73
711	743
420	511
678	712
108	142
475	585
195	209
499	587
102	245
200	466
397	584
497	544
87	677
217	641
190	194
153	256
503	698
12	244
33	109
453	747
83	195
58	490
265	559
298	618
246	727
79	123
323	743
165	285
211	230
18	341
280	708
195	330
259	480
405	407
59	533
338	587
325	476
179	519
294	716
46	639
124	218
26	164
253	674
309	499
281	283
94	321
372	662
13	530
31	649
254	445
353	556
274	467
34	285
159	681
214	337
453	490
355	733
459	579
193	531
62	591
264	573
52	735
421	684
458	542
561	590
406	602
690	708
109	657
164	223
177	666
38	630
287	551
228	739
498	514
265	352
74	212
22	449
24	40
663	729
281	692
367	727
162	654
579	722
293	696
139	721
235	683
272	528
34	499
308	378
114	519
94	500
587	708
266	365
3	474
349	519
298	314
98	647
177	545
141	356
61	592
160	282
12	397
451	666
125	742
262	655
642	658
239	485
693	729
152	696
380	486
409	561
153	589
36	139
233	242
101	711
304	455
70	586
219	511
16	529
96	508
59	543
122	156
2	353
213	707
63	494
353	413
685	701
638	734
474	595
41	506
47	679
275	729
158	449
328	355
81	414
165	508
459	625
550	554
171	571
24	445
325	466
334	618
528	741
68	691
349	733
225	686
375	614
189	458
39	77
176	683
555	573
68	321
126	717
81	287
95	265
394	604
247	569
146	640
541	729
70	294
11	308
648	674
224	507
130	662
328	366
93	536
148	607
191	306
152	611
535	540
43	662
639	692
425	586
29	699
178	606
268	457
74	519
252	363
3	700
197	583
6	186
299	509
84	214
402	539
209	322
499	550
73	325
321	422
543	720
364	458
84	427
72	736
197	279
121	669
472	481
162	438
62	290
285	444
183	391
108	170
436	696
44	638
122	738
521	575
402	492
395	700
250	448
553	598
421	731
191	669
239	522
146	226
116	499
39	523
13	730
196	432
51	566
190	322
18	661
13	199
369	586
136	648
376	729
542	725
253	431
15	319
492	532
110	562
321	386
2	127
409	552
302	487
71	79
698	741
187	658
94	104
245	287
123	260
360	625
43	438
139	181
520	593
98	717
23	341
299	727
97	414
383	630
110	513
145	684
45	460
74	709
89	490
38	168
164	412
465	544
430	572
473	554
485	635
231	459
29	470
326	348
141	377
45	404
84	742
481	531
259	557
314	394
45	523
228	326
242	432
364	718
642	742
99	458
624	645
361	468
90	541
308	315
26	539
219	389
62	507
80	726
271	746
476	485
494	566
280	292
660	712
391	733
561	673
127	224
22	221
449	746
229	357
291	692
262	421
135	472
25	599
109	664
145	340
139	563
228	248
427	678
3	605
392	482
581	599
93	121
487	725
410	540
470	532
472	708
260	733
9	450
269	570
333	616
196	413
95	702
236	347
370	601
504	714
193	481
142	179
458	640
347	453
26	462
224	397
530	668
86	237
412	553
287	428
178	286
47	722
47	155
158	331
311	462
249	532
348	458
395	625
322	601
626	671
317	620
296	322
44	735
416	548
279	362
233	439
41	645
109	652
42	649
162	746
176	479
49	160
266	542
266	606
197	285
342	427
172	285
287	582
84	398
48	429
208	521
390	494
86	341
467	586
100	221
43	367
609	715
102	167
37	308
89	136
194	297
356	724
439	608
50	521
197	600
646	742
497	610
96	747
88	539
441	739
49	280
359	726
328	637
594	631
476	653
89	373
4	524
470	613
231	520
518	522
32	337
97	736
178	344
373	711
313	526
329	596
178	603
263	678
269	489
115	170
321	491
438	612
532	615
22	248
88	316
81	318
5	694
97	583
189	472
296	328
58	272
217	704
127	285
101	317
358	723
462	468
209	292
481	731
91	551
209	701
72	653
101	693
469	742
474	539
348	514
438	553
234	270
341	389
451	646
278	453
193	565
458	689
293	657
65	710
123	132
12	33
27	449
322	505
156	727
21	433
497	669
205	303
381	391
71	648
65	244
561	580
352	487
552	563
209	491
164	518
317	477
420	605
11	749
520	647
64	174
289	336
384	651
324	425
232	368
62	341
598	643
86	452
156	342
70	228
18	638
664	745
54	282
80	519
83	103
236	243
475	654
626	718
24	260
175	208
52	306
239	383
112	376
45	474
633	656
160	207
79	517
220	387
482	730
181	305
74	285
240	509
81	726
146	705
425	622
576	678
350	559
91	451
393	478
70	489
90	554
8	280
175	558
366	717
592	744
688	719
500	528
54	213
388	733
212	479
217	219
36	80
165	492
358	622
106	515
336	573
123	214
71	466
614	642
116	383
232	441
61	413
22	336
102	628
439	474
487	580
325	374
332	348
293	605
153	569
644	708
258	714
345	437
421	478
106	722
57	517
50	63
228	317
2	706
431	519
6	154
456	618
103	509
75	224
123	299
12	597
379	419
125	617
537	640
270	738
690	711
290	541
222	484
36	700
346	589
156	250
370	644
100	598
601	644
60	380
437	673
74	341
194	720
464	502
448	642
515	539
306	646
410	717
351	568
323	475
45	465
253	329
86	524
181	273
446	627
42	125
80	702
2	135
118	475
146	183
626	638
111	646
49	739
188	486
152	490
308	579
115	164
125	270
318	419
225	305
135	192
55	724
362	503
489	667
312	400
228	526
376	563
153	512
92	285
563	686
115	176
263	438
168	437
71	311
649	737
478	586
342	602
63	458
513	582
407	447
33	411
230	573
446	626
274	604
103	720
369	477
12	683
206	576
369	442
332	652
203	319
66	143
130	608
24	126
412	418
395	529
222	683
404	607
162	530
214	396
323	344
412	600
186	473
440	733
329	509
93	540
474	692
8	684
403	481
137	326
165	629
3	449
655	732
121	666
415	456
224	453
88	279
133	606
441	704
232	598
123	410
61	211
274	652
238	585
78	141
5	541
444	566
620	691
394	600
21	390
606	634
71	548
391	552
131	336
18	605
227	680
515	567
171	230
515	525
126	412
404	426
200	574
200	564
109	366
325	429
505	538
217	525
33	389
273	453
596	609
372	535
573	729
44	255
131	533
450	565
390	439
233	726
484	734
449	472
49	492
225	545
553	690
448	670
310	505
470	559
124	289
504	745
246	578
120	181
241	350
379	413
186	263
162	544
29	150
194	588
198	402
268	336
5	94
53	312
172	355
262	605
347	637
80	113
68	521
267	732
205	631
89	93
106	412
534	588
122	308
398	563
382	737
87	102
9	161
1	238
306	319
406	672
387	638
126	510
128	307
27	55
221	405
230	637
153	523
121	250
129	320
347	669
111	659
383	525
358	658
83	577
351	647
393	518
357	669
96	646
5	160
216	524
30	566
61	138
242	665
509	536
272	544
366	703
28	311
476	523
186	344
372	387
67	549
0	485
0	256
18	354
297	298
163	262
287	692
643	648
441	552
267	596
252	375
259	560
172	625
272	503
659	734
453	638
331	706
254	313
41	501
0	578
150	481
40	74
184	276
53	709
517	551
207	361
592	691
188	517
145	212
702	719
324	638
19	717
569	675
1	485
163	356
543	580
159	392
302	707
603	704
505	656
575	701
83	700
48	337
131	502
351	517
219	695
8	392
503	715
398	637
182	702
421	688
285	429
134	199
66	311
597	678
20	576
640	648
17	512
100	445
401	506
573	595
386	623
266	698
138	726
134	243
219	241
16	336
248	714
585	699
343	381
168	561
647	712
259	625
106	620
326	552
17	244
137	611
76	236
243	314
32	109
195	716
75	573
470	747
157	437
133	334
580	648
52	63
385	661
152	525
474	683
305	646
229	264
577	634
161	231
222	280
550	714
62	556
119	541
127	488
282	507
137	692
630	678
324	480
280	423
197	199
45	458
616	631
124	657
577	578
33	242
321	659
78	364
253	703
134	190
467	571
130	539
372	378
304	462
441	630
276	431
659	663
66	370
235	354
65	736
166	269
192	645
209	614
383	423
61	528
288	744
52	627
210	405
734	744
274	435
258	700
574	691
283	288
279	453
145	609
100	635
507	615
92	552
222	388
575	576
45	276
423	633
464	659
182	391
456	695
223	299
84	300
367	440
15	640
361	445
622	736
34	670
18	536
90	390
71	349
198	631
122	654
281	384
503	620
138	680
156	503
148	245
411	503
120	223
12	152
69	322
177	730
239	690
276	690
219	567
303	367
527	722
358	677
16	484
121	622
2	422
279	743
12	322
4	220
517	552
221	464
273	603
151	183
118	676
410	502
55	586
522	551
639	665
309	685
248	647
47	474
551	695
525	646
265	339
9	522
130	183
306	660
178	525
192	394
536	675
256	491
319	566
256	328
232	463
426	699
581	616
19	455
112	116
156	562
237	439
204	292
456	615
60	212
1	499
278	675
226	241
425	536
536	563
106	385
221	255
272	668
68	410
92	578
67	349
47	228
331	443
11	247
58	252
396	719
339	639
325	482
312	714
154	444
149	293
7	318
580	707
89	220
329	472
230	554
200	647
360	744
11	102
649	680
35	117
301	516
120	205
375	382
610	646
171	431
178	312
429	433
222	366
549	718
419	737
142	576
93	731
315	328
202	239
33	641
425	498
194	485
247	314
191	410
416	709
29	392
107	402
52	107
62	511
547	669
105	674
437	624
404	497
516	569
112	669
586	614
394	727
318	525
253	349
151	161
113	520
139	746
84	582
103	471
55	585
270	625
78	486
495	706
648	685
333	611
296	367
205	481
426	695
72	291
268	532
83	518
80	441
513	583
380	719
413	608
85	619
352	489
387	702
158	319
162	249
131	437
76	331
20	472
74	272
175	454
176	520
141	649
45	326
464	719
304	457
537	549
3	63
445	720
453	707
245	369
513	702
3	680
231	599
389	426
397	477
290	433
55	673
9	533
402	651
302	745
129	682
312	527
160	680
174	177
225	738
188	657
333	589
64	607
43	324
588	731
368	739
598	719
59	192
23	541
470	601
98	544
266	486
227	241
197	460
489	699
176	207
93	721
96	526
485	641
61	208
464	634
389	447
390	690
273	522
99	101
33	34
573	749
407	438
192	380
251	409
235	263
94	652
185	295
70	368
219	438
22	314
333	565
313	471
357	568
90	588
512	603
497	722
309	477
590	669
143	242
185	747
441	652
221	492
196	566
105	381
58	546
406	514
258	679
313	401
313	693
4	537
435	538
282	583
573	739
195	252
340	703
135	218
12	84
218	625
16	633
362	536
42	681
182	229
498	619
400	588
25	490
125	297
278	712
103	164
119	275
10	343
409	506
108	179
492	602
193	478
27	321
416	735
434	632
279	578
176	377
408	554
56	146
301	316
40	604
35	294
166	518
1	581
91	305
112	317
49	572
164	714
28	369
268	401
101	152
3	546
313	703
240	744
58	395
641	688
578	647
109	699
99	125
505	623
181	565
146	681
155	659
38	359
234	735
17	646
471	474
44	377
443	468
155	701
180	272
206	373
73	494
302	548
5	385
397	718
75	619
433	747
406	733
177	293
414	731
559	746
122	451
363	720
559	699
262	478
610	704
51	739
283	424
145	400
193	288
361	408
503	582
398	725
263	708
88	605
152	576
77	302
82	101
340	519
156	608
455	549
500	749
509	742
336	523
588	593
555	609
131	642
454	581
439	734
223	743
156	535
387	692
424	606
56	326
324	393
33	471
292	301
218	393
417	551
287	596
464	543
386	502
418	425
634	709
333	346
377	429
107	293
154	650
272	456
14	106
250	687
157	250
359	626
68	165
381	595
223	382
4	164
411	747
54	694
28	138
135	229
175	441
68	335
437	533
421	700
13	245
105	707
349	611
255	712
53	325
343	365
308	727
74	592
303	337
149	271
732	738
96	219
348	356
292	621
642	749
40	643
419	452
266	734
477	550
368	626
30	258
100	383
141	361
295	380
564	698
219	413
27	453
661	737
682	736
61	468
213	586
178	534
381	492
343	664
575	659
339	463
221	471
339	589
42	688
397	599
416	527
537	728
7	249
8	589
540	603
512	543
612	623
164	526
182	242
54	619
249	692
148	335
71	412
84	524
428	708
104	455
271	663
15	737
216	355
122	595
49	525
5	580
153	164
177	511
89	184
58	584
4	109
75	568
362	388
545	669
330	527
34	493
411	507
206	542
356	374
298	453
339	350
276	356
20	503
526	720
389	606
90	93
56	166
51	76
47	649
29	737
93	580
14	214
42	531
101	210
56	276
419	561
162	467
49	261
424	742
644	728
91	257
52	359
140	638
233	482
276	331
225	459
538	607
126	570
341	736
19	158
294	565
665	699
99	186
234	367
318	497
231	451
360	512
438	493
590	738
258	265
8	130
32	336
248	368
485	546
12	422
44	518
71	445
67	606
401	535
367	464
488	710
85	190
514	613
46	147
532	637
445	506
305	625
487	735
30	142
105	386
205	305
110	453
60	510
105	466
66	476
289	530
647	709
328	603
92	414
36	505
63	633
194	295
212	500
196	330
38	403
218	364
48	61
243	452
177	455
165	326
318	352
212	221
335	559
150	716
386	659
268	387
81	707
68	618
133	722
128	365
360	382
397	423
83	456
26	601
210	600
177	369
153	274
477	680
269	487
159	699
59	361
89	648
226	464
643	711
330	331
363	663
355	356
89	666
690	709
307	419
249	369
297	566
458	565
408	536
440	681
23	93
228	549
31	67
611	664
423	469
302	724
35	497
330	554
36	520
353	431
78	672
538	556
346	729
351	590
606	729
85	517
33	608
348	528
304	369
194	722
331	606
204	426
189	278
326	575
231	274
480	589
340	608
182	337
4	347
25	493
507	674
108	244
233	474
290	500
130	612
294	531
180	502
240	507
670	704
46	399
200	540
216	663
354	392
290	670
143	562
403	404
340	525
168	569
515	714
444	650
38	500
1	438
263	602
121	587
342	574
696	708
263	278
65	704
537	675
435	537
27	432
9	351
71	579
299	632
123	330
124	331
130	680
43	460
101	536
408	528
15	557
112	198
594	602
28	704
287	607
112	692
129	464
381	739
88	252
156	697
178	430
385	725
344	594
443	482
228	341
172	251
34	748
113	237
146	497
385	464
125	510
44	208
465	746
31	349
262	736
387	523
137	475
110	291
490	597
307	570
410	642
325	556
403	585
157	542
52	676
43	631
227	416
182	575
213	710
286	432
454	640
114	744
12	68
84	489
400	426
83	498
35	591
266	481
340	445
434	719
690	744
427	571
708	714
143	145
106	183
153	546
264	309
204	347
337	435
311	426
181	472
247	262
14	168
460	623
63	161
486	578
369	535
635	676
192	304
328	565
162	302
101	428
30	534
384	435
216	565
228	481
122	275
208	632
252	493
209	564
112	693
291	641
424	675
38	453
314	693
175	700
95	170
330	372
336	689
81	435
401	699
353	704
368	494
190	236
84	129
156	431
52	642
242	589
458	720
146	412
231	394
263	482
500	708
72	424
153	725
16	101
611	682
482	689
460	680
168	305
203	508
465	513
9	425
359	462
564	629
227	559
338	665
690	720
12	637
178	643
30	282
92	596
325	669
489	584
280	649
68	693
239	557
164	668
345	393
601	621
17	199
435	476
19	583
329	468
532	563
225	683
7	292
332	435
618	670
281	544
109	729
264	342
316	564
240	581
517	693
77	404
61	368
349	355
240	597
17	332
542	632
453	526
77	140
369	506
381	680
24	323
60	435
147	407
277	647
7	594
524	629
13	711
624	661
421	529
518	535
412	665
484	620
299	560
265	708
416	589
334	414
267	625
120	428
64	749
202	337
37	521
452	517
125	635
263	319
433	617
242	623
49	721
94	705
40	452
106	368
163	494
12	684
150	223
49	660
236	609
38	365
295	744
179	748
69	281
552	688
419	657
494	702
211	540
308	441
637	661
702	728
0	538
19	727
489	496
58	279
61	637
43	738
34	731
357	563
115	580
336	478
142	211
451	596
264	548
489	620
17	129
461	675
163	421
423	515
504	682
356	528
114	531
160	681
27	79
514	580
16	163
472	588
350	351
48	317
42	616
93	743
679	742
622	749
193	290
123	687
249	375
264	322
11	593
207	459
382	664
351	462
31	377
639	730
394	655
309	555
13	472
256	579
183	564
468	632
114	592
57	672
99	247
72	512
281	525
482	560
23	510
147	365
103	242
466	689
669	708
282	379
49	728
349	619
156	274
244	684
27	583
486	510
521	647
568	692
61	111
101	204
55	735
313	324
354	602
279	595
532	693
305	397
246	448
449	647
59	402
194	495
128	501
53	127
94	284
607	746
378	381
110	370
413	532
660	700
348	453
18	613
225	665
196	203
433	531
30	518
108	541
119	615
399	689
661	667
78	527
472	538
370	538
58	645
186	551
14	316
56	362
536	695
253	731
103	570
213	583
135	613
13	358
303	467
320	561
117	346
209	450
166	434
396	633
197	467
507	625
44	241
194	680
210	273
90	636
125	689
247	302
375	579
160	419
103	361
96	705
495	650
627	648
10	232
221	701
335	535
364	406
459	733
252	462
620	652
54	285
217	534
515	712
3	20
203	542
9	53
692	704
378	675
89	701
18	377
55	68
59	698
451	670
409	462
291	445
467	503
11	485
307	383
310	619
79	178
79	673
369	630
420	451
77	308
127	284
15	197
30	493
298	746
207	630
125	579
467	684
258	639
386	702
545	699
346	581
584	706
87	401
22	62
220	278
266	623
194	276
7	101
402	646
73	416
45	599
49	647
372	604
586	602
155	180
407	692
91	108
89	514
216	516
520	729
326	535
177	669
220	239
92	612
204	205
196	721
512	727
33	71
143	311
228	325
195	551
215	351
158	625
365	465
230	264
166	631
449	483
375	526
108	744
213	224
349	397
80	245
131	136
209	644
78	286
351	411
220	340
313	339
467	650
461	590
508	554
362	729
288	643
418	468
131	702
308	469
104	615
275	690
82	441
17	460
118	246
31	86
492	677
28	702
108	338
144	410
260	339
506	563
20	544
155	496
623	624
297	587
161	599
43	693
24	79
473	563
118	742
14	701
38	480
383	613
239	736
162	661
40	464
245	404
308	361
206	725
11	536
286	329
430	684
91	686
44	463
172	691
217	376
442	624
30	482
353	634
50	54
3	549
160	435
106	132
184	702
507	733
545	721
144	565
66	90
71	175
253	277
214	372
228	452
153	283
463	627
283	724
26	627
352	491
145	424
1	535
78	611
515	558
105	727
597	669
362	413
551	738
307	477
366	730
158	251
79	302
151	231
409	426
258	645
5	116
267	276
562	680
264	572
452	576
69	127
315	359
351	735
312	325
149	514
267	518
537	654
366	675
350	365
367	597
397	560
23	138
108	609
338	509
375	530
159	619
197	220
223	400
370	414
98	406
554	688
330	465
11	576
230	721
91	490
507	627
82	144
466	675
492	682
156	180
249	657
147	434
338	647
42	572
9	548
176	710
54	96
93	447
101	319
50	201
503	608
262	524
402	467
294	424
6	428
188	193
306	632
8	620
174	321
107	110
237	669
134	357
388	564
281	376
11	622
426	665
167	367
616	636
3	312
322	617
96	224
17	271
335	571
432	587
274	303
443	689
117	236
508	607
556	687
224	532
435	744
388	438
441	521
291	659
82	399
94	406
281	386
126	189
44	107
403	609
471	617
132	142
110	186
135	529
518	521
249	328
285	453
36	730
119	219
446	683
201	462
201	225
245	620
305	685
469	492
28	645
211	644
708	745
210	220
101	656
381	543
239	673
303	415
397	609
448	669
441	733
280	632
121	508
235	501
347	583
473	505
1	442
238	398
10	474
576	676
175	219
581	633
376	432
180	304
353	369
290	748
213	496
74	696
26	160
381	599
520	603
562	651
404	744
56	510
174	391
240	543
245	600
365	406
33	257
208	453
115	674
532	623
488	643
256	722
322	666
65	329
173	240
154	156
248	699
546	700
256	412
227	692
161	451
446	694
405	602
690	706
448	667
222	612
223	719
248	374
31	546
369	676
12	419
8	219
508	644
122	741
32	307
238	611
163	476
2	21
241	573
160	209
622	684
55	345
175	207
166	485
69	707
559	591
59	689
225	290
107	509
438	673
122	150
337	591
169	709
59	349
388	685
299	462
49	624
190	599
92	667
292	573
104	497
21	477
332	717
75	709
5	378
274	649
22	477
418	670
361	448
403	678
50	307
135	692
444	510
176	523
454	651
366	470
377	541
223	315
53	698
86	727
336	567
111	580
55	434
633	637
342	620
131	312
487	490
222	655
436	474
467	651
209	473
394	724
68	75
54	430
494	620
207	290
93	371
179	585
306	717
59	738
79	311
235	545
19	115
36	310
619	678
185	439
29	270
207	281
28	377
5	404
306	483
131	684
356	675
558	639
186	415
472	531
70	703
199	563
451	478
345	567
64	187
334	736
68	658
170	585
374	699
335	357
191	542
18	334
317	680
258	357
699	710
374	476
486	562
7	539
90	199
154	254
135	462
96	283
80	241
64	105
307	430
65	656
251	671
166	366
346	730
46	384
56	170
499	509
435	658
466	721
117	670
126	678
157	351
503	643
494	744
58	608
7	605
51	162
532	545
160	253
170	517
7	587
336	489
678	734
140	647
111	340
236	271
491	682
44	709
289	648
120	420
306	417
374	439
216	647
485	692
10	99
203	263
174	334
381	398
578	587
297	370
9	357
134	349
48	232
122	567
141	174
478	483
69	606
250	606
487	672
538	705
238	595
663	708
427	637
166	466
122	587
457	490
62	567
299	506
66	521
392	597
8	449
1	369
218	288
637	676
594	748
126	687
101	280
73	126
89	592
471	653
502	519
580	702
176	427
141	148
16	57
151	670
46	267
141	552
520	660
107	167
524	563
158	666
196	353
47	301
102	352
488	599
238	351
206	340
314	494
27	220
185	682
273	548
47	88
49	614
437	469
490	517
251	564
532	742
489	602
217	746
126	746
466	606
465	695
4	328
302	345
338	445
451	616
13	475
254	595
93	691
95	534
262	684
290	326
298	465
176	308
709	744
216	473
368	421
727	728
175	538
55	584
318	409
579	670
165	478
409	631
73	392
368	541
377	414
428	555
121	673
279	519
597	621
127	699
5	85
313	366
38	732
61	394
390	398
591	612
628	657
502	558
552	691
60	536
158	333
143	194
268	620
14	272
280	332
305	624
341	626
83	646
18	633
108	319
205	248
425	707
179	358
657	739
9	267
729	732
338	355
150	403
84	228
35	201
98	709
708	739
49	658
124	130
360	682
190	609
425	672
573	581
16	297
136	441
316	616
223	274
253	593
141	414
688	702
262	285
540	582
378	713
75	230
71	131
417	667
197	621
140	231
24	255
272	667
433	506
43	99
329	564
245	394
436	595
92	389
56	746
331	462
375	587
22	682
164	401
635	654
103	306
521	672
77	325
130	382
190	389
335	400
193	743
24	392
133	233
340	387
248	334
530	693
295	737
413	489
170	231
24	657
81	737
287	739
214	484
688	699
123	343
321	734
338	465
56	621
137	590
84	277
365	688
473	541
110	474
110	413
363	740
386	514
393	457
102	491
2	479
196	513
55	505
551	598
64	300
296	687
9	694
655	746
364	679
52	311
21	257
82	145
282	551
87	719
181	348
112	155
275	312
242	711
236	287
134	610
197	597
345	485
214	742
59	306
164	358
263	361
42	107
686	692
46	372
310	413
492	708
109	170
72	411
2	701
481	738
53	398
6	570
423	736
159	589
392	728
126	584
229	721
328	638
402	744
239	744
610	656
8	316
386	531
122	473
422	531
214	517
98	380
565	621
213	460
127	689
80	237
13	719
84	316
216	649
517	583
177	185
77	692
456	610
17	654
556	603
123	458
241	359
137	714
608	641
636	738
182	234
218	295
314	384
432	745
16	591
270	376
83	290
18	572
190	230
159	612
389	714
217	389
264	274
39	189
88	721
233	616
453	609
369	398
55	171
28	387
232	566
188	632
434	624
288	670
67	75
238	475
250	340
118	428
341	383
45	213
232	528
450	570
710	727
96	211
189	221
211	215
81	678
390	524
249	575
118	665
172	568
108	749
71	661
537	558
176	313
159	621
206	342
146	275
157	731
285	557
110	273
370	553
529	728
144	599
168	581
20	686
129	215
109	555
354	519
84	115
388	642
447	701
264	277
498	659
240	306
515	699
558	623
54	174
246	597
409	444
99	635
444	559
725	732
411	540
241	371
418	550
231	677
40	504
221	570
498	500
243	659
264	453
282	545
320	348
456	631
217	663
242	712
111	272
433	547
145	189
277	722
167	372
527	692
234	436
388	573
204	633
30	166
145	463
290	677
712	718
38	306
294	647
0	393
247	283
628	732
676	723
164	605
35	734
397	548
372	503
519	659
228	618
69	123
383	386
96	654
31	641
20	607
41	190
34	160
154	556
549	728
172	657
271	714
1	208
191	471
517	582
45	347
13	74
448	637
114	559
277	375
231	532
114	168
569	584
107	156
286	530
414	585
297	714
14	450
8	487
43	520
286	470
68	334
142	644
196	448
151	586
301	579
201	384
301	526
187	633
131	595
4	129
532	708
120	721
410	442
385	555
274	324
455	728
110	369
142	349
38	509
506	537
115	698
148	733
171	466
207	720
296	546
154	524
75	626
85	667
82	590
123	402
436	611
226	538
217	370
156	493
509	684
264	279
142	224
180	587
564	651
212	377
9	674
257	421
596	743
454	472
312	645
409	539
77	114
29	665
17	91
184	628
131	671
537	744
337	625
435	690
14	285
590	619
76	491
203	510
641	642
202	226
327	568
182	568
331	428
79	141
308	388
223	266
75	102
106	636
100	248
7	690
525	678
136	226
578	709
202	233
106	675
267	725
618	642
121	451
210	690
281	732
106	238
588	712
96	731
266	605
49	679
288	703
121	188
579	581
268	520
429	658
2	99
89	646
21	463
119	182
108	443
370	465
294	433
439	491
377	642
251	533
451	488
556	683
424	601
97	592
177	200
331	712
59	338
192	708
15	571
307	435
390	645
465	664
93	379
5	389
377	670
15	651
131	293
717	727
327	712
383	574
49	408
321	359
315	533
617	641
64	151
541	741
162	335
210	354
334	559
333	634
269	630
673	723
375	670
587	633
551	634
362	381
38	682
111	167
308	444
171	554
50	189
449	743
266	744
101	343
201	351
203	311
144	373
529	671
227	615
48	575
320	440
391	479
8	511
12	374
183	644
34	155
7	166
225	418
29	746
421	450
128	428
57	597
379	526
193	295
158	477
197	520
176	403
596	649
107	290
217	510
75	434
265	481
250	532
80	414
103	738
141	478
36	591
396	497
91	702
413	454
214	749
243	458
135	223
112	732
40	402
148	289
82	230
615	723
7	516
298	383
190	564
170	174
307	452
305	693
204	383
202	579
226	446
99	288
543	612
117	254
92	749
99	567
315	339
362	655
239	571
489	641
359	616
109	461
208	568
96	554
98	623
250	745
42	150
115	618
527	562
39	392
132	495
143	372
403	555
40	557
260	655
514	639
20	182
289	726
5	447
71	746
296	358
334	673
157	420
83	161
108	510
12	737
386	396
187	336
322	565
229	445
256	404
86	266
151	740
315	383
457	471
260	331
709	732
386	395
325	350
600	684
117	520
81	183
164	568
529	602
239	490
539	631
363	397
393	618
144	616
279	727
100	620
128	642
72	645
37	364
202	474
279	458
46	288
258	548
183	446
15	719
186	561
218	686
253	478
295	421
109	631
20	215
287	741
41	648
380	655
136	617
444	529
0	657
310	692
189	662
159	689
226	477
5	451
164	386
329	669
377	481
53	60
20	377
76	598
299	664
63	276
455	488
352	372
108	410
96	399
359	384
449	452
645	661
465	624
364	746
238	642
496	699
262	530
512	647
179	297
48	245
46	268
170	571
17	441
272	301
156	259
416	569
113	423
237	434
46	172
500	663
333	401
363	446
713	722
330	474
202	537
476	663
69	132
710	737
203	687
647	694
407	441
440	558
141	498
415	617
47	204
179	627
359	373
50	689
537	669
43	321
248	282
304	494
236	446
92	170
175	596
53	522
487	748
434	489
119	496
650	745
396	420
640	677
463	699
251	658
147	241
677	707
4	615
190	668
0	43
96	633
456	511
268	289
211	574
150	478
155	259
520	627
462	713
90	224
181	569
134	310
92	240
715	743
340	598
167	689
46	291
149	436
22	70
238	545
646	677
344	386
610	677
57	166
9	54
130	412
317	663
43	563
117	609
60	745
213	431
159	512
18	321
296	460
130	324
444	651
265	443
78	303
50	152
162	482
193	704
330	642
391	703
42	737
56	475
213	735
16	95
228	671
88	207
44	556
337	590
486	494
137	655
457	520
42	476
164	724
65	253
157	402
357	479
389	422
156	257
0	484
171	473
134	731
67	109
155	263
52	644
403	654
151	666
156	166
93	511
158	393
250	558
146	230
1	455
68	106
25	495
235	268
95	203
119	568
101	463
85	497
414	746
386	632
4	41
143	724
193	367
481	579
249	634
487	667
176	732
68	611
207	743
125	549
303	451
94	514
335	420
613	728
19	99
95	391
443	615
23	732
42	324
209	524
508	711
466	481
92	666
192	344
3	7
529	670
68	189
167	456
631	711
204	684
41	302
72	452
128	446
277	703
50	600
74	503
349	730
31	54
177	522
159	330
187	493
113	696
71	180
72	325
93	412
216	311
419	505
263	657
392	445
108	211
141	270
145	440
120	401
277	451
485	739
84	541
341	360
76	211
6	251
110	644
198	217
578	644
610	695
286	522
466	527
141	353
23	603
314	526
346	532
472	592
190	718
323	687
174	326
459	560
173	606
482	493
145	149
121	211
428	504
20	34
447	600
573	677
554	639
136	403
141	184
436	738
242	745
344	359
181	665
249	505
117	682
533	621
569	736
92	725
374	735
579	594
418	481
169	679
403	732
85	425
256	309
37	384
227	478
56	491
516	680
379	476
228	546
15	386
267	655
65	209
288	626
18	488
97	171
656	743
114	139
362	423
411	465
255	269
280	663
137	282
92	659
42	225
29	151
202	696
296	414
247	433
137	178
302	650
13	234
126	235
124	145
477	703
164	308
30	697
82	540
402	494
437	622
198	381
5	476
134	687
7	625
192	214
19	484
178	624
233	543
570	702
319	713
445	676
273	505
695	724
352	674
165	540
135	369
199	693
87	663
41	270
123	150
193	583
538	559
329	640
22	153
607	690
490	732
7	367
302	465
69	399
139	676
63	385
316	680
333	495
177	734
484	667
28	85
108	692
498	707
380	381
331	407
253	299
519	622
181	190
342	615
622	739
282	547
279	589
278	279
351	453
8	602
263	530
55	535
33	603
593	678
268	652
157	348
105	214
153	222
189	327
588	647
169	363
164	710
116	252
340	717
508	712
227	390
583	651
103	449
632	704
49	236
450	679
543	639
582	655
554	616
30	387
11	362
175	480
57	741
59	731
425	478
519	668
340	514
264	579
73	414
102	737
114	738
164	272
332	595
331	444
449	597
395	592
21	709
128	535
335	675
663	725
53	309
78	512
64	399
613	736
358	731
368	470
328	458
212	349
306	639
257	304
316	660
178	215
615	710
631	726
146	225
110	639
69	280
101	680
206	665
170	587
168	625
327	370
22	634
197	486
262	519
150	188
314	350
308	584
1	7
695	733
541	697
162	677
369	632
126	527
7	451
99	251
528	557
199	292
395	421
199	378
237	524
392	715
90	375
617	699
422	743
0	269
232	385
300	349
86	643
434	580
218	506
314	726
346	377
90	414
292	446
222	602
300	528
600	627
70	502
14	141
323	391
66	441
153	553
109	470
672	710
315	516
426	497
367	484
499	513
348	571
421	524
28	485
155	523
341	571
208	359
136	425
41	236
249	479
453	514
313	568
54	516
403	739
62	347
36	349
564	635
96	551
614	618
187	594
217	692
633	675
131	311
239	519
454	689
391	719
76	360
210	493
348	489
75	412
324	510
62	93
584	627
156	273
85	311
45	372
354	508
35	613
668	737
87	694
490	744
109	375
6	402
71	600
99	535
36	322
438	708
222	616
118	609
246	745
40	185
522	723
101	239
33	67
620	669
34	718
92	588
142	300
46	546
257	312
362	429
147	301
27	253
43	592
105	280
377	626
489	554
249	645
110	283
299	690
435	448
216	602
300	651
14	270
20	299
65	158
187	689
512	628
120	676
54	450
106	454
23	106
213	382
303	334
212	416
142	471
103	124
97	144
251	714
194	744
27	360
286	450
575	725
50	612
86	486
376	506
384	541
651	682
249	340
31	454
124	611
589	611
85	211
529	703
11	636
77	333
122	193
328	520
25	575
597	605
101	512
615	654
27	689
361	418
133	270
378	709
400	666
38	613
272	471
265	381
369	649
149	735
346	440
266	444
0	655
46	420
1	687
88	591
97	398
6	504
467	725
232	307
621	656
79	492
495	597
99	167
166	172
204	206
312	465
502	537
233	647
322	581
530	638
442	529
133	254
478	705
80	720
416	611
32	698
560	590
231	741
362	446
205	571
62	394
170	563
212	333
95	584
444	703
181	638
183	700
488	543
538	740
235	684
125	711
79	592
13	309
223	309
666	686
116	291
57	254
270	371
104	538
431	744
20	506
336	390
28	581
319	721
350	458
103	161
134	638
534	672
255	488
62	525
170	236
8	384
8	667
199	673
423	731
45	728
392	442
131	574
601	649
17	280
248	687
284	502
1	226
258	289
83	221
205	260
260	518
362	542
96	359
479	530
69	467
10	511
232	731
167	526
33	276
160	715
255	326
418	533
181	692
363	645
473	586
186	423
291	299
243	449
25	462
640	722
256	635
106	240
205	614
363	612
206	303
42	273
131	582
44	587
344	653
259	460
427	438
578	672
147	626
43	443
172	231
201	441
434	625
113	148
438	539
254	644
96	198
312	634
87	456
79	351
263	641
363	412
71	584
242	493
75	604
214	246
77	435
403	420
222	425
161	265
118	270
542	588
141	541
159	574
103	473
32	393
323	389
195	489
125	697
6	705
678	691
493	510
113	307
67	656
493	743
78	521
312	600
5	364
38	699
447	578
95	542
414	442
63	432
33	478
262	405
78	223
537	573
371	543
25	396
281	378
23	205
79	368
118	355
255	498
371	594
440	696
137	671
297	670
343	720
187	529
171	715
112	390
38	305
9	433
59	90
512	580
119	343
499	505
154	625
22	159
533	616
225	726
11	34
206	686
5	464
236	508
13	450
241	441
599	675
149	367
509	563
33	116
243	271
628	739
532	737
313	496
257	546
186	295
72	515
81	202
525	560
351	426
216	532
556	745
157	446
176	208
337	684
173	681
135	579
147	661
264	622
468	640
302	491
140	307
57	521
684	736
166	248
451	703
79	683
576	622
382	522
5	654
638	685
134	708
540	733
445	733
471	656
206	389
546	658
70	86
448	743
415	511
397	730
157	246
188	270
376	441
176	205
316	506
16	348
115	264
462	582
212	493
71	696
203	543
88	342
477	539
488	676
288	481
82	390
113	605
20	285
104	293
82	249
429	666
87	607
1	225
182	413
277	615
503	556
392	571
226	624
197	339
177	300
92	374
110	701
419	437
45	702
94	661
382	406
261	435
318	618
319	619
85	134
715	741
326	445
326	654
376	488
417	627
126	592
56	745
191	327
90	507
458	697
283	538
241	606
335	531
49	559
322	383
523	587
256	639
98	158
54	703
171	317
107	687
592	724
53	108
280	486
87	597
34	742
45	147
343	680
223	471
272	318
277	426
103	252
420	497
40	54
251	314
158	422
247	342
481	742
26	510
293	653
105	243
392	539
198	288
475	527
74	406
248	515
80	650
438	572
14	297
532	728
556	645
94	515
208	598
78	283
217	541
515	655
463	624
330	389
142	250
217	464
474	591
122	588
103	225
724	734
204	572
242	266
172	710
122	652
110	365
652	735
396	708
36	361
4	81
383	583
205	724
86	124
247	325
54	479
580	699
144	700
224	260
84	583
245	739
358	368
112	401
415	623
369	538
183	555
405	700
139	726
236	460
220	249
439	713
89	187
1	403
93	411
111	133
576	657
4	639
111	666
202	390
4	46
245	277
228	415
740	747
498	727
395	499
400	710
209	472
245	447
205	210
411	494
398	504
402	603
39	577
8	408
255	483
21	422
220	322
75	721
280	557
67	574
274	675
231	589
440	573
203	580
37	680
96	571
81	124
120	200
11	381
362	588
451	739
7	296
234	708
175	537
145	375
71	555
11	224
546	732
133	702
33	736
63	657
521	574
375	434
91	293
225	227
240	648
107	466
8	125
250	684
34	469
442	633
299	416
88	155
465	667
264	682
618	649
12	160
58	616
317	439
5	498
521	643
342	725
90	102
372	465
128	571
1	241
231	689
425	535
556	710
221	657
41	260
261	358
306	456
235	692
444	642
221	584
3	667
126	194
511	574
276	496
256	419
13	585
260	636
184	371
435	483
5	620
170	674
55	412
440	513
323	416
66	437
368	528
384	513
197	292
586	605
164	277
348	379
119	249
340	386
208	723
507	685
144	258
382	400
553	726
124	375
73	294
439	446
149	309
205	607
321	476
47	656
252	688
300	547
517	561
379	611
78	685
538	570
243	291
348	703
12	267
177	259
232	592
110	450
383	432
73	163
242	724
521	573
520	622
576	699
161	289
297	464
345	607
258	685
472	521
269	364
427	663
562	714
675	732
89	421
339	531
424	677
262	637
217	705
38	307
627	698
625	638
241	567
24	374
453	473
467	479
99	110
354	385
290	638
33	266
363	576
99	556
241	451
31	149
360	466
116	697
72	360
22	171
312	525
375	537
681	699
321	695
49	596
311	406
155	590
108	369
21	580
8	284
197	377
261	509
375	453
557	657
509	532
218	271
136	375
113	230
385	498
14	221
59	339
253	612
288	452
492	641
468	625
165	556
196	644
217	530
226	407
190	271
113	719
272	422
239	565
99	157
112	463
310	748
140	594
153	340
127	292
489	522
79	201
683	701
107	276
257	268
78	166
657	746
368	725
254	498
165	641
211	689
665	678
116	694
399	733
121	456
401	500
316	692
329	635
145	179
1	300
310	610
358	480
467	496
114	125
213	633
282	617
440	669
630	679
338	616
373	463
59	311
422	730
520	713
97	493
45	746
38	604
11	395
63	556
332	554
361	714
246	252
362	631
404	621
276	700
306	719
35	89
76	128
299	524
252	446
331	654
196	602
37	273
244	501
261	380
570	699
583	669
197	427
85	568
26	537
588	635
380	533
139	546
340	640
420	601
279	673
38	628
163	371
124	384
120	506
118	217
71	651
31	392
57	406
187	710
460	580
163	485
201	385
116	213
76	110
30	585
99	142
572	689
387	641
169	332
168	642
619	647
173	301
202	391
433	683
93	197
479	696
206	653
21	640
110	225
185	343
435	609
552	647
76	400
6	247
104	621
142	643
539	685
420	622
190	408
250	698
348	509
296	623
177	641
369	372
332	488
363	706
122	538
329	497
501	578
16	339
67	72
522	682
307	461
76	738
240	576
48	191
274	348
530	570
121	376
126	342
229	539
467	522
591	617
312	596
377	493
105	665
165	593
245	402
175	663
490	675
30	341
506	680
3	34
358	442
353	481
20	348
678	692
481	631
49	118
195	306
160	447
427	551
175	404
550	732
193	599
139	271
582	589
361	487
236	682
425	523
360	428
269	415
111	260
170	477
107	352
245	338
121	625
46	641
311	621
122	199
289	546
150	242
322	511
14	346
257	565
374	668
425	640
377	624
342	599
199	463
365	735
187	520
439	504
337	508
551	676
261	429
367	584
244	564
271	543
236	277
371	403
381	433
361	687
301	546
335	419
178	262
69	224
189	476
117	583
543	626
196	324
319	496
176	662
363	696
160	627
19	523
4	449
170	673
230	399
53	365
489	655
663	682
505	743
239	568
66	227
1	71
699	730
18	427
152	157
49	65
179	636
121	162
358	649
240	528
49	740
420	548
225	451
82	403
159	286
237	722
155	439
53	248
369	623
479	650
43	528
328	343
233	344
261	304
41	692
234	382
128	308
261	501
432	731
465	625
692	729
513	686
6	583
591	725
532	569
284	330
399	472
75	683
115	292
647	667
179	230
260	705
471	563
167	721
457	473
266	557
45	143
199	249
379	642
296	580
139	675
181	282
478	492
2	287
401	488
267	292
674	707
143	295
213	601
310	652
11	501
288	610
616	653
76	380
301	585
30	640
550	702
325	509
254	662
282	392
403	596
235	673
195	445
329	540
289	476
49	738
336	384
422	596
439	482
456	648
494	667
125	602
136	370
45	701
312	536
202	461
55	747
86	670
221	395
335	412
144	236
94	387
44	325
136	144
258	743
109	676
104	171
123	414
96	619
229	670
84	717
672	689
444	485
95	509
544	677
37	696
52	736
49	526
261	595
477	603
149	710
314	709
367	546
18	351
568	733
586	592
144	489
256	444
25	556
68	429
71	725
224	257
376	407
497	541
428	604
65	235
52	82
20	597
129	421
123	144
14	97
56	312
2	603
99	373
206	464
452	674
155	334
38	197
472	710
250	578
148	580
22	264
53	458
94	704
341	715
252	558
62	232
114	665
560	619
50	380
71	281
91	283
49	149
418	599
175	347
349	456
60	717
335	374
173	401
333	353
94	691
55	138
428	649
28	659
445	589
78	310
44	476
43	100
491	628
252	663
720	749
536	723
239	325
264	561
226	251
375	468
97	296
586	618
85	143
133	378
446	562
32	457
151	179
76	198
512	663
32	453
31	343
172	608
37	599
40	536
42	247
709	731
142	256
243	525
398	531
98	541
701	706
319	634
70	287
374	485
12	705
87	140
264	596
175	439
320	631
376	572
460	480
163	177
197	268
17	330
565	639
54	269
236	740
113	163
80	685
144	679
459	578
343	735
128	741
700	748
131	287
311	558
186	324
256	421
305	360
239	301
71	146
31	100
661	727
420	606
458	643
434	743
408	654
130	430
273	533
185	329
127	269
613	691
190	328
491	684
285	406
0	351
484	624
617	689
423	493
241	486
224	448
58	362
144	370
58	545
433	541
25	567
51	292
35	216
11	291
154	237
103	420
20	327
273	718
388	661
436	543
135	504
43	395
4	32
286	717
63	486
351	487
36	348
17	563
358	734
130	561
64	568
116	654
633	650
644	681
65	494
82	129
47	163
124	511
47	117
478	713
113	282
135	532
209	663
550	664
214	375
89	731
142	316
190	253
58	577
317	604
67	123
269	663
322	332
203	644
55	97
115	242
155	253
21	55
672	685
668	715
266	492
241	322
102	439
261	305
108	184
482	719
349	357
546	735
238	472
75	532
191	363
194	417
664	668
42	443
478	480
488	541
492	730
55	388
508	715
181	610
545	638
391	416
396	422
253	390
552	561
138	266
150	685
346	546
366	652
309	710
246	323
494	609
215	472
187	208
57	485
34	730
83	727
37	67
500	728
385	685
354	462
294	746
109	129
193	258
202	689
396	636
569	705
569	684
442	569
234	567
79	139
596	636
47	472
29	712
99	355
107	405
448	471
315	746
282	745
359	644
30	264
201	497
167	281
348	517
117	553
58	683
216	390
21	285
137	619
193	616
320	417
255	430
287	630
114	500
84	331
196	469
342	492
60	620
32	54
101	201
575	747
41	334
33	596
698	731
232	270
218	682
132	699
306	404
313	732
231	477
32	434
155	486
265	610
394	463
147	705
35	684
155	168
160	632
567	595
292	692
18	672
370	386
11	133
493	678
150	409
454	467
104	704
191	319
66	681
294	612
621	724
75	490
19	191
498	690
83	152
72	218
419	666
356	408
268	383
600	610
15	384
54	167
316	560
357	642
464	656
513	536
40	241
427	568
425	610
278	364
224	614
261	283
211	316
241	365
65	578
93	243
56	318
184	688
653	660
256	702
225	399
226	673
3	392
410	579
470	668
111	256
170	541
344	748
568	632
45	268
253	317
135	610
215	434
6	717
135	380
81	132
501	694
191	554
228	745
107	166
339	381
225	261
337	529
251	691
578	667
266	559
345	592
216	444
599	710
24	123
220	379
144	465
293	526
554	557
193	196
237	740
88	377
352	555
34	491
214	476
171	513
567	741
318	441
409	471
213	308
576	666
27	527
88	438
237	622
288	719
585	611
32	743
41	283
487	726
163	673
5	420
26	169
214	702
278	660
500	667
304	570
308	339
248	658
197	544
11	117
464	748
199	374
504	671
126	361
201	557
435	536
373	660
118	674
33	425
383	740
603	648
282	413
491	598
116	492
169	300
355	575
174	692
496	732
360	381
4	113
657	723
226	536
502	585
645	746
168	742
686	691
10	713
542	734
148	617
113	188
73	493
99	650
25	541
4	182
447	581
426	480
475	740
155	388
13	307
60	403
70	176
335	417
3	139
348	461
444	723
343	541
360	609
356	584
175	343
14	651
399	746
50	326
74	134
56	75
257	548
244	692
29	133
237	363
202	414
5	129
254	289
470	496
123	563
96	670
84	318
155	622
446	648
83	327
259	419
181	443
218	421
269	728
63	570
153	518
375	594
19	549
183	213
463	738
472	547
171	592
306	677
188	429
111	228
14	425
20	537
382	423
451	555
287	382
404	675
288	552
17	76
17	457
66	326
304	549
297	306
44	456
186	252
424	732
151	480
263	330
248	491
122	255
192	679
192	540
140	172
256	518
239	604
378	674
225	634
193	417
148	677
119	313
670	716
259	597
458	537
222	467
254	305
511	619
116	624
454	563
517	698
193	265
40	48
51	127
64	109
401	463
176	502
189	309
99	722
231	468
590	688
320	678
248	356
72	206
371	613
640	725
293	644
145	580
446	514
290	643
96	285
253	727
376	707
342	729
181	228
403	600
44	393
279	300
140	148
123	738
380	390
84	114
82	460
601	683
332	443
379	447
349	545
279	690
85	689
241	272
139	231
333	466
530	735
81	530
175	719
264	607
96	608
95	488
4	740
299	343
229	513
395	747
41	449
88	392
28	299
79	518
31	69
21	187
5	632
180	660
224	253
124	597
116	533
311	593
83	85
27	690
262	483
586	623
607	646
252	378
95	256
65	142
72	311
75	742
301	401
302	735
120	343
96	372
404	542
325	529
43	690
604	622
52	518
189	220
287	695
7	233
139	270
78	508
36	532
439	654
75	295
565	742
168	384
76	485
586	726
274	421
44	178
499	534
471	520
175	263
317	526
255	433
114	671
387	599
17	338
192	593
122	403
126	320
95	462
138	490
451	492
57	423
596	615
71	96
331	610
46	245
12	294
119	341
96	284
430	460
411	501
372	709
16	664
128	476
227	735
486	665
314	605
367	606
28	368
206	301
67	280
234	562
13	141
77	320
50	376
67	605
93	509
261	409
202	676
567	695
43	478
14	93
74	172
69	718
117	163
59	542
71	587
125	682
47	617
58	355
20	38
336	574
227	336
152	544
347	458
14	109
67	692
64	228
361	610
69	527
155	651
257	355
329	644
563	705
340	393
134	163
45	334
286	377
657	747
602	746
27	28
192	208
274	366
287	373
40	323
34	218
495	697
293	655
9	505
2	173
617	631
128	347
162	459
437	480
17	582
193	243
254	618
408	459
36	449
12	249
336	706
225	466
45	592
277	330
128	413
50	742
179	288
313	605
180	530
436	618
309	699
371	611
61	426
246	532
175	619
458	553
149	287
462	671
221	516
255	378
151	206
40	201
162	640
443	542
418	516
174	658
578	708
435	467
410	503
308	553
217	730
425	511
29	161
446	595
656	703
590	654
447	518
89	619
450	514
215	652
358	483
59	688
61	82
27	247
413	731
505	565
379	487
285	700
405	673
79	630
82	360
670	678
236	364
455	606
187	454
609	688
257	502
244	606
179	424
354	580
58	700
200	311
34	276
428	682
159	584
132	310
266	687
212	564
355	475
164	633
387	521
228	331
93	389
128	601
279	515
441	643
202	438
119	467
258	574
139	468
280	609
173	177
300	580
423	525
9	80
144	486
397	515
78	619
383	391
342	466
718	744
168	222
76	681
185	631
61	122
132	136
200	695
489	707
315	355
176	673
234	675
78	410
30	439
419	434
347	670
23	236
250	414
99	445
603	732
310	719
554	576
360	406
602	704
136	296
252	276
401	577
505	711
77	108
301	679
322	692
94	628
166	709
302	481
505	620
450	635
598	745
118	509
210	573
111	693
174	711
527	749
458	513
370	669
110	392
543	734
15	739
89	366
278	391
252	629
137	686
373	572
290	299
8	66
112	360
185	569
383	645
171	248
377	525
142	332
357	366
91	460
4	314
87	259
306	630
252	291
31	423
105	328
393	501
429	673
470	473
0	84
40	391
171	676
129	575
389	654
79	223
515	735
47	680
22	425
315	657
531	533
267	705
347	399
275	701
227	747
16	442
643	707
379	527
524	741
293	606
598	692
61	532
647	734
56	397
202	244
254	278
239	389
282	296
407	430
247	592
121	654
302	502
88	648
198	721
47	699
317	440
226	745
172	527
318	547
32	563
73	305
582	596
247	313
514	563
172	416
571	713
276	295
116	419
299	566
688	714
149	292
510	743
72	348
175	229
643	660
300	536
204	725
164	434
283	472
322	722
14	596
55	727
87	169
167	541
259	288
46	136
138	629
240	241
288	612
53	111
55	409
474	672
238	673
237	425
570	621
62	603
215	741
280	283
328	673
308	345
316	698
15	372
156	183
26	81
563	624
159	241
263	447
450	504
24	143
50	395
193	517
446	526
7	597
443	665
7	26
17	180
466	640
3	36
111	132
53	232
23	123
287	740
121	314
195	387
118	220
158	649
150	309
9	77
50	344
64	365
20	643
392	572
214	409
558	738
24	277
376	688
374	667
115	178
19	263
416	498
357	507
230	393
136	417
183	315
309	589
77	582
66	367
479	485
366	707
14	39
282	415
574	710
283	486
286	681
374	395
165	440
109	716
49	69
572	597
341	359
123	538
173	478
390	696
131	508
10	101
563	663
14	407
132	248
114	640
297	596
354	574
175	236
608	665
134	618
197	351
368	513
484	580
285	548
95	578
285	674
87	251
439	521
386	439
171	674
113	170
455	701
86	515
179	477
25	72
457	484
298	542
383	747
207	373
241	437
113	389
156	232
41	702
13	477
209	308
68	638
16	533
67	579
116	225
100	600
138	179
193	405
202	703
415	670
132	456
714	744
634	676
5	58
427	738
132	168
405	635
281	457
96	566
397	514
33	572
446	669
31	617
155	566
394	715
47	732
401	610
607	614
367	429
470	593
382	606
105	234
378	658
142	625
164	530
242	519
489	502
63	86
52	464
253	423
13	200
227	311
437	565
351	455
517	604
405	467
589	695
77	106
567	641
56	468
440	685
117	530
400	735
201	592
400	671
180	401
46	510
513	626
5	33
468	622
257	633
255	627
91	456
438	727
117	293
36	575
504	724
254	501
215	603
543	641
564	718
215	598
4	156
214	570
651	714
146	180
295	395
212	661
50	229
331	687
418	523
265	268
293	472
269	318
36	87
187	261
103	716
144	262
376	548
144	665
293	717
61	367
26	625
48	586
116	716
80	133
567	733
4	622
172	415
102	714
338	339
303	399
394	596
151	181
327	660
122	457
302	539
388	431
109	335
314	674
20	441
658	674
293	370
102	499
206	684
70	664
342	390
484	737
337	486
518	661
400	695
27	162
36	706
154	612
9	23
416	675
23	728
57	558
25	631
358	413
19	126
201	414
185	269
396	616
480	545
79	607
582	733
438	748
182	685
305	374
30	240
187	651
30	712
82	553
30	424
66	334
357	559
5	54
441	562
15	711
370	490
295	542
495	646
228	730
496	517
89	295
290	601
138	376
66	308
85	566
113	521
234	235
242	554
34	637
266	341
47	183
434	475
146	492
196	704
231	460
228	345
149	412
221	391
131	330
200	444
159	552
103	683
81	162
36	45
731	735
30	672
157	641
247	461
166	229
50	248
431	449
46	669
450	671
86	499
127	715
89	427
470	704
70	78
136	240
56	109
433	733
121	166
212	733
312	411
283	716
286	709
12	496
433	695
233	337
231	726
108	430
481	555
224	401
175	683
183	714
349	497
167	234
323	398
106	563
176	564
81	742
135	721
172	556
202	671
622	639
167	225
301	676
208	344
95	667
307	488
68	345
247	670
503	663
91	147
178	442
273	724
63	66
437	494
599	723
105	294
132	399
231	360
461	476
149	477
20	452
54	83
0	23
375	542
615	657
142	190
42	537
606	712
401	622
98	454
364	603
475	571
399	485
614	615
64	311
119	450
197	342
200	556
73	545
37	323
194	745
492	566
72	611
587	720
138	746
347	361
486	608
0	589
137	746
498	536
265	446
262	377
137	171
171	609
4	398
77	148
649	690
177	224
139	640
191	462
643	718
67	185
463	467
424	633
139	427
64	683
117	212
252	503
4	356
533	644
95	305
419	685
365	650
338	471
9	99
266	388
84	158
224	286
15	401
62	300
63	180
153	632
488	696
280	748
233	532
300	363
339	496
236	302
9	401
378	604
123	582
618	679
479	515
33	670
268	677
339	619
492	699
379	586
625	649
205	420
335	530
272	295
234	451
31	567
128	647
568	662
481	713
66	339
235	665
230	694
223	411
249	456
45	576
257	364
470	724
380	462
439	558
113	158
12	616
443	684
472	742
417	469
369	528
197	582
194	532
286	742
158	164
46	513
433	438
250	411
665	743
138	446
126	226
48	441
8	276
501	547
3	472
160	462
12	98
28	32
23	151
137	154
369	380
76	430
88	418
505	682
237	680
89	457
226	699
3	362
53	95
171	340
351	452
177	281
375	576
27	512
539	747
311	412
194	245
109	485
189	462
573	604
282	610
612	618
88	185
228	513
4	75
238	685
154	495
177	431
224	670
135	321
143	591
255	438
276	493
416	575
48	504
130	157
76	629
494	562
496	567
162	452
0	455
121	281
113	145
395	680
274	487
132	444
550	675
380	605
129	200
45	238
153	495
54	663
111	289
380	611
361	642
80	278
324	422
113	747
487	654
48	186
184	584
329	530
27	359
246	660
98	249
164	744
376	491
100	352
465	608
144	656
57	631
253	421
4	393
194	541
617	679
35	649
174	727
267	355
50	106
228	339
522	654
69	165
233	270
392	612
518	534
136	452
596	601
64	566
313	453
361	533
405	482
246	642
297	375
37	381
112	201
257	383
330	367
1	222
619	746
224	235
127	696
20	681
475	501
36	126
174	303
671	749
550	691
179	696
169	641
154	610
70	101
587	630
291	458
235	626
188	250
489	717
197	390
337	587
242	735
271	453
385	607
421	487
168	312
144	375
56	173
206	675
481	736
303	493
120	190
45	307
589	716
44	161
629	675
14	671
631	714
572	706
226	318
310	512
129	288
127	634
144	149
42	252
167	243
323	704
39	66
5	265
655	734
62	668
76	729
231	715
140	680
574	605
35	719
174	588
57	161
550	695
188	368
409	534
524	531
177	318
221	403
219	557
170	711
67	258
316	583
17	456
174	327
174	597
126	298
43	354
116	617
19	211
407	506
166	368
331	337
541	735
115	532
141	632
642	677
28	739
216	496
56	134
89	215
437	618
23	521
26	689
39	478
264	617
507	736
337	490
58	188
303	364
78	526
275	612
68	166
69	221
403	482
361	544
142	264
428	711
632	689
82	497
438	728
139	569
285	385
179	560
78	438
27	437
162	187
476	708
20	394
396	657
48	696
138	589
211	556
696	717
8	592
732	742
138	157
218	294
501	640
193	378
300	624
557	686
542	645
63	290
82	247
301	654
436	644
519	677
94	252
205	559
186	576
240	544
184	354
277	700
198	540
139	239
26	86
289	305
508	564
236	457
145	669
45	528
219	635
95	564
50	58
246	505
156	169
24	742
314	481
64	217
256	473
431	538
108	664
121	134
108	314
480	508
18	227
15	408
140	727
499	702
144	668
180	727
690	741
300	694
105	191
230	248
427	676
59	681
669	723
44	60
361	646
222	287
264	701
388	544
539	670
567	653
441	588
459	678
372	684
302	385
86	705
236	695
13	60
136	269
161	524
69	395
92	361
56	713
547	741
296	469
193	726
449	527
209	647
271	672
441	463
617	688
61	584
32	660
395	722
134	367
186	593
92	478
114	218
106	517
385	700
290	432
192	565
286	525
125	726
258	533
341	606
18	296
366	483
319	411
22	133
268	702
506	672
229	353
78	120
205	429
222	245
151	361
102	122
209	359
529	649
115	738
315	623
474	744
283	705
176	385
76	720
645	685
54	396
500	656
127	646
95	572
59	743
263	618
171	498
132	607
285	347
24	749
254	387
418	608
63	320
430	523
124	127
533	538
380	501
675	681
396	536
547	631
340	613
339	480
336	722
125	235
597	703
209	587
43	466
49	741
333	727
197	458
287	343
272	360
29	191
368	605
400	744
204	521
44	523
64	79
427	606
427	525
355	747
148	622
214	531
554	683
627	650
80	184
235	721
520	692
453	667
71	589
78	626
148	513
110	555
486	602
18	284
129	580
86	169
282	598
514	718
28	364
217	489
177	628
254	551
130	450
550	652
190	734
149	250
594	713
77	224
211	354
93	628
52	246
227	468
371	451
193	306
575	687
405	745
245	563
307	517
273	578
637	727
22	318
242	295
107	488
116	557
222	331
21	138
284	573
262	561
286	613
537	632
619	672
276	584
341	599
19	555
140	400
34	599
144	311
632	715
304	382
176	517
226	554
490	733
495	666
163	313
87	585
308	340
166	463
311	602
448	660
416	616
8	462
69	149
386	674
47	248
399	559
109	725
302	716
34	233
159	331
620	694
141	507
509	642
408	732
183	581
278	517
367	655
97	663
98	283
601	617
57	611
24	28
286	427
72	466
322	744
155	677
131	295
349	571
641	748
17	697
101	593
276	688
46	443
33	355
192	559
654	708
311	451
82	672
65	630
295	449
316	376
220	554
196	314
47	690
27	615
379	587
139	394
398	509
498	572
66	229
428	533
16	719
170	588
5	173
549	578
64	362
23	59
367	501
159	408
23	433
133	591
271	725
179	301
701	744
124	227
18	264
399	633
172	607
11	370
22	117
183	296
67	294
569	612
400	724
422	468
224	739
102	143
645	702
85	383
231	650
494	732
33	48
384	480
104	660
136	292
195	248
16	52
87	422
208	235
56	436
459	661
242	355
333	700
382	553
264	687
403	687
133	659
93	157
82	576
66	743
220	677
64	141
597	720
157	364
160	325
237	464
412	671
237	515
227	662
188	744
205	376
302	634
98	499
186	445
332	351
589	633
41	523
79	338
206	678
201	444
217	374
449	690
82	167
137	485
251	640
318	570
473	694
246	312
315	613
289	457
247	628
130	204
329	504
23	245
474	551
349	563
79	532
97	453
9	100
193	742
169	400
367	458
73	376
214	577
142	706
259	529
445	690
116	674
386	438
327	479
222	631
281	345
187	302
297	536
540	584
82	454
23	458
137	722
244	529
498	595
18	521
8	190
496	575
123	484
247	329
582	728
148	544
259	314
416	683
290	733
199	438
500	589
184	239
326	746
105	634
281	662
282	604
151	744
239	487
28	170
15	693
70	299
15	709
95	198
76	208
95	659
255	592
487	643
20	570
544	596
339	679
300	308
81	146
264	319
152	552
63	293
378	495
6	248
107	517
80	301
130	139
320	409
101	661
64	424
255	565
121	730
3	182
570	638
375	646
270	447
317	721
368	709
379	723
465	498
173	238
535	591
314	555
40	203
501	549
406	596
463	691
14	679
106	696
595	673
136	746
306	509
62	86
36	237
107	243
271	595
103	409
213	320
491	495
72	507
42	478
626	725
545	588
59	153
369	406
232	430
623	651
504	717
72	132
326	586
499	706
503	598
614	626
10	450
221	508
371	593
92	496
380	607
247	370
639	705
40	614
327	376
162	280
392	686
595	640
317	325
63	357
299	378
78	561
338	737
474	630
108	643
479	583
66	538
121	681
186	391
97	558
422	699
399	616
109	680
424	530
152	667
476	594
356	554
99	230
236	741
635	651
224	310
321	581
11	226
294	414
289	479
73	270
444	524
644	688
52	357
186	702
198	467
89	488
95	571
571	701
475	720
80	111
283	549
20	523
267	635
251	478
572	685
227	250
48	302
48	324
245	252
69	424
444	634
194	547
36	362
341	431
223	566
483	553
25	740
120	680
62	739
429	457
157	401
225	699
31	528
10	552
40	512
102	182
296	619
76	704
412	593
416	552
153	288
383	631
133	501
133	602
118	400
625	678
520	550
70	667
27	394
130	196
0	424
28	345
81	182
236	323
246	749
245	627
310	497
134	164
163	711
415	541
544	711
96	726
86	351
98	539
245	383
11	330
55	120
510	573
179	399
62	661
54	349
446	503
345	513
417	647
213	421
239	484
561	747
92	729
544	563
194	449
137	296
286	317
129	702
43	689
322	376
46	232
8	524
8	347
102	746
170	712
314	691
68	263
438	606
296	487
181	530
138	572
585	705
7	235
399	527
109	351
181	702
121	576
601	698
20	615
93	719
578	627
234	392
404	574
234	657
431	556
552	670
63	743
63	403
488	663
39	41
201	415
370	532
326	727
243	313
84	317
313	463
31	331
96	730
250	517
427	603
585	627
106	180
331	667
22	243
262	696
302	700
47	259
698	727
145	479
101	373
614	742
120	154
275	448
124	201
220	347
52	423
555	742
220	281
169	419
279	344
153	532
241	628
557	718
28	717
78	367
592	613
220	434
25	732
151	698
52	355
237	510
584	675
658	737
338	684
153	427
425	619
531	573
64	597
115	669
128	743
518	533
386	728
108	748
339	727
647	704
517	641
553	610
271	489
293	405
355	423
22	710
70	725
647	724
382	537
252	279
119	209
116	727
285	632
9	204
167	343
209	354
21	148
159	414
80	634
217	602
535	677
271	352
250	335
621	722
434	511
110	423
34	472
11	107
38	112
0	740
201	304
354	731
251	449
8	685
142	415
33	459
377	629
282	402
229	316
358	612
105	732
489	506
103	150
302	443
70	596
297	667
502	746
369	673
392	395
178	620
481	743
391	585
52	722
6	742
141	402
99	514
546	593
204	731
116	597
275	381
3	735
186	300
431	441
359	412
5	474
493	681
0	335
321	465
76	190
45	546
397	680
167	671
425	701
277	513
43	380
576	623
179	608
345	710
205	608
72	110
202	228
397	650
34	746
343	437
526	703
443	452
134	546
336	614
307	531
242	678
514	538
455	458
424	626
459	643
286	577
145	518
163	364
318	615
330	645
101	565
432	545
216	551
91	602
101	624
139	591
5	268
311	319
172	647
128	406
342	747
239	241
289	444
26	345
235	518
388	662
111	590
288	579
172	245
96	613
252	395
29	510
245	483
152	249
140	191
78	565
476	580
186	232
148	585
322	715
264	685
22	561
206	500
150	290
365	721
171	739
238	647
646	733
550	589
55	464
405	655
74	438
128	431
193	625
100	573
508	616
37	44
10	333
139	372
289	539
412	469
68	219
83	682
18	497
182	378
139	500
114	154
236	459
262	447
58	211
81	411
370	422
187	349
339	698
517	658
2	660
578	657
68	483
181	555
493	499
217	365
149	247
62	177
78	549
142	571
257	496
93	291
590	685
339	638
259	438
169	744
597	614
143	281
86	411
270	644
244	630
234	747
13	285
7	380
239	676
166	548
20	594
102	356
244	273
570	578
601	655
142	611
121	563
365	435
21	601
175	536
616	674
117	277
67	84
112	507
582	696
261	418
20	263
185	462
12	626
105	162
428	487
183	274
291	642
50	730
4	406
604	654
103	621
55	689
533	692
34	531
351	597
359	432
235	663
101	183
54	255
526	610
328	708
323	392
29	685
44	131
155	681
198	398
288	465
572	734
544	576
150	218
33	41
75	262
400	603
262	511
119	237
134	743
220	738
79	710
262	440
210	470
493	516
83	722
357	701
421	447
171	740
307	643
464	479
309	686
91	604
64	535
364	522
275	314
186	575
447	453
66	490
75	249
389	650
457	461
310	674
219	409
264	717
98	435
635	691
402	510
88	440
153	653
28	357
16	108
424	698
330	609
335	599
147	315
29	716
201	544
246	684
110	403
126	345
396	491
249	333
632	737
124	241
4	292
11	57
11	474
119	367
225	265
25	341
573	688
495	515
265	626
192	292
157	738
442	725
186	474
251	353
514	596
8	721
316	671
451	623
35	36
116	675
385	586
389	670
320	696
41	387
13	258
313	330
519	568
40	62
550	615
366	565
134	709
488	737
371	378
195	659
95	552
392	477
284	403
464	616
224	502
126	171
263	408
390	456
72	450
355	529
155	312
349	745
507	520
358	555
353	653
235	579
250	253
64	298
259	374
454	597
325	746
403	714
89	495
315	588
422	590
66	318
161	278
243	479
43	440
254	398
14	46
232	711
77	525
2	516
185	544
59	322
423	671
177	421
467	487
219	448
688	695
239	579
289	460
382	698
339	740
97	279
229	468
363	499
12	341
325	483
230	285
379	688
31	40
246	650
383	692
195	418
467	488
573	657
554	645
86	146
422	693
69	561
414	617
360	645
361	552
298	346
108	346
149	614
73	579
153	599
3	159
207	420
151	338
109	698
92	641
542	619
516	539
482	644
352	737
238	570
364	727
193	251
69	458
359	662
5	723
39	322
33	215
180	326
331	553
266	498
311	739
185	353
146	636
686	739
136	408
72	696
39	436
481	694
517	632
138	627
221	522
58	216
531	548
379	617
204	519
519	617
10	64
362	432
168	655
267	284
474	491
301	565
301	419
69	733
471	536
24	662
496	672
52	205
34	153
176	612
20	259
124	681
219	623
49	81
329	727
116	178
417	556
325	716
76	171
160	560
32	244
34	695
243	358
251	615
241	742
208	318
19	330
69	153
148	498
130	611
80	481
196	600
111	112
286	338
194	531
523	532
413	679
115	480
277	428
460	534
404	694
124	440
231	288
521	613
80	577
413	495
85	384
522	696
297	693
55	368
399	540
384	474
51	451
135	299
96	235
133	327
388	522
430	690
273	443
75	492
79	169
74	114
240	724
90	279
131	151
33	532
571	729
446	649
332	619
334	488
179	554
408	616
614	668
374	496
687	728
58	349
541	647
32	288
42	389
143	626
181	272
169	388
65	426
243	691
412	506
606	662
36	181
289	708
264	354
229	740
109	213
609	703
368	394
245	413
313	691
354	408
20	525
138	470
556	601
135	641
1	332
77	125
343	677
335	488
574	603
180	559
352	716
330	550
75	328
234	281
17	494
439	567
409	668
43	316
81	150
44	457
336	723
82	362
275	573
619	671
29	381
105	604
89	323
279	631
125	719
573	699
18	508
154	376
523	744
541	625
97	696
70	247
262	538
151	681
20	77
82	141
137	365
2	634
148	446
38	218
103	152
687	735
56	611
97	646
491	619
158	709
274	356
42	574
448	629
228	338
381	404
228	573
103	620
583	625
303	597
211	282
208	656
43	127
332	523
352	663
268	489
201	448
290	509
120	366
4	157
7	72
14	639
331	639
281	448
81	585
402	572
393	596
46	115
140	642
174	261
80	388
146	434
156	222
260	730
333	517
280	424
337	669
638	731
340	485
328	414
259	357
342	549
446	457
107	132
515	675
41	284
288	525
400	680
618	686
16	712
365	577
273	363
548	640
232	702
174	461
52	431
11	271
523	664
355	626
377	469
8	529
663	732
373	518
365	474
414	452
122	722
152	747
620	660
417	613
225	704
456	686
15	305
73	310
274	314
580	720
578	688
62	260
249	552
600	679
434	615
175	436
58	591
369	748
300	322
335	385
237	582
120	403
402	543
232	610
8	226
46	370
25	56
385	598
240	411
242	687
79	624
610	691
320	402
289	475
73	485
14	688
47	215
304	427
152	360
5	521
58	678
224	578
185	553
264	744
40	665
44	472
641	658
300	453
246	455
97	123
125	578
502	664
420	589
12	701
269	557
37	165
179	517
350	550
279	289
163	471
85	527
439	536
31	289
145	511
85	141
221	309
3	389
186	731
287	421
295	360
404	603
73	539
134	565
137	520
12	709
520	587
225	511
115	360
158	369
174	494
653	657
84	357
210	669
44	306
63	105
346	419
177	518
482	707
93	334
205	228
252	381
162	747
92	491
558	674
100	525
132	696
294	374
110	673
491	678
582	621
19	246
559	623
395	714
388	625
421	459
203	450
34	680
356	576
491	508
127	706
545	639
5	137
158	673
450	728
35	114
138	485
424	715
21	109
225	578
251	542
105	492
72	88
181	514
58	310
35	569
196	296
439	709
251	432
361	727
26	390
378	660
305	733
19	161
209	494
18	729
594	606
489	552
231	732
20	498
106	402
151	310
228	380
382	420
76	668
564	623
603	632
183	526
485	508
82	90
151	669
303	438
487	744
110	621
28	462
145	648
64	700
453	523
81	723
269	555
3	643
576	705
334	627
197	728
416	417
28	275
77	680
166	694
163	562
274	401
267	402
181	415
228	231
75	265
197	387
388	619
257	643
185	510
67	738
594	669
281	469
438	694
95	396
7	584
153	677
329	603
259	373
244	419
371	720
41	391
698	724
652	726
717	747
360	506
60	138
37	132
100	488
52	332
628	725
548	676
190	666
213	718
142	394
88	291
11	125
242	375
166	588
159	462
288	471
71	298
132	559
24	450
20	126
100	425
179	565
360	367
484	605
687	696
197	661
258	577
575	581
117	676
118	541
47	626
227	504
655	673
312	366
136	550
564	567
42	77
592	701
222	293
70	520
476	717
283	530
371	589
49	639
131	369
21	378
435	571
203	240
202	369
87	737
200	247
411	713
118	327
367	435
55	112
186	706
446	522
284	652
44	337
86	401
437	546
212	261
253	621
215	597
559	574
422	499
280	490
272	452
293	411
24	328
149	469
656	722
201	481
375	635
45	257
231	289
54	653
579	708
365	645
76	285
222	323
193	272
66	174
292	549
40	130
245	697
7	203
200	439
515	550
61	479
38	329
317	516
241	603
641	653
558	727
243	340
38	314
18	629
369	645
22	351
253	665
208	597
48	503
343	584
100	133
237	535
536	598
25	81
528	568
159	663
354	720
388	638
301	613
666	735
43	570
301	425
451	695
348	605
358	388
60	102
228	229
48	347
102	498
597	620
395	735
236	375
109	401
90	671
431	476
37	224
242	716
317	690
162	619
623	715
211	514
298	495
226	525
104	261
27	303
82	240
210	661
592	608
32	167
234	397
148	448
168	615
560	605
302	308
508	677
149	405
431	647
250	501
186	334
389	559
307	463
75	456
184	409
432	444
0	498
265	402
165	674
283	409
268	465
52	175
69	419
284	325
230	543
0	520
251	650
568	708
92	268
664	665
261	280
245	469
401	613
49	349
330	568
244	440
245	417
230	353
270	425
509	578
541	561
387	542
158	161
13	81
36	714
93	582
554	718
373	512
447	737
112	222
255	626
155	506
503	717
50	120
16	239
73	724
31	138
382	602
401	497
164	737
376	501
611	735
266	508
263	640
208	260
209	413
46	187
95	291
167	462
77	685
141	613
562	654
14	554
105	508
516	699
186	618
369	706
72	456
31	548
508	733
229	263
267	345
195	461
240	341
138	638
472	511
323	746
170	323
408	637
58	560
24	68
339	359
72	290
581	625
485	723
554	591
191	546
338	559
245	660
333	471
315	532
90	565
639	664
115	268
116	154
360	365
14	255
125	696
443	740
56	622
307	691
287	497
128	130
179	289
227	669
170	627
549	741
92	436
69	666
316	380
267	470
591	741
68	727
107	155
223	528
110	362
128	451
178	471
206	692
220	397
392	410
182	216
38	278
354	420
31	545
220	404
3	155
304	560
278	345
122	278
581	677
327	694
218	258
273	565
404	441
81	369
48	538
4	344
160	458
679	714
371	574
316	637
593	617
204	545
2	368
250	535
98	285
617	698
301	569
389	608
60	635
508	660
439	628
195	700
240	723
335	552
65	660
93	545
451	627
621	714
175	446
57	496
114	197
362	728
266	705
335	500
32	353
58	208
164	246
163	723
34	530
92	488
133	189
168	314
97	106
9	219
440	647
361	621
505	542
464	493
363	442
249	397
292	640
156	530
407	700
51	601
55	231
213	508
237	301
26	350
251	410
197	594
85	229
228	298
452	610
85	115
21	647
274	479
170	465
233	369
219	518
65	248
70	436
18	187
523	591
46	403
385	547
306	351
540	678
100	718
213	561
283	540
275	424
141	347
216	710
363	514
73	176
313	652
412	699
453	553
216	229
151	408
120	641
98	555
82	354
286	451
301	310
151	185
508	551
448	526
372	648
579	743
110	563
415	746
536	555
413	692
26	268
355	621
170	692
443	623
115	234
189	513
66	740
558	656
376	496
4	582
526	581
171	308
66	127
68	353
170	321
102	394
148	333
284	367
259	620
98	682
296	712
399	736
238	396
26	695
142	626
395	643
427	681
102	183
101	166
619	641
306	618
174	265
2	117
467	564
123	331
437	470
586	588
49	85
125	374
260	717
266	696
362	609
107	639
280	454
475	702
391	607
250	476
215	641
165	571
25	151
28	492
278	355
337	378
645	668
156	175
435	637
405	501
371	545
385	530
30	92
121	644
183	724
79	550
168	329
172	405
270	653
224	577
38	444
554	675
37	524
115	609
222	371
10	498
436	475
272	418
241	680
23	266
486	638
145	655
105	356
495	676
339	467
169	612
415	494
192	319
264	519
57	702
67	538
590	607
14	266
35	169
60	695
2	492
154	161
96	99
475	731
51	745
282	724
215	498
119	424
56	296
51	501
346	557
245	550
163	654
385	714
60	646
52	656
22	588
186	481
195	357
532	595
226	267
457	724
68	304
10	736
196	491
536	570
418	720
271	684
560	745
261	536
463	661
222	618
225	260
120	489
42	526
105	315
111	454
29	374
409	489
551	724
202	639
541	559
130	354
256	509
310	436
80	605
505	614
218	417
344	635
320	568
268	576
324	439
18	329
155	589
162	615
597	606
300	310
64	328
535	633
122	406
550	680
294	577
117	706
57	283
59	521
158	359
428	567
417	575
130	447
37	246
423	607
451	644
323	732
40	128
118	739
308	592
350	453
117	200
316	661
204	588
78	101
484	527
510	526
576	627
547	550
62	361
203	724
138	284
532	709
323	427
344	545
254	617
269	679
57	418
18	645
4	180
399	484
211	409
6	463
258	433
252	470
663	724
20	212
324	665
199	261
314	639
302	589
5	126
254	426
356	598
121	160
549	712
185	252
180	457
357	573
59	643
6	172
9	91
477	698
366	577
116	312
202	605
77	289
684	685
61	179
502	515
218	487
529	574
0	649
216	641
664	688
225	354
204	363
580	683
238	738
19	666
543	594
360	693
629	670
99	407
155	363
455	526
174	450
1	468
129	708
315	566
408	615
140	198
90	452
425	643
119	195
431	664
126	539
436	470
293	507
66	319
136	365
373	536
289	706
499	662
354	611
83	305
150	446
120	415
352	451
183	392
30	36
205	723
159	742
112	204
84	738
471	509
314	497
75	180
145	689
82	498
257	543
339	441
191	604
361	511
75	113
299	480
12	666
45	491
55	524
522	735
151	346
208	464
58	71
357	423
402	575
261	511
243	289
46	335
37	704
92	221
99	383
299	467
8	492
109	342
29	375
109	372
287	535
60	625
270	585
451	730
103	106
61	537
52	70
447	574
269	387
111	685
321	723
311	688
553	675
49	536
163	196
388	684
26	222
252	702
76	438
190	300
158	279
455	673
308	510
234	414
168	507
120	139
209	464
30	633
204	505
345	491
438	560
334	441
613	648
357	407
320	498
220	603
38	531
267	367
292	378
270	389
132	737
62	675
220	449
389	462
31	103
186	549
64	72
42	519
305	467
267	351
79	599
175	312
229	584
226	527
35	159
558	610
233	711
12	332
176	481
358	656
48	450
3	50
555	666
558	569
176	716
24	216
323	623
545	633
144	658
63	459
39	153
297	613
274	372
240	421
522	621
492	618
28	322
137	569
381	582
382	534
184	540
86	746
433	439
550	681
346	387
541	566
215	533
386	733
55	416
362	391
459	642
454	695
366	413
406	722
81	536
169	283
281	389
68	102
4	552
208	315
296	680
102	422
577	725
379	539
32	221
62	353
345	725
162	313
161	407
63	705
112	536
276	321
23	28
57	629
196	652
145	288
488	738
307	510
311	713
55	486
57	282
7	271
630	639
525	558
256	697
20	307
357	632
367	657
176	443
341	544
2	721
6	524
372	474
443	674
241	291
618	709
311	354
272	599
407	435
315	479
138	314
438	617
329	651
175	684
149	719
196	568
30	744
70	547
297	685
246	478
587	717
536	612
97	197
287	335
33	417
410	724
458	564
168	622
330	439
197	318
420	607
17	321
151	249
242	644
49	299
437	498
306	429
69	517
95	398
342	551
141	426
577	746
28	339
87	163
260	678
57	388
324	570
216	720
391	571
97	596
262	586
387	530
279	509
6	602
441	638
710	721
208	725
95	749
192	393
32	161
484	506
200	567
76	457
211	682
39	528
320	680
104	328
32	505
24	586
395	461
115	541
145	620
68	413
561	630
60	159
369	495
7	100
151	234
88	281
151	213
337	749
76	507
142	504
122	220
386	727
132	205
50	272
350	411
115	263
708	735
438	586
621	670
531	642
168	400
79	426
31	218
194	629
238	367
223	343
459	481
56	439
304	339
61	373
410	528
552	729
520	533
141	218
325	469
193	227
435	707
223	624
115	185
24	359
16	330
348	689
187	438
35	627
185	454
356	574
42	367
475	591
143	156
81	212
367	589
470	519
135	670
15	598
258	385
249	343
136	223
104	277
25	188
233	386
472	495
36	138
257	348
217	669
539	735
501	612
92	698
400	691
216	528
12	447
525	615
13	133
177	304
472	563
713	741
24	72
76	96
169	538
235	343
294	309
472	549
56	371
568	716
268	623
288	624
496	605
4	609
39	206
93	566
141	644
335	351
339	549
174	253
204	596
105	123
186	400
435	558
213	610
202	491
509	515
187	230
290	698
95	554
153	651
270	383
178	644
152	475
89	127
181	639
293	425
458	611
175	704
365	456
584	694
130	576
13	520
60	714
180	422
132	638
35	651
223	613
189	718
254	330
475	669
103	203
663	733
260	570
22	161
73	420
224	252
181	694
634	718
104	355
424	503
415	487
503	513
439	528
514	548
130	397
97	642
255	334
254	553
225	246
221	563
409	664
252	554
151	574
477	562
265	509
717	745
143	273
175	463
695	723
675	721
392	687
239	364
47	65
133	525
130	717
619	633
231	465
74	390
128	396
222	298
668	685
650	678
255	537
357	465
209	657
53	497
116	713
89	725
67	439
158	415
104	191
105	539
313	420
414	554
23	485
142	277
274	628
97	561
114	211
347	426
149	639
187	335
81	677
371	394
254	350
494	718
376	502
66	386
457	533
172	680
538	744
20	95
475	549
32	492
229	290
150	276
436	599
12	131
41	410
429	716
81	545
466	545
521	587
239	401
307	516
250	523
11	302
560	725
162	354
347	594
94	735
192	416
156	164
95	376
569	604
343	670
334	637
293	339
257	547
515	541
156	215
335	592
654	731
310	651
79	555
496	516
377	496
35	742
212	744
22	192
198	309
11	683
144	209
506	746
568	667
218	517
371	692
86	532
370	473
549	556
333	627
101	602
176	440
351	515
523	640
5	359
255	657
232	494
305	643
123	379
299	352
277	583
124	376
27	442
54	624
471	477
47	636
404	482
276	436
457	623
607	711
165	417
99	410
503	568
12	70
191	578
68	172
466	747
39	608
292	684
8	546
73	180
199	415
39	252
122	414
365	376
269	710
315	668
734	743
52	207
460	630
283	316
468	612
444	644
454	641
387	489
349	601
333	553
327	435
440	565
91	243
580	655
406	719
182	274
100	407
277	473
500	546
571	700
160	744
687	745
188	669
454	526
31	304
289	645
241	281
280	458
38	443
95	597
189	503
92	627
508	532
414	476
405	597
237	688
636	724
282	683
306	626
443	700
175	187
53	313
433	542
165	515
268	647
72	208
562	582
34	346
336	455
334	677
398	685
102	520
112	664
268	443
7	474
107	286
213	221
113	722
561	605
108	355
520	553
101	195
33	253
146	665
12	241
64	173
150	358
35	274
170	420
364	713
3	25
348	388
305	386
268	497
48	680
420	438
93	705
451	508
218	555
333	554
282	340
412	574
328	341
443	617
99	681
443	512
141	211
59	386
152	416
169	213
265	601
26	271
210	217
641	665
25	54
125	160
30	172
293	499
352	638
152	546
465	588
169	715
192	297
55	590
468	700
324	522
384	708
80	323
310	334
482	597
622	704
4	405
144	569
505	705
264	586
212	557
178	342
219	467
240	328
176	493
13	274
436	481
156	459
614	749
49	173
372	533
130	236
100	514
18	524
79	174
178	668
383	385
43	193
595	628
179	271
402	620
529	705
149	160
359	523
385	668
304	488
443	541
127	457
92	712
114	268
8	205
117	284
7	201
147	537
342	662
137	702
48	228
570	671
266	577
173	695
34	432
210	504
454	618
208	712
397	519
195	570
75	124
409	485
356	710
100	629
206	350
365	722
459	681
556	609
467	468
241	509
253	302
369	549
227	445
22	25
640	686
528	718
177	335
465	731
11	357
368	433
228	638
107	202
21	665
435	704
671	717
277	293
90	596
231	515
346	748
60	691
309	423
37	618
365	626
262	733
45	571
541	573
275	584
36	48
574	640
9	470
319	501
71	238
462	617
78	172
159	473
281	362
273	356
288	413
200	368
538	637
130	460
417	586
58	303
472	726
354	678
226	266
595	738
225	367
215	689
285	605
358	657
459	664
159	463
181	370
59	589
207	219
391	584
42	131
54	320
116	648
387	630
13	720
179	525
198	412
65	500
32	345
272	468
371	676
14	135
109	312
225	228
392	491
263	300
168	700
48	315
23	453
173	480
25	510
494	504
153	291
249	400
484	544
34	497
4	136
308	429
465	733
185	425
405	671
327	489
299	743
148	445
575	580
495	527
536	721
576	619
291	654
197	654
386	688
162	647
115	714
487	555
394	433
213	281
119	403
167	433
457	607
95	677
56	121
58	86
106	417
249	565
78	439
510	682
291	564
495	728
94	696
240	561
59	357
463	638
65	200
154	517
66	124
446	547
317	383
177	685
325	455
315	457
302	614
301	440
51	253
112	708
142	295
502	567
303	587
403	718
499	709
590	737
410	610
103	569
80	462
371	626
125	507
122	138
83	387
100	697
12	309
135	410
98	575
392	469
387	686
76	195
333	390
162	523
148	348
116	631
301	455
148	406
453	466
204	314
589	599
504	607
166	388
287	316
164	483
362	364
163	510
246	355
37	714
589	655
52	614
25	610
227	320
30	461
90	422
57	603
424	505
344	366
99	232
279	626
226	408
181	212
446	681
205	494
205	499
136	329
28	193
140	265
418	513
122	465
539	579
86	488
52	64
253	301
38	704
654	745
505	532
370	662
422	694
11	39
455	506
9	260
345	535
473	613
57	356
1	384
488	697
412	643
399	748
184	288
118	319
7	732
158	495
302	337
63	304
166	720
518	681
348	565
280	328
473	535
310	706
513	570
416	543
539	583
516	624
251	444
205	237
130	372
65	711
95	227
322	603
94	378
371	725
7	422
246	391
192	724
260	522
300	408
118	539
126	193
427	667
293	346
363	464
618	678
574	601
198	601
624	718
453	622
238	506
83	396
431	665
530	717
227	242
35	659
361	692
308	699
616	660
217	250
382	746
72	196
317	430
150	486
183	608
159	487
363	597
448	742
516	667
203	606
300	677
267	721
5	153
156	618
246	381
15	245
173	249
76	495
371	525
270	705
68	78
547	573
72	169
313	545
102	677
209	272
239	288
146	537
421	468
24	181
318	416
95	581
287	567
12	660
374	454
342	388
352	419
393	634
491	623
37	536
310	467
329	590
354	715
558	565
259	607
65	466
437	526
350	484
587	608
251	439
19	578
250	746
637	731
318	411
313	428
62	158
22	112
585	638
455	529
27	436
11	56
569	574
176	690
39	312
131	227
517	722
266	639
255	491
167	469
9	64
455	704
132	698
278	420
503	696
481	696
126	418
422	441
442	576
150	231
482	720
358	435
28	201
151	248
214	588
581	601
85	375
353	567
80	255
547	706
439	510
544	574
591	724
85	660
68	85
35	549
483	638
1	43
410	529
60	311
271	657
161	722
12	94
58	202
514	609
295	434
170	176
127	407
169	286
20	505
375	546
195	622
267	588
427	668
522	605
397	646
424	570
209	307
519	579
131	395
333	351
314	405
285	736
167	186
191	258
40	713
423	585
50	154
34	529
266	523
218	606
216	634
93	453
144	241
417	540
467	623
150	586
82	108
40	228
189	603
400	493
10	269
276	412
57	329
366	732
291	555
469	580
674	679
360	711
34	466
466	682
45	173
172	714
501	714
68	133
7	339
341	749
545	551
496	713
25	153
50	374
480	530
347	651
85	743
47	217
344	568
415	464
210	468
42	394
216	370
204	587
295	631
113	436
106	740
24	734
234	416
223	744
123	586
128	379
297	341
160	347
230	704
463	720
123	318
323	660
391	528
358	482
13	195
432	449
189	437
495	522
89	375
508	516
16	44
106	416
179	222
56	128
7	436
38	516
79	126
284	346
92	140
148	548
196	556
149	198
25	574
277	578
628	707
366	710
360	676
508	556
68	275
486	500
288	347
153	333
333	620
614	707
466	528
108	242
20	316
22	127
30	598
247	390
135	505
89	128
443	686
73	614
113	538
126	685
313	357
530	671
242	657
102	232
403	430
47	291
236	414
702	740
557	600
427	605
278	503
183	410
595	597
285	514
191	294
21	432
404	451
462	524
172	219
204	462
495	658
599	634
62	150
629	709
638	640
93	430
278	547
398	605
132	622
355	383
40	688
376	564
325	446
495	685
405	454
30	679
181	390
28	366
36	261
388	454
268	313
475	587
361	494
132	265
546	699
147	711
119	469
358	633
183	433
250	592
158	163
263	645
184	212
51	445
347	535
95	308
83	261
78	716
521	580
222	451
536	548
82	648
21	140
173	524
610	733
361	726
185	267
5	128
439	475
202	496
509	725
202	247
109	389
249	314
26	384
66	749
189	724
105	509
417	544
104	187
241	442
196	664
16	174
326	344
165	612
476	742
466	646
62	159
172	544
320	709
20	543
599	666
363	379
242	744
7	112
112	152
9	35
647	663
10	43
26	174
230	406
334	526
272	547
170	197
312	651
159	324
530	728
14	251
28	149
516	650
40	666
211	637
344	620
172	611
126	578
144	175
282	622
43	448
138	411
133	435
0	232
396	707
224	428
599	735
475	569
152	553
172	709
10	82
328	527
556	685
138	309
444	483
86	675
15	394
368	667
144	249
143	191
714	737
319	647
182	406
537	727
497	577
175	205
169	244
268	700
189	746
488	685
206	445
318	320
309	347
305	613
429	533
636	735
196	536
370	419
489	711
199	360
1	89
160	514
485	495
260	462
16	271
187	295
98	518
176	712
100	671
205	433
33	333
589	676
510	646
117	310
326	580
275	352
1	381
424	447
239	696
89	305
135	636
256	686
540	559
171	702
48	574
360	564
2	521
16	632
155	299
272	559
475	589
275	570
194	302
10	214
174	278
41	396
268	310
301	564
0	617
53	437
203	313
117	521
358	720
549	723
665	735
222	673
287	375
103	741
85	276
201	394
68	156
686	719
436	578
130	564
294	342
333	644
513	535
654	711
542	681
4	550
84	136
81	189
39	667
404	587
359	480
514	711
33	567
140	738
33	188
274	741
391	483
472	706
639	689
216	443
359	738
29	467
70	382
196	249
126	664
5	102
7	706
305	544
6	728
200	738
357	475
13	287
154	385
276	291
322	685
546	696
290	465
520	686
42	313
674	695
240	501
522	526
608	619
384	557
194	709
50	137
267	608
323	341
721	726
437	450
244	328
104	738
257	343
197	706
11	641
245	670
58	298
205	312
268	411
417	550
435	507
339	438
317	432
26	146
16	423
402	513
333	360
200	560
387	606
48	659
240	662
25	60
116	354
139	615
499	579
68	287
135	683
117	599
130	345
251	271
234	566
360	420
105	415
209	607
334	444
396	559
125	709
562	606
386	546
81	266
72	342
408	673
543	688
303	557
271	656
23	388
145	554
309	537
303	444
568	707
33	364
584	744
176	585
188	590
526	662
452	561
163	205
485	673
36	479
311	536
331	417
85	558
67	137
438	638
122	360
269	746
540	673
237	296
195	375
369	638
106	552
172	662
410	657
182	195
515	741
29	449
88	93
81	594
59	468
98	593
38	396
231	236
8	102
84	737
272	736
290	479
353	462
10	551
616	727
275	663
405	701
168	602
297	617
248	601
249	621
347	743
105	573
418	510
167	734
362	640
264	471
281	465
16	522
135	393
1	29
476	618
43	155
20	58
372	532
258	315
317	560
323	507
424	519
658	731
92	597
192	381
455	625
69	412
149	716
136	442
286	511
362	625
172	385
97	632
455	685
297	621
75	540
9	463
267	437
535	702
116	200
107	697
237	469
396	484
363	531
557	570
396	406
80	504
198	326
320	354
520	559
374	632
393	406
134	632
153	220
275	628
313	314
147	391
303	720
56	511
43	379
270	273
198	355
255	629
5	519
376	477
36	601
126	585
192	237
44	81
112	554
34	647
396	408
217	430
265	320
686	734
163	438
310	545
405	728
1	647
28	449
78	586
334	433
173	743
65	128
218	324
78	731
84	241
168	176
359	698
407	608
215	220
180	427
59	507
62	744
24	670
295	414
410	631
60	418
388	571
157	740
323	603
85	481
117	547
374	726
69	383
39	405
60	565
607	645
301	386
163	730
635	661
125	574
319	321
1	82
147	526
22	107
259	448
324	652
650	661
211	502
3	86
105	535
372	432
390	697
388	512
193	449
282	395
57	477
133	745
318	673
107	720
361	455
169	540
230	402
27	77
62	77
232	714
350	494
366	451
229	295
277	589
634	713
517	613
435	492
69	228
413	628
178	327
153	379
141	437
535	679
140	691
114	266
275	504
506	666
110	694
533	587
165	643
104	732
30	257
284	734
185	732
246	314
209	733
73	555
191	340
306	422
102	401
583	644
325	624
409	737
22	332
21	557
250	612
76	730
547	609
472	668
266	332
296	461
460	552
240	538
286	694
491	550
69	91
302	513
348	531
156	163
581	655
492	540
224	708
370	406
619	728
496	728
550	578
271	404
222	300
402	518
557	746
151	555
539	686
526	661
488	560
281	637
210	388
229	281
245	606
58	74
271	661
147	343
19	28
69	129
578	668
376	446
580	740
184	290
72	239
538	541
67	227
520	685
409	592
45	331
61	446
57	324
479	506
289	652
173	702
294	553
323	587
254	394
212	426
432	614
266	398
561	748
53	96
142	485
476	703
263	427
628	741
159	690
333	676
31	419
408	613
517	602
547	716
102	736
43	616
82	457
71	731
245	692
383	384
29	212
526	562
633	730
495	642
98	200
496	588
247	386
77	470
118	303
702	732
58	247
513	559
186	242
335	338
276	501
18	369
323	535
145	495
317	377
326	683
512	708
433	436
173	685
535	683
200	339
197	680
240	601
247	720
607	673
147	673
202	536
79	675
227	522
59	418
124	690
413	605
604	711
120	308
56	625
146	312
10	448
107	307
384	626
244	519
44	120
98	680
132	483
200	704
115	615
491	612
125	518
208	219
670	682
71	267
137	228
30	583
161	376
110	475
250	680
593	746
225	677
0	730
524	648
54	103
116	636
0	608
302	364
354	674
474	674
299	388
431	463
385	508
0	268
55	270
529	549
258	328
457	712
2	456
242	436
141	415
182	664
32	487
24	575
547	621
10	75
260	502
39	737
533	729
191	622
235	717
213	653
107	424
366	733
658	729
85	401
158	447
465	552
428	647
651	712
197	404
37	53
662	702
176	733
294	513
291	735
20	305
429	534
191	444
382	700
331	584
148	291
203	413
53	298
141	516
528	703
36	492
175	245
581	745
38	133
354	550
234	650
134	189
235	457
489	749
49	511
81	619
483	600
338	621
42	567
339	725
529	611
287	743
67	689
82	640
55	183
52	340
70	157
31	209
2	98
73	137
114	363
32	218
160	738
133	523
35	465
225	312
559	674
156	371
195	487
210	269
39	239
384	472
29	121
249	543
324	531
29	107
228	311
258	295
83	255
450	498
409	596
294	714
380	633
139	290
128	634
85	624
242	339
376	473
317	707
20	568
146	420
352	516
43	414
41	673
440	625
142	717
341	631
467	523
394	592
167	336
59	301
50	148
177	617
0	505
472	735
118	502
184	255
520	674
212	609
195	722
234	617
125	538
100	729
28	185
518	709
222	441
147	428
105	724
450	542
157	469
138	498
131	399
68	203
449	657
358	532
324	650
461	672
15	535
274	625
411	482
191	512
240	489
400	598
275	553
144	439
380	674
306	526
371	702
332	731
119	273
432	471
211	706
167	516
235	372
636	730
81	492
147	409
370	610
90	167
131	449
83	723
66	375
55	192
7	216
193	690
115	134
231	350
14	702
68	123
320	464
441	694
271	521
52	694
517	623
229	569
468	685
8	310
419	684
92	304
177	508
15	179
145	336
626	745
180	425
453	549
299	609
20	202
202	629
508	635
16	152
661	728
145	471
378	458
52	631
50	121
379	652
49	61
138	370
205	646
329	647
471	504
339	673
340	691
454	673
116	261
71	328
62	227
58	219
65	314
684	694
27	439
94	734
583	728
449	462
0	708
218	418
445	722
137	652
82	105
408	560
98	255
105	519
379	484
232	719
44	707
468	512
141	438
118	359
124	198
256	524
208	589
213	410
183	341
407	543
105	713
581	689
524	600
188	301
239	600
97	600
42	284
164	199
58	392
152	537
130	347
516	616
319	536
313	344
257	696
231	587
182	747
166	730
234	238
287	613
210	517
557	591
87	168
599	603
333	460
547	612
176	707
596	616
118	453
261	498
367	447
140	160
233	322
132	477
141	379
427	583
646	749
457	708
528	730
28	383
389	697
55	546
193	372
73	244
73	374
267	723
242	541
182	515
251	318
210	361
63	730
327	579
115	155
241	747
163	583
98	203
91	419
235	504
29	389
251	358
228	493
288	468
85	317
197	347
322	703
477	538
292	647
125	321
140	620
147	236
396	640
472	555
463	688
536	591
50	475
66	403
110	683
645	695
143	690
110	622
67	595
426	689
299	431
88	318
328	403
26	262
221	323
66	234
139	330
55	503
380	704
607	619
115	254
366	744
139	681
415	735
9	506
98	128
293	573
79	149
221	554
14	644
69	184
158	216
262	717
164	292
188	195
161	162
371	688
336	469
432	435
194	714
68	236
167	264
163	569
125	350
51	222
249	298
496	720
284	343
121	317
233	487
198	296
149	496
95	602
58	417
430	729
160	309
128	184
154	248
198	576
263	309
236	328
388	444
589	746
408	539
126	296
49	159
69	222
359	460
364	706
292	359
114	628
61	418
353	373
73	670
694	731
203	422
482	577
113	215
273	509
537	655
442	634
8	448
234	619
291	536
515	610
211	675
131	345
348	372
319	339
89	278
41	677
339	688
61	544
84	367
348	482
285	480
290	648
4	603
276	355
411	726
477	690
172	622
439	679
401	557
16	365
469	711
621	731
279	647
369	461
493	596
61	246
158	508
294	658
288	332
165	431
482	723
114	687
107	323
506	550
271	612
688	749
145	661
52	666
43	299
41	643
398	655
59	92
82	375
366	559
290	563
237	718
150	265
169	186
152	270
662	737
471	499
205	663
58	136
607	714
71	595
147	300
471	602
124	237
220	522
388	505
26	92
54	557
333	654
113	219
109	713
236	523
224	630
202	497
500	527
122	699
172	202
262	667
239	456
572	707
357	358
468	547
507	614
317	394
88	333
68	163
163	298
490	729
44	740
373	621
215	391
354	536
176	718
116	276
134	158
85	479
144	187
288	469
163	178
55	182
471	745
289	613
385	502
273	566
187	654
363	384
181	332
418	666
361	602
221	257
490	695
0	644
335	659
120	608
225	452
53	393
162	312
579	691
488	728
334	640
240	382
276	636
226	274
82	99
263	454
94	191
121	608
471	734
317	423
109	587
552	589
62	455
349	440
206	416
710	720
600	663
224	266
312	543
39	434
110	113
450	622
170	747
230	600
193	452
374	545
422	563
165	694
325	357
103	212
149	257
409	514
108	540
70	336
175	747
19	243
633	745
99	664
98	450
430	698
183	625
39	377
238	728
17	714
23	69
172	715
107	142
372	637
124	679
192	585
297	305
628	672
34	616
70	203
150	315
516	733
123	432
117	472
100	287
289	318
80	579
318	353
6	510
239	366
31	84
426	512
176	507
690	707
357	436
86	439
492	494
444	469
483	687
16	194
149	502
37	595
443	516
171	426
149	212
253	711
173	673
114	265
266	320
193	615
119	405
157	170
179	325
204	250
680	741
281	627
101	747
27	695
313	429
337	552
136	463
243	746
55	316
70	437
347	428
51	686
30	228
218	664
30	395
5	342
451	553
408	591
167	719
189	676
162	174
117	646
62	233
42	323
47	339
301	421
255	401
459	502
445	556
63	164
8	739
234	508
402	746
103	553
182	375
96	354
419	596
472	542
10	528
46	175
487	742
21	515
293	677
221	546
119	162
551	573
250	688
595	664
134	510
152	565
609	647
273	316
209	618
32	586
633	708
191	494
209	571
476	599
160	297
135	308
275	397
515	640
124	478
5	738
474	696
357	476
351	566
360	464
22	128
419	691
148	630
8	747
648	716
290	534
293	541
153	500
124	556
234	337
21	127
256	369
149	177
244	659
387	429
573	634
236	326
626	627
245	405
39	330
439	638
173	355
563	681
156	227
153	623
125	679
408	467
70	588
86	568
101	190
255	413
248	661
458	701
344	426
44	560
60	487
179	183
368	485
311	649
122	246
345	532
476	659
573	611
460	625
489	525
420	563
245	641
506	615
690	738
50	591
141	471
292	422
309	608
373	535
76	385
32	514
2	506
232	238
705	740
209	726
24	27
100	120
140	240
137	389
114	539
396	702
57	470
390	656
49	216
531	718
205	655
221	596
454	557
407	416
224	691
320	552
306	332
237	520
161	258
159	466
91	231
170	743
262	476
81	158
356	572
12	391
338	563
259	701
200	533
445	731
533	662
474	679
144	702
247	649
105	332
96	461
482	626
181	337
204	414
9	225
449	568
455	463
410	522
367	434
379	553
539	716
133	357
221	330
147	243
86	491
181	598
220	376
9	579
193	695
285	468
284	429
22	317
33	275
497	639
91	173
34	377
53	273
476	568
251	597
590	591
199	540
153	609
147	480
387	715
301	626
194	520
242	601
196	572
134	488
52	118
437	666
474	572
63	118
144	227
362	500
470	614
311	526
62	330
46	557
229	676
194	275
150	256
202	690
47	545
318	498
21	198
104	425
64	313
477	748
217	385
85	180
66	626
373	421
340	563
703	709
205	726
107	589
344	493
212	396
321	501
438	480
339	345
518	604
284	603
63	462
282	514
81	83
254	712
162	368
247	423
552	660
402	656
363	600
286	690
17	408
279	746
418	495
228	571
33	294
119	350
589	649
407	424
164	560
646	736
294	481
294	517
475	655
280	564
51	429
387	607
223	615
91	267
203	622
22	211
605	654
229	641
126	225
15	566
553	633
151	739
142	601
95	481
22	450
410	462
184	709
327	351
582	747
270	287
9	547
299	577
27	118
258	553
42	399
246	574
214	735
127	142
15	701
274	556
239	280
137	543
69	497
38	716
273	344
51	356
290	663
411	611
408	451
215	583
186	484
28	88
550	726
248	482
106	662
312	444
700	731
375	520
33	247
77	650
136	475
447	469
14	98
377	503
603	621
383	462
297	385
541	692
224	583
159	204
34	169
383	604
472	714
124	656
32	43
417	568
167	725
412	486
168	645
417	597
448	563
47	685
53	493
414	507
299	634
382	441
40	363
58	280
255	615
653	680
332	472
90	604
289	515
10	411
606	646
199	488
522	672
162	704
639	670
311	549
374	653
219	593
32	313
234	445
55	611
507	594
363	546
241	737
75	611
55	95
107	332
174	333
242	491
220	343
75	508
94	420
132	164
413	640
270	405
138	442
81	201
288	522
499	627
60	294
238	259
263	338
200	314
102	336
258	601
113	306
204	293
295	713
48	329
534	550
288	322
211	468
276	661
127	644
196	387
89	506
16	400
78	557
683	745
99	448
148	516
644	715
324	427
220	598
319	590
68	511
42	94
356	601
105	740
76	293
14	34
121	497
73	149
494	742
549	580
78	605
229	725
266	307
504	736
649	681
704	706
209	279
120	172
262	417
196	254
321	435
322	570
428	687
156	452
38	486
147	664
337	368
305	463
127	261
576	718
211	592
532	697
140	272
340	683
301	340
82	720
138	502
190	423
66	693
219	515
419	478
118	715
674	687
494	690
418	643
393	740
357	372
669	704
248	597
91	101
264	700
618	744
6	436
165	455
91	263
667	704
34	553
96	292
563	632
3	422
258	482
329	429
300	562
311	341
135	605
188	684
511	705
244	649
155	362
242	614
639	659
140	218
306	324
353	531
170	631
172	729
422	613
141	695
211	492
252	569
39	156
111	176
121	256
396	691
499	642
616	633
297	432
125	747
100	453
194	254
147	155
203	554
72	165
165	693
640	694
392	726
39	313
129	672
128	449
599	641
291	428
391	744
8	213
383	742
343	449
535	556
375	736
69	148
476	691
187	670
91	732
276	468
207	640
38	619
459	465
125	335
256	431
184	692
510	570
181	436
225	609
324	411
209	569
232	722
573	705
13	292
293	530
226	332
136	645
525	649
321	569
560	737
133	214
347	387
449	729
155	353
224	338
243	598
325	440
210	228
458	677
49	193
437	459
100	339
60	735
343	589
95	614
7	618
51	462
68	622
217	323
262	674
16	17
455	575
261	407
111	286
81	388
318	703
229	742
342	647
230	360
581	692
172	677
42	204
328	697
190	597
474	582
233	693
537	566
208	386
38	212
338	481
227	677
507	677
243	736
471	746
452	646
284	458
154	264
126	533
400	605
52	55
317	709
235	417
50	633
312	363
300	525
137	382
292	477
97	665
142	355
423	551
99	120
140	348
238	317
579	664
28	675
148	274
4	345
29	540
305	585
26	575
450	545
503	604
136	289
202	334
540	721
318	365
106	157
469	675
331	393
558	651
78	205
182	599
332	547
384	560
295	341
529	683
636	694
144	561
609	683
594	709
61	455
658	696
413	571
453	575
259	467
321	623
440	686
105	395
284	554
203	744
93	508
695	706
144	519
48	281
131	638
422	709
641	685
42	365
97	587
0	89
3	695
229	521
375	575
182	420
134	499
2	114
283	704
346	385
316	407
229	318
147	426
677	726
193	257
646	723
5	623
166	415
494	631
412	635
256	733
395	720
106	379
529	629
83	358
382	531
318	528
202	723
1	614
321	657
673	726
463	683
376	708
437	605
23	343
227	455
278	602
65	236
9	516
68	573
342	636
72	164
176	522
314	345
117	661
215	304
287	367
426	596
34	461
345	678
254	412
255	584
4	147
432	452
562	659
717	722
584	630
168	514
143	255
61	326
220	748
182	652
415	505
245	572
379	562
434	623
97	328
122	326
56	158
563	736
304	343
327	451
427	495
601	749
208	743
132	494
365	568
16	328
126	684
235	397
205	251
56	309
345	736
138	636
4	715
386	661
51	663
97	216
54	744
354	415
238	320
133	169
561	725
245	291
223	228
15	69
401	595
637	715
318	385
114	596
505	622
62	615
318	661
243	414
185	219
34	382
54	240
382	463
189	430
518	540
78	267
203	367
46	540
252	479
24	218
96	261
139	333
34	255
175	283
89	102
368	483
24	571
173	333
109	719
87	406
267	291
374	542
546	719
451	631
31	267
78	352
376	573
122	446
196	709
332	722
647	702
89	569
170	635
127	475
420	612
31	620
309	697
219	714
234	494
564	582
72	130
364	497
282	723
277	307
241	261
274	499
179	383
15	94
4	590
486	682
342	369
336	595
104	144
20	238
65	328
185	228
274	301
135	498
115	744
495	546
269	397
604	689
260	430
208	399
27	288
571	585
523	593
253	513
84	615
615	705
242	317
239	727
50	650
42	428
85	112
209	406
89	247
359	448
636	646
465	736
310	697
196	589
340	611
151	159
48	233
171	643
114	468
107	545
86	459
480	730
51	609
242	401
205	535
122	247
107	415
195	726
111	360
544	742
403	621
61	247
116	404
74	436
83	597
169	204
38	191
527	707
32	110
161	589
205	405
476	697
103	136
162	212
181	459
175	242
181	351
164	464
323	518
25	89
648	704
300	585
266	422
218	321
459	682
337	581
179	213
220	320
169	564
164	206
45	83
179	711
44	480
393	579
222	530
171	654
190	335
214	376
202	661
425	552
10	427
420	736
273	337
604	626
73	578
416	684
237	321
140	273
393	564
254	485
664	744
205	225
85	516
77	489
153	255
21	648
13	36
269	628
17	640
260	639
544	597
300	607
488	561
713	718
184	427
397	684
123	350
203	478
407	570
61	642
103	518
223	378
353	459
229	237
48	323
149	685
390	469
229	637
497	675
141	455
352	434
311	509
228	429
12	721
364	690
80	253
115	237
63	203
153	720
39	447
596	617
260	461
164	187
213	682
1	263
540	654
337	704
411	689
27	145
2	74
326	739
381	470
366	535
187	482
227	234
89	465
241	370
499	726
158	729
291	395
72	240
423	485
110	478
158	239
496	559
269	515
154	504
318	565
367	561
174	509
539	664
15	633
208	572
262	645
228	503
284	521
248	619
190	373
575	711
91	209
386	443
191	408
177	592
62	726
275	634
459	535
371	474
115	386
56	392
0	109
298	729
24	386
3	166
196	733
151	742
281	428
525	529
40	102
233	459
98	415
426	461
365	720
166	528
167	749
409	424
59	336
235	633
122	675
456	563
164	689
360	620
141	469
620	709
462	581
181	307
208	498
388	430
45	559
475	666
373	498
462	574
95	162
71	741
263	381
0	261
340	577
158	307
23	509
174	525
426	486
660	719
494	632
91	617
326	532
535	640
264	353
119	439
116	718
432	699
509	723
5	717
68	116
546	590
139	614
688	736
626	667
95	470
24	368
352	632
171	249
187	245
349	500
601	748
344	743
211	698
447	515
98	546
362	376
472	624
308	547
144	405
255	624
153	629
233	564
398	741
312	452
6	42
203	603
421	610
67	428
30	223
83	197
199	445
337	437
403	669
34	178
224	405
220	235
345	591
129	508
451	558
368	582
502	726
120	132
166	683
191	353
165	388
294	690
184	479
107	620
226	573
125	505
249	564
44	99
482	659
27	357
167	723
5	603
262	450
228	585
427	611
253	344
116	120
211	475
18	220
83	596
193	207
524	530
273	631
378	609
158	530
542	590
151	419
11	705
181	446
5	458
40	306
22	668
17	687
198	704
67	636
317	739
45	565
205	468
36	269
46	585
77	418
447	716
373	522
261	741
172	590
119	487
134	530
618	628
195	453
279	347
91	185
37	674
551	558
79	172
16	469
127	614
90	424
39	469
198	275
85	705
29	115
104	681
53	562
102	280
451	598
522	570
253	523
26	58
448	479
305	640
392	735
102	266
156	202
92	112
5	118
651	667
97	549
19	117
484	582
544	736
88	643
18	379
502	690
70	338
92	239
284	527
362	490
465	614
129	476
584	608
44	613
409	641
215	699
259	283
665	744
55	544
344	547
615	702
232	682
281	688
39	569
224	484
127	211
427	683
303	513
355	392
196	206
93	570
410	461
547	592
56	286
334	527
638	675
45	48
184	360
412	452
271	675
452	667
190	393
632	728
387	423
278	646
13	148
39	687
93	263
285	705
568	743
613	682
347	418
244	296
275	596
348	679
368	411
39	623
126	438
337	363
428	636
509	740
149	228
168	470
165	715
423	654
519	685
55	215
40	229
516	580
318	712
334	397
152	439
442	626
180	732
130	634
164	284
189	539
501	537
41	55
342	371
502	525
174	445
397	525
364	407
284	455
482	742
33	558
202	484
12	120
39	50
441	698
453	590
79	646
73	79
182	309
99	659
113	556
72	118
7	589
240	284
216	530
28	328
121	265
102	163
47	56
276	597
384	416
601	706
40	326
432	518
57	297
372	467
72	726
111	530
36	112
118	615
385	442
506	691
245	306
157	378
555	674
313	620
189	393
220	561
54	519
6	650
261	336
215	453
418	734
61	427
585	680
295	373
321	428
184	495
470	578
582	646
469	474
206	498
413	659
305	406
559	727
148	151
417	433
209	675
0	176
144	531
266	725
512	642
143	655
30	345
277	430
560	671
521	724
252	466
149	601
165	527
259	476
87	171
54	600
19	451
473	537
151	487
230	532
23	334
470	517
561	614
21	89
206	234
54	460
302	450
86	143
185	189
520	637
482	612
274	436
240	516
43	136
620	641
206	440
170	342
231	369
166	429
605	718
431	550
377	705
526	605
267	456
174	486
142	387
732	739
281	387
238	727
273	594
85	641
73	326
101	633
31	687
310	534
316	473
151	390
103	450
42	521
124	185
432	504
368	563
8	368
389	659
569	592
17	486
240	291
22	603
142	708
112	328
14	308
239	443
267	492
220	370
362	463
8	738
108	166
91	484
484	589
94	392
314	490
653	675
39	402
481	601
181	521
353	406
428	534
229	352
446	707
56	743
350	638
127	277
9	327
178	675
671	713
402	491
378	420
236	607
189	287
16	215
307	459
503	553
391	693
13	635
99	151
227	266
53	442
118	161
317	492
277	405
139	373
22	99
176	689
28	585
73	729
237	421
481	544
45	619
171	487
155	414
243	628
620	708
378	503
107	390
301	397
65	194
231	263
309	550
128	178
180	217
107	172
4	256
672	699
266	575
14	485
148	264
104	285
170	675
266	616
133	452
316	467
598	638
660	735
425	479
102	643
296	605
188	485
293	567
154	266
297	469
5	250
402	434
406	651
123	145
118	577
285	692
448	543
659	741
78	381
214	519
79	262
37	539
149	636
257	460
263	329
167	604
154	605
51	730
401	702
26	298
395	554
423	479
221	361
25	278
435	592
393	417
209	290
248	371
197	439
240	526
291	621
83	163
135	416
612	749
94	700
108	524
382	446
168	587
287	670
169	293
641	668
162	699
270	556
134	437
149	550
375	655
27	141
22	198
32	695
193	728
547	577
131	390
22	744
616	701
347	438
132	424
52	379
92	168
10	621
35	602
99	461
157	455
210	419
10	178
169	611
225	571
153	302
56	607
210	256
198	632
390	547
343	672
473	635
46	684
117	717
611	747
280	378
356	483
261	482
161	293
107	143
100	544
374	583
316	466
545	582
170	207
119	345
204	328
261	579
606	703
241	692
5	348
375	383
282	482
326	609
163	308
276	403
465	576
52	600
43	446
343	515
305	538
526	721
430	482
617	743
17	670
392	581
628	685
119	257
475	480
341	739
197	739
343	431
158	583
86	597
82	95
543	606
337	592
259	600
184	529
164	699
52	598
434	519
87	566
161	631
281	284
499	547
239	645
561	616
218	666
351	644
313	454
524	590
173	684
2	361
154	587
556	743
61	692
135	185
400	610
283	447
258	294
94	150
116	152
51	618
373	490
147	628
276	561
464	651
262	372
339	400
43	723
147	565
305	703
297	541
263	740
212	480
219	426
93	658
130	140
285	587
185	598
165	588
475	675
202	410
51	238
250	430
118	579
337	698
334	626
160	513
529	626
191	208
324	446
670	713
611	654
15	592
122	584
265	584
118	540
168	543
90	376
137	398
686	718
480	664
505	530
480	642
32	442
298	299
108	386
419	648
273	480
227	262
302	342
38	653
190	307
90	545
36	186
97	577
213	487
202	401
678	682
187	435
157	690
489	537
525	612
137	313
91	501
307	609
587	682
322	662
242	291
86	704
385	407
44	75
181	263
98	594
146	406
573	617
471	549
542	671
16	387
417	709
288	581
346	556
378	548
90	358
141	605
298	387
171	626
262	598
257	617
153	403
525	559
137	221
296	618
430	693
590	675
396	655
110	277
135	372
344	524
283	579
205	740
426	585
141	441
346	416
128	702
319	677
364	595
89	565
233	611
612	699
8	561
507	588
262	583
268	625
4	626
33	472
224	695
645	693
602	608
68	456
300	399
720	730
436	508
224	696
608	690
169	694
274	527
117	239
485	705
350	364
106	191
153	162
553	699
386	488
223	303
88	187
299	429
416	596
563	581
71	154
161	546
243	428
584	634
7	150
28	379
229	575
137	580
100	604
193	379
252	601
200	226
126	747
593	741
70	455
55	657
109	210
368	390
332	452
292	736
112	743
634	731
104	232
482	628
291	319
400	738
258	303
208	718
483	554
354	712
4	466
96	604
97	719
5	682
229	503
123	332
556	647
322	646
217	425
408	685
215	429
287	384
203	688
138	299
122	137
554	691
68	593
342	434
45	483
105	367
433	505
37	370
78	203
294	375
100	597
2	687
116	723
371	384
400	465
175	623
30	262
2	518
188	678
328	420
138	672
684	713
0	383
569	725
77	496
53	234
52	669
96	528
542	594
63	398
358	496
381	676
452	683
146	273
212	422
517	703
9	264
307	640
22	95
92	556
398	523
1	247
197	589
23	584
423	480
167	699
234	541
367	375
139	336
133	522
543	557
572	628
123	228
182	265
559	740
289	485
10	455
322	675
534	584
27	314
54	77
594	637
45	562
589	598
108	381
254	638
512	619
4	284
286	675
140	311
447	516
124	563
2	741
97	388
198	274
11	722
455	569
130	712
360	518
123	297
47	563
549	637
442	738
283	355
175	363
126	625
225	388
42	446
31	666
312	585
93	98
374	509
417	509
370	477
518	610
62	98
39	371
49	75
589	626
369	718
186	746
346	409
13	300
9	465
551	631
47	599
408	492
267	546
532	646
262	685
221	618
428	613
558	675
469	527
115	502
136	715
51	173
103	503
138	646
254	410
126	297
273	479
399	459
99	389
377	550
19	724
194	292
50	108
458	662
61	429
267	348
295	548
252	582
435	458
478	577
359	531
1	104
366	437
81	104
53	189
26	467
556	638
460	670
55	209
151	580
479	665
44	536
532	571
262	357
495	559
105	303
311	566
263	433
1	339
395	503
276	388
52	661
63	187
234	273
244	336
72	505
32	606
16	665
159	376
110	447
475	605
75	425
225	694
432	588
628	745
193	317
485	637
220	623
131	139
51	582
187	726
96	282
327	544
75	439
3	672
336	432
246	655
291	320
63	220
210	706
177	459
561	578
75	552
129	340
195	326
344	543
27	657
85	278
326	745
465	553
305	694
393	494
5	744
177	581
31	490
20	306
158	561
421	670
449	560
318	344
368	564
18	587
53	285
277	462
31	560
151	607
81	642
643	667
328	360
86	148
434	589
260	646
353	596
23	476
365	381
374	397
297	716
48	205
168	495
198	438
183	339
510	539
363	616
96	389
24	655
454	485
316	498
428	710
11	438
4	108
0	70
187	450
53	485
2	476
645	675
265	360
61	389
584	668
285	379
116	703
527	595
75	524
61	224
56	272
191	275
290	384
2	155
150	498
203	479
4	8
125	563
91	746
55	160
411	564
146	243
265	730
593	672
417	516
423	431
614	692
91	131
395	411
181	502
45	617
129	560
29	275
692	708
245	327
366	377
668	673
250	728
615	677
30	694
456	646
673	699
283	290
139	368
25	611
100	541
422	645
244	573
538	694
293	295
35	330
79	154
208	497
146	283
31	34
522	630
519	590
45	266
39	735
447	455
222	607
488	540
197	258
382	527
486	615
330	656
147	191
94	162
153	230
318	688
93	359
201	494
117	443
61	641
130	508
38	670
270	534
522	697
320	396
26	264
284	691
19	43
116	629
284	730
399	555
215	246
189	667
352	387
310	712
215	730
124	736
626	682
118	493
584	710
54	63
99	677
48	616
184	650
217	283
123	588
20	313
348	550
522	632
253	440
147	260
389	692
77	146
39	286
535	746
171	202
268	403
332	681
50	445
40	354
369	382
437	610
85	613
5	276
290	555
118	275
186	416
86	714
48	93
507	534
38	495
171	737
147	615
188	563
99	128
485	599
194	632
148	397
259	282
384	606
485	717
242	595
115	595
286	506
76	635
42	631
453	584
658	695
233	276
360	443
22	239
334	496
368	535
206	499
234	500
5	83
297	520
261	396
26	577
155	533
608	731
204	607
40	696
504	741
140	731
183	249
349	496
558	654
299	580
305	578
13	745
117	688
270	334
55	718
78	494
191	307
528	745
337	482
79	170
378	454
64	354
308	348
385	486
572	574
164	431
208	614
520	645
40	553
251	480
304	332
276	497
125	192
211	578
222	724
291	310
259	393
191	387
155	198
605	640
29	164
600	675
376	658
97	150
116	306
175	605
443	501
523	626
549	568
533	628
356	610
97	474
340	428
80	179
557	706
436	486
66	637
503	599
540	588
3	314
191	688
162	189
123	457
237	511
231	457
257	556
134	558
19	442
131	606
329	718
33	216
714	733
390	467
444	698
537	680
117	336
355	515
280	311
241	705
211	620
62	114
205	425
659	669
276	340
139	595
210	484
701	736
434	737
178	496
129	680
190	715
140	383
254	683
5	398
24	242
185	724
142	377
147	323
104	193
150	574
327	373
69	243
391	450
164	426
421	521
732	736
313	457
305	419
230	335
15	560
236	625
36	481
474	719
135	405
316	519
647	749
140	436
545	738
284	684
151	307
133	516
294	660
33	99
250	460
544	639
157	301
195	217
21	712
48	545
356	426
438	531
242	563
344	457
321	567
533	627
3	114
187	322
531	719
248	698
102	204
306	386
358	542
149	584
146	602
426	747
164	230
197	326
103	379
182	207
505	548
106	492
77	540
47	184
417	565
214	656
340	685
171	709
478	635
28	331
30	702
328	585
249	660
108	289
499	651
555	595
211	293
315	466
12	31
287	558
125	693
10	533
230	594
242	293
130	377
355	376
462	498
253	283
292	654
549	733
110	158
275	479
467	601
450	636
328	533
394	490
155	484
572	692
47	130
152	649
506	678
260	647
246	504
160	565
217	708
4	98
104	577
184	686
114	198
72	582
307	733
241	683
574	615
97	364
174	513
136	499
73	88
327	567
154	506
43	577
111	372
171	601
477	584
299	653
115	660
78	466
65	384
100	278
212	602
270	592
39	305
276	292
446	645
176	518
336	631
445	749
348	578
160	468
53	427
637	694
591	745
352	590
283	459
477	741
445	747
44	250
335	649
303	742
166	633
490	548
420	585
242	476
600	710
97	387
131	444
135	712
267	709
669	745
272	521
380	723
451	550
92	676
42	713
300	374
567	687
46	68
398	735
261	559
23	92
96	559
164	617
115	241
115	695
286	660
202	399
415	512
378	457
351	571
498	660
299	491
321	615
264	369
180	526
78	326
333	666
88	361
267	401
29	658
406	650
367	377
335	655
229	739
56	85
130	254
130	685
501	684
107	320
284	466
461	748
288	666
90	663
16	155
631	720
52	467
60	423
188	673
407	643
75	509
3	384
397	553
155	642
13	681
119	428
171	251
36	572
289	335
414	479
52	439
247	674
87	748
30	315
222	524
233	393
205	307
163	457
42	621
522	529
221	259
3	147
501	507
53	524
126	302
230	733
113	504
476	702
408	443
477	519
105	393
72	321
108	296
573	596
518	614
580	653
394	459
311	600
131	138
262	648
203	242
265	463
189	538
129	605
46	181
427	704
185	491
565	740
24	312
641	643
536	708
161	698
402	629
488	670
218	290
384	576
171	732
10	627
159	168
10	565
496	595
416	715
26	404
164	496
30	354
548	582
328	510
267	728
159	714
76	613
92	369
83	481
192	572
203	410
51	409
34	266
245	359
380	714
540	663
231	588
467	471
87	283
419	488
68	422
239	630
94	355
37	230
204	270
226	308
590	627
90	626
2	78
401	495
477	655
446	734
314	331
101	338
206	545
118	735
479	505
580	668
128	475
32	277
0	24
111	310
555	667
309	553
347	412
475	723
34	627
136	675
477	601
346	382
90	437
26	336
175	577
543	643
51	219
50	746
16	296
66	504
203	728
188	346
309	518
113	567
31	699
389	560
447	597
357	473
468	736
628	748
108	520
42	279
10	489
6	482
343	586
369	687
84	645
140	514
97	242
160	448
244	321
80	211
141	287
29	199
157	555
242	354
77	514
264	298
493	675
22	663
316	585
278	284
204	513
31	717
422	720
97	544
278	568
34	590
429	449
91	385
184	374
156	491
79	645
105	586
78	266
119	185
717	737
474	553
36	63
372	588
160	742
204	368
438	679
231	456
584	685
246	330
211	711
75	463
612	638
25	588
385	650
338	604
28	731
59	218
6	685
285	451
142	143
506	512
151	417
527	535
232	645
108	701
599	672
318	427
269	468
71	727
526	563
149	248
130	483
256	372
81	415
241	262
287	626
195	541
530	534
417	625
78	606
102	500
397	485
333	500
23	409
321	340
5	261
107	452
138	648
9	16
227	519
224	421
427	674
79	742
345	359
10	417
195	632
7	268
543	730
83	740
540	716
28	586
338	620
44	525
12	224
419	486
0	257
163	220
319	338
153	167
188	245
691	721
236	526
0	171
364	745
349	644
81	261
369	695
350	658
74	98
52	434
401	569
226	291
709	730
144	369
446	501
625	664
505	568
46	65
657	732
283	598
16	116
135	292
81	252
303	462
32	412
387	682
253	636
610	644
441	628
98	505
450	474
142	525
117	716
279	491
84	593
590	679
409	595
236	606
85	334
22	156
257	709
162	568
249	389
583	667
190	273
40	252
243	252
42	505
479	649
134	519
76	711
233	728
241	631
18	486
667	680
311	313
101	591
90	658
304	589
689	733
169	254
3	511
249	435
276	635
59	259
200	454
176	327
84	333
84	370
65	664
39	463
463	557
234	683
67	498
654	677
449	464
81	580
394	567
33	213
179	542
168	388
507	555
73	489
11	267
40	311
161	510
631	635
74	169
34	656
606	697
123	706
29	99
379	390
28	535
443	646
148	455
240	629
299	691
146	326
295	734
153	217
381	715
380	721
147	465
352	615
128	369
156	687
510	588
165	253
648	746
587	713
593	732
153	285
269	670
272	674
249	312
467	553
330	684
193	302
133	336
326	536
174	206
416	673
245	744
211	613
91	454
91	703
73	203
347	664
202	465
22	732
504	650
158	681
241	704
75	322
138	156
367	498
607	671
600	735
328	449
86	161
82	251
378	411
157	677
638	719
122	198
485	735
259	614
177	550
176	619
200	232
531	552
226	248
345	493
78	358
127	528
658	686
165	645
341	546
563	709
4	547
293	385
326	679
409	422
227	507
139	147
36	418
224	635
165	601
274	579
581	717
502	663
256	315
245	652
640	743
295	426
133	206
35	64
619	663
408	513
76	439
319	360
133	245
18	398
258	727
141	679
47	576
324	484
474	686
309	563
140	192
274	352
386	557
500	590
267	323
65	423
541	679
90	263
489	617
321	365
370	734
310	541
249	641
28	507
271	504
401	555
387	575
26	322
609	707
253	538
194	317
595	637
224	390
302	429
108	747
122	609
29	152
295	383
169	734
208	556
128	587
457	676
206	569
31	374
115	533
452	488
85	748
230	455
137	470
619	628
117	481
491	670
383	702
84	587
1	404
417	511
140	701
209	417
421	683
623	685
522	711
132	629
449	502
18	267
458	688
250	438
422	749
376	738
288	735
397	717
137	472
158	727
282	716
294	747
338	678
150	425
56	119
400	462
11	552
477	512
242	730
302	495
0	104
142	713
261	300
115	120
42	597
359	637
526	690
176	711
8	247
5	130
218	696
284	531
399	426
126	167
264	387
29	613
466	632
132	176
656	719
309	522
546	703
76	446
64	515
379	397
599	746
158	372
335	521
260	673
372	581
565	588
434	488
510	612
196	318
154	362
233	674
415	506
574	669
213	604
408	466
26	733
178	602
728	746
207	415
629	671
217	646
51	488
569	733
196	339
121	465
91	153
279	359
334	402
369	690
105	378
11	669
328	493
310	433
398	697
678	686
100	355
255	387
14	88
114	662
34	733
126	658
719	746
233	468
238	376
59	612
471	720
164	712
238	368
28	665
392	526
646	728
137	656
20	709
160	665
282	342
196	214
166	406
484	664
350	620
33	310
288	571
425	692
143	347
313	403
27	332
111	739
119	662
467	720
75	738
462	515
128	276
227	452
464	648
247	728
287	501
110	421
142	315
34	242
32	480
192	392
508	572
156	728
32	91
337	446
253	684
339	388
147	439
368	527
378	546
230	602
44	635
612	685
303	636
186	370
269	466
129	543
74	531
436	601
55	82
396	450
325	481
199	493
9	515
136	470
111	399
521	686
608	735
225	693
11	272
159	315
343	698
18	302
35	503
384	711
85	219
508	548
144	513
181	320
59	101
79	396
96	405
342	565
283	534
222	637
246	718
1	522
220	405
326	328
18	185
48	354
90	237
102	173
497	651
240	330
418	427
114	622
439	636
415	649
114	422
248	664
21	34
675	733
79	596
467	560
7	491
169	251
276	426
591	653
461	686
105	473
532	594
516	647
121	521
210	718
211	557
439	592
212	245
51	700
305	426
661	708
249	635
93	630
272	743
377	499
144	356
221	637
562	660
54	512
102	404
374	580
175	553
314	713
81	420
466	573
245	685
564	747
92	524
240	633
7	361
327	441
62	311
371	658
240	325
430	466
634	690
145	660
68	301
218	306
27	734
148	640
332	429
403	582
495	629
35	176
181	315
151	483
45	218
696	712
669	693
9	618
166	297
669	715
289	416
220	493
8	578
237	586
312	612
107	692
220	327
260	483
137	461
260	425
5	320
294	634
45	281
121	171
193	473
226	351
333	507
23	179
131	552
530	673
368	671
108	407
103	176
56	505
649	652
105	365
324	571
124	308
383	670
85	443
350	698
280	612
82	245
544	565
26	338
48	129
276	486
297	642
392	424
222	351
86	118
115	189
9	521
342	669
89	401
186	348
556	591
83	749
177	289
250	382
352	591
412	620
385	652
214	290
213	614
205	604
57	715
562	640
317	368
273	573
256	728
202	539
23	30
207	477
293	430
285	354
341	430
52	161
330	440
239	668
224	537
232	356
484	545
318	543
129	460
563	677
342	359
36	86
273	345
198	218
596	689
92	198
99	673
388	598
275	712
215	436
24	318
44	348
481	746
46	631
55	571
178	555
198	595
203	231
249	623
458	722
576	730
78	209
66	274
60	513
450	551
6	39
535	608
265	462
5	55
131	222
575	728
168	698
333	740
225	684
231	248
161	500
118	531
326	608
440	465
76	687
367	416
29	464
209	403
41	430
298	508
212	701
223	436
352	499
427	464
381	498
127	722
256	642
221	338
312	450
49	233
204	300
565	584
141	557
353	463
81	91
15	417
63	272
49	502
698	729
590	625
507	696
72	568
370	671
401	529
125	656
675	744
199	686
51	378
310	386
271	653
44	225
561	568
17	389
13	606
310	449
183	328
6	90
622	740
134	187
36	307
106	549
631	661
307	610
222	633
28	286
23	684
129	247
113	195
100	299
291	308
33	232
690	731
264	358
176	597
485	569
491	659
417	441
493	666
396	662
111	728
20	673
272	412
277	432
305	476
267	468
244	614
105	423
314	416
601	610
75	161
334	646
312	350
54	725
85	426
178	630
276	365
167	274
39	420
610	697
222	720
106	159
312	593
287	357
267	664
6	610
37	429
81	697
396	588
182	576
192	327
572	737
392	415
692	734
404	405
193	339
507	522
331	579
209	409
515	637
343	521
1	37
330	466
446	611
429	551
248	432
488	743
334	336
489	534
104	230
116	497
149	320
72	647
11	114
49	148
580	722
42	498
467	598
513	700
410	739
51	224
63	643
102	648
6	692
251	356
315	606
26	297
279	740
368	409
165	252
395	740
325	594
150	201
264	476
355	435
66	248
35	280
318	620
565	745
221	543
163	203
463	614
82	443
227	661
505	563
367	742
566	719
309	470
152	535
77	425
416	623
7	236
5	470
396	739
78	455
433	723
215	446
70	141
253	744
190	250
493	673
239	517
364	671
437	734
130	305
66	185
384	536
402	611
475	607
402	445
60	207
157	746
461	478
22	706
47	719
2	666
232	495
379	641
441	486
661	710
381	524
166	529
623	708
138	661
439	711
409	526
88	89
126	173
230	346
159	382
121	315
172	280
316	568
98	711
171	235
252	344
164	289
513	696
555	696
529	538
535	671
689	710
50	87
443	496
111	150
520	547
513	546
432	708
91	543
82	551
146	331
166	581
345	601
222	571
55	428
67	557
129	159
235	370
344	373
16	523
187	743
331	487
108	336
579	633
29	243
78	563
190	578
144	730
118	171
240	624
243	341
134	261
14	384
327	472
320	406
23	339
143	293
211	387
354	735
228	626
321	378
94	542
501	698
1	75
491	580
240	396
61	732
207	389
4	642
55	77
311	706
96	446
43	77
14	558
396	421
202	224
17	337
360	640
479	717
116	226
211	658
444	648
636	682
670	734
7	554
62	294
567	732
0	633
170	320
358	473
262	690
177	564
432	695
194	233
150	263
73	302
59	748
168	612
286	389
206	627
418	736
163	620
486	634
171	369
542	599
30	747
445	463
47	686
554	664
516	611
201	248
75	484
14	319
306	680
91	661
59	680
151	743
199	528
31	653
638	646
218	645
559	621
139	684
126	335
176	344
242	574
158	685
578	624
524	625
261	460
317	673
106	650
46	398
140	689
3	640
257	455
139	248
183	344
427	623
109	598
131	285
76	242
385	470
66	484
304	645
45	152
57	135
50	712
76	141
238	687
56	154
168	707
120	373
262	543
42	454
374	634
360	560
19	62
92	337
486	531
290	350
289	341
547	725
419	688
225	718
276	373
156	609
327	746
40	447
236	651
3	58
470	515
389	412
366	393
343	737
482	582
220	365
151	456
44	680
375	709
90	352
43	636
732	747
482	592
37	241
68	197
157	724
277	347
76	664
494	515
63	97
57	319
60	385
319	615
84	465
48	733
246	730
406	665
108	135
49	523
449	488
10	187
616	707
34	283
262	475
138	749
330	657
268	321
475	583
342	403
396	535
7	537
474	619
207	540
12	644
415	726
105	545
61	510
285	439
162	203
302	434
528	589
145	558
600	702
216	505
52	714
641	745
248	338
461	582
23	697
28	422
16	541
402	412
306	450
59	709
261	690
389	628
227	591
72	377
588	639
157	176
69	368
241	465
344	467
405	720
192	357
483	689
224	589
282	738
89	655
416	550
44	437
253	471
376	522
12	367
185	719
166	446
335	683
77	227
341	370
430	562
275	549
285	326
381	425
271	378
298	706
49	221
229	685
565	687
188	615
218	400
354	640
388	724
21	414
70	291
354	743
671	716
393	735
87	195
444	684
50	450
159	216
361	670
32	179
215	520
399	505
482	678
486	718
397	649
486	673
586	655
144	697
100	205
374	478
520	590
244	258
494	535
201	396
271	286
57	156
20	462
481	730
409	527
151	335
245	249
35	60
255	675
177	688
253	339
476	562
55	403
446	713
249	710
40	204
0	531
381	459
183	599
395	587
133	455
171	410
374	432
675	742
92	645
326	518
211	495
57	505
427	471
238	243
21	660
421	650
233	376
124	363
123	191
467	733
609	638
404	504
20	668
249	735
82	512
72	363
314	634
43	489
394	550
136	719
84	619
490	554
86	625
48	600
419	712
420	573
441	457
157	484
632	729
183	383
6	591
354	585
56	344
297	572
701	741
180	444
537	698
217	345
6	517
141	607
124	232
43	712
414	521
15	441
333	717
461	549
430	643
199	597
228	529
76	367
439	633
180	340
628	693
137	163
214	417
229	634
81	347
326	726
318	326
6	242
427	714
416	542
75	632
227	257
104	434
52	578
624	666
331	720
102	126
299	308
291	330
328	529
167	385
450	463
265	567
123	201
233	339
386	553
507	516
19	102
242	280
124	553
471	490
90	734
550	749
315	362
373	484
132	668
283	460
522	638
611	720
457	721
559	604
101	321
499	646
549	711
328	667
588	740
167	674
740	746
532	648
156	629
721	745
47	150
613	699
549	706
225	385
375	560
322	626
270	322
257	277
436	694
50	136
58	531
4	616
27	544
122	594
232	658
278	498
611	620
398	550
131	732
306	442
185	702
97	594
87	687
89	676
228	722
264	721
312	409
591	727
407	507
189	429
178	642
468	510
86	114
246	363
393	670
97	501
697	716
71	530
240	683
50	359
373	496
215	642
67	277
124	276
302	365
137	706
477	704
87	126
532	534
120	374
128	536
21	496
441	556
189	456
282	328
570	588
143	264
326	481
383	584
72	185
340	342
45	322
141	562
281	638
204	395
119	486
193	368
592	677
74	369
63	583
187	746
394	456
329	333
445	529
285	597
323	618
314	432
258	440
3	710
103	660
228	290
204	624
24	248
37	421
686	744
31	404
80	251
84	202
65	247
159	317
390	671
18	592
160	695
123	728
162	600
91	676
229	650
56	519
373	380
123	463
486	713
271	431
369	427
74	499
256	749
201	211
170	387
136	642
292	666
484	515
310	412
82	537
230	341
132	163
712	737
210	345
204	366
508	578
338	555
717	746
237	723
112	709
219	300
37	393
597	611
238	343
196	741
457	508
3	274
15	41
66	569
459	638
155	671
335	438
75	686
98	646
70	150
362	392
273	521
575	717
128	289
438	715
171	566
484	739
345	351
67	147
196	403
33	514
273	411
229	272
268	536
325	642
292	623
27	128
13	615
304	649
393	691
198	456
20	318
477	632
119	303
62	717
181	398
30	533
18	410
292	331
416	450
20	403
134	643
82	695
634	688
504	642
50	507
105	556
35	443
579	663
171	503
59	247
269	344
250	251
213	218
294	359
292	533
132	641
392	730
183	559
70	726
657	700
186	585
467	641
118	266
395	433
78	228
171	253
461	612
302	645
414	602
645	713
137	273
428	681
349	376
116	128
461	702
175	221
346	480
446	738
195	353
502	611
23	216
213	366
107	725
189	260
237	454
232	596
3	89
408	577
56	619
246	628
269	492
218	598
395	590
13	250
143	511
427	625
541	652
101	295
91	589
15	178
78	104
531	543
373	582
66	261
636	697
67	320
16	345
251	503
2	453
418	706
76	182
225	427
237	736
382	571
278	736
31	551
376	559
11	78
149	186
104	366
476	596
64	198
447	554
213	442
72	621
16	23
278	567
238	340
52	482
183	185
399	553
43	374
47	516
336	359
519	640
521	655
23	451
193	220
247	607
173	415
89	356
45	575
183	708
499	688
181	240
19	311
126	337
482	516
86	657
490	739
180	475
38	406
114	284
130	153
233	457
280	336
279	609
115	534
466	475
145	449
281	405
59	649
382	532
275	559
158	171
386	680
57	206
72	301
232	740
511	647
94	219
496	645
24	658
15	55
47	49
356	567
196	435
404	610
395	512
50	52
54	736
52	448
319	383
362	661
166	577
191	529
219	516
59	143
341	371
510	546
479	708
611	702
216	706
693	742
524	705
240	299
237	423
642	674
241	506
122	581
31	287
70	346
48	646
205	311
439	690
302	588
84	112
12	296
335	692
337	635
146	187
629	704
320	528
366	677
187	677
26	202
37	396
192	349
582	592
235	639
136	612
195	200
272	366
225	415
223	607
294	657
197	748
398	737
546	738
367	709
150	412
172	192
424	707
571	573
221	461
62	148
228	315
195	322
482	523
452	572
136	220
490	518
336	609
43	74
126	694
28	408
71	723
500	636
141	737
192	343
53	169
573	679
442	711
418	631
50	463
49	649
588	617
298	605
157	280
218	605
363	473
160	646
152	232
53	231
180	578
34	97
482	549
325	717
96	454
123	577
382	565
211	306
383	435
239	588
185	380
178	671
168	469
545	657
124	213
113	276
483	710
83	485
54	500
183	288
151	630
325	326
76	239
486	585
300	368
144	313
221	479
412	630
629	745
324	695
393	606
393	660
124	610
432	506
135	467
634	659
100	736
488	717
152	427
137	738
242	569
224	281
154	499
49	695
220	371
322	579
118	538
30	63
322	592
65	304
111	548
165	497
319	710
418	646
173	426
420	444
463	526
499	611
565	675
534	704
429	604
335	711
289	617
396	591
598	679
422	542
58	709
52	672
47	569
446	583
165	686
420	484
367	633
264	505
632	672
488	725
95	403
192	512
396	430
35	150
61	203
133	317
686	745
355	713
307	565
166	612
318	566
124	631
388	492
38	187
87	354
388	519
569	627
79	569
248	665
122	354
48	669
249	587
180	365
276	485
57	351
423	562
299	346
208	468
259	517
311	603
304	394
234	509
141	304
485	506
385	648
187	205
207	442
31	325
96	440
250	602
128	325
131	450
405	480
0	18
286	478
52	741
365	530
36	446
216	362
93	409
361	556
257	431
87	199
146	468
4	748
568	676
662	679
31	660
232	723
13	516
25	277
106	682
214	406
317	427
278	327
269	718
616	731
10	534
70	701
158	531
150	413
423	503
406	438
136	450
206	347
588	730
462	616
66	380
37	519
485	748
227	704
44	251
331	565
172	477
163	625
253	497
479	678
64	270
527	728
219	262
354	609
313	643
304	719
218	335
347	422
267	713
112	126
295	595
545	660
368	664
121	590
312	356
107	295
81	156
13	328
253	318
281	587
11	160
332	597
235	551
120	256
517	614
218	338
103	397
219	280
72	499
199	715
45	482
306	730
62	430
82	444
298	376
507	743
26	344
109	137
85	466
325	567
21	39
86	289
202	668
51	379
262	633
84	250
183	603
44	188
136	206
617	735
655	658
229	517
425	538
178	383
154	301
63	451
422	502
524	707
223	577
105	145
39	451
461	628
213	488
185	311
66	730
7	62
238	574
188	263
183	276
247	278
586	640
430	613
226	284
194	241
299	473
12	634
392	531
36	579
376	575
80	636
56	227
213	351
86	455
189	237
304	618
385	667
47	349
137	593
27	289
27	175
131	550
51	150
517	662
555	721
675	707
281	744
111	566
181	259
125	545
46	743
181	518
489	520
79	460
410	726
145	200
310	373
179	543
78	118
254	741
116	268
70	582
420	665
85	341
245	357
74	402
155	576
74	518
600	659
193	613
142	339
147	527
405	571
268	731
36	464
68	430
421	644
451	671
382	694
86	277
194	215
35	74
631	677
165	340
5	305
190	445
105	736
271	559
101	416
187	411
447	749
282	448
431	472
138	287
147	348
302	370
168	360
198	698
199	619
503	668
265	726
182	648
79	413
89	357
135	590
73	379
451	454
371	724
114	375
114	343
37	342
367	413
188	708
127	315
16	33
325	511
32	187
189	524
227	356
29	714
388	396
226	663
188	366
562	652
367	746
168	629
599	718
402	441
97	346
163	520
196	688
27	523
60	512
74	327
14	497
605	725
170	358
68	643
107	198
354	702
139	312
323	691
164	421
177	179
394	688
188	306
12	566
375	723
15	346
55	210
230	599
87	162
461	599
663	677
539	605
16	718
517	548
167	471
527	734
365	670
188	459
283	608
44	630
353	420
82	218
344	681
136	654
127	154
137	336
8	40
412	673
631	640
639	645
319	694
95	618
81	637
437	559
179	487
383	519
39	321
64	604
172	509
6	249
543	574
317	534
323	519
187	317
9	700
143	691
522	640
84	548
96	340
101	346
410	480
570	678
60	689
230	425
323	380
376	542
134	688
73	568
87	181
108	115
387	691
227	232
146	248
291	617
111	662
440	668
139	673
422	719
273	486
48	208
339	743
531	732
58	669
443	614
315	347
115	593
225	656
202	552
316	394
209	606
409	429
307	476
352	509
148	418
231	478
539	671
259	443
29	525
179	303
140	713
19	232
363	505
219	721
35	252
379	528
627	686
206	730
32	114
485	576
100	245
194	440
507	536
223	670
14	65
17	745
309	735
565	642
636	737
13	641
364	377
374	618
7	476
231	571
355	573
428	655
263	547
119	645
286	457
62	508
346	364
515	681
275	353
232	347
227	550
432	719
259	678
203	639
426	700
375	458
55	271
147	651
181	509
132	585
64	123
137	678
158	181
225	481
302	475
167	413
672	749
496	678
518	566
383	508
403	668
159	653
404	515
301	627
26	158
55	92
70	144
163	437
139	647
136	319
352	643
184	592
45	327
467	726
38	507
118	494
608	725
123	200
65	257
574	686
613	656
2	225
34	335
618	653
451	565
97	219
331	666
130	463
428	743
57	222
86	612
255	346
515	617
172	713
106	295
148	552
661	745
447	499
323	610
365	582
409	440
318	513
407	412
391	409
48	655
195	237
62	389
652	731
311	373
312	340
74	479
355	566
377	604
315	693
478	610
246	611
66	414
51	123
153	567
621	717
94	277
197	311
305	326
178	613
317	443
631	718
13	180
78	247
103	641
433	512
291	473
273	438
514	656
349	423
447	537
46	342
16	478
574	638
88	190
393	571
92	681
224	415
304	348
70	569
46	541
444	551
473	677
218	585
41	714
570	717
491	607
236	284
60	632
103	710
49	288
346	545
691	740
392	439
324	580
251	667
358	376
109	232
467	519
655	725
404	531
284	560
371	715
116	204
165	648
56	650
57	262
12	573
277	580
580	703
144	601
297	455
49	592
42	82
521	682
160	316
422	602
259	462
431	696
319	682
380	661
93	308
46	316
335	416
99	363
4	377
138	237
91	367
118	234
611	723
183	719
139	730
602	684
354	697
321	560
156	189
211	672
243	388
36	508
60	456
160	740
131	415
7	561
45	704
67	734
410	490
132	366
597	662
458	700
526	660
444	464
257	357
284	320
336	665
24	155
471	523
119	683
358	466
213	473
118	178
230	623
346	485
59	84
1	256
645	711
77	365
459	522
149	713
172	354
144	207
330	522
278	694
267	418
144	461
471	664
374	503
47	110
617	629
214	642
130	286
167	364
660	703
65	367
239	407
95	155
193	497
274	643
552	634
127	310
32	565
167	642
501	636
142	681
343	406
189	599
239	404
204	379
439	641
532	657
158	208
364	637
457	552
70	123
189	535
17	265
45	548
160	429
320	499
340	695
25	482
163	250
127	673
147	476
320	509
429	430
178	331
217	588
93	370
29	516
223	634
197	242
351	548
158	290
603	675
151	252
86	481
13	296
329	392
154	291
235	489
125	543
30	508
81	538
89	460
562	725
199	317
264	388
358	681
193	319
537	748
217	240
215	315
190	443
441	477
5	648
503	589
421	540
553	620
526	723
587	697
268	346
304	352
144	496
175	479
87	747
207	489
238	300
62	680
477	568
210	598
269	300
29	385
235	464
205	235
397	428
127	299
75	554
259	378
221	726
466	697
348	470
324	396
4	583
362	398
359	625
336	397
656	672
161	538
18	426
6	401
529	697
27	244
387	713
308	576
232	361
173	195
149	231
273	618
277	297
345	664
44	194
209	316
479	507
604	670
413	650
386	564
389	542
71	674
234	477
7	441
568	735
583	658
35	63
110	236
433	517
3	404
568	709
105	265
164	726
334	615
207	503
44	600
134	607
108	666
463	511
250	392
247	508
39	636
596	625
37	456
64	504
331	676
338	549
347	730
172	317
226	261
186	677
75	715
116	251
278	402
18	542
588	625
410	558
250	433
203	207
141	733
185	630
190	547
51	556
16	683
32	571
211	454
69	263
260	414
362	415
455	591
125	339
135	599
47	348
82	525
446	670
77	199
388	458
288	715
502	528
25	67
382	408
6	106
622	707
196	577
239	452
209	528
325	633
561	681
284	726
241	591
264	500
5	522
440	582
681	708
463	518
178	600
417	730
32	168
573	701
406	735
14	124
134	477
27	402
325	473
17	79
33	644
610	717
109	749
595	672
113	553
147	697
0	415
540	609
195	555
184	435
90	666
141	257
218	687
64	510
220	303
285	715
591	716
224	709
17	532
619	734
171	205
91	365
93	264
465	631
467	665
319	578
170	192
238	551
390	605
453	675
401	566
8	714
6	422
1	35
574	720
185	266
212	311
434	473
213	526
363	405
276	670
429	466
179	629
443	495
202	354
146	571
337	345
22	539
321	740
342	559
141	310
175	597
98	379
472	716
287	458
322	496
93	110
343	361
470	605
335	378
313	361
10	424
2	138
31	458
53	659
413	505
67	172
81	485
410	722
10	735
182	241
86	581
706	748
315	598
686	729
143	704
68	396
11	389
316	598
7	279
100	486
178	213
143	397
310	324
95	207
160	459
297	391
272	322
407	687
35	538
240	412
288	376
57	200
304	470
43	171
42	374
240	661
26	259
331	543
130	669
226	718
316	742
118	212
304	509
191	485
73	102
334	575
77	487
161	576
181	183
383	623
10	253
145	406
133	482
111	696
235	637
204	656
28	224
189	219
222	525
59	269
60	560
343	421
143	365
366	656
670	712
114	449
184	562
337	608
653	681
514	618
252	630
97	610
163	302
174	385
31	176
293	467
209	410
87	631
113	292
62	532
704	707
56	448
161	364
121	225
368	583
350	555
180	260
210	452
73	390
143	476
156	623
670	726
189	528
131	308
25	283
46	610
95	416
33	164
208	327
494	686
315	680
14	309
339	696
471	690
193	214
166	483
118	370
525	597
4	412
338	581
148	716
527	585
511	580
421	436
496	723
690	704
415	508
239	397
53	690
220	653
51	240
430	677
555	588
216	452
610	653
32	344
244	611
19	443
241	655
240	672
235	746
308	665
165	720
135	469
46	389
27	202
510	640
207	409
178	330
488	666
415	733
186	495
212	709
18	429
291	392
442	713
39	459
129	507
22	723
328	616
113	129
142	307
286	741
250	572
219	661
431	512
339	667
254	533
198	678
328	577
208	628
392	678
211	669
19	730
57	259
519	666
428	508
245	615
215	378
136	543
96	732
72	402
134	260
89	496
48	435
622	645
426	586
241	265
667	689
125	304
266	651
92	532
538	591
572	665
75	217
650	651
207	514
0	418
229	496
454	525
351	683
15	409
175	564
259	316
35	260
169	407
207	464
134	619
149	419
7	470
20	345
33	249
254	347
362	506
365	440
74	255
272	518
109	318
103	597
116	561
358	696
535	574
428	612
59	409
581	596
48	617
177	719
26	506
439	732
93	351
479	700
368	633
84	495
338	354
128	306
556	598
111	671
323	673
119	447
82	288
184	654
588	624
68	117
29	328
359	424
534	651
19	417
223	330
90	487
82	494
634	649
206	528
170	525
111	304
240	658
394	420
603	687
541	748
543	679
53	204
604	722
137	158
3	370
170	480
488	503
115	259
455	460
164	682
36	204
65	594
287	677
443	456
330	681
74	209
111	642
342	640
726	749
190	595
47	388
42	179
269	310
199	402
262	267
198	674
393	561
42	49
607	724
261	678
66	720
497	642
18	657
209	269
390	627
429	587
335	586
180	693
16	426
248	742
223	552
268	296
46	71
114	385
727	745
481	709
375	705
211	631
239	613
631	675
167	410
327	358
224	265
478	703
395	444
137	164
15	284
620	727
396	727
353	660
55	636
20	176
223	410
109	333
244	604
217	633
509	540
74	611
244	571
162	457
107	347
164	218
581	731
468	587
174	523
290	489
632	678
199	403
695	745
321	484
4	574
609	699
21	309
238	623
570	581
12	133
594	671
89	103
488	709
142	522
170	657
77	647
26	455
193	250
376	541
135	547
299	452
55	124
53	369
152	493
276	324
198	476
264	733
338	743
141	457
191	192
533	556
69	586
72	125
124	453
254	540
15	131
239	460
50	480
168	347
68	442
564	732
399	427
26	532
61	494
136	421
120	602
113	685
0	270
75	77
542	606
674	712
305	323
30	646
510	514
19	457
210	416
134	635
258	372
317	413
301	426
137	739
709	717
377	743
191	747
297	665
336	561
546	711
41	720
521	602
245	682
103	303
16	213
132	657
376	633
127	331
109	646
42	578
441	716
635	659
154	564
460	498
338	694
162	658
236	398
285	404
430	555
54	339
166	622
572	742
116	368
320	629
368	661
295	458
36	453
168	490
46	721
26	401
568	609
386	657
633	661
258	511
134	551
143	150
227	281
29	252
571	659
496	528
350	604
84	231
174	308
191	652
88	213
176	387
74	711
323	611
577	618
202	344
586	615
65	608
31	564
383	552
284	690
260	602
672	677
283	660
235	473
636	670
153	267
331	624
274	294
500	678
97	313
502	689
479	709
7	115
370	520
184	263
560	635
100	137
492	526
329	607
465	747
510	746
133	400
96	582
79	236
9	459
52	413
81	620
165	468
145	216
38	448
15	731
21	244
230	389
332	455
497	689
154	289
462	509
302	534
73	207
411	724
464	709
214	661
40	101
454	492
155	665
97	576
202	534
241	450
39	120
605	741
62	670
183	336
208	465
448	480
105	571
493	577
358	478
12	536
63	145
296	433
472	608
141	663
220	503
662	718
461	746
559	573
37	552
656	682
377	546
240	634
289	394
130	696
79	208
575	645
313	604
200	262
724	738
217	320
426	563
69	659
200	427
104	609
7	533
77	524
139	409
278	369
1	289
203	362
87	608
113	632
302	452
201	416
300	691
634	703
32	212
330	717
75	747
233	319
323	575
402	650
159	596
150	248
257	405
361	377
651	684
509	629
288	296
90	291
122	575
658	673
109	634
365	427
133	625
14	582
311	661
586	595
531	668
511	522
29	578
32	568
3	421
220	725
638	702
143	488
245	610
463	565
345	438
172	533
362	748
108	721
233	370
265	392
344	540
461	737
379	443
450	668
390	732
48	577
545	705
66	558
147	678
450	627
249	427
0	47
321	353
12	325
502	655
335	604
261	340
205	675
122	671
55	123
643	673
355	446
182	738
184	397
121	422
266	647
43	525
298	702
130	242
175	251
252	560
25	405
669	681
33	424
99	588
45	135
99	235
414	462
463	531
339	650
3	94
386	723
422	636
209	732
192	285
98	211
150	746
178	571
120	197
523	674
360	523
95	317
75	164
525	730
402	707
290	653
89	523
225	741
598	653
347	370
311	716
137	479
215	620
187	506
257	276
4	396
531	580
116	622
266	363
159	283
409	555
223	347
178	692
12	456
101	654
369	446
136	526
194	733
618	741
72	497
360	566
157	606
516	610
95	109
222	624
29	347
281	435
45	130
183	187
351	599
83	100
96	264
564	638
17	163
397	629
33	320
129	578
259	417
296	636
544	579
28	699
110	556
17	574
129	481
14	313
177	450
87	227
277	547
391	478
43	600
461	649
102	137
453	740
346	626
205	482
536	657
53	99
227	432
69	430
722	738
98	166
587	595
35	172
240	568
132	171
349	449
98	465
136	363
64	450
219	392
76	244
154	675
482	502
117	664
260	361
312	633
200	305
20	239
246	554
54	102
166	350
383	444
403	740
263	516
286	523
173	604
92	362
138	421
521	546
72	331
322	637
149	380
726	738
184	504
593	735
312	332
281	701
290	423
200	676
9	55
164	211
51	250
294	344
641	686
537	548
397	639
135	544
220	268
472	745
296	448
440	672
339	694
3	217
1	495
234	303
287	515
330	457
135	278
168	341
50	114
150	558
57	745
143	459
92	452
72	480
522	677
349	579
34	741
438	670
317	458
267	640
23	323
52	429
578	738
197	423
172	234
501	529
133	145
156	284
428	448
109	237
3	300
324	540
252	474
509	641
144	736
389	643
346	649
219	256
461	605
139	539
498	627
69	457
6	31
39	596
130	306
100	277
22	53
348	519
599	734
104	365
275	356
148	745
1	34
184	665
514	575
92	548
138	225
170	359
85	446
366	749
126	422
137	545
544	557
186	546
279	451
224	733
92	691
49	94
391	454
207	410
116	332
188	634
471	711
156	350
45	615
183	516
299	557
450	502
222	276
236	420
91	254
180	370
326	540
380	452
19	98
147	713
168	427
7	277
261	447
582	653
266	531
385	742
436	703
160	475
391	699
94	720
140	202
2	719
585	657
26	29
80	536
180	504
346	474
25	526
512	541
169	590
492	521
240	289
115	621
236	536
234	476
296	371
16	323
346	703
234	678
125	717
72	610
391	399
185	482
86	188
371	711
502	590
108	318
546	729
434	670
175	524
15	226
372	496
127	301
20	189
240	429
25	439
341	394
310	503
377	504
140	697
249	416
186	727
540	567
56	165
405	644
415	629
34	360
662	714
274	411
126	670
637	691
303	547
13	97
105	603
19	603
29	629
311	428
254	480
182	581
59	602
565	728
588	685
624	711
19	488
443	638
510	692
145	692
17	726
174	508
113	495
184	192
27	688
669	673
167	369
278	530
53	88
328	722
290	657
63	449
70	103
573	644
369	747
307	614
453	719
152	210
220	511
185	648
130	188
54	207
27	549
143	546
127	490
177	277
407	460
266	621
224	582
344	618
31	64
277	391
375	722
208	711
299	374
163	660
152	701
140	748
407	554
36	218
312	462
600	741
415	523
107	563
637	697
259	747
570	665
422	494
234	411
175	527
45	470
111	472
300	686
190	223
430	678
100	251
69	296
179	302
157	435
269	545
265	520
9	358
130	373
70	403
405	707
244	499
177	622
145	373
133	749
122	133
421	637
89	394
79	704
422	729
15	432
3	567
23	671
514	709
197	209
176	437
337	616
88	403
22	435
348	546
265	350
283	642
235	678
194	537
199	723
260	330
670	718
45	200
4	528
27	241
25	425
197	262
315	600
130	239
364	431
42	99
44	407
403	468
137	394
208	653
81	589
427	701
0	600
73	291
248	599
141	642
300	477
412	662
254	745
262	432
258	442
116	349
245	392
582	626
194	697
210	359
71	364
16	667
259	677
33	264
479	533
313	348
189	431
87	497
193	575
561	739
217	261
135	697
207	472
363	512
30	671
293	561
617	659
330	346
266	500
101	359
25	380
394	422
196	395
214	262
158	468
455	565
212	325
79	130
324	493
427	635
440	525
226	262
602	616
286	726
188	470
19	734
342	347
348	721
138	651
244	431
373	635
86	354
26	365
418	456
203	718
216	526
108	344
399	478
20	509
218	683
75	628
134	579
159	363
120	206
280	572
655	657
116	191
139	172
244	707
253	313
342	425
533	668
122	708
53	735
254	592
322	660
508	568
291	595
103	337
391	402
412	461
72	476
445	641
301	529
301	338
251	574
144	735
371	431
185	677
276	470
277	453
297	352
268	523
411	694
460	632
175	640
125	636
14	722
71	739
226	514
17	24
80	708
256	384
469	593
35	134
57	110
161	360
94	655
9	590
92	356
70	724
14	421
269	341
222	662
5	628
28	496
524	692
427	475
570	573
312	749
351	709
157	386
15	181
241	637
306	736
310	375
476	575
372	558
225	635
68	510
173	422
124	212
526	580
375	411
167	573
1	347
451	529
454	736
89	707
496	733
124	125
330	748
431	555
282	469
101	281
10	438
435	497
258	508
252	480
421	509
53	581
536	733
286	587
144	548
113	490
473	626
416	584
181	346
54	667
18	357
232	703
199	725
215	368
217	517
57	402
83	185
163	407
346	644
245	433
551	620
436	660
394	517
130	275
324	330
519	657
86	692
211	369
202	683
650	676
303	681
520	564
47	415
146	549
63	557
587	597
275	480
142	288
265	550
166	549
185	282
321	364
108	252
203	445
105	441
211	233
33	199
281	477
170	318
390	474
304	469
245	298
50	474
491	712
446	535
339	490
514	590
165	654
482	496
51	563
50	387
199	591
31	398
207	255
420	597
610	642
94	554
223	473
12	480
406	464
189	334
308	460
382	721
199	506
738	747
334	587
374	464
461	464
181	360
288	395
187	656
144	460
489	742
70	80
415	722
278	424
322	514
341	437
200	296
163	561
82	595
549	561
284	728
141	487
217	716
450	471
178	491
80	446
205	276
465	705
342	445
155	647
209	306
325	336
554	595
333	551
81	434
238	423
252	380
135	155
323	435
596	677
87	353
144	420
117	170
126	502
527	627
32	664
47	550
22	115
322	487
704	740
112	319
608	714
88	530
418	638
676	678
67	666
578	695
58	491
282	634
18	481
319	334
258	425
229	667
288	428
511	694
223	332
586	612
553	629
73	412
202	712
242	564
201	623
241	500
346	594
250	518
189	497
382	510
87	569
326	444
3	580
393	525
322	521
309	498
61	272
289	380
13	466
457	725
54	180
284	570
142	157
448	493
181	457
50	459
82	472
21	381
523	665
271	307
625	737
381	431
68	461
588	707
142	329
160	734
392	450
97	170
166	626
304	718
30	588
142	613
615	623
431	514
453	630
581	628
692	733
313	502
444	732
551	674
396	674
49	461
424	580
182	235
458	477
470	691
3	177
373	431
211	357
536	558
469	730
670	703
17	598
267	300
4	404
77	104
660	672
164	374
33	290
65	722
132	711
487	603
580	623
325	735
39	214
9	20
417	668
21	137
411	518
238	393
276	392
106	260
345	518
42	429
427	476
324	514
415	580
232	727
184	674
258	742
87	691
286	495
8	638
111	135
225	591
428	712
87	334
299	549
275	655
577	716
64	708
110	529
21	426
436	721
500	631
237	570
65	588
110	340
409	470
453	669
100	701
171	337
135	392
534	671
464	509
221	303
101	122
110	266
189	705
380	517
663	714
344	704
439	649
181	395
219	621
486	538
115	306
158	272
399	441
59	488
49	360
141	159
6	593
204	700
112	340
78	746
576	613
32	590
235	265
155	632
68	477
300	541
56	387
411	634
27	605
27	576
158	697
241	630
196	278
148	430
158	723
423	606
492	495
261	474
134	160
234	296
116	249
414	514
58	473
359	651
251	603
204	401
143	438
74	604
57	592
16	331
111	420
235	337
6	103
570	659
412	581
251	436
206	213
310	476
407	656
260	617
274	381
4	373
297	568
111	724
285	543
66	77
603	725
102	438
632	696
463	635
105	541
76	509
320	383
596	606
380	404
85	465
475	582
309	321
79	332
7	531
14	369
79	337
369	601
620	670
482	599
377	666
173	676
96	309
411	749
170	199
100	450
408	442
229	703
535	611
29	338
423	698
10	72
348	675
92	710
680	736
164	715
399	596
385	404
482	623
72	144
141	647
67	394
487	554
222	295
218	485
186	447
210	736
23	32
290	454
418	437
159	678
94	212
485	716
259	580
112	495
254	668
210	333
237	286
246	337
148	190
133	638
60	585
246	318
454	679
45	743
314	378
74	558
586	652
100	232
43	626
223	308
329	730
303	703
92	465
277	744
4	577
2	46
583	690
33	44
337	636
28	315
405	623
66	384
70	429
425	625
510	708
483	657
101	322
425	491
64	728
12	628
228	518
144	340
244	480
171	385
234	239
24	369
38	165
19	504
137	577
477	705
665	693
360	541
293	490
77	196
19	49
536	678
128	474
473	641
166	211
7	348
171	350
120	744
235	292
166	218
78	102
178	298
223	650
419	438
547	576
249	677
164	704
200	264
200	718
88	111
227	341
32	265
49	562
294	692
220	468
606	669
21	596
216	719
571	739
329	351
346	548
59	104
214	556
362	668
293	534
249	714
416	736
250	696
129	493
259	395
378	670
204	617
503	518
167	576
468	544
651	725
218	534
143	393
375	538
131	614
447	633
298	701
12	351
424	537
390	482
493	558
259	345
240	437
226	473
32	102
480	651
565	609
9	736
634	640
300	542
24	100
203	593
164	478
164	585
87	613
119	133
420	692
45	695
269	704
163	468
203	421
185	296
202	592
467	642
162	575
12	512
40	183
255	456
101	714
287	337
63	144
64	245
206	367
726	734
407	660
372	599
241	594
111	690
190	614
326	652
70	281
76	544
275	746
285	409
355	561
159	422
74	470
23	522
145	630
531	579
152	538
7	31
83	248
159	187
238	304
488	726
260	597
273	483
70	94
651	717
398	608
280	364
153	409
150	623
18	598
126	655
459	703
537	556
87	261
243	528
43	268
47	136
212	273
117	135
29	611
76	483
545	599
401	439
355	591
68	733
34	628
296	313
552	602
346	365
181	642
469	648
21	504
115	275
264	280
139	358
204	421
454	707
506	670
362	496
108	607
513	650
476	642
465	716
401	464
135	268
396	460
16	598
109	709
200	687
370	513
38	422
421	703
174	325
117	128
344	529
508	622
298	424
57	177
102	256
149	737
135	735
377	449
239	702
388	539
649	688
330	510
581	725
79	407
257	529
40	268
404	453
245	464
194	667
264	636
105	184
537	563
635	645
430	440
180	675
199	684
263	312
22	254
51	194
486	490
453	679
205	224
124	636
476	662
607	641
73	381
97	180
100	400
296	425
436	493
376	644
87	324
390	558
18	548
141	265
141	239
2	72
238	540
21	571
167	515
320	628
456	485
202	546
100	560
27	61
378	684
2	14
587	626
232	697
529	603
137	258
55	198
177	573
243	566
47	493
381	677
38	562
106	294
378	603
296	534
45	609
279	666
121	683
176	552
170	316
425	725
183	223
176	746
207	422
603	645
311	324
230	690
570	576
84	575
486	689
411	487
520	623
659	685
47	221
685	688
136	647
575	740
102	493
170	315
96	342
190	200
20	423
683	738
37	93
471	696
203	597
74	450
252	460
85	269
9	531
409	598
4	729
663	731
185	582
253	416
35	158
444	561
41	355
264	677
101	406
217	357
254	482
266	342
43	317
308	421
50	357
99	613
142	614
7	524
480	488
16	655
126	303
92	144
188	728
235	588
111	405
119	371
29	459
24	376
2	724
243	353
58	747
166	273
130	336
278	701
254	647
34	394
253	573
271	399
148	187
337	473
12	60
202	621
199	530
47	66
541	548
318	724
505	541
127	406
115	592
160	218
27	440
135	138
27	197
342	535
199	587
108	745
454	555
99	338
166	303
517	584
229	233
63	474
38	129
267	333
248	366
15	433
53	409
578	632
284	383
516	604
480	700
320	413
364	554
146	588
101	579
441	529
164	214
466	696
451	533
667	733
40	403
246	715
27	318
78	130
95	444
123	721
438	447
52	114
166	594
46	273
160	693
85	280
31	360
14	433
283	463
31	318
183	265
87	138
589	703
123	572
74	606
134	221
395	685
155	411
325	734
129	414
10	80
199	289
43	423
55	454
207	433
84	682
18	691
208	573
172	191
461	501
127	587
166	686
143	530
424	631
38	624
605	681
450	461
288	485
12	423
166	281
200	459
560	746
98	366
178	494
327	734
84	97
380	387
87	626
49	265
362	546
175	411
192	363
29	130
31	473
161	522
265	613
497	514
97	325
98	733
448	746
135	438
202	219
211	551
370	527
390	693
516	546
239	544
54	633
495	742
351	497
46	345
6	380
282	396
227	523
518	597
400	527
370	429
367	379
56	93
460	637
551	574
87	638
175	566
241	325
542	581
308	743
202	339
591	634
387	593
431	533
497	526
14	549
20	334
242	653
105	180
220	721
23	186
411	737
162	375
228	656
355	359
43	201
184	265
206	562
230	327
255	553
45	247
324	352
102	395
198	669
591	663
62	395
398	497
366	453
289	415
37	171
139	246
69	227
85	703
245	589
41	122
426	640
125	734
55	508
691	692
3	537
36	628
141	734
241	274
90	469
496	508
282	530
49	531
283	672
103	532
382	586
105	696
314	571
77	551
555	625
10	428
62	636
9	444
357	609
384	388
417	620
264	738
39	440
2	583
482	682
108	260
524	723
654	689
100	567
428	653
334	458
149	350
359	428
430	664
78	616
64	314
28	171
103	419
92	365
498	531
35	408
599	625
283	313
76	153
375	651
273	423
307	486
30	544
362	518
177	563
74	552
245	699
176	601
290	498
291	361
455	604
150	286
153	228
315	333
425	666
42	359
480	667
254	682
442	586
219	742
5	175
182	690
162	651
55	57
28	176
484	553
524	678
241	307
256	730
498	741
157	291
95	451
346	366
503	545
71	76
317	345
384	611
325	688
6	59
60	390
216	385
47	644
303	714
116	391
160	329
30	537
59	572
45	515
68	388
198	470
70	688
33	578
183	683
229	400
325	682
82	439
332	732
6	695
560	612
399	711
365	414
276	666
132	535
649	689
148	582
96	667
277	686
531	688
277	618
403	665
41	678
242	422
54	112
481	489
478	539
5	676
584	679
356	510
252	542
444	725
346	370
59	212
46	56
117	655
61	178
30	540
68	704
261	274
8	344
249	560
590	689
275	406
278	555
286	287
205	353
315	617
601	630
514	732
500	626
158	499
219	304
142	287
391	395
177	699
50	494
266	463
196	526
36	638
62	229
434	585
556	617
249	746
82	687
318	507
599	674
0	450
34	99
151	317
54	485
159	575
174	364
512	720
460	481
198	646
416	697
80	306
148	682
200	397
35	238
327	573
29	521
383	658
194	466
365	723
94	706
65	85
450	643
120	380
277	683
424	442
53	276
244	356
390	483
463	596
257	586
180	653
141	255
89	403
43	233
517	532
70	347
155	713
148	393
231	671
498	594
454	714
390	730
175	193
569	633
1	665
66	433
44	543
12	443
90	245
325	613
217	463
350	410
185	733
44	418
415	496
163	445
354	382
62	606
240	636
102	447
287	667
274	285
370	721
78	215
184	663
49	83
392	466
27	529
316	719
59	91
245	318
369	502
389	662
99	532
278	618
359	736
605	625
106	660
214	744
12	47
205	403
219	660
11	747
219	665
563	600
573	716
20	665
605	621
487	705
31	196
87	443
343	676
559	593
653	667
136	147
190	347
3	8
376	650
290	533
26	466
355	368
394	742
2	657
32	163
146	662
309	736
2	545
221	350
12	529
42	342
488	675
42	717
180	706
240	610
600	634
164	593
217	701
278	374
311	662
353	692
373	552
305	391
429	561
431	659
452	634
592	628
490	606
95	349
261	386
66	509
217	678
388	491
184	621
190	349
670	748
289	370
349	541
94	282
36	661
92	111
311	578
337	445
510	538
464	550
392	478
84	664
301	453
391	614
158	240
318	551
21	385
19	490
263	367
133	234
330	448
142	244
417	480
28	627
134	602
87	268
470	736
139	522
628	682
514	619
569	689
251	497
443	695
126	343
267	461
285	454
210	499
232	552
91	530
514	650
645	683
674	680
215	295
166	258
499	721
226	425
253	387
184	186
26	637
102	693
614	660
73	337
460	489
47	156
380	724
308	680
336	577
311	434
604	627
40	174
0	236
621	657
252	564
277	459
141	344
315	432
192	213
542	689
522	608
61	256
175	500
220	298
156	495
66	671
6	369
77	402
186	555
260	474
249	557
488	495
139	732
330	743
30	57
8	416
722	730
341	503
106	639
242	530
319	642
303	718
2	540
498	586
100	162
467	645
102	733
124	194
137	555
261	725
157	286
5	169
300	560
109	110
590	633
104	518
105	141
541	723
59	334
30	219
412	566
278	624
148	180
508	694
133	304
333	660
391	428
164	468
227	505
180	393
50	733
108	332
165	706
65	283
232	526
131	427
197	329
0	654
219	406
381	521
286	487
389	499
271	470
448	546
287	299
380	553
119	648
93	499
100	173
105	249
89	129
716	746
465	507
198	642
196	701
54	287
71	679
128	510
337	553
192	271
659	738
306	655
265	517
242	546
97	217
44	614
29	663
143	180
218	588
18	115
161	430
517	710
115	477
609	633
81	494
389	404
12	503
440	701
414	467
65	659
322	502
191	615
376	747
146	632
253	321
266	591
430	625
67	171
295	615
106	457
653	709
174	210
36	617
416	647
69	242
48	593
337	555
436	534
291	416
209	582
123	227
148	334
428	640
39	733
287	690
65	733
152	457
621	710
333	583
161	743
99	404
267	513
222	622
427	597
474	673
238	366
91	527
31	52
350	648
234	373
412	420
303	454
46	231
206	291
1	705
478	615
16	698
233	423
96	686
618	640
256	725
688	730
179	291
227	602
224	710
257	265
49	405
242	697
428	544
196	527
439	560
290	349
12	625
93	552
94	671
299	406
626	747
502	569
180	490
229	434
531	555
127	265
150	733
137	624
69	722
208	331
317	556
393	559
548	656
389	694
19	260
278	399
379	741
212	486
473	673
691	703
416	551
79	529
208	429
260	685
169	589
61	550
20	714
315	416
50	95
343	474
80	377
16	166
419	607
98	304
93	680
37	408
89	693
107	730
94	198
176	256
382	464
312	492
284	564
115	630
135	419
110	727
528	685
63	748
328	615
368	479
86	112
1	477
83	716
541	575
401	567
60	366
187	563
164	391
117	479
338	718
14	372
337	464
2	665
388	495
61	444
32	557
360	597
375	514
6	326
341	399
35	99
402	475
676	743
118	495
275	416
235	317
93	622
25	695
309	355
276	693
292	630
577	720
7	566
351	372
235	305
394	730
357	694
697	730
117	179
256	562
286	596
204	457
155	394
12	177
299	449
577	615
65	576
487	734
153	246
16	278
478	499
370	664
298	616
468	593
15	455
313	353
191	370
91	555
437	714
492	504
62	198
176	726
111	396
79	137
270	576
328	546
92	730
344	629
76	577
672	702
60	308
10	33
275	443
203	241
422	703
117	364
150	450
200	313
364	649
377	619
80	535
350	608
185	693
130	444
108	633
87	731
265	437
402	452
141	530
272	376
635	749
485	631
364	463
313	383
555	711
333	408
313	705
23	194
42	573
140	464
80	402
267	441
147	309
52	257
513	710
614	620
71	592
62	417
458	491
58	129
324	386
314	644
151	274
251	416
27	63
176	445
382	513
121	524
322	636
306	503
224	498
287	614
602	730
419	525
347	373
671	696
434	548
167	623
271	284
10	346
290	469
45	715
226	287
153	466
112	285
637	693
534	703
8	151
160	653
18	363
64	513
602	660
250	450
133	434
328	358
73	682
289	644
275	525
524	701
126	745
132	138
102	548
21	96
8	13
4	242
4	338
262	296
59	378
1	506
415	592
133	217
609	706
275	704
416	656
95	196
164	231
603	643
182	586
207	527
11	646
380	438
147	212
231	581
138	227
319	406
607	625
78	708
408	744
327	646
161	268
483	645
157	187
555	743
499	619
167	208
155	675
394	662
71	181
134	393
346	534
177	317
104	342
29	451
393	541
174	708
137	679
288	642
92	425
276	370
600	652
459	576
134	182
615	730
601	640
392	588
184	612
199	613
316	516
315	361
466	730
288	431
18	529
88	101
107	458
134	439
360	372
56	234
456	518
5	216
109	711
366	642
55	398
511	544
102	158
140	742
6	390
286	739
275	452
293	335
124	245
86	284
198	723
49	110
150	158
46	263
452	484
382	729
508	576
378	700
264	344
187	289
85	273
178	707
338	454
123	211
247	708
156	378
551	652
166	668
153	186
228	681
627	690
424	699
45	682
84	724
81	303
192	658
619	686
234	236
661	715
490	632
0	434
118	362
282	637
245	732
166	643
391	627
176	254
360	646
132	591
167	267
4	618
112	576
113	172
492	621
462	727
449	612
9	241
299	639
199	276
71	348
44	550
202	749
232	608
169	258
487	550
444	576
391	732
299	307
131	612
15	603
281	747
47	486
336	458
181	302
148	667
170	630
368	560
437	721
415	731
55	199
274	296
172	309
41	458
136	517
138	315
47	152
230	487
66	385
721	740
164	475
31	145
297	384
72	637
442	507
462	569
371	402
468	564
266	387
673	684
592	602
118	629
186	511
288	740
204	466
223	241
78	320
317	540
540	725
192	721
21	274
375	515
221	290
129	568
295	598
43	638
255	339
129	666
331	500
90	677
29	237
85	576
56	465
319	563
323	538
105	213
135	318
273	481
180	572
261	348
25	696
278	389
420	425
65	584
58	597
210	584
88	268
151	545
175	420
390	539
443	677
344	747
313	332
41	425
7	364
64	742
31	604
152	660
11	367
124	723
243	251
464	726
164	193
162	419
104	562
543	657
575	671
285	425
462	532
633	652
81	740
251	384
10	431
556	646
597	722
635	677
26	400
417	465
96	671
576	696
588	660
474	515
247	626
37	145
306	682
299	460
592	749
111	635
460	541
61	747
115	464
175	707
576	577
324	451
394	503
441	590
398	535
105	638
596	729
121	659
476	566
411	580
256	511
19	700
51	189
146	699
525	745
97	422
54	504
376	620
292	460
97	585
176	421
270	411
229	308
243	317
147	218
209	482
118	562
60	737
338	672
492	739
144	568
140	144
188	620
221	371
471	630
409	495
410	663
463	577
171	544
291	498
80	209
599	683
246	348
27	72
483	516
589	743
446	676
364	420
660	722
658	714
103	673
610	707
272	323
438	534
136	744
531	659
146	568
168	646
348	451
132	253
741	746
152	336
262	341
85	734
5	197
405	595
478	614
110	493
479	623
88	663
97	389
25	616
302	604
114	289
140	371
314	692
687	734
521	527
666	680
333	712
4	332
133	653
483	548
93	594
214	725
305	491
316	714
408	683
498	718
154	626
599	715
293	656
260	336
642	659
110	134
105	505
202	395
386	642
12	590
77	129
536	683
221	311
110	461
18	436
382	402
132	209
101	196
132	203
415	660
133	342
512	643
99	745
339	573
82	564
275	370
35	562
254	309
471	601
45	416
294	560
0	193
366	568
357	600
106	606
4	194
258	464
75	725
69	121
47	554
64	134
138	320
154	608
97	670
140	304
310	372
312	639
642	719
132	688
298	692
406	493
284	694
2	132
160	404
56	495
5	295
29	671
320	549
277	737
35	482
419	698
190	706
155	219
250	289
17	624
407	645
380	626
606	670
176	703
132	573
5	131
242	557
142	419
476	690
7	652
304	721
265	301
144	549
652	660
124	517
534	642
188	483
432	597
23	167
228	337
575	679
79	544
235	666
219	534
432	437
249	573
76	459
290	558
26	470
107	734
405	546
62	479
687	704
707	719
335	429
173	598
444	504
122	725
508	533
45	714
195	288
361	588
192	353
169	587
197	491
377	455
207	648
328	511
62	748
128	242
133	372
167	418
55	218
208	307
305	372
221	293
319	584
421	499
214	726
406	636
65	708
48	309
107	355
457	694
15	642
74	400
372	550
200	688
298	646
407	639
473	648
156	345
289	344
10	61
610	720
537	648
421	590
141	284
122	353
187	494
580	632
45	536
139	414
156	162
490	523
646	673
288	328
480	736
338	608
523	691
549	703
332	575
418	439
428	542
23	606
501	540
90	485
251	397
111	718
16	556
195	390
480	546
96	495
297	635
187	639
48	720
34	202
126	314
616	716
94	697
100	236
61	74
8	553
334	656
510	619
310	446
601	689
39	704
110	382
27	446
469	611
256	290
196	415
208	259
24	144
210	436
80	679
141	624
26	417
91	372
213	618
105	616
40	460
83	198
383	657
191	232
268	488
170	678
32	348
301	502
204	631
67	91
74	532
413	696
35	709
114	396
155	623
590	637
447	681
171	447
514	632
77	374
363	601
421	456
422	695
186	343
516	630
386	639
199	411
13	62
245	530
77	512
185	574
286	431
20	109
598	622
399	577
193	722
208	276
198	700
134	564
210	371
34	330
572	721
22	76
383	484
69	602
57	266
276	703
227	488
12	338
56	341
448	745
28	557
402	422
42	677
350	466
52	384
389	736
31	579
146	560
172	513
23	449
526	530
404	597
165	345
376	706
99	231
485	605
554	592
73	150
464	476
37	277
609	712
33	571
41	308
723	749
26	611
486	607
126	184
88	114
196	308
614	738
23	149
174	739
477	540
204	619
248	375
100	468
28	197
46	153
341	554
454	588
99	265
83	725
37	577
168	515
400	564
15	678
74	197
133	255
537	701
635	729
273	641
100	377
496	749
603	630
45	336
71	559
593	633
208	730
133	538
255	634
188	617
75	175
157	220
205	378
13	416
150	187
111	113
254	298
214	671
553	570
315	460
253	422
60	331
341	352
16	614
3	105
20	719
131	439
178	679
77	319
133	225
402	469
400	461
94	643
206	484
183	468
22	728
209	489
388	521
148	507
92	283
474	629
214	544
98	604
525	729
303	609
468	514
217	604
111	325
249	334
190	312
385	622
79	219
700	737
174	176
41	516
166	667
196	227
322	336
412	690
20	459
3	414
141	187
239	566
226	338
208	680
320	635
128	484
571	692
236	353
71	474
15	53
410	738
236	338
79	503
196	340
349	381
99	431
40	160
105	253
152	634
310	556
459	725
46	152
93	687
507	708
382	724
532	612
59	265
0	295
142	742
48	391
198	392
164	510
538	737
24	559
633	702
154	353
25	219
1	202
205	717
337	447
199	397
662	672
306	348
150	369
528	610
79	427
336	725
74	441
138	593
95	208
224	538
218	366
387	722
234	459
41	299
242	273
562	703
383	518
50	188
126	232
45	495
108	582
616	703
237	456
115	286
635	741
541	580
107	535
595	660
200	735
165	665
15	474
15	396
540	637
221	744
267	477
131	391
188	266
3	715
83	587
15	49
312	740
66	506
324	456
188	431
215	650
43	686
258	397
267	403
120	704
391	664
141	645
23	141
431	594
303	479
372	530
449	578
74	633
168	395
37	233
63	235
120	270
137	550
628	688
244	679
291	383
131	364
38	407
29	395
15	538
159	352
340	637
478	677
315	681
18	455
306	540
494	695
401	578
535	539
68	446
68	279
214	585
229	409
136	523
619	723
37	576
246	599
308	491
382	679
55	726
16	741
63	396
165	243
359	367
82	382
433	546
276	417
261	401
150	410
309	425
117	581
349	565
122	293
267	578
369	580
10	524
206	551
70	329
350	389
106	509
541	600
198	364
109	577
460	510
68	480
313	356
320	389
126	387
21	741
250	287
320	530
300	692
430	433
274	480
165	651
64	381
206	683
280	293
230	539
105	555
150	388
456	554
93	149
10	58
126	708
393	572
498	566
300	491
177	386
380	499
680	708
514	648
27	731
105	426
230	366
342	421
108	572
221	254
38	321
325	410
106	116
414	451
348	654
505	573
477	566
193	707
383	718
422	664
310	417
56	595
344	723
167	400
47	453
263	289
497	732
405	418
220	390
76	336
673	686
420	474
476	712
105	684
11	409
165	523
57	443
592	637
28	342
234	507
121	141
265	371
157	620
672	714
132	154
115	444
50	101
196	374
215	247
75	493
365	607
67	730
59	439
285	314
227	609
161	655
238	530
9	123
485	693
254	532
25	298
179	694
223	675
127	262
32	413
153	294
123	339
359	695
63	630
169	499
630	634
677	690
537	539
9	699
103	357
60	725
94	153
78	718
54	716
464	614
209	687
510	522
450	554
175	435
498	522
177	557
21	379
161	440
390	632
478	739
427	628
408	579
164	597
10	550
290	359
241	667
305	600
217	410
291	345
24	634
38	416
129	182
372	531
377	427
539	700
15	352
483	632
1	736
471	494
169	414
450	541
322	550
357	441
228	477
35	78
147	570
20	111
93	115
189	514
58	658
71	152
173	536
171	677
335	356
188	664
247	337
74	461
362	610
168	238
359	467
189	578
26	614
138	610
503	681
117	359
157	346
576	692
225	386
37	501
22	352
88	177
2	120
397	693
23	654
441	475
156	557
59	482
223	631
181	381
59	401
355	565
278	711
190	733
161	378
353	747
63	491
78	251
233	431
179	339
228	541
639	713
373	447
18	47
126	228
533	681
255	485
203	722
44	632
89	466
7	748
64	290
1	512
587	634
175	637
188	635
558	726
326	465
451	523
201	461
395	617
63	345
348	486
515	528
186	440
343	473
427	446
451	518
10	598
22	326
64	375
411	656
36	105
184	672
163	524
502	602
374	533
601	645
177	539
485	601
336	497
142	193
52	315
242	629
44	562
253	571
495	596
163	189
112	181
118	638
615	660
109	570
209	603
85	581
79	642
24	296
262	393
184	449
309	546
89	682
262	683
108	690
575	620
403	715
396	735
100	316
269	587
352	381
104	699
262	610
196	615
99	692
266	285
331	555
177	373
89	374
198	539
34	135
432	550
315	480
73	290
38	621
464	633
208	541
84	648
485	704
280	653
220	400
50	464
420	506
329	572
578	613
189	234
396	610
315	690
136	315
161	598
444	546
183	536
92	110
2	32
524	526
38	745
311	546
354	495
321	702
453	478
491	733
28	254
456	508
175	685
237	557
174	570
62	219
87	558
63	683
622	635
187	559
18	448
664	685
349	536
440	506
25	172
658	702
290	375
668	670
52	561
0	13
220	304
421	640
349	675
89	328
385	532
160	397
32	493
264	420
69	375
557	735
399	670
484	538
420	476
219	330
278	422
100	634
562	638
10	278
201	329
467	740
381	402
22	356
288	566
50	392
86	225
158	493
482	669
590	715
137	237
243	728
2	664
153	334
405	580
88	441
237	659
389	730
5	585
106	671
247	517
191	269
557	605
379	418
328	395
148	601
476	600
588	698
71	599
109	511
23	174
63	594
40	250
551	684
206	672
30	316
591	746
148	232
495	723
63	420
118	304
486	627
349	487
261	744
326	526
545	666
230	349
28	347
56	258
266	447
65	373
356	511
289	357
568	635
235	591
472	646
549	601
57	349
643	645
315	629
633	736
462	546
569	639
280	591
452	575
84	269
231	432
481	692
31	460
683	749
36	625
156	205
207	672
178	745
144	696
518	682
248	654
71	631
294	659
484	563
72	430
585	642
93	724
8	156
555	614
423	641
115	639
530	619
120	283
142	465
192	248
442	543
364	630
81	364
111	737
526	527
492	554
136	454
291	486
244	696
165	373
20	361
559	698
118	345
352	527
449	505
62	588
688	700
140	257
66	596
256	529
290	682
84	302
123	329
269	368
6	181
231	620
239	426
94	501
504	613
134	670
52	405
505	596
92	412
317	389
101	298
332	562
112	725
691	706
459	485
177	248
255	494
6	353
138	399
566	653
2	562
330	544
447	610
185	564
279	531
48	403
33	688
337	413
619	702
473	642
33	402
568	600
418	522
27	683
399	547
370	598
85	352
226	736
184	723
221	477
260	328
619	644
65	591
65	164
57	501
428	549
291	328
325	480
174	255
340	622
303	466
545	611
311	724
668	684
400	628
354	591
434	720
182	549
352	665
196	474
83	245
73	124
16	422
55	582
189	664
325	373
281	671
414	490
138	306
39	359
218	345
319	748
542	664
74	593
43	732
415	741
24	426
273	557
585	712
486	709
303	591
380	386
325	710
513	701
404	457
223	601
306	507
151	736
55	351
491	639
60	90
711	727
120	749
182	736
427	630
43	175
164	251
199	653
307	732
178	191
698	701
438	465
165	337
464	669
266	563
69	563
526	733
398	445
84	204
385	491
152	709
433	641
138	730
178	468
73	333
427	518
240	414
108	364
177	630
197	691
180	220
171	552
405	622
516	599
149	203
24	726
197	257
281	354
486	659
234	306
3	739
209	716
657	743
79	111
420	690
85	105
351	673
180	310
349	630
219	427
46	109
493	507
33	107
7	651
27	618
144	264
138	486
117	697
629	681
12	107
569	594
72	680
532	726
125	323
509	624
269	290
264	325
439	565
291	315
216	348
421	631
274	461
15	700
44	646
212	527
470	536
184	618
89	719
404	525
392	399
274	585
443	486
71	221
281	341
509	634
22	191
463	716
108	603
413	464
86	534
423	558
168	585
415	607
41	642
234	285
50	123
103	194
562	613
330	711
172	594
90	232
19	50
141	732
219	637
212	508
338	689
675	747
574	639
448	729
9	619
103	483
5	421
144	566
111	320
138	435
50	389
74	106
272	332
158	748
125	337
505	628
281	624
138	304
11	28
256	522
127	382
34	618
204	535
113	724
15	126
165	419
174	358
669	679
382	640
333	429
143	232
554	567
464	582
439	743
102	228
42	115
132	580
52	264
267	623
371	547
140	676
337	536
549	633
545	692
50	432
292	560
263	597
479	511
0	343
502	637
3	127
379	554
328	471
296	396
353	581
86	696
520	742
331	394
279	479
359	440
178	572
249	455
101	619
180	683
250	470
669	707
181	621
166	693
37	571
419	444
214	645
152	320
392	655
508	510
171	476
141	416
32	526
336	494
178	208
104	268
409	583
108	256
316	517
178	272
349	499
425	526
391	593
680	726
196	660
96	579
76	726
99	543
525	632
42	665
543	614
42	730
188	447
139	460
235	369
145	160
499	736
124	691
214	610
560	722
336	700
127	166
422	555
618	675
197	510
418	501
446	573
625	651
600	697
510	613
81	268
25	211
169	576
87	419
118	581
19	122
293	617
83	269
245	255
27	389
281	359
102	329
141	204
342	555
213	230
374	543
584	623
534	711
217	336
113	544
1	282
175	657
170	677
94	474
174	539
371	744
362	688
688	696
367	564
242	534
347	736
212	412
322	747
82	549
230	698
360	663
123	604
600	669
20	701
233	622
313	639
358	438
53	104
351	659
406	499
472	522
309	554
174	615
97	405
244	430
442	578
24	301
352	622
22	362
304	426
221	308
275	552
62	498
327	640
200	420
201	688
155	572
15	397
249	598
46	307
6	624
326	639
175	513
142	236
76	605
600	718
9	330
288	702
363	558
107	282
151	165
268	628
287	509
520	624
113	420
157	651
268	377
64	610
177	460
556	671
64	124
317	374
123	444
68	194
12	13
95	183
267	528
94	673
104	616
23	98
625	723
314	513
217	717
325	588
546	692
448	686
206	209
372	518
266	407
422	725
286	533
106	603
281	366
144	415
308	704
35	682
11	282
502	531
522	624
495	745
370	434
255	340
43	46
276	614
352	506
406	573
1	215
48	135
338	648
148	474
87	684
602	634
41	139
458	694
483	610
59	515
154	642
214	637
44	187
15	375
94	569
404	569
293	321
129	328
301	566
52	665
448	705
209	451
108	746
102	470
280	630
162	235
548	600
391	438
229	472
325	597
81	282
268	539
300	659
144	725
19	733
72	119
596	652
449	541
80	479
135	353
248	660
40	478
98	362
304	726
697	719
176	618
163	507
399	498
301	335
277	427
426	554
404	491
212	463
55	214
131	655
346	605
240	260
85	267
168	502
217	550
261	307
598	621
138	542
100	607
273	331
22	643
508	671
31	277
261	352
196	496
67	471
645	736
280	598
92	243
273	527
389	505
508	655
685	695
369	426
254	329
356	726
181	578
96	339
507	749
575	672
33	269
605	693
298	331
315	540
448	557
58	61
66	130
221	466
158	662
8	426
110	339
42	265
309	424
119	251
32	363
57	564
319	446
287	491
157	688
567	644
10	27
322	691
330	548
577	671
83	606
67	688
120	388
501	635
596	662
513	593
173	499
421	613
108	176
233	278
80	663
208	494
623	650
308	526
61	430
202	556
102	254
280	384
20	470
218	336
329	686
80	453
390	489
215	382
185	668
6	319
318	463
245	389
467	749
285	595
236	514
160	611
389	668
336	400
45	447
127	645
50	140
511	707
43	247
226	642
318	581
535	569
18	575
308	525
100	436
182	744
210	492
118	551
79	600
89	214
123	498
516	565
14	579
426	432
34	292
170	469
410	458
91	104
427	459
278	439
341	350
610	689
97	297
276	746
575	614
32	749
129	511
451	593
95	410
372	664
122	643
495	636
18	568
57	74
265	379
104	548
693	716
71	626
89	733
310	665
31	590
254	478
488	705
275	350
580	635
45	650
243	604
112	298
200	495
25	74
68	244
10	125
378	656
151	391
379	454
44	672
73	169
144	537
170	270
234	703
523	685
7	536
515	579
463	497
231	573
149	201
315	542
539	625
131	182
308	368
59	684
308	697
305	588
13	356
113	251
528	556
209	746
73	286
97	614
341	713
274	742
508	615
97	546
79	362
336	612
49	256
325	335
269	347
155	678
455	584
233	379
590	593
10	399
21	132
162	742
55	311
225	736
478	562
410	509
20	707
25	357
17	732
272	314
404	447
217	342
20	142
83	544
130	360
183	203
76	168
344	598
150	406
339	462
53	673
42	456
137	698
105	692
476	634
8	281
76	444
171	368
94	589
7	683
16	695
84	325
93	668
95	640
174	428
42	565
507	512
234	686
253	683
233	445
139	155
494	564
153	454
36	397
198	671
638	644
102	118
80	537
239	666
380	706
139	273
172	744
4	166
79	472
24	550
4	721
555	717
44	347
93	472
80	533
170	175
359	443
398	557
100	617
241	347
48	677
234	738
347	644
420	592
341	699
550	709
391	712
63	158
154	230
320	737
451	541
452	718
11	543
71	632
242	690
97	111
78	392
150	578
147	637
213	242
131	245
103	138
162	388
8	292
53	131
223	677
92	459
366	388
30	456
162	167
332	357
418	467
551	737
137	614
169	484
371	436
141	479
429	559
27	659
336	626
87	236
396	603
15	38
23	404
493	740
95	323
55	733
183	510
14	481
412	605
356	650
89	558
94	455
590	592
161	466
175	306
151	282
207	278
527	680
409	698
105	259
482	661
51	280
447	729
245	445
340	741
167	355
159	195
145	541
40	519
373	658
94	136
256	414
270	697
613	714
279	580
294	486
72	665
416	612
182	621
619	735
186	429
222	693
17	248
108	292
111	534
102	301
112	679
125	253
201	703
409	513
77	476
270	577
358	414
235	738
107	662
248	252
134	229
678	683
147	333
313	749
46	250
67	388
270	437
146	659
74	130
72	644
27	725
336	627
134	484
304	577
86	182
50	301
338	668
53	630
297	481
128	395
516	535
338	506
71	127
100	329
267	415
113	741
159	735
56	530
259	468
208	566
136	413
602	670
33	529
70	712
89	332
294	589
167	325
234	526
138	686
229	655
262	661
59	196
147	479
5	52
387	493
70	118
446	476
44	629
420	432
425	453
328	675
260	501
255	668
354	661
491	578
34	685
133	406
211	258
470	553
270	317
552	745
73	673
529	547
83	427
230	716
397	460
108	272
414	541
550	666
8	541
10	342
116	288
202	573
17	345
433	721
99	679
433	729
51	399
371	576
523	547
564	745
256	709
373	738
177	594
478	744
615	681
213	648
558	571
387	627
121	307
312	567
226	661
307	379
201	665
456	591
170	424
412	625
10	514
425	611
167	537
103	180
213	241
202	672
409	625
1	570
155	245
484	514
200	599
65	255
342	480
20	599
46	717
232	389
18	606
107	682
272	627
2	413
448	609
675	702
287	570
117	288
235	642
380	425
680	684
282	607
403	474
253	328
22	656
63	746
47	369
180	252
201	446
586	643
351	654
356	543
8	264
148	250
611	619
343	493
111	448
30	445
245	386
620	679
69	402
550	576
410	465
165	363
311	617
559	649
74	642
116	570
377	742
578	687
288	459
460	642
368	681
446	664
538	572
179	421
23	40
364	672
195	699
101	698
252	490
106	419
588	664
104	255
271	531
510	622
267	605
174	635
51	531
233	511
46	57
6	264
478	688
415	736
62	342
246	279
532	675
9	74
133	438
111	730
39	45
70	661
206	580
88	99
260	398
326	499
497	624
167	466
312	685
688	697
310	420
80	560
316	626
409	505
256	546
551	727
91	327
276	524
55	429
239	628
286	737
370	502
362	724
6	736
91	570
71	100
444	733
291	720
340	725
661	673
250	282
19	683
336	409
208	457
175	612
166	254
10	240
141	417
61	526
48	77
418	569
41	573
3	709
52	295
122	693
358	744
455	696
255	587
354	583
27	661
95	487
515	716
222	719
289	576
380	508
93	294
612	719
707	727
44	343
549	557
35	703
33	416
253	376
44	561
132	349
35	464
128	685
300	642
166	286
322	327
153	464
43	649
304	380
142	533
419	523
216	457
329	386
198	708
6	646
140	545
571	695
177	271
120	683
253	564
151	232
348	469
429	568
80	454
527	689
43	124
347	529
109	636
133	504
567	648
77	314
323	563
79	520
73	517
487	500
60	320
92	98
23	559
20	500
352	626
452	726
83	86
258	276
66	613
247	458
266	431
97	517
306	566
232	668
204	532
120	320
333	439
273	670
614	666
375	455
301	678
177	501
231	301
579	607
117	497
115	599
459	651
67	410
481	661
412	453
316	424
349	366
21	489
410	506
338	622
12	577
350	395
32	573
192	657
123	659
108	729
133	283
553	627
349	634
446	566
336	676
163	740
377	384
368	711
346	487
231	638
247	586
164	209
94	317
30	320
387	533
87	262
306	723
418	511
28	390
138	313
472	480
110	494
423	510
270	372
193	657
611	663
270	288
166	197
100	654
162	371
631	699
59	601
173	365
388	605
222	578
110	670
83	348
21	555
640	651
60	492
238	454
230	712
423	634
15	303
129	343
206	419
192	513
121	300
136	723
148	331
51	539
620	696
143	445
72	174
547	641
137	734
125	201
492	658
223	280
50	237
179	473
254	261
612	625
53	337
381	581
195	448
345	363
327	520
72	553
596	671
13	99
6	347
391	646
384	652
181	191
646	706
451	482
370	377
58	586
161	486
246	434
409	602
378	606
64	209
37	559
381	707
200	572
418	582
623	667
41	442
224	544
437	703
45	313
284	412
167	481
148	696
289	397
438	603
408	598
401	732
409	591
67	683
270	564
117	710
218	460
299	363
483	705
65	413
176	288
258	540
256	655
562	662
415	454
18	580
99	508
1	445
63	206
154	389
346	707
260	378
121	418
229	459
319	618
129	135
115	376
119	693
348	729
132	679
47	500
308	472
157	471
520	657
282	294
486	586
151	343
21	311
38	688
171	686
400	632
142	155
138	668
64	400
149	557
59	421
120	273
311	665
388	643
439	710
729	742
413	673
27	267
433	499
309	530
215	688
29	218
558	705
481	543
18	202
453	702
379	557
190	419
604	632
468	733
259	275
63	482
292	411
177	579
54	709
220	691
364	474
500	677
569	649
284	315
164	313
301	540
29	542
394	620
404	533
442	554
290	471
66	737
132	254
497	619
615	735
180	577
212	481
448	555
362	735
381	386
14	506
318	614
441	487
432	675
74	465
224	313
211	226
293	670
93	146
145	167
254	748
69	488
28	574
472	660
632	653
26	40
607	688
61	379
148	279
442	647
58	60
450	530
405	496
432	519
256	633
125	544
510	556
206	385
51	180
93	117
121	493
167	474
222	313
411	417
400	549
252	686
85	270
557	697
383	618
331	421
468	738
398	530
479	512
601	701
422	658
77	198
532	730
86	323
143	542
25	742
550	723
162	603
659	660
31	163
91	529
131	657
449	572
661	680
322	510
191	248
24	738
229	678
305	410
45	263
475	689
67	503
476	605
563	701
110	165
186	504
412	677
293	623
11	604
156	220
396	397
180	737
211	375
222	610
387	664
331	576
607	729
37	332
161	404
24	716
317	717
148	683
73	442
232	613
213	548
164	215
389	735
135	232
68	332
4	445
125	490
208	271
66	429
485	726
72	394
469	576
370	657
1	674
356	550
255	506
29	618
687	694
553	604
576	594
448	707
17	153
11	253
202	557
72	380
210	574
365	446
73	576
247	367
93	584
583	686
155	427
150	514
156	720
122	527
617	675
40	80
674	737
339	435
375	426
574	628
421	424
155	464
57	384
189	506
293	733
225	308
406	678
0	222
287	319
92	175
645	691
598	639
305	623
3	420
441	724
365	700
350	656
485	600
455	743
272	640
693	709
55	346
158	397
501	628
162	507
562	706
63	394
111	355
516	632
61	108
388	723
468	511
303	385
337	696
20	332
327	455
84	248
159	579
35	161
150	252
100	301
95	460
188	337
138	409
249	650
12	293
396	688
4	521
211	728
26	438
361	614
59	222
475	724
174	693
145	417
179	683
366	596
556	585
163	282
398	749
431	457
393	739
291	683
210	596
31	273
70	671
206	221
138	318
227	528
205	330
26	239
342	671
325	360
431	579
18	636
15	654
679	733
573	737
60	137
47	271
85	629
101	494
37	71
329	364
269	294
603	651
59	262
525	659
282	484
73	641
110	710
213	481
96	414
324	436
480	710
89	562
189	360
103	307
379	428
31	632
717	728
627	646
236	664
521	727
534	733
652	708
125	309
414	615
19	425
521	735
228	721
57	399
78	81
378	605
184	506
84	403
356	524
144	543
272	388
44	126
226	405
274	446
303	578
31	301
494	735
319	345
397	619
51	62
230	730
113	369
244	389
266	723
158	734
112	611
308	587
41	703
127	445
183	524
261	466
320	505
444	595
2	659
355	358
351	594
202	285
244	547
34	737
119	406
90	504
81	672
203	571
164	233
206	317
461	560
438	442
454	572
286	345
93	414
457	582
459	746
489	539
259	727
231	625
598	666
24	159
81	581
452	505
628	727
377	678
237	726
400	490
313	556
164	717
92	693
562	746
255	708
273	336
315	385
367	624
216	643
210	744
460	668
60	723
10	340
340	663
325	732
111	148
249	607
33	467
180	602
450	497
129	480
222	647
23	105
154	747
486	603
137	193
405	565
169	739
542	592
21	485
624	663
271	674
145	517
612	726
147	738
117	712
9	125
578	740
598	718
500	710
475	559
142	369
271	600
39	248
235	514
56	321
251	504
181	290
62	485
278	593
495	620
395	525
382	485
197	616
425	669
213	520
21	344
352	609
363	710
109	559
305	346
345	642
379	681
288	509
462	742
53	431
166	510
18	706
327	374
59	337
157	405
467	516
489	693
561	567
633	719
165	533
325	411
292	479
227	708
402	745
69	180
8	196
297	585
315	584
429	636
176	464
71	598
400	697
111	240
113	710
502	643
2	414
194	221
407	474
199	654
389	663
28	388
42	318
575	722
46	444
324	479
59	417
5	61
416	451
117	279
207	545
267	533
360	579
267	486
439	741
741	748
89	321
101	369
233	268
74	650
571	591
38	559
439	666
493	533
131	385
232	455
72	101
8	397
470	521
564	668
183	247
203	708
374	403
557	687
358	538
69	134
63	711
63	356
201	435
240	242
491	747
123	747
97	245
239	508
117	320
453	645
196	251
299	724
394	664
259	680
8	441
255	678
318	412
149	473
81	307
289	301
170	534
279	706
109	617
354	479
234	662
348	733
528	649
303	330
221	691
85	724
50	535
338	687
206	644
215	542
422	684
11	729
319	746
303	402
191	194
94	484
110	456
697	704
128	405
117	550
227	378
356	468
140	163
440	682
647	745
163	553
106	174
182	616
191	468
277	636
233	291
564	733
320	445
455	600
95	148
412	440
601	639
246	519
328	728
212	741
7	626
163	728
247	553
629	650
498	609
163	314
603	698
341	351
503	573
144	449
430	593
535	729
52	381
543	732
447	552
331	498
245	462
123	494
152	691
373	609
76	626
467	721
623	654
37	665
511	692
291	648
586	659
6	120
26	279
250	691
378	528
100	476
181	224
257	544
506	684
218	327
428	606
41	340
427	490
176	562
108	230
182	749
386	444
226	304
106	589
384	520
160	213
203	527
68	167
128	673
127	570
36	590
532	732
493	581
13	429
367	450
92	381
218	228
78	594
109	645
435	526
75	284
256	721
528	660
110	349
332	528
87	212
70	609
238	310
172	327
240	397
233	421
240	492
243	596
39	425
226	429
21	345
18	203
8	145
120	171
57	570
569	663
5	400
224	446
466	479
171	364
270	704
201	496
247	518
435	729
45	551
297	502
91	406
405	613
156	473
214	638
34	574
209	568
51	690
306	415
310	443
409	728
195	719
431	448
229	528
49	527
95	538
351	514
54	749
82	313
483	532
279	520
499	630
389	674
396	496
72	666
142	640
288	437
149	319
91	129
690	726
161	614
360	611
131	686
385	699
156	508
411	715
250	395
259	573
18	670
3	315
137	230
44	452
297	378
66	423
233	389
505	712
134	683
7	471
150	543
7	416
59	146
3	595
164	626
22	296
216	681
257	584
426	637
20	450
456	728
208	309
85	454
30	338
274	683
11	207
328	676
617	662
432	682
56	77
271	301
573	690
138	215
194	665
181	589
242	360
567	693
52	458
10	102
9	544
551	658
44	121
109	644
259	637
416	711
289	385
340	554
436	540
229	615
88	746
39	227
242	529
649	717
64	200
101	212
106	580
221	710
339	562
154	510
34	483
389	510
92	431
501	717
571	603
167	403
186	260
316	695
308	473
294	447
340	502
82	599
417	446
252	289
289	295
411	470
407	564
177	637
169	682
275	721
76	461
423	490
468	581
16	491
466	668
649	661
567	586
325	448
312	626
365	559
219	544
478	503
546	708
247	698
173	744
227	274
573	597
182	530
103	689
116	448
177	492
568	602
281	430
344	512
345	721
120	330
366	395
435	686
350	441
224	427
67	740
65	462
112	542
65	693
176	702
119	446
47	347
239	639
658	700
257	572
276	581
534	693
579	645
129	640
534	676
571	583
203	558
19	698
453	652
157	161
125	663
442	475
464	644
15	729
371	728
542	571
108	323
224	586
465	488
363	669
501	508
27	230
361	613
220	733
327	360
541	709
234	267
167	318
526	715
313	584
194	423
202	347
623	726
518	631
13	174
96	682
542	672
354	383
180	227
86	676
497	700
95	359
351	732
567	660
248	514
119	183
405	638
157	748
622	646
225	681
443	723
166	447
90	613
337	340
152	240
364	553
391	700
133	705
480	631
572	744
21	50
252	345
341	495
241	586
270	587
357	382
104	170
324	735
438	626
334	385
124	747
25	446
146	345
361	643
206	745
18	714
170	370
18	276
136	422
27	396
7	46
94	144
493	694
5	728
189	453
332	460
105	551
349	414
119	748
335	679
90	434
49	195
89	175
213	271
268	442
355	708
28	518
62	287
113	622
7	623
211	402
396	459
20	689
476	595
518	735
120	564
97	345
300	441
508	619
233	559
28	298
416	689
293	447
108	117
340	658
170	206
511	528
156	234
398	705
452	557
583	650
536	581
53	247
635	721
77	743
454	558
32	81
254	353
233	264
277	699
256	330
117	679
211	661
232	506
211	647
143	309
251	286
175	497
726	732
234	498
247	492
31	89
88	95
117	524
518	623
353	499
380	712
50	681
431	567
251	329
497	646
71	411
312	524
493	704
66	246
146	167
85	652
587	743
264	629
176	321
57	740
216	518
282	389
11	106
153	608
100	658
197	519
485	497
38	200
576	584
42	490
503	587
504	655
529	685
182	535
323	723
435	731
151	296
382	686
272	474
101	488
17	123
155	716
110	561
168	358
45	691
475	710
3	452
340	496
143	503
285	534
477	600
331	375
163	170
426	513
81	304
660	742
284	427
99	686
45	451
435	513
20	121
15	489
111	143
11	52
232	704
553	678
665	734
97	267
67	637
162	733
97	265
227	705
524	528
280	526
147	298
46	58
178	554
678	690
185	402
190	508
16	221
154	366
1	633
327	344
294	740
168	330
112	369
293	355
110	446
499	674
39	396
93	258
301	680
271	304
142	709
50	541
225	243
338	567
458	623
439	660
389	455
457	711
44	248
119	370
679	710
333	622
11	579
14	419
365	431
198	556
71	669
167	589
337	395
220	595
471	671
80	341
211	695
231	262
377	508
376	452
179	203
142	476
180	567
359	749
165	675
520	582
526	596
123	746
0	46
466	526
139	488
168	704
161	189
145	205
428	733
55	679
376	466
312	387
13	114
3	62
232	654
502	598
716	747
343	658
262	728
94	559
23	649
100	186
279	462
99	666
124	714
228	387
92	566
141	376
286	294
317	521
616	741
365	418
408	444
64	735
178	271
49	664
235	273
90	629
538	655
164	575
255	323
234	404
254	583
100	631
118	525
38	134
208	343
149	398
54	394
29	205
25	83
63	539
89	232
360	551
263	346
19	30
404	421
115	281
303	424
623	684
164	420
268	662
246	470
109	517
633	710
22	289
159	415
456	736
373	423
721	734
139	411
513	736
143	713
92	377
335	611
418	519
88	356
425	612
134	587
446	647
197	411
182	267
150	176
231	623
637	717
111	697
237	269
314	741
281	314
580	615
648	718
377	442
337	386
242	460
80	493
175	665
195	539
25	197
111	465
305	654
290	737
606	653
243	336
478	714
15	421
31	90
85	206
222	502
655	711
207	282
310	339
43	421
556	608
287	580
382	475
248	638
152	293
79	428
93	405
19	91
98	194
334	512
669	749
328	599
74	113
52	153
102	358
390	464
283	721
327	365
184	670
47	683
236	408
30	290
62	662
222	316
20	657
308	443
76	107
124	729
254	627
435	568
257	489
547	675
137	445
24	167
183	628
261	281
16	219
225	467
398	434
222	535
44	474
12	389
27	579
106	356
461	544
338	501
141	456
527	616
643	644
247	462
417	559
356	557
121	413
209	337
160	474
239	506
369	562
90	301
506	598
117	695
144	224
370	591
0	726
360	634
301	309
1	437
191	424
257	636
14	378
493	580
221	632
287	583
363	433
254	265
427	634
336	583
307	508
49	183
189	409
327	542
234	506
216	696
387	720
357	394
65	667
439	594
55	593
350	490
577	675
49	438
403	657
133	401
457	707
324	467
521	566
416	553
191	556
61	67
338	524
109	394
4	372
170	266
375	459
13	663
37	505
63	500
193	637
162	417
60	362
203	658
607	741
51	383
45	580
277	496
578	671
70	412
129	484
88	436
302	616
240	352
424	540
232	284
137	406
193	537
252	465
488	575
27	488
307	351
311	355
47	701
280	511
168	527
127	157
283	632
65	452
90	139
433	448
479	586
124	405
27	633
176	557
375	410
66	614
51	506
170	298
174	290
53	551
398	556
233	643
196	587
326	707
168	676
292	441
188	550
277	597
645	741
50	179
345	679
39	379
59	225
257	609
490	684
331	711
50	56
500	662
628	683
99	393
118	170
105	720
411	523
370	724
171	462
20	257
260	289
145	613
413	474
465	726
120	389
42	667
234	742
122	718
190	520
127	464
214	572
252	749
222	343
149	555
81	269
68	497
414	586
58	572
130	194
142	688
353	598
409	568
212	627
58	693
416	474
489	715
440	697
371	686
391	708
104	496
58	651
20	335
197	401
157	447
170	437
413	669
653	654
37	637
21	351
334	425
110	578
505	590
48	488
53	440
245	435
211	595
131	191
349	511
436	573
520	689
109	551
176	594
290	714
169	568
331	648
172	365
254	432
127	380
267	484
275	359
194	342
684	745
716	737
54	337
156	380
184	247
79	533
338	650
198	724
297	374
208	727
48	511
630	644
301	350
477	625
484	724
202	704
206	601
44	52
190	690
421	598
47	604
469	624
311	422
254	314
504	633
58	401
37	600
63	108
81	105
198	702
38	320
5	387
127	494
454	734
113	444
553	656
335	562
357	696
424	741
125	680
382	659
438	452
88	388
409	530
217	557
37	81
309	559
298	343
81	147
58	207
129	138
354	444
440	521
119	522
211	353
192	440
164	493
125	528
139	253
16	563
175	602
297	409
353	645
162	574
449	684
126	353
583	735
111	188
540	623
135	448
176	419
121	280
271	727
606	722
226	560
552	555
294	711
36	554
398	540
580	723
121	427
617	694
145	718
547	559
471	619
205	541
407	705
33	295
513	568
39	121
227	667
588	701
28	550
395	620
377	501
398	674
164	536
91	434
206	406
79	301
497	567
340	720
326	484
91	139
240	486
22	343
259	329
543	690
21	448
132	543
370	592
247	374
177	374
132	724
131	393
112	705
14	562
139	577
439	453
104	200
2	386
0	558
121	274
19	577
305	511
421	741
216	608
236	285
50	493
83	347
464	495
34	631
77	390
17	346
521	536
12	205
393	602
145	715
412	433
139	565
150	552
492	627
132	236
302	326
199	431
364	468
108	688
136	708
95	531
310	576
371	374
238	501
123	581
157	184
97	595
3	109
430	706
182	408
34	351
117	649
362	517
14	28
474	729
61	460
51	433
324	562
77	379
562	691
21	509
294	564
623	629
6	392
444	613
161	651
82	552
372	439
475	546
3	306
266	648
0	615
187	274
291	675
63	529
366	448
355	669
304	738
102	308
43	279
304	713
342	404
227	370
48	392
95	296
445	659
77	120
7	302
354	404
187	203
599	692
318	449
9	730
248	361
147	618
175	318
541	639
157	245
385	457
237	369
46	694
537	551
385	510
44	717
25	514
227	249
10	87
120	185
443	722
171	207
175	212
80	123
115	691
79	620
96	496
516	555
260	749
30	717
518	576
147	557
366	459
255	605
102	427
543	728
1	536
121	400
214	423
189	242
641	687
200	235
399	632
47	158
67	745
590	614
278	459
44	167
136	455
86	496
100	568
125	557
89	538
278	558
88	400
196	242
252	469
50	88
99	529
121	457
231	352
464	501
281	453
49	128
310	605
65	743
271	503
373	741
617	682
172	215
400	683
269	719
203	585
277	329
82	96
151	573
293	317
4	106
178	192
339	436
475	746
423	708
701	722
241	306
426	532
292	423
439	553
295	576
62	133
32	95
72	262
33	400
64	264
602	719
363	445
480	579
219	643
102	481
78	536
199	295
214	222
196	479
290	338
188	676
167	613
579	624
343	458
42	333
337	714
29	146
88	628
40	373
215	664
253	517
290	571
454	676
73	243
193	660
118	451
203	745
69	613
339	352
418	543
56	367
120	554
424	556
92	545
11	151
73	144
209	700
603	727
226	380
122	401
166	389
99	592
422	714
244	727
270	388
476	644
33	258
213	387
211	483
75	498
177	667
102	265
223	723
343	723
459	712
312	335
386	393
224	263
469	610
373	448
172	237
75	521
703	720
47	418
230	731
362	460
132	342
455	626
27	569
3	271
502	561
231	340
217	339
374	482
132	636
443	545
584	643
112	423
204	453
168	718
67	166
77	291
67	744
278	443
440	674
152	732
697	705
433	681
4	319
252	425
28	218
304	555
2	217
307	639
172	705
145	194
459	482
38	538
14	171
28	735
547	736
281	370
330	598
217	741
23	66
245	594
87	583
51	331
105	159
5	658
176	499
228	409
491	538
161	587
73	301
591	635
549	715
91	142
199	688
68	607
558	587
527	676
463	599
78	241
359	648
169	716
20	683
483	607
138	269
124	515
668	692
80	697
640	711
356	379
405	413
344	430
325	725
210	623
39	97
92	244
381	406
178	735
598	702
34	235
454	595
139	374
308	566
27	317
254	288
323	728
321	517
4	289
82	559
42	299
183	502
252	338
174	231
498	624
153	447
126	327
441	604
331	569
206	749
251	431
11	92
59	396
48	527
36	555
10	690
152	309
268	509
30	99
368	631
136	345
113	503
373	625
385	657
5	733
184	523
515	695
76	92
72	527
210	249
110	425
211	614
44	575
35	369
128	699
98	533
130	413
108	638
8	604
261	345
427	711
79	192
433	576
168	254
230	400
173	670
22	451
328	633
99	124
87	572
48	508
57	577
242	478
32	591
250	617
199	359
241	547
365	483
127	652
252	599
538	567
405	656
188	671
376	647
525	724
522	721
33	611
322	556
537	679
102	445
195	282
45	537
286	365
77	165
67	504
123	622
309	330
22	456
360	740
429	566
39	340
125	143
389	584
215	306
162	589
77	153
340	455
337	522
40	592
4	645
211	535
471	479
617	739
465	729
409	661
434	516
214	354
49	620
134	382
514	604
166	497
2	548
61	679
552	623
320	421
630	692
70	333
321	588
417	523
129	315
213	400
129	664
8	52
219	360
185	305
227	487
238	441
106	169
198	335
203	654
322	363
513	519
166	251
55	603
556	640
259	368
183	575
249	345
476	481
185	637
365	505
287	718
100	215
83	639
31	240
164	267
78	603
160	478
212	747
17	231
424	471
628	653
236	661
277	516
19	739
108	266
27	528
389	675
326	462
213	661
30	427
517	647
23	99
198	564
386	548
7	724
62	506
76	696
284	428
374	603
35	264
60	231
35	440
5	182
344	706
612	674
85	389
10	223
472	591
172	295
174	384
264	442
380	705
380	624
148	218
44	390
350	676
180	396
305	561
151	697
118	733
85	602
15	487
331	524
218	677
459	596
565	691
12	534
48	137
127	439
209	446
32	258
292	486
108	439
101	312
96	214
366	644
488	547
88	583
105	558
453	708
439	699
40	646
67	322
134	609
246	721
383	407
420	672
139	618
245	284
600	736
113	387
202	637
365	686
573	628
313	316
406	461
200	649
57	62
81	527
170	374
75	534
607	716
243	708
634	667
250	487
6	617
334	716
105	605
333	472
469	514
111	155
261	369
29	675
72	702
46	226
52	723
62	237
238	614
15	495
448	679
311	347
128	708
325	575
70	129
483	672
265	555
128	561
396	645
406	584
176	263
22	93
393	654
225	417
46	627
485	529
25	689
418	675
31	245
234	426
26	739
88	121
59	399
314	504
462	609
338	623
1	539
183	367
267	612
7	110
186	457
188	196
653	730
67	711
120	734
444	459
252	444
428	594
231	333
181	362
175	673
659	698
377	416
23	620
334	514
191	417
295	735
235	511
446	560
315	635
79	584
240	403
117	429
86	599
316	483
290	462
449	576
33	336
108	519
304	744
348	714
334	717
215	425
8	405
667	719
395	683
336	444
433	746
99	210
60	253
38	185
484	666
334	452
115	266
209	280
51	346
11	627
15	136
88	146
163	462
428	525
227	727
418	627
54	139
270	621
182	635
16	324
640	698
47	359
126	389
48	454
492	505
485	579
119	259
612	710
409	460
571	687
210	529
126	176
428	639
376	380
406	581
478	569
34	85
60	110
182	214
26	433
459	749
198	277
518	646
284	664
138	497
197	412
155	260
82	713
58	163
14	631
14	110
370	723
314	354
486	495
304	659
406	414
544	704
681	715
117	350
585	675
35	736
26	468
517	560
226	342
380	561
319	687
91	379
55	527
66	67
380	606
160	231
69	681
184	206
71	288
222	452
47	297
380	440
38	91
39	584
262	444
177	565
215	277
193	304
265	493
217	639
416	741
400	728
435	698
259	302
139	223
50	616
145	394
589	731
390	676
97	391
204	701
369	410
86	525
526	611
385	654
16	641
36	535
181	463
400	552
409	451
1	419
185	554
61	78
606	723
244	337
283	742
504	611
543	733
389	466
351	662
244	656
244	322
199	427
41	246
81	227
217	258
25	745
521	623
26	132
641	671
212	655
409	463
121	253
28	493
569	597
492	647
529	632
137	621
199	404
515	625
178	219
117	741
633	662
85	152
433	735
389	522
354	456
99	531
14	467
278	629
56	704
219	689
72	414
263	358
331	623
380	434
471	593
85	525
513	592
614	711
489	626
549	609
287	648
452	595
254	526
200	376
11	444
281	588
370	425
181	550
311	547
404	410
127	275
19	485
105	146
280	497
337	485
191	488
9	164
32	669
396	500
424	614
178	583
416	562
403	540
331	495
201	738
334	551
147	547
195	366
108	162
44	539
308	598
348	355
74	365
299	518
534	595
295	319
3	237
117	299
211	398
238	485
220	384
131	659
8	399
265	416
5	667
268	369
265	497
79	377
416	622
38	697
254	415
58	604
151	197
378	555
104	141
124	555
324	394
303	339
171	370
105	467
297	655
25	715
575	637
125	735
149	382
198	316
587	714
101	173
173	305
261	668
193	559
5	554
159	230
35	119
165	510
163	578
124	244
650	692
73	161
202	271
40	670
73	112
142	462
122	723
227	385
389	551
113	572
11	688
59	535
321	718
90	210
294	388
231	660
140	564
554	635
214	242
202	578
163	353
10	387
64	491
26	711
491	651
113	653
310	343
328	590
582	709
3	357
454	726
228	605
86	173
118	120
282	414
199	628
573	633
545	587
105	240
256	348
187	383
649	731
65	394
395	474
48	359
319	505
264	305
96	303
54	415
470	602
310	421
8	150
318	693
241	653
216	233
354	469
208	218
60	399
24	46
270	633
252	634
70	448
453	670
257	516
356	713
613	706
207	209
68	234
287	298
191	635
100	501
207	426
346	702
82	410
3	693
54	613
163	591
50	91
377	708
252	359
84	373
245	428
430	717
509	561
426	604
7	564
185	202
41	295
113	688
238	652
134	323
19	358
267	489
222	679
250	273
502	622
238	280
568	636
251	456
229	235
510	594
242	688
425	527
198	227
38	338
463	718
600	660
390	542
261	370
157	264
194	645
434	733
213	234
322	739
310	450
327	414
324	423
54	219
369	379
677	686
45	622
35	185
543	625
314	601
342	472
279	382
563	589
64	663
457	743
253	372
371	471
46	341
176	282
46	431
8	39
108	616
429	677
259	721
218	578
256	681
207	362
447	487
463	568
429	478
212	720
463	602
171	684
349	384
46	687
442	739
231	709
613	727
122	454
151	679
139	540
480	704
329	331
582	635
205	262
199	458
283	326
102	307
56	252
70	685
388	520
14	20
169	658
283	320
19	255
131	663
190	235
212	519
685	716
264	631
307	365
462	621
529	701
700	724
354	651
163	441
67	387
471	714
381	647
175	201
264	535
363	515
99	226
54	373
287	460
307	414
397	422
142	438
75	397
177	255
258	463
169	336
78	183
335	629
612	746
537	676
64	602
211	426
310	575
272	710
282	313
323	716
596	675
316	419
146	153
301	740
536	618
80	503
587	606
216	480
289	471
202	350
265	576
85	415
271	299
600	740
225	723
598	733
24	292
634	689
212	620
547	737
141	325
168	374
19	39
244	645
41	347
457	714
435	559
503	619
250	638
243	448
1	489
213	704
233	604
536	677
89	555
679	739
261	320
29	60
105	262
517	528
468	714
445	669
339	685
468	558
58	342
53	421
316	317
72	234
101	742
8	273
453	530
70	258
292	380
556	733
280	549
243	646
402	727
365	736
379	720
360	499
21	296
7	193
47	687
79	319
391	594
119	360
31	315
406	613
64	660
301	357
239	661
253	680
454	497
86	254
113	394
361	471
335	739
40	69
82	743
396	545
27	280
27	384
80	318
337	483
373	649
374	443
279	715
79	90
384	420
200	240
186	306
439	726
85	264
120	296
261	586
58	374
102	591
603	746
346	705
208	413
51	625
118	126
74	475
259	662
247	481
539	563
365	702
371	584
10	437
412	423
213	468
96	486
147	202
381	463
398	510
90	213
97	555
365	676
302	464
214	464
269	533
323	616
2	477
579	746
261	525
394	502
101	306
532	552
228	241
42	397
311	403
94	519
177	261
473	663
283	651
103	165
358	711
158	627
169	541
345	594
50	375
286	333
307	576
86	119
361	374
64	612
153	735
230	741
285	399
103	704
385	431
472	602
400	410
379	478
83	430
397	728
218	422
51	265
38	680
254	527
382	568
365	449
54	123
277	582
114	169
235	323
245	562
284	659
407	622
280	334
286	509
329	454
401	692
108	191
36	241
18	141
37	420
76	189
230	742
291	731
4	674
178	601
570	734
570	676
303	344
548	610
54	360
203	385
302	523
346	451
135	351
25	292
434	706
394	694
55	502
141	146
227	606
528	697
338	351
104	476
162	556
581	636
154	719
230	556
607	644
370	593
312	361
460	638
390	623
413	582
140	284
339	716
65	424
91	197
143	184
148	417
666	715
444	579
543	747
47	307
169	657
130	602
54	437
75	482
426	594
596	736
239	418
295	499
178	530
293	749
355	439
54	121
0	567
156	362
337	460
347	635
431	610
207	714
718	737
301	537
87	749
326	695
461	472
245	319
145	574
391	605
400	442
103	372
418	749
251	587
237	527
113	274
189	671
21	655
359	517
536	642
110	498
304	639
269	366
564	693
125	164
385	651
145	411
198	741
523	616
10	377
150	180
78	238
246	250
25	87
228	572
452	588
350	737
68	130
141	273
231	482
83	687
394	677
202	679
126	260
38	742
393	587
244	295
322	641
39	490
372	434
21	417
144	521
124	146
488	636
79	681
213	262
542	747
260	588
68	160
298	718
345	482
20	712
313	735
538	679
469	590
432	514
608	733
246	456
166	416
419	644
110	656
351	395
151	547
496	610
91	738
261	723
5	720
321	530
142	195
183	193
401	629
369	530
86	252
226	326
220	252
395	656
198	602
289	532
178	369
244	490
2	538
109	246
224	291
615	670
146	405
478	660
550	736
71	72
99	741
111	239
233	332
421	576
460	496
92	275
83	490
40	121
46	617
17	149
150	353
464	538
261	584
413	733
188	660
219	407
297	611
647	701
455	596
45	295
186	394
241	491
249	276
0	301
352	684
163	399
218	231
64	665
574	592
223	482
417	539
210	610
324	564
502	506
242	611
377	719
79	445
319	620
174	272
123	730
533	629
277	532
270	711
555	571
191	358
20	700
171	247
153	592
285	535
471	609
38	463
209	211
440	618
211	346
55	402
87	706
394	497
168	474
300	473
62	240
536	542
303	417
403	423
366	466
355	580
148	454
38	526
686	705
16	663
148	633
168	598
409	511
360	584
138	331
20	147
150	618
323	665
179	590
413	636
13	687
309	572
40	398
271	371
503	737
111	153
578	581
160	395
312	417
42	405
195	603
518	634
399	481
344	609
381	513
424	495
199	377
472	477
152	202
497	498
386	707
481	619
519	607
106	701
298	311
263	622
195	294
602	641
252	329
568	700
211	601
648	723
383	569
330	418
96	128
202	547
79	625
239	416
503	736
122	528
398	590
255	603
30	714
158	229
533	595
293	483
197	495
3	252
72	659
106	653
363	496
20	521
457	636
252	638
241	343
60	268
281	416
298	406
383	694
175	440
260	262
309	706
159	465
27	121
244	608
295	599
577	721
209	254
31	344
578	631
197	521
263	331
284	454
204	647
555	703
36	496
206	433
542	618
219	650
368	465
8	328
239	251
138	732
187	189
348	569
47	589
235	274
112	171
125	262
152	383
155	575
517	673
7	570
326	523
125	327
495	680
37	582
503	734
276	359
147	534
6	449
492	725
62	338
550	742
82	305
431	716
501	570
590	603
8	733
143	280
342	460
220	597
382	574
179	242
332	713
352	490
462	734
197	297
73	486
235	492
183	593
116	440
91	250
425	648
184	706
167	483
223	646
339	699
403	480
328	433
189	267
51	435
281	436
422	604
137	240
440	498
211	335
212	579
384	653
650	742
96	138
292	642
288	622
389	649
500	688
330	738
262	739
159	353
617	627
472	587
137	186
394	556
147	704
292	363
172	290
131	609
177	415
338	486
133	675
255	368
9	513
324	667
414	558
628	696
469	489
205	721
46	495
203	204
386	406
371	714
156	221
388	412
20	314
116	439
70	260
285	507
100	433
217	484
28	325
12	376
54	90
142	723
466	645
26	497
338	475
350	360
533	697
348	512
150	416
84	399
53	570
83	219
386	457
213	523
537	706
369	503
248	562
20	249
649	697
225	558
313	495
56	365
462	603
15	105
21	718
557	614
140	595
383	713
447	463
385	505
110	736
14	209
217	436
47	682
343	567
329	724
497	506
496	734
86	220
333	451
70	242
260	568
115	303
24	564
109	391
173	494
98	115
158	693
301	749
69	404
199	520
4	623
55	569
115	701
381	486
107	575
649	677
414	415
60	566
596	730
169	516
385	720
93	415
190	669
55	239
411	686
383	393
252	408
110	730
49	685
40	333
473	693
328	558
179	351
371	563
325	699
581	676
407	707
254	738
26	312
237	374
279	526
173	564
47	308
121	264
75	400
91	152
301	718
186	749
128	636
332	397
365	600
320	698
605	738
181	402
550	724
522	557
434	726
326	568
293	312
401	553
280	544
2	224
140	580
278	463
393	630
87	440
123	385
373	615
9	438
583	620
232	450
189	645
379	726
95	616
266	310
319	670
128	568
476	669
126	305
613	720
245	340
463	605
357	617
53	603
544	741
293	468
146	453
221	520
264	726
513	522
102	187
4	323
212	630
150	563
175	457
6	473
114	631
47	577
398	713
33	599
680	701
12	93
568	702
153	555
27	407
58	231
215	501
59	622
188	333
419	436
173	530
164	612
7	414
208	493
296	537
139	617
525	749
296	608
39	159
57	353
0	22
50	116
165	357
516	533
230	636
22	469
31	628
3	626
21	649
340	376
372	381
26	593
561	644
293	359
180	463
5	226
401	486
88	358
189	554
655	733
7	123
35	87
480	520
154	422
163	464
400	424
121	123
23	421
279	431
144	190
117	130
387	718
100	373
249	382
522	567
252	644
173	715
405	488
49	176
10	391
481	649
21	349
162	702
507	663
196	646
355	482
124	486
451	557
12	345
7	702
33	77
129	178
345	421
286	372
390	699
286	323
91	516
91	349
76	473
263	479
83	714
347	545
69	590
329	636
131	471
634	658
313	372
333	410
410	623
284	606
714	728
270	496
376	653
169	668
22	585
19	164
86	650
368	545
122	206
179	319
247	407
2	326
195	558
86	268
363	530
74	727
49	535
228	584
370	716
421	714
425	695
98	140
246	559
411	557
275	568
203	304
338	656
215	476
95	558
508	531
82	675
442	553
440	454
367	748
10	153
261	598
221	603
351	588
100	340
373	420
173	288
605	638
71	381
16	62
195	649
67	466
222	357
39	408
250	531
1	127
89	105
132	496
130	494
64	615
126	405
288	718
10	202
482	546
97	531
79	231
54	553
199	417
199	599
99	180
139	725
189	733
525	683
311	336
128	323
23	618
250	329
261	433
378	473
23	719
197	675
366	477
162	653
226	729
101	361
443	535
217	344
317	748
256	471
5	486
383	611
149	381
592	707
249	325
182	531
248	420
202	457
510	524
350	635
78	250
679	720
533	632
63	333
41	208
223	700
21	582
82	502
185	500
121	193
163	650
240	671
87	536
70	83
235	549
447	514
500	650
502	673
449	594
266	620
46	356
107	168
540	692
59	124
282	441
638	721
408	480
339	494
5	690
84	258
158	183
650	699
477	717
498	635
8	490
15	476
330	385
465	520
93	431
184	595
83	391
220	486
102	403
281	735
28	470
399	403
417	543
264	294
71	355
213	423
122	613
183	699
472	649
143	186
49	281
139	322
388	702
230	622
121	217
686	748
130	618
35	371
417	601
534	624
356	388
42	155
292	316
346	634
210	473
109	180
48	88
301	460
662	729
12	17
199	248
55	264
485	728
286	463
647	683
314	623
67	415
213	527
561	696
565	644
395	724
218	361
281	522
73	569
256	583
401	576
225	486
353	661
287	478
564	720
227	286
571	612
169	494
442	716
82	386
225	522
40	149
53	643
530	602
26	98
321	507
352	488
277	608
93	172
99	570
586	744
31	137
256	677
81	638
664	712
141	240
2	452
89	293
124	575
8	666
562	690
159	226
13	343
260	489
107	745
178	512
157	623
9	363
77	598
225	273
80	233
205	628
562	584
432	576
524	699
172	638
144	726
232	549
314	408
16	669
296	415
344	602
128	713
5	650
266	504
186	304
7	707
384	482
196	328
44	76
4	195
242	669
57	390
56	749
191	400
347	411
530	622
249	442
34	504
42	734
368	580
46	468
249	579
125	442
386	622
36	500
176	720
80	263
201	406
138	611
438	666
187	304
305	356
198	289
186	687
537	605
50	68
189	730
109	306
426	723
206	224
611	636
543	609
120	390
152	303
40	280
187	384
416	470
240	626
15	244
528	728
370	714
58	123
224	642
116	552
246	493
208	559
354	500
29	472
301	475
312	678
127	492
467	677
347	718
95	625
343	625
56	499
162	708
189	258
485	618
276	641
513	704
82	282
219	434
77	397
181	347
10	192
94	270
442	642
308	363
135	473
583	714
390	518
443	660
29	720
38	149
37	142
373	588
322	546
264	351
118	488
35	429
387	661
112	168
389	689
600	612
445	536
400	510
412	568
79	367
10	536
452	679
332	402
280	288
92	523
458	736
172	452
414	639
49	185
397	427
82	693
517	734
414	550
148	456
132	298
43	285
333	572
170	549
243	740
391	642
275	557
45	692
155	204
150	195
193	423
66	93
278	522
29	438
708	719
512	514
91	681
192	241
346	670
448	503
595	727
52	342
367	622
341	719
215	575
349	403
39	375
331	602
62	184
356	573
27	132
241	720
148	328
207	581
4	584
198	333
339	713
122	490
8	706
102	192
539	617
339	449
98	534
222	628
113	447
172	181
27	348
145	269
303	457
175	181
115	140
112	182
121	438
539	601
100	155
162	587
460	722
190	541
463	621
333	522
158	432
403	561
214	601
328	543
184	716
197	539
245	309
234	499
122	749
160	700
148	411
120	558
543	713
413	607
380	530
98	127
273	295
522	692
251	647
585	729
307	686
388	670
188	625
117	507
611	614
155	237
372	614
333	737
261	534
4	605
37	497
39	256
64	95
189	713
24	605
454	647
532	724
503	526
116	253
492	679
38	209
94	634
275	440
252	694
159	461
560	623
280	341
426	458
76	427
359	541
610	611
433	434
542	687
599	649
36	323
260	555
55	115
92	490
160	364
33	513
319	593
562	645
169	320
410	731
202	275
72	188
394	537
600	665
94	469
98	169
275	563
116	608
68	105
187	262
104	300
131	397
142	238
85	388
1	462
79	513
429	522
162	367
52	145
302	704
348	495
237	398
368	639
604	680
157	426
248	695
402	717
312	577
229	507
129	683
342	572
443	503
24	232
561	720
135	647
63	733
571	703
200	292
134	458
443	629
352	388
163	231
509	530
285	702
259	493
367	483
485	628
165	658
52	590
278	550
270	709
583	637
177	587
45	586
293	329
248	666
129	155
599	664
282	497
2	729
68	319
72	112
58	628
177	305
403	741
23	507
273	657
180	747
220	679
468	681
401	515
341	579
207	748
7	17
337	430
348	734
434	601
311	596
202	313
430	488
520	727
60	120
109	483
35	43
424	572
148	648
93	738
280	509
565	653
333	562
462	568
239	536
323	349
197	385
125	648
87	201
547	656
651	692
126	177
403	745
18	126
83	422
48	699
308	474
243	431
68	439
255	356
334	672
478	520
94	290
365	603
236	622
143	172
98	453
404	430
386	629
262	716
92	661
73	438
3	405
689	717
322	575
117	740
492	651
365	581
48	662
16	132
600	744
5	746
291	523
245	456
141	381
238	698
104	397
434	443
327	490
93	592
423	578
38	651
374	493
100	712
83	177
444	581
203	647
333	719
136	267
161	555
240	679
279	545
623	735
447	734
334	390
113	542
78	635
436	484
684	714
695	716
207	351
354	605
642	715
266	564
480	542
197	674
166	206
282	450
476	598
90	354
166	426
476	539
327	350
233	626
511	636
580	730
549	642
649	706
240	745
383	429
161	401
353	508
228	384
188	363
60	705
490	572
167	242
385	722
286	546
115	392
181	716
280	306
393	556
269	528
355	749
336	736
292	711
367	674
425	621
25	668
343	479
427	584
62	566
461	721
85	188
230	403
423	540
339	386
191	311
85	745
11	105
118	164
104	215
61	534
8	468
508	563
486	641
153	453
31	353
648	697
33	730
367	572
85	104
14	121
18	196
181	203
93	353
404	450
228	425
284	735
10	653
18	292
224	332
78	179
340	735
189	557
79	253
346	526
218	407
583	689
541	547
399	582
88	244
81	431
334	540
253	740
322	634
121	219
432	716
260	313
322	481
355	364
326	616
666	737
278	415
421	621
533	652
332	563
24	576
519	573
113	136
14	469
238	412
64	301
480	510
423	548
367	744
325	541
528	630
368	413
67	228
50	670
275	315
493	532
92	289
70	366
22	186
16	342
398	581
246	736
686	721
386	454
573	658
417	453
198	598
78	550
670	746
68	69
203	483
267	740
585	743
141	583
0	81
376	699
200	584
558	677
435	586
174	616
2	63
103	255
116	218
426	652
453	562
365	732
127	664
265	654
192	459
266	611
79	230
581	680
165	740
304	571
127	736
235	438
208	338
55	610
274	515
8	627
615	624
239	449
514	517
294	508
70	600
319	624
271	479
241	496
122	186
79	399
569	715
477	547
75	428
566	711
484	687
113	178
496	525
15	616
187	619
389	636
107	182
253	541
294	485
70	728
323	599
332	669
413	455
285	644
208	548
15	314
15	160
456	522
35	449
37	59
134	293
197	205
95	387
40	298
438	746
203	501
316	322
249	355
314	570
282	627
554	588
79	352
110	259
141	227
90	464
139	190
285	727
169	592
156	456
96	398
136	264
132	627
474	606
543	668
35	212
152	626
168	740
19	735
540	697
55	383
239	627
244	457
214	665
289	340
254	396
22	381
179	592
156	312
345	590
60	574
621	708
91	723
489	529
485	610
414	601
148	689
180	558
474	668
112	569
19	500
8	96
320	385
139	507
479	588
209	500
342	408
457	733
214	732
369	409
96	190
366	716
433	609
274	737
42	251
224	480
356	502
394	483
264	271
216	729
17	479
60	409
288	425
25	722
158	636
8	503
299	384
240	565
158	303
54	298
26	307
318	464
69	630
14	18
154	262
388	616
29	636
188	421
489	690
149	353
462	608
0	461
3	83
166	265
320	708
81	487
437	643
213	728
237	575
346	372
59	718
474	649
460	581
110	286
103	417
167	207
581	737
107	525
278	396
142	173
178	560
366	462
417	737
8	370
28	593
492	539
308	411
351	727
271	282
155	445
283	616
142	583
448	532
158	356
194	416
183	633
134	286
318	642
87	299
300	713
605	672
507	592
612	656
423	658
529	555
54	722
183	209
54	397
121	332
45	209
56	580
246	370
201	298
66	374
606	718
70	235
296	691
295	350
53	726
396	649
448	487
14	68
27	216
69	396
30	212
323	697
409	578
247	410
183	388
517	529
84	172
429	707
433	639
366	745
346	486
304	479
171	288
441	709
10	341
22	323
381	556
146	496
7	225
178	747
109	181
127	499
737	749
73	526
243	674
510	547
97	425
212	670
521	670
187	233
7	608
23	333
26	276
393	696
352	396
438	496
290	618
57	366
420	648
270	302
436	667
49	744
72	330
177	568
222	346
1	92
325	693
444	606
693	743
511	679
209	321
577	591
258	310
23	114
67	478
146	212
79	128
95	381
260	443
249	728
163	663
133	425
636	680
23	668
174	348
337	541
548	623
84	371
98	445
124	209
580	596
368	589
137	726
429	528
534	688
106	290
151	459
91	449
221	707
358	703
205	575
63	94
446	677
100	444
146	418
205	308
61	654
429	438
497	556
438	656
86	403
191	648
196	603
182	260
147	666
542	675
559	583
218	715
310	606
122	243
106	143
143	596
19	743
312	483
427	431
514	523
521	689
122	233
449	749
10	18
243	254
627	666
255	386
6	136
6	254
344	353
468	605
194	308
31	154
233	471
78	297
118	356
459	680
337	691
563	587
41	588
236	744
571	744
456	574
0	675
393	434
38	262
225	364
141	422
586	707
557	719
4	490
113	249
33	314
162	533
303	649
505	543
339	661
181	473
215	489
159	335
191	356
157	621
519	641
166	175
35	731
741	749
327	535
26	278
446	465
30	688
286	297
113	727
242	590
228	267
310	658
355	701
106	171
482	575
394	545
109	439
585	662
349	641
34	651
98	723
144	626
196	730
341	716
474	548
186	465
320	519
25	718
427	543
500	574
74	557
239	489
83	257
326	492
199	322
593	717
65	365
283	436
552	673
162	636
553	749
278	380
124	507
230	243
163	255
132	134
156	428
310	357
596	705
14	456
180	243
569	704
197	711
150	593
124	181
183	370
384	687
181	254
307	574
61	624
55	485
227	307
102	680
279	634
185	226
217	539
177	398
291	532
106	474
27	328
378	511
91	677
327	602
56	501
389	618
112	214
293	580
378	461
578	662
266	619
94	370
259	572
246	437
100	726
196	400
296	439
160	531
223	542
507	669
324	604
130	745
431	648
482	629
641	703
143	215
324	639
481	710
57	670
522	573
333	412
293	540
180	430
189	236
232	728
10	347
426	601
200	467
86	574
191	300
324	672
237	295
50	637
328	467
23	352
82	109
148	298
52	104
299	414
314	603
50	276
569	614
638	742
384	535
482	621
76	156
456	708
636	742
161	304
487	549
330	648
451	636
81	280
129	563
220	296
337	631
202	291
83	589
208	587
353	546
109	670
304	312
251	458
124	546
521	561
300	350
307	501
218	521
409	692
617	633
295	611
185	695
50	59
14	430
533	552
137	696
143	560
167	529
40	143
283	458
176	396
400	573
44	574
117	485
140	481
203	380
91	290
154	708
189	291
99	275
15	203
242	278
23	695
178	443
36	729
601	681
416	632
349	405
426	508
73	512
355	476
231	295
499	584
240	652
64	483
233	555
10	96
153	669
162	714
7	572
319	515
428	662
335	491
632	699
510	698
527	648
123	179
148	673
234	295
219	602
226	316
106	670
35	319
150	219
207	697
442	749
88	381
235	619
13	385
184	213
397	660
141	685
249	326
107	164
435	683
31	672
385	466
313	465
201	379
272	549
438	567
157	320
33	115
229	498
93	544
534	605
46	482
286	623
238	496
71	295
45	716
126	429
1	718
447	710
427	533
231	618
214	660
64	242
201	651
86	163
61	62
458	484
295	589
164	747
301	513
175	523
501	513
67	546
85	239
280	482
487	736
78	140
613	686
559	655
117	574
359	434
31	174
165	362
1	88
273	553
374	538
219	505
131	673
345	464
121	698
362	708
18	435
5	438
313	530
65	408
468	611
120	536
436	711
163	472
59	545
210	677
134	419
303	747
646	660
343	663
596	664
736	738
431	535
190	460
362	586
346	484
513	603
111	543
526	743
499	516
200	223
10	485
328	539
16	30
158	276
257	361
237	566
228	534
544	620
154	257
424	642
617	740
400	581
378	410
301	573
235	729
389	434
481	693
302	492
8	82
108	120
6	344
103	352
74	412
26	659
438	542
8	567
150	210
495	536
300	386
597	679
109	696
49	552
178	646
82	232
201	511
103	575
403	524
38	62
498	603
3	606
283	622
89	156
85	603
298	591
199	429
118	657
1	180
18	182
86	438
217	668
413	641
137	582
109	610
195	280
381	452
508	668
383	669
391	419
363	371
6	134
473	724
305	325
459	541
357	584
18	135
313	524
111	386
449	745
27	131
272	618
161	342
27	557
108	358
280	297
255	489
77	657
183	612
215	487
101	671
328	409
18	721
510	662
349	596
657	749
617	704
39	583
148	149
37	301
295	317
303	697
52	638
5	125
259	546
723	724
169	393
68	702
716	732
179	571
733	734
381	734
88	569
241	434
57	415
232	499
155	551
416	644
568	687
320	649
555	640
503	590
132	453
148	734
535	745
339	448
417	519
84	99
326	661
609	736
451	715
13	45
444	534
13	384
62	110
143	248
286	476
133	703
374	600
633	668
675	723
405	677
56	105
385	488
70	474
225	288
344	397
25	133
42	425
195	268
635	738
118	406
146	319
248	603
26	148
312	569
216	312
220	382
93	410
59	71
643	726
113	435
2	468
63	322
482	634
554	662
212	505
43	698
182	291
7	45
580	589
169	183
167	358
68	509
269	293
121	739
535	594
177	642
105	241
78	639
8	398
563	574
639	744
623	647
198	450
26	150
461	654
123	292
174	314
176	255
86	527
292	708
258	560
459	499
161	371
73	401
166	231
340	388
192	626
254	723
585	628
327	590
329	677
18	686
454	617
126	436
442	650
1	655
554	610
42	470
257	713
245	509
436	707
58	712
6	295
40	430
14	643
100	487
141	334
204	283
213	277
443	681
292	551
391	436
262	581
174	218
356	540
324	417
323	328
102	211
608	618
244	326
325	338
90	360
404	653
16	579
421	485
329	705
24	715
455	660
178	513
131	307
134	645
378	544
251	521
111	629
24	141
78	681
84	394
128	478
90	459
546	651
50	468
403	450
297	316
153	387
306	482
201	381
230	468
187	702
229	369
425	446
260	748
158	597
148	169
151	467
93	714
372	502
547	680
44	192
58	169
643	734
159	580
130	548
376	731
436	617
162	673
178	437
91	628
151	603
14	510
406	652
178	210
207	399
300	526
655	727
217	281
60	558
89	575
570	598
70	268
566	613
253	704
345	743
247	666
575	697
413	507
347	463
65	88
161	380
17	31
314	640
348	443
630	733
438	529
351	364
29	457
132	628
242	498
38	537
26	358
344	491
154	273
205	212
542	678
189	402
140	203
312	734
350	747
257	417
113	257
209	219
630	735
254	559
547	580
293	482
417	482
237	496
462	718
159	411
314	547
172	674
391	536
115	248
184	630
332	425
281	367
213	628
235	334
86	710
149	378
618	663
225	526
34	140
392	634
39	709
92	95
94	359
187	300
443	562
417	521
448	703
43	306
672	703
333	675
332	625
6	163
479	737
244	603
508	634
629	637
45	233
65	338
164	357
296	689
68	731
546	627
397	712
188	508
497	739
272	331
119	333
368	520
367	645
207	634
76	300
33	349
119	280
233	450
397	546
162	628
261	430
445	498
168	613
505	534
178	291
119	347
275	327
18	380
234	280
100	220
317	595
498	557
409	639
2	623
165	232
353	609
340	483
73	635
179	535
341	730
205	318
297	557
514	713
214	597
40	728
539	678
335	567
149	341
596	683
511	562
360	552
385	736
300	488
68	302
406	657
297	676
56	476
40	473
40	137
56	513
34	703
204	242
279	317
450	544
14	453
85	722
219	669
224	308
273	629
90	624
604	663
456	588
317	569
70	356
97	342
283	382
218	392
251	565
363	400
289	440
253	353
456	737
250	507
314	719
366	522
125	746
345	730
432	706
183	235
522	627
187	614
6	659
616	630
125	264
320	591
173	687
139	423
414	642
30	211
104	605
525	713
147	505
400	441
155	211
137	728
563	654
379	427
449	571
27	644
143	229
442	473
580	649
211	440
171	496
250	594
30	370
140	244
407	610
3	113
45	634
94	152
161	481
109	602
56	390
120	546
213	370
476	569
290	388
576	682
291	307
424	480
88	592
126	548
382	645
364	641
167	738
271	340
435	452
46	691
99	463
242	505
13	734
421	434
168	570
83	641
109	715
103	439
82	523
601	604
67	98
319	431
213	632
574	594
295	610
205	588
194	303
305	716
209	512
25	345
108	532
478	601
382	389
586	703
37	566
67	416
141	389
15	44
2	156
13	371
87	244
183	741
612	667
668	730
520	607
208	224
4	17
34	166
614	745
197	203
53	539
201	478
567	729
174	421
33	465
77	638
187	737
213	724
322	647
80	339
79	466
24	306
176	739
433	543
30	61
192	667
551	601
419	719
450	673
446	728
67	408
171	606
484	598
311	722
240	519
373	627
171	448
538	745
367	394
360	655
145	346
333	473
431	587
102	425
592	645
488	592
544	705
434	459
15	157
76	641
545	613
367	615
44	232
723	743
97	634
208	421
83	288
192	612
102	613
134	214
382	471
133	483
129	151
488	509
101	672
49	107
95	695
315	685
337	544
303	309
424	438
145	543
49	78
255	312
48	489
281	332
555	628
116	649
230	569
332	584
630	748
441	464
300	343
105	385
451	638
217	667
74	433
367	670
47	179
66	168
493	654
317	529
488	669
412	582
155	656
238	483
112	619
460	648
184	373
427	542
138	475
358	688
427	684
106	173
59	287
715	728
86	409
554	614
306	621
189	635
328	537
346	719
397	635
438	650
219	723
53	217
17	612
158	517
504	507
513	666
89	713
364	594
33	285
158	572
62	608
477	534
179	368
331	686
294	636
144	562
293	395
492	633
120	728
184	275
162	252
71	519
174	251
182	521
78	271
47	186
734	746
136	303
218	718
322	518
174	284
383	748
93	667
88	606
394	549
235	245
144	590
235	741
14	556
689	742
721	724
587	659
490	497
337	419
163	248
549	550
425	658
336	361
156	700
67	153
136	294
676	730
236	512
489	735
95	736
182	584
393	574
338	744
181	193
7	673
111	361
213	253
31	591
411	591
265	732
279	513
95	281
411	625
186	191
225	352
374	701
95	728
322	393
386	549
120	400
289	293
547	574
350	587
205	702
496	659
162	345
78	509
58	547
73	261
152	364
88	626
325	629
404	505
298	665
98	583
664	678
141	350
268	671
426	642
365	385
121	375
215	557
22	445
195	355
200	493
106	450
126	336
694	748
496	682
143	496
8	474
125	671
40	63
312	424
268	678
292	513
467	695
164	414
57	272
194	250
386	551
17	62
284	359
13	559
461	532
4	130
673	694
241	700
477	692
589	674
188	558
307	439
499	699
405	495
24	176
522	528
69	164
355	618
81	717
432	513
363	671
240	577
702	746
272	429
172	551
399	404
398	449
343	523
45	96
240	453
148	595
636	653
536	634
24	640
146	677
44	464
36	606
145	686
71	182
229	417
315	745
295	529
132	513
12	194
524	606
259	433
98	584
58	730
493	747
90	194
194	476
425	746
226	470
146	169
434	453
283	375
248	380
56	718
88	500
8	430
513	517
1	138
64	427
300	414
644	687
337	730
346	459
428	703
446	660
339	672
114	588
365	517
161	678
295	356
238	577
236	246
89	334
182	745
269	332
156	443
637	645
187	601
29	220
141	700
226	481
7	412
69	695
175	529
38	529
64	82
12	121
189	739
77	334
89	656
329	417
524	677
202	309
621	627
96	157
166	380
447	706
629	645
195	364
361	473
40	147
327	560
2	487
614	646
174	397
93	250
167	222
160	454
6	244
51	84
293	595
150	318
61	155
350	595
276	352
49	425
120	736
37	653
533	613
409	670
487	632
132	640
13	25
76	376
455	484
242	721
69	502
456	747
42	302
309	543
75	205
238	273
154	286
353	565
160	561
512	547
3	254
94	690
116	668
281	657
271	421
666	728
597	609
42	353
269	563
108	440
97	127
325	419
636	656
82	210
525	531
113	329
223	660
171	260
461	659
390	685
511	749
233	523
386	401
282	626
3	310
236	378
287	603
77	746
86	649
83	453
515	621
106	656
333	567
302	627
105	321
49	321
152	352
39	131
414	638
3	374
155	295
44	604
242	625
271	630
95	405
75	385
627	640
1	471
11	517
37	131
436	616
235	470
411	547
140	214
175	709
0	26
260	371
34	579
308	540
589	615
0	556
113	616
75	579
166	664
478	680
414	434
311	664
358	586
595	629
263	302
108	312
317	628
130	383
52	336
260	390
30	149
87	458
158	528
622	747
611	678
592	708
289	411
384	578
158	288
91	161
456	693
59	148
109	633
541	690
352	688
657	699
112	737
421	514
151	334
175	622
51	110
133	592
428	483
514	549
37	161
535	631
80	290
317	626
136	154
257	669
325	748
553	738
218	465
539	672
49	603
306	556
292	741
48	709
275	626
202	338
17	748
46	680
173	628
214	532
2	283
158	717
342	381
353	728
177	646
326	551
97	532
116	238
395	441
172	337
100	255
385	678
201	449
263	552
360	618
355	468
96	262
279	725
70	331
178	187
222	311
62	241
531	685
538	657
62	358
593	695
346	704
571	652
104	138
0	317
162	273
371	473
245	631
92	690
45	299
34	206
30	87
265	561
280	314
15	83
84	580
145	198
114	625
83	267
102	338
104	421
48	439
133	150
189	199
307	671
10	215
347	685
289	400
321	558
191	230
347	741
160	537
177	668
715	748
121	491
345	585
135	707
576	679
163	649
493	528
275	300
204	279
31	127
302	384
223	623
11	716
626	740
614	617
251	363
21	501
364	465
30	511
497	590
438	499
560	626
403	697
80	88
525	642
200	418
275	582
539	608
20	653
121	408
258	260
291	742
255	566
220	587
149	222
21	621
22	549
302	332
591	658
431	670
105	407
467	545
121	483
387	598
482	683
640	669
430	627
383	387
152	173
55	487
173	186
203	212
71	219
172	587
194	677
141	458
62	642
419	441
455	642
331	615
423	569
2	602
287	693
157	372
289	664
225	263
18	454
235	444
10	624
405	557
171	558
256	514
382	644
342	447
175	409
81	633
234	564
10	648
200	565
87	553
300	353
119	214
149	421
231	602
435	550
381	732
292	338
608	669
320	587
237	406
647	666
59	130
313	741
236	627
398	707
12	167
523	544
44	725
330	402
499	510
162	740
222	238
275	284
7	262
61	531
60	576
175	270
349	380
170	475
199	727
213	360
104	251
141	545
11	652
101	553
375	633
64	156
444	718
117	305
445	678
316	654
270	619
325	345
561	610
442	643
275	373
174	413
166	174
408	551
408	422
15	694
24	730
18	122
352	584
181	294
73	246
388	546
114	140
360	722
113	396
195	372
450	583
315	646
49	598
211	327
294	422
598	697
420	647
532	690
425	744
8	630
176	460
273	376
511	746
209	578
159	202
25	418
341	633
422	748
230	454
75	723
21	391
245	463
112	599
171	572
328	431
207	416
303	625
103	654
351	427
114	522
491	609
147	266
204	651
322	428
7	708
585	744
569	697
367	603
377	408
478	519
98	694
50	609
325	501
416	482
514	602
18	124
312	519
147	197
211	623
138	144
230	298
113	258
246	620
445	470
278	648
154	472
61	311
51	217
519	741
321	432
169	240
36	43
397	489
577	674
0	283
123	177
540	676
258	707
17	668
259	335
344	379
30	538
250	412
432	747
454	719
322	552
303	598
214	447
535	700
268	686
389	658
32	250
87	447
3	503
48	370
49	545
180	684
207	249
80	505
672	682
86	660
48	235
392	621
242	325
614	667
170	333
581	656
315	555
248	689
484	736
475	665
29	416
564	670
141	395
684	742
400	650
416	649
117	253
316	410
237	392
326	711
354	587
432	656
80	547
340	509
139	393
194	320
187	551
279	294
42	240
87	391
184	503
420	591
119	575
25	441
512	528
7	728
309	350
310	580
249	536
28	612
238	528
78	232
263	443
331	722
565	622
632	675
275	677
567	696
244	466
133	319
12	105
277	308
223	649
60	658
171	733
402	433
312	362
564	610
29	657
231	635
109	544
378	651
259	483
86	197
2	210
206	559
163	175
414	661
230	582
10	591
17	401
298	631
22	134
205	297
43	580
258	269
331	607
154	696
322	484
77	225
111	431
168	405
140	423
504	524
188	529
250	685
584	696
265	740
228	594
594	740
503	593
57	290
350	672
3	596
173	336
89	736
52	571
426	433
111	427
374	419
72	166
576	732
46	86
21	531
489	720
409	739
112	304
115	409
71	379
29	538
150	367
306	609
228	373
436	671
115	447
305	620
196	483
404	595
31	175
621	728
192	602
512	560
430	434
106	286
482	570
302	400
240	292
30	47
536	565
228	733
338	594
338	546
406	640
729	741
31	506
590	683
677	739
445	686
0	51
164	315
367	448
323	503
10	84
21	639
80	492
263	564
356	496
89	185
288	600
121	333
277	601
106	243
378	693
650	729
378	614
147	642
630	710
185	195
18	623
167	268
234	575
286	502
606	690
442	724
262	420
292	502
290	635
134	257
261	338
504	643
89	355
527	727
450	670
110	488
7	24
66	595
119	125
90	120
71	218
151	440
564	660
88	547
507	611
365	557
15	464
98	480
60	594
170	456
432	441
191	626
161	595
583	693
65	228
100	682
116	208
606	659
52	343
569	600
267	515
532	560
18	579
31	652
178	182
86	702
134	586
475	512
141	144
518	594
139	641
486	674
471	558
61	144
380	698
184	359
258	529
613	735
379	473
208	670
553	640
692	694
66	610
254	317
204	492
388	563
148	409
37	139
144	675
518	644
117	438
38	113
385	526
49	368
71	82
259	398
157	587
249	441
64	677
171	647
420	466
124	422
82	93
112	407
268	656
206	341
210	332
259	623
17	40
355	744
119	545
341	574
177	739
157	438
5	456
279	460
580	693
428	559
625	684
19	174
197	667
227	683
342	621
6	492
41	452
181	696
194	262
198	369
335	584
133	573
292	311
121	586
72	534
465	709
205	291
66	170
367	646
215	388
435	561
212	473
482	666
305	388
276	532
289	347
33	260
554	646
5	257
418	482
425	720
181	450
702	711
36	223
259	695
326	587
134	677
189	201
26	115
46	395
514	673
448	567
488	646
142	392
389	745
346	554
228	489
355	645
374	700
87	204
358	667
324	710
182	734
678	698
510	564
338	444
159	400
159	734
61	342
13	560
267	410
21	421
54	257
283	467
117	515
556	682
172	534
430	449
24	653
521	562
209	610
470	686
218	514
366	461
148	559
211	702
96	700
431	515
501	715
94	318
50	621
720	736
248	559
421	527
22	513
461	743
581	672
92	537
135	224
275	345
67	271
363	501
124	432
166	555
157	267
195	464
46	603
471	636
525	716
139	741
183	505
138	166
20	110
43	278
215	639
176	463
609	646
323	358
8	605
219	334
106	190
164	241
303	500
344	352
123	677
139	739
30	244
675	749
66	163
291	456
164	285
84	667
132	485
498	629
303	549
399	614
398	414
223	366
91	361
570	587
256	736
549	563
242	382
384	717
363	534
164	432
503	748
233	645
335	743
224	685
61	447
221	567
550	565
117	475
5	79
48	229
332	641
496	649
384	510
160	202
226	255
414	655
190	285
254	561
72	97
171	727
242	246
72	417
453	556
191	483
335	565
3	57
42	543
330	351
278	325
52	553
121	575
392	698
68	594
89	584
183	731
69	556
528	626
58	512
17	717
387	625
227	670
151	375
558	689
23	448
189	540
455	635
2	744
130	468
214	688
271	463
146	149
164	419
25	558
306	393
457	599
119	723
339	704
247	732
401	482
496	675
54	682
282	407
264	525
35	727
184	327
208	288
57	395
707	731
199	664
391	401
504	624
162	643
118	702
106	253
393	682
517	654
314	442
270	596
257	351
259	403
510	688
103	678
492	644
65	420
639	654
259	728
629	657
50	546
269	626
538	609
83	487
458	527
411	526
511	596
531	698
509	608
356	449
162	431
22	92
404	424
42	259
436	677
207	729
603	740
457	459
551	706
203	382
206	621
613	658
241	408
653	671
478	526
98	317
508	509
111	238
353	560
339	707
24	692
384	522
278	307
250	321
529	575
283	624
299	309
595	674
33	125
74	688
288	470
332	692
33	463
132	358
31	105
13	302
88	310
9	628
19	108
330	456
131	166
80	460
239	634
712	742
142	185
572	629
38	97
8	533
0	357
321	649
106	367
423	553
254	351
34	219
450	456
153	156
82	188
212	389
443	648
19	222
37	303
36	669
452	611
106	310
455	748
30	437
505	643
168	291
21	219
440	749
331	357
379	460
15	622
242	335
109	618
356	366
459	624
348	442
51	670
262	427
426	572
8	729
2	650
503	727
298	348
180	311
418	704
197	273
236	327
97	412
203	310
328	669
579	705
33	57
325	376
178	479
449	731
249	264
44	372
130	261
519	707
30	56
47	357
403	703
321	485
230	286
105	349
311	695
117	120
14	402
296	633
60	568
225	339
277	377
622	641
9	362
645	715
397	534
397	429
118	585
415	627
36	368
94	323
161	454
112	324
581	686
187	684
320	518
179	637
98	404
135	240
59	496
59	289
0	234
34	644
139	603
123	437
30	378
179	206
170	680
316	491
114	196
135	245
205	445
732	743
122	149
291	368
259	270
247	321
200	672
397	556
75	366
437	683
267	288
653	677
258	723
218	469
151	279
36	445
207	277
240	714
287	423
241	530
238	554
335	549
640	731
289	548
122	168
237	534
193	255
304	451
276	336
337	407
417	537
432	450
57	244
173	203
170	452
38	662
393	727
133	219
531	724
153	190
392	513
280	587
96	531
115	671
15	57
222	598
302	685
624	742
503	554
147	663
185	392
398	692
372	429
211	445
426	552
21	173
59	405
101	611
385	583
422	495
235	461
11	249
649	656
262	553
478	603
290	609
597	726
333	492
135	497
100	513
270	655
216	295
321	607
434	669
231	361
302	413
184	735
222	749
304	345
268	517
620	683
711	746
184	700
232	418
74	725
318	366
207	280
14	503
145	339
194	279
192	401
330	363
657	745
297	638
151	399
44	648
122	413
461	592
477	498
468	646
23	696
634	739
329	416
146	476
393	622
392	493
324	461
87	224
85	362
448	613
312	406
384	523
237	702
39	142
621	747
539	613
101	528
311	413
646	729
178	618
231	454
4	416
18	332
83	623
252	351
21	610
416	712
280	408
135	175
195	202
334	636
187	213
216	674
289	304
184	197
47	129
378	654
572	693
64	634
173	737
225	247
39	230
294	378
512	721
228	485
10	94
526	550
38	66
91	638
300	583
203	596
234	515
551	703
412	431
319	396
247	287
12	492
197	598
110	536
533	746
182	594
249	680
18	689
454	653
296	342
221	419
685	731
406	656
402	607
543	736
61	586
426	738
102	738
433	535
315	673
241	721
290	724
112	583
140	201
514	582
276	679
546	686
271	313
97	308
244	670
190	359
366	660
199	201
290	370
199	561
289	610
10	464
379	643
647	744
289	746
25	152
386	434
259	328
66	309
24	411
88	743
108	213
306	718
151	472
235	471
290	584
16	526
112	526
97	249
266	630
188	407
321	547
220	505
229	564
148	742
165	360
69	687
57	578
220	393
143	584
214	696
146	701
183	642
236	528
186	436
244	443
183	577
499	563
484	595
441	502
219	475
566	655
260	479
147	732
269	680
646	715
336	643
246	555
220	560
394	559
593	667
329	375
98	511
234	539
54	234
46	682
222	560
624	633
139	222
128	246
202	745
536	654
358	722
64	739
187	461
434	458
441	466
310	329
490	618
533	537
225	679
335	744
489	578
54	683
144	346
392	579
72	371
61	667
165	541
296	695
216	699
567	602
16	19
103	622
58	397
528	680
477	509
638	657
267	478
103	632
601	722
570	646
85	463
67	562
170	639
409	447
84	552
60	438
52	574
511	598
194	591
576	709
663	723
95	332
185	566
444	468
32	527
55	602
577	605
274	319
152	331
46	116
64	247
447	528
188	738
549	616
275	333
315	642
160	405
79	641
16	63
365	637
89	480
51	572
149	632
482	640
422	685
114	245
108	499
178	465
397	523
173	601
181	725
93	297
335	575
125	191
334	620
479	702
440	543
209	435
128	486
334	617
370	719
460	703
185	694
80	744
61	622
118	123
584	625
91	493
242	444
252	651
598	704
232	478
404	522
203	651
270	504
122	428
231	506
202	593
215	348
484	653
417	651
201	659
399	673
572	612
196	579
724	725
478	666
139	553
226	440
86	672
107	127
108	232
588	646
444	587
86	678
174	611
395	716
213	621
597	686
216	693
140	298
14	426
453	730
182	707
144	475
252	450
62	416
360	695
81	240
336	669
49	379
382	572
243	455
664	701
86	588
72	489
230	688
206	572
474	519
530	723
250	504
111	587
625	706
579	666
8	583
431	590
347	572
653	733
250	463
668	727
133	518
13	171
131	340
98	674
462	559
174	548
460	705
169	591
404	666
12	515
132	170
145	323
324	358
187	668
16	419
568	742
356	575
394	566
244	361
279	351
156	269
42	322
668	739
339	349
188	417
321	563
603	711
284	495
7	90
201	716
60	296
325	423
172	375
93	307
2	247
221	390
559	650
348	617
32	451
244	574
27	334
162	455
415	694
208	678
303	363
447	529
24	668
53	352
288	585
610	737
64	176
488	673
116	721
205	744
192	427
473	716
405	578
584	594
123	406
36	712
218	292
447	698
140	156
395	524
332	552
74	419
355	609
138	349
167	628
93	96
186	563
290	665
238	429
116	722
218	496
100	294
242	369
519	537
266	721
38	527
344	562
26	499
274	614
367	708
151	261
148	436
427	502
116	182
66	152
127	271
114	689
294	373
30	120
585	626
67	385
471	692
674	678
525	688
402	437
311	512
352	700
320	734
493	746
34	688
0	305
284	697
149	279
25	398
145	317
33	500
188	709
181	623
91	575
155	616
9	339
481	577
393	601
297	623
393	554
476	651
260	531
229	643
204	249
80	303
294	679
128	497
244	442
68	617
122	617
130	376
205	231
1	739
250	348
71	724
546	730
174	244
446	651
179	207
499	561
151	226
398	458
43	195
471	649
670	745
48	650
537	656
76	658
71	516
191	476
49	63
17	71
324	724
92	479
9	568
526	671
632	746
450	748
321	371
83	462
377	684
413	570
36	702
157	343
292	717
40	538
577	681
22	42
464	628
343	611
276	362
27	40
202	560
324	520
191	569
129	740
145	589
4	71
39	95
206	603
296	395
241	321
182	411
296	402
593	608
89	429
571	596
649	663
571	664
705	727
595	691
11	248
256	371
91	504
224	640
288	292
195	242
349	425
6	207
429	549
8	35
447	700
17	144
534	695
554	748
76	434
74	689
326	519
265	322
349	696
396	586
400	600
149	626
399	439
617	710
269	717
203	373
259	281
9	722
459	660
207	676
268	542
357	726
5	587
305	619
460	652
360	641
68	313
160	414
369	396
136	491
8	202
711	713
116	554
491	664
250	386
407	696
606	710
176	310
229	364
405	666
146	306
290	372
329	560
155	178
8	115
298	579
372	576
660	721
309	612
234	728
206	713
232	252
122	744
194	497
452	662
94	185
296	669
623	739
436	705
50	498
60	219
590	653
385	570
438	550
158	557
218	444
505	540
524	711
134	245
225	568
275	430
336	462
218	638
177	527
48	49
556	717
161	596
428	434
222	734
394	630
30	612
8	713
112	227
420	660
550	581
193	475
271	528
180	413
383	485
505	607
1	573
171	745
236	535
155	250
310	423
213	694
50	316
575	698
544	715
671	694
627	679
309	512
303	548
645	649
81	552
498	562
216	594
139	197
520	558
12	179
66	744
281	725
187	249
12	247
11	391
234	400
106	441
56	324
420	678
165	586
67	742
69	452
379	653
153	579
120	212
333	481
102	538
193	721
259	298
219	497
208	600
717	733
398	650
218	632
551	623
370	504
189	691
161	556
130	452
196	728
258	338
517	736
307	341
131	629
198	431
272	706
95	694
517	711
353	507
37	610
262	496
251	355
224	481
381	650
84	528
370	478
13	428
134	154
142	333
21	560
95	731
220	744
24	400
61	682
558	609
345	378
402	625
30	174
197	449
115	613
120	514
511	548
390	735
230	617
20	559
283	542
7	629
156	437
283	388
150	493
405	719
0	274
294	603
288	414
49	253
20	704
109	611
210	630
403	747
79	475
19	508
532	574
628	713
467	534
476	670
218	704
199	694
306	389
241	364
138	483
441	550
43	400
132	707
101	302
23	185
63	601
144	471
394	396
23	648
66	408
172	581
141	425
490	742
432	639
21	199
315	507
58	340
241	438
7	541
39	640
62	281
257	321
350	445
152	302
614	732
318	598
322	677
311	466
607	689
186	688
471	513
2	305
147	682
296	651
212	490
295	593
199	465
221	261
380	651
224	312
559	638
538	720
401	547
542	551
116	458
388	419
381	672
260	631
94	731
458	561
360	615
83	371
242	406
483	602
57	322
452	477
72	614
34	208
37	388
86	638
394	598
244	248
343	551
121	239
243	499
245	281
72	77
218	650
136	172
30	743
627	727
295	629
281	425
448	473
84	252
69	391
28	63
546	584
166	660
228	545
586	713
337	459
83	342
274	474
11	197
344	737
37	404
177	485
230	381
205	579
248	688
268	454
11	698
172	364
471	575
118	353
139	191
145	401
151	314
246	500
101	145
85	204
533	594
403	683
138	664
82	85
386	521
10	14
426	496
86	88
628	679
193	562
116	503
20	619
71	665
13	266
575	622
175	653
77	624
311	494
697	702
601	671
138	180
361	447
257	672
340	699
554	648
428	730
166	542
255	679
171	547
152	219
13	473
366	444
161	212
212	640
212	327
129	393
321	396
145	359
139	436
199	428
198	722
174	283
317	711
62	264
162	217
572	686
598	625
383	394
49	416
20	508
445	670
218	535
27	199
75	181
495	624
229	457
63	177
444	720
181	434
224	692
102	350
299	405
130	421
33	665
390	460
282	527
532	729
128	625
324	582
400	561
271	568
107	494
669	732
269	508
722	744
468	745
251	284
83	579
450	571
114	285
634	695
266	483
148	458
31	347
26	248
33	634
60	109
80	299
349	746
1	582
72	176
351	567
287	440
287	709
177	397
131	522
526	737
175	484
114	379
58	255
290	528
205	227
185	355
144	689
60	146
30	60
162	384
79	291
43	116
134	640
428	547
9	657
255	665
281	617
26	432
133	325
289	323
499	626
360	556
359	581
100	165
649	733
13	594
549	659
345	716
152	237
318	534
6	536
154	682
42	517
40	567
279	384
139	652
196	687
357	576
272	353
178	180
58	460
553	557
244	512
314	650
83	444
222	669
14	144
117	455
182	321
36	699
372	536
513	555
638	705
233	422
548	552
252	612
101	148
86	137
101	417
155	429
431	509
114	446
235	411
61	190
37	136
415	442
264	302
9	592
287	442
221	431
26	226
686	707
62	561
638	713
107	439
345	677
623	713
138	481
14	609
81	232
73	425
265	433
226	543
386	600
476	674
536	699
60	228
189	324
93	685
277	551
136	330
273	689
314	511
42	152
307	440
117	328
284	634
512	649
301	570
213	231
168	573
98	707
349	505
93	165
553	703
191	199
160	691
31	45
153	656
321	325
182	257
188	639
271	722
253	748
156	385
556	688
229	314
298	680
591	649
395	406
27	81
360	430
296	350
248	563
274	698
124	494
338	502
620	731
236	410
541	627
266	459
46	730
313	663
47	508
543	743
44	699
266	454
153	468
305	552
7	517
173	282
600	611
429	742
286	636
156	238
124	596
0	45
141	351
423	647
438	741
535	666
15	25
131	423
23	142
461	623
167	742
306	412
37	693
486	532
360	377
122	282
35	521
180	302
523	567
219	385
2	38
419	485
88	294
222	743
134	598
277	587
44	299
493	619
309	653
187	694
371	444
399	662
423	463
565	610
529	715
459	704
457	672
530	705
403	616
239	692
308	415
530	711
204	384
158	617
119	458
193	608
256	368
3	286
402	489
83	536
75	228
204	226
63	488
280	696
283	717
286	634
321	516
326	581
194	609
537	647
15	621
505	517
115	605
288	540
8	705
323	440
174	400
239	576
467	683
279	369
373	694
339	430
159	253
583	623
201	483
41	119
605	647
329	520
89	518
139	610
110	481
274	302
434	450
557	715
11	555
300	612
554	572
23	422
72	485
136	360
355	466
98	648
124	531
441	718
140	607
9	203
95	247
337	494
567	740
142	184
660	682
610	731
287	349
273	580
578	633
270	472
471	590
393	539
0	527
51	226
420	623
614	748
209	386
187	238
255	275
14	359
10	17
454	488
95	508
313	650
505	679
303	634
534	556
286	387
511	653
344	409
267	504
328	610
111	367
328	741
180	181
170	472
36	447
241	249
100	389
437	701
275	513
181	225
644	673
226	533
558	716
490	533
207	299
367	664
277	318
299	377
446	455
61	650
256	743
516	716
381	668
239	298
132	207
87	249
471	561
18	571
22	743
230	258
478	485
188	469
113	350
134	663
92	744
170	275
602	661
336	383
207	380
31	244
230	653
521	648
707	725
111	490
403	660
202	282
135	627
370	400
49	264
146	501
226	524
144	210
268	565
283	376
20	634
284	520
197	642
47	167
241	329
305	423
269	689
93	266
359	439
99	440
270	558
40	410
286	299
453	585
204	507
14	173
391	410
52	494
94	380
2	678
402	504
295	403
195	451
243	600
262	660
119	627
388	479
249	283
305	307
413	515
266	468
279	492
275	624
478	722
37	293
65	669
540	734
352	637
233	528
190	622
229	746
300	611
144	708
90	686
23	540
698	745
256	708
127	503
53	525
390	540
28	307
24	327
39	668
59	307
663	699
69	682
234	314
82	417
179	239
438	742
67	739
245	250
577	735
307	330
494	598
225	603
565	628
68	317
55	385
254	563
317	666
627	631
342	424
543	552
463	543
107	651
403	698
312	621
369	378
384	666
268	276
153	540
465	585
54	698
149	551
440	463
313	624
487	575
608	705
201	525
272	686
237	484
205	286
81	559
260	521
85	628
146	155
307	648
186	443
259	383
612	690
314	690
245	432
631	681
340	478
82	714
336	358
146	332
84	475
579	703
702	708
419	672
231	509
328	737
259	399
497	547
108	133
380	742
104	303
149	700
343	428
350	729
729	731
609	747
388	622
289	422
541	730
698	723
7	621
432	727
605	702
504	522
184	726
106	633
209	412
190	395
433	692
205	505
179	386
151	227
351	415
293	337
38	69
131	237
613	711
154	689
80	195
252	412
79	703
326	356
178	395
367	632
176	223
489	577
141	264
67	345
356	359
321	671
331	737
102	215
445	559
172	626
74	408
212	492
459	490
138	505
324	553
540	572
196	321
323	717
602	706
147	604
114	148
206	461
178	596
494	613
500	544
355	711
242	458
74	702
13	464
458	718
7	305
318	421
562	563
32	538
244	718
36	129
422	535
657	707
699	702
26	372
547	698
116	677
150	535
239	405
215	242
32	347
564	595
210	243
250	255
239	378
243	633
40	178
171	259
610	727
206	666
6	255
34	638
71	401
269	311
223	567
271	713
623	681
361	746
44	114
107	322
111	374
409	603
158	679
219	244
151	504
198	734
54	109
255	599
358	581
67	380
324	342
149	544
100	662
71	675
533	693
46	93
406	481
88	391
131	428
330	653
359	508
468	497
16	356
191	321
18	204
88	683
104	380
431	713
418	420
17	679
283	653
194	305
106	209
295	547
195	270
466	735
77	243
39	255
16	486
273	547
323	550
682	707
210	538
335	722
414	493
136	460
344	615
52	516
645	697
127	476
116	711
153	678
210	399
292	704
93	289
397	416
80	354
108	299
129	705
217	431
279	691
105	611
580	639
375	518
36	183
445	523
79	242
49	170
189	270
274	586
366	517
130	714
112	739
32	454
561	724
555	629
355	681
463	642
231	466
89	739
566	689
11	186
158	297
151	422
225	403
92	485
10	622
135	181
104	119
99	109
200	202
87	441
103	282
25	198
238	504
329	422
73	632
473	582
332	464
500	600
710	729
318	529
113	204
76	345
10	504
86	408
393	612
336	604
142	145
86	591
164	197
207	440
363	380
259	545
116	232
79	731
71	486
303	491
215	573
522	700
66	329
210	671
226	484
88	608
240	363
260	578
497	553
379	610
417	578
19	197
66	597
217	224
434	583
6	116
134	270
111	279
183	518
427	537
167	614
521	621
90	524
84	656
422	706
222	579
148	297
478	482
369	699
311	604
96	740
88	494
283	601
374	609
512	664
375	569
77	220
53	407
630	740
376	740
243	282
380	465
601	646
192	675
171	455
335	693
115	690
256	615
206	553
67	307
50	386
630	643
255	412
296	373
258	300
277	317
22	551
81	470
260	446
204	290
96	417
104	706
25	644
511	585
265	735
284	425
210	546
106	641
305	440
4	746
553	562
430	704
101	523
248	628
395	691
515	648
41	550
268	500
280	548
321	409
6	111
336	451
178	582
190	647
3	440
28	452
29	537
335	667
212	390
535	590
501	709
444	685
61	258
406	577
96	483
251	717
68	677
296	578
392	398
20	138
508	658
136	542
96	418
282	353
256	339
298	380
78	491
94	250
300	515
61	72
137	735
260	544
275	652
571	600
215	326
79	284
518	596
471	585
170	405
128	593
446	612
79	274
207	633
109	573
87	568
440	560
150	709
526	569
119	483
77	389
216	347
115	383
191	323
636	675
48	663
215	320
154	391
333	588
503	531
26	493
10	699
104	262
176	435
31	503
581	590
18	523
77	216
685	729
203	309
60	729
63	576
60	297
50	581
253	732
156	573
160	663
161	244
150	360
338	526
386	615
26	387
48	126
174	250
279	488
288	299
59	214
412	659
304	563
180	629
201	291
496	655
383	469
265	733
232	599
229	449
110	552
52	527
29	280
313	323
104	114
183	556
558	703
542	709
24	95
330	538
536	600
125	256
96	501
509	661
63	299
652	675
95	284
119	201
207	624
396	453
403	730
182	600
16	587
506	721
121	566
33	68
210	498
85	575
370	430
208	611
179	609
148	168
82	628
95	156
176	617
321	425
132	319
229	605
127	516
120	311
483	500
338	442
196	276
193	618
20	213
91	351
260	548
59	226
383	539
107	338
92	294
44	130
189	564
397	398
38	484
223	363
508	547
462	585
540	591
9	575
264	540
235	390
36	401
430	529
111	553
463	525
328	715
432	453
628	651
98	749
108	564
166	383
315	390
695	737
176	553
36	387
204	502
22	380
159	306
91	605
34	390
285	351
487	559
357	417
469	485
54	300
182	304
77	649
27	363
109	727
372	633
612	695
58	403
343	614
245	636
522	704
275	613
205	322
42	121
134	427
264	328
150	547
105	741
104	631
470	567
90	106
70	731
47	180
267	377
313	363
566	571
26	604
175	282
457	626
173	510
694	734
464	640
327	341
72	294
329	548
462	649
15	77
86	708
91	700
498	518
173	276
7	372
379	576
175	239
519	522
179	246
161	736
328	486
116	240
390	564
66	698
159	334
26	612
122	686
81	670
255	663
212	491
345	719
415	566
82	626
266	730
283	353
2	354
461	671
86	576
550	568
425	433
63	406
143	389
596	717
178	266
50	659
365	727
177	732
557	628
142	356
30	379
4	562
288	618
131	466
130	319
501	695
415	685
43	256
252	388
24	235
423	613
262	458
256	568
232	486
135	628
511	589
204	635
323	360
476	709
12	382
436	719
60	281
460	598
561	587
35	217
420	498
235	270
589	645
173	297
276	639
551	657
106	179
91	222
82	425
51	685
435	511
150	665
584	647
385	402
114	233
160	522
171	254
44	689
202	427
230	347
357	455
17	500
261	577
514	699
15	605
45	255
590	691
299	536
250	314
0	509
195	395
42	422
30	742
340	408
246	608
352	544
142	699
318	669
154	611
243	399
261	299
247	448
104	674
525	736
170	208
323	374
283	394
396	573
474	670
223	576
276	424
136	161
151	609
459	647
84	215
123	679
379	572
106	219
182	562
98	586
211	714
103	263
110	360
44	217
494	608
18	674
617	645
275	408
252	676
682	718
186	308
695	719
397	417
19	657
453	508
696	698
12	715
430	672
470	533
214	288
2	167
85	551
320	617
576	703
595	680
443	589
265	441
73	278
449	661
151	272
299	315
207	591
317	564
198	575
7	70
95	164
24	274
429	563
134	717
355	657
351	357
206	589
286	469
473	480
232	420
298	379
315	675
643	658
517	746
520	595
160	378
264	330
150	453
261	301
293	674
494	651
256	592
611	701
44	681
364	450
109	513
39	587
76	503
150	545
338	511
279	670
529	570
191	379
40	693
426	651
409	494
361	551
93	112
214	342
103	109
432	681
94	423
53	417
57	374
421	453
71	404
605	627
365	377
583	585
49	407
207	458
197	493
459	521
651	740
69	574
355	397
563	699
160	515
226	442
408	435
535	712
123	210
377	531
321	595
404	493
196	466
287	728
42	332
145	551
146	575
30	680
66	97
74	526
667	712
26	391
433	498
6	167
360	505
554	624
268	689
354	430
499	506
490	730
163	597
128	540
264	464
365	705
159	426
18	737
397	504
228	612
47	223
377	390
22	598
317	679
214	520
328	677
303	532
201	345
539	718
150	650
543	631
588	616
237	311
404	696
153	489
470	732
41	227
96	672
59	113
196	292
514	552
17	641
202	642
106	314
181	580
370	525
483	582
493	598
167	552
102	236
123	585
375	457
256	376
330	433
348	640
546	600
581	743
62	258
574	675
91	215
471	569
42	162
147	252
175	433
126	357
328	339
141	677
198	241
259	730
543	617
496	738
9	714
137	597
252	304
338	418
38	141
164	636
207	393
385	433
241	557
370	603
511	673
134	732
715	724
42	386
149	482
217	304
417	582
388	406
230	495
390	436
76	595
30	546
225	268
82	233
291	591
496	642
16	234
547	601
499	604
304	393
89	622
494	582
26	382
213	426
71	252
53	533
581	618
562	742
106	505
124	377
313	748
568	647
463	640
83	362
90	579
130	358
88	482
20	466
396	564
41	180
443	561
196	338
151	600
2	234
44	439
144	304
334	489
51	468
652	659
587	660
419	646
262	631
351	457
7	595
103	132
284	695
251	735
89	743
178	724
12	358
330	386
145	208
103	363
304	373
180	731
557	645
254	503
497	703
93	613
403	590
303	534
563	679
99	166
37	148
266	448
170	294
95	557
345	666
72	161
322	563
303	667
263	729
157	453
51	683
363	582
84	741
37	265
466	563
524	729
96	269
179	649
319	723
212	501
439	600
148	720
387	602
40	245
98	412
65	461
459	557
164	403
623	691
286	564
45	115
84	429
340	414
189	293
201	687
80	430
47	714
108	150
427	432
523	641
621	629
104	749
7	336
82	326
480	686
348	568
87	496
582	651
376	556
19	501
375	696
83	365
140	539
486	737
11	352
298	555
208	607
87	296
185	452
515	565
239	599
85	485
38	714
416	572
511	558
356	577
124	639
271	328
310	716
495	621
302	736
165	251
471	686
436	446
13	617
194	676
55	664
160	456
365	491
52	390
117	441
234	388
450	558
162	504
193	521
122	715
276	302
5	375
148	740
305	632
174	645
529	667
371	609
97	343
37	643
322	627
485	698
166	445
396	663
2	36
195	692
443	631
94	375
546	557
351	721
215	522
537	620
303	554
39	612
229	446
401	676
330	470
317	354
330	706
229	592
305	679
64	662
302	473
78	530
244	299
368	417
339	450
103	556
85	173
569	713
460	577
352	687
509	567
24	300
602	735
471	533
684	702
528	632
248	725
433	679
291	335
105	364
129	729
288	443
296	329
160	673
107	196
392	586
87	668
72	460
470	677
627	741
244	745
336	591
392	548
62	146
162	324
183	744
18	399
245	542
449	532
120	464
211	223
118	248
100	160
27	315
54	532
172	305
417	658
174	438
165	366
552	599
48	102
182	215
178	230
177	453
508	734
483	558
114	609
272	630
42	163
33	230
333	422
530	695
27	74
55	532
197	308
315	581
500	665
378	703
152	676
38	737
198	210
617	634
48	215
480	626
26	431
411	658
221	282
145	452
48	430
402	735
265	313
120	660
258	273
86	605
32	511
206	217
257	494
397	405
220	681
192	492
407	472
146	520
8	364
524	685
345	639
739	744
145	202
23	417
3	11
111	303
361	416
24	384
276	441
585	716
152	205
95	596
89	428
184	372
252	708
26	229
96	237
111	487
373	517
2	370
253	715
482	562
75	740
52	625
427	559
156	737
612	683
34	165
2	679
631	733
354	484
309	453
187	214
60	596
18	607
515	698
345	520
311	349
162	535
163	461
444	721
530	591
125	139
312	394
287	548
554	586
27	465
524	618
13	94
89	458
412	525
299	349
83	594
249	395
334	602
195	205
170	413
173	576
397	594
248	618
98	383
252	585
157	215
471	482
229	527
84	612
565	713
516	703
357	497
199	304
486	571
319	649
154	358
626	640
194	686
449	676
577	637
83	403
572	695
556	686
683	710
55	194
112	284
288	706
347	431
275	579
212	293
134	508
554	652
166	748
244	444
131	467
283	667
296	556
15	537
532	721
154	412
27	593
170	246
58	352
16	612
80	276
398	630
426	669
99	549
213	228
415	533
56	58
521	611
263	343
518	575
90	496
155	588
503	712
0	151
59	581
290	723
318	595
229	356
14	85
268	444
380	473
104	642
256	593
197	455
487	741
61	382
322	659
273	414
488	624
60	561
160	562
675	720
568	710
67	690
260	356
183	685
393	550
345	500
197	603
230	723
543	581
228	357
516	532
192	224
143	597
179	244
1	619
2	285
84	102
115	517
181	391
25	70
37	253
585	590
131	170
60	393
57	515
239	663
174	195
254	293
63	352
145	745
400	413
48	286
521	652
35	694
134	513
540	717
109	599
84	288
352	406
261	656
119	305
115	713
34	480
110	602
614	715
370	620
72	367
5	53
226	347
89	271
436	518
455	605
659	728
46	198
35	75
21	593
481	501
94	214
302	587
331	738
118	514
68	363
10	617
167	217
20	572
73	293
24	186
275	455
312	546
368	548
329	439
417	553
304	634
12	395
189	264
191	464
179	404
581	620
501	511
174	512
485	660
384	709
231	318
131	457
284	369
300	455
11	36
59	480
351	625
3	498
144	597
187	412
371	494
118	529
12	654
326	521
69	564
28	338
342	728
99	454
14	445
154	402
256	388
86	272
154	738
444	590
697	740
399	402
607	663
643	720
192	690
400	476
375	740
118	416
35	207
252	545
589	681
7	161
170	412
69	398
336	720
63	431
349	457
282	306
14	424
33	235
50	680
146	327
24	364
488	708
653	724
176	686
275	587
171	172
581	673
245	633
68	518
373	683
1	749
276	537
181	255
172	444
211	328
353	386
183	322
465	528
56	78
288	594
131	373
390	412
99	521
464	620
424	522
199	257
322	324
580	608
45	87
172	684
285	309
41	348
201	726
599	716
294	384
362	590
196	713
67	337
560	656
248	674
479	524
551	588
525	561
147	444
217	538
317	734
216	477
109	474
24	721
246	704
83	182
331	338
118	205
76	653
416	478
555	727
240	305
0	1
558	560
240	711
211	368
41	107
371	555
118	619
79	585
379	606
137	457
232	376
115	414
49	132
36	656
741	744
156	676
143	608
195	498
81	468
448	566
336	598
522	706
264	496
170	737
27	312
174	614
25	241
355	382
266	552
430	447
712	715
39	638
186	500
154	369
221	738
143	410
488	506
74	404
255	276
368	743
48	532
63	229
113	166
373	692
155	502
280	495
114	400
411	456
316	608
114	573
142	350
550	613
164	191
189	465
342	461
35	92
105	501
429	467
72	225
213	369
571	609
171	295
148	163
455	718
85	541
421	432
291	529
152	524
223	338
64	310
325	528
288	513
45	100
80	514
157	498
316	395
61	113
578	636
118	533
41	658
73	283
226	420
311	529
73	439
99	737
244	532
107	386
134	624
98	705
236	510
389	438
148	243
410	479
353	533
504	667
232	460
20	102
502	714
388	590
109	520
291	563
276	479
51	147
6	100
589	595
164	462
7	456
91	151
627	699
116	464
17	175
680	688
220	311
142	600
475	496
70	488
121	277
126	612
429	688
533	555
568	665
180	575
564	688
201	718
554	627
450	451
50	497
186	309
51	204
243	540
275	516
78	121
338	644
176	611
145	694
146	494
80	614
604	685
707	742
58	101
512	548
182	668
437	447
678	746
284	583
409	588
440	536
96	419
207	487
588	726
385	462
85	290
611	652
170	662
102	233
345	659
77	297
428	659
312	688
321	380
283	606
586	591
163	575
483	549
84	230
376	517
118	350
212	679
138	566
227	325
251	307
188	707
227	500
461	625
544	730
90	718
557	656
146	514
79	494
248	700
536	647
473	621
115	494
256	714
216	223
307	683
347	668
318	659
72	116
21	195
108	459
292	588
452	593
154	466
2	333
431	638
444	527
178	277
78	525
597	721
492	694
79	422
365	450
157	310
46	710
678	739
480	491
599	667
4	82
209	666
394	635
342	558
141	731
16	444
318	516
44	650
155	361
212	615
237	400
512	668
250	739
154	414
393	473
89	717
431	688
692	714
191	217
589	640
506	649
43	200
98	222
50	298
4	47
165	332
338	740
222	403
485	701
257	463
295	581
633	642
149	190
36	616
482	639
616	628
124	186
214	708
273	713
256	347
25	568
150	707
46	661
329	699
108	342
438	709
680	748
405	647
502	526
34	119
11	635
50	217
485	574
244	302
137	175
497	664
196	599
214	251
320	665
304	402
223	545
119	735
355	420
63	334
698	700
396	418
341	366
227	415
92	178
27	664
77	609
95	592
206	574
74	154
202	687
225	477
691	698
185	696
326	505
64	719
179	265
192	476
0	733
356	618
476	672
405	408
438	630
242	575
340	529
295	612
581	606
226	620
81	190
420	625
106	447
71	469
68	653
52	250
248	520
113	164
425	483
411	644
5	316
150	259
369	605
24	299
214	347
169	456
37	614
121	537
107	656
221	712
351	393
109	217
221	709
318	588
228	459
165	462
364	457
367	739
81	710
326	379
130	185
418	617
139	405
523	741
425	700
266	650
58	177
418	647
38	162
396	664
94	725
139	254
107	370
93	549
592	627
426	543
335	428
238	491
189	683
102	608
434	734
336	551
80	395
269	588
144	546
272	340
61	299
358	563
287	532
129	514
75	144
333	747
226	353
257	624
265	395
193	202
157	459
611	729
458	512
246	675
87	293
250	530
606	637
157	219
227	490
21	282
124	401
261	291
38	223
172	481
41	547
168	667
176	644
41	123
552	597
106	481
124	300
73	349
226	626
16	198
198	679
122	322
41	537
326	597
166	634
379	689
120	383
92	149
361	661
17	116
145	749
110	124
214	231
624	638
83	748
280	316
154	622
312	391
480	731
13	528
454	711
670	737
47	107
206	597
683	686
598	736
127	686
47	596
301	705
22	554
369	540
329	452
626	651
182	186
40	212
323	641
157	598
245	258
615	697
348	454
162	418
626	632
375	572
99	392
433	684
377	562
339	587
319	419
151	265
428	455
601	608
93	454
239	256
234	713
413	637
54	286
168	231
453	715
592	621
385	673
0	392
528	585
474	481
275	366
568	683
337	597
228	616
341	426
436	682
355	567
204	256
379	716
51	540
230	668
47	57
255	682
65	307
86	396
226	237
40	467
113	147
528	640
4	697
214	379
175	575
526	600
506	510
74	187
177	309
35	603
94	567
445	585
134	300
119	420
353	474
385	408
4	671
106	232
533	572
242	684
44	647
425	676
111	577
58	154
128	368
411	502
462	463
541	699
398	636
443	526
153	625
242	341
121	464
143	742
45	530
250	673
472	685
178	469
60	733
34	724
124	319
168	233
33	540
141	505
224	264
46	380
447	566
33	93
226	696
292	715
343	490
275	493
263	561
329	430
1	683
406	447
98	568
47	580
536	628
58	699
179	569
484	499
250	381
207	553
87	449
195	542
245	312
231	365
615	649
104	594
381	563
36	194
130	568
467	627
303	546
133	491
62	189
193	741
325	547
116	646
146	488
100	457
269	375
130	573
558	695
254	716
552	677
130	645
44	395
354	470
367	381
183	424
180	387
170	500
98	253
2	295
380	464
315	323
432	579
75	390
98	218
119	621
28	184
23	365
453	546
122	226
5	597
99	189
105	463
340	526
46	695
346	531
517	567
332	417
642	707
474	564
531	690
403	736
441	663
341	521
396	499
178	181
151	260
65	357
637	692
251	328
222	420
27	679
541	650
142	577
153	360
136	146
264	691
417	547
0	467
239	709
341	551
203	383
176	326
511	708
631	643
449	580
215	527
353	478
76	616
166	731
223	522
190	435
219	586
408	543
480	706
430	629
72	199
56	639
375	649
123	173
422	497
302	460
495	496
170	617
64	343
214	412
242	330
5	475
219	503
13	722
320	638
390	587
67	78
141	555
34	692
32	184
246	387
207	364
524	744
94	564
18	397
58	402
344	712
519	559
338	553
459	581
91	562
191	559
434	445
531	558
254	352
158	357
216	573
381	641
33	629
398	610
258	510
557	574
634	729
239	637
22	397
221	568
273	422
16	418
689	719
84	210
165	572
278	557
298	515
70	231
316	436
56	603
320	689
201	319
9	536
111	641
371	579
52	348
43	144
153	280
67	168
387	452
390	695
412	468
367	602
270	541
470	569
565	661
229	508
312	698
524	595
398	696
101	278
373	444
298	556
187	600
295	419
86	282
55	266
115	568
343	709
115	530
481	486
351	607
99	465
26	193
77	406
365	737
527	618
172	189
191	735
86	290
111	594
146	730
13	278
432	710
306	553
225	315
522	642
103	708
19	203
100	749
71	329
185	474
18	403
27	310
488	603
365	437
209	743
543	652
279	716
483	682
379	458
197	388
240	464
460	595
194	590
396	511
521	627
247	383
175	333
262	382
193	282
28	209
169	556
231	241
361	654
316	586
358	436
184	698
39	257
11	631
134	542
14	320
93	255
39	79
384	720
455	599
419	435
263	333
522	575
349	360
71	630
424	562
167	220
167	676
116	708
263	313
557	716
410	575
80	569
171	365
80	529
204	659
177	627
396	580
22	82
433	509
79	530
23	683
35	679
579	615
146	722
354	573
537	612
107	721
119	540
328	634
518	537
451	678
292	339
253	439
390	477
136	192
92	238
495	736
81	507
259	474
66	110
324	709
515	527
482	667
79	198
344	589
398	575
71	500
100	628
548	585
216	243
45	485
274	439
360	424
41	685
28	54
308	399
70	472
234	311
112	629
60	183
464	641
249	708
255	573
144	642
89	607
101	372
26	221
226	548
462	738
247	745
606	692
278	671
451	626
61	307
186	382
236	313
164	471
564	684
545	690
230	612
664	709
593	745
154	226
265	466
339	383
213	714
97	452
237	546
410	586
56	359
631	662
225	516
168	170
455	543
68	314
150	407
51	514
306	470
9	669
358	424
108	261
367	457
183	269
148	174
493	629
107	519
394	542
508	724
161	361
12	482
146	291
577	612
180	291
381	580
565	606
192	731
269	551
233	353
312	662
558	686
252	353
120	317
44	257
161	353
489	564
559	742
5	558
333	579
183	606
325	516
372	408
89	396
53	573
363	542
143	595
46	215
619	643
35	665
48	234
378	550
547	575
164	513
298	627
278	283
4	551
323	404
40	209
134	749
5	736
25	413
509	666
63	592
30	103
227	335
30	90
464	627
360	409
273	381
195	733
99	114
337	466
3	577
183	546
433	493
46	599
2	534
355	704
5	540
306	597
146	670
190	268
64	531
497	645
284	497
11	731
285	352
626	731
641	666
250	351
60	580
110	395
154	592
280	498
202	316
260	341
112	712
383	700
379	402
111	723
444	476
33	551
404	556
331	445
385	726
303	650
25	402
500	513
312	427
417	617
195	617
127	471
76	560
43	475
18	539
43	586
208	232
46	249
213	372
433	635
59	509
95	647
295	546
243	425
49	73
221	609
149	335
70	660
8	573
577	608
151	162
22	650
224	566
537	541
88	168
463	532
477	700
21	715
99	552
395	540
364	545
373	730
309	367
408	699
2	377
302	569
184	388
169	579
23	97
389	698
198	500
434	685
143	320
263	572
18	106
422	635
289	368
63	249
574	673
411	560
203	569
106	112
550	612
445	496
59	163
561	642
76	121
60	346
220	548
196	385
549	731
63	286
389	456
13	622
465	718
116	222
29	224
515	546
248	337
66	303
471	728
293	303
96	555
91	122
353	399
167	437
315	510
208	715
211	457
382	484
389	705
110	244
90	147
17	70
66	294
246	617
102	522
106	257
543	585
16	516
403	496
283	641
501	731
156	515
84	460
127	500
27	511
2	284
126	457
9	202
48	609
380	708
204	418
109	681
186	469
438	583
448	712
115	478
142	156
411	458
72	163
295	439
341	703
39	508
703	712
96	319
492	556
241	582
503	676
369	732
476	683
66	549
146	400
695	704
105	661
262	576
224	711
543	615
503	504
0	264
324	426
176	211
138	519
434	678
182	384
365	595
73	167
258	741
185	592
172	322
319	332
419	577
310	616
383	458
323	405
10	506
57	527
552	629
33	671
49	311
226	288
232	522
130	532
509	596
210	612
223	248
80	207
190	553
173	280
341	589
362	742
96	524
346	699
414	497
123	524
252	297
430	708
334	533
424	727
201	286
55	662
26	726
363	573
22	206
260	618
435	471
175	277
475	728
383	439
221	400
82	718
170	274
436	629
147	211
23	672
126	165
381	631
392	431
181	490
238	586
18	574
448	711
265	604
5	223
123	364
75	607
17	664
572	602
69	468
311	360
410	662
66	518
156	721
465	516
33	50
434	687
172	353
77	178
88	633
63	88
426	567
5	510
346	516
25	97
378	558
94	240
47	387
257	575
242	362
266	369
328	380
380	489
2	339
444	736
317	396
337	487
265	720
362	585
177	625
424	685
24	423
68	344
331	681
234	642
294	331
131	301
78	695
284	328
503	742
437	455
252	537
21	283
472	491
243	443
22	304
371	664
272	514
116	576
341	405
56	515
71	433
209	595
160	566
176	643
560	715
51	485
42	714
572	730
486	684
195	703
332	388
564	676
63	295
454	495
66	472
515	562
127	411
545	664
447	673
134	467
145	225
101	160
453	646
181	618
90	247
425	597
3	339
534	719
333	409
482	503
440	633
618	737
315	353
194	747
54	352
111	178
262	354
541	739
106	421
361	459
33	244
332	719
58	482
111	358
401	474
244	597
115	245
370	650
195	284
210	364
280	321
339	519
340	744
550	557
146	679
52	732
347	719
350	495
277	456
80	225
476	548
33	468
329	604
112	191
332	640
291	380
561	585
299	325
204	547
230	649
437	467
5	635
544	727
237	241
366	529
53	560
5	454
493	657
2	737
385	561
21	561
16	527
222	468
129	610
519	618
270	730
332	490
18	217
199	207
22	403
23	632
440	606
672	717
97	124
506	700
499	722
328	482
9	288
434	509
354	557
145	632
110	419
133	168
30	630
68	721
69	581
163	641
120	150
230	458
393	677
564	591
240	556
468	694
361	420
45	168
307	521
691	697
5	90
327	709
77	453
499	541
185	400
272	652
102	345
46	709
7	198
0	307
62	351
262	336
90	511
72	716
67	303
505	723
225	539
166	362
549	619
485	557
42	366
86	366
71	436
344	384
429	614
301	610
149	373
195	416
270	485
149	259
17	567
254	709
508	749
363	606
524	675
609	617
398	415
10	252
400	705
197	275
444	452
187	547
422	647
260	604
559	725
59	150
328	401
6	704
97	715
430	594
497	534
643	717
18	123
161	585
409	524
499	639
9	176
143	198
441	445
68	454
62	701
170	366
270	308
99	586
121	677
132	197
602	668
137	658
246	619
349	444
20	739
115	484
254	358
144	554
339	346
610	724
369	370
83	232
196	394
72	720
357	607
132	411
30	263
0	504
120	175
358	406
474	732
112	525
128	530
462	572
221	734
64	409
263	449
321	550
25	384
112	557
99	367
582	665
18	331
471	735
327	331
7	14
177	549
259	610
357	700
58	113
293	666
7	439
452	637
101	385
200	677
367	451
82	679
545	706
272	504
40	454
127	366
104	165
567	613
114	436
560	603
664	743
121	363
192	696
226	324
247	630
511	633
427	529
111	655
33	657
223	737
63	267
371	504
182	268
30	143
58	485
201	352
247	605
382	545
261	558
132	693
48	661
492	534
277	491
328	719
332	691
298	671
197	536
387	469
260	420
346	678
564	716
358	690
12	69
18	732
338	436
159	724
138	164
145	591
290	531
185	424
340	549
57	85
296	653
530	724
569	650
572	620
114	397
220	621
205	742
159	384
103	313
544	581
389	660
162	678
338	702
15	97
575	692
97	735
185	741
122	323
118	403
52	109
64	656
235	670
54	161
421	635
104	558
530	592
575	635
66	663
27	422
139	365
86	473
361	536
200	413
425	653
33	718
462	512
503	532
203	652
166	743
630	656
172	539
473	506
271	285
65	709
525	603
599	610
313	476
418	421
460	468
374	531
4	442
657	672
81	631
134	138
40	501
75	739
280	602
207	271
17	393
333	641
141	266
95	668
48	618
28	545
368	516
128	283
116	661
482	486
452	721
133	720
556	705
147	631
426	462
95	624
11	180
19	658
486	511
119	566
162	412
520	633
433	633
53	566
110	318
359	674
235	282
178	665
191	456
14	155
68	228
182	703
342	497
510	607
276	678
626	644
145	383
317	337
205	556
325	395
276	608
129	735
681	684
66	109
212	704
191	211
658	712
141	600
120	520
20	133
26	461
498	694
376	583
69	397
696	705
44	733
38	415
209	428
138	457
511	728
291	600
451	564
153	664
82	142
41	262
223	724
201	411
444	450
38	491
159	650
539	623
382	738
59	79
43	420
162	306
322	413
56	409
188	509
47	106
617	727
426	718
174	644
643	701
24	217
525	706
357	626
43	635
63	747
226	296
16	660
540	670
589	623
478	736
304	412
34	196
40	718
317	468
446	538
102	300
189	721
512	591
307	690
578	721
59	344
326	677
507	702
170	319
502	578
316	730
316	670
393	718
253	495
2	22
139	274
243	711
43	131
327	650
245	326
21	587
123	394
490	603
308	620
68	170
261	554
570	701
213	346
228	265
122	128
28	106
109	271
89	688
97	128
14	691
210	527
206	486
212	383
577	743
159	328
13	741
273	529
80	131
246	350
283	539
298	588
311	581
221	606
158	461
72	177
288	710
69	532
79	598
195	494
482	671
294	365
242	315
62	515
167	593
309	569
287	643
153	485
317	559
203	376
431	485
214	437
57	548
158	603
664	704
86	115
456	688
47	574
87	241
248	281
50	347
4	281
307	557
88	490
126	417
9	291
346	601
150	184
227	685
145	371
144	623
110	440
512	731
282	451
171	402
6	506
456	718
186	441
71	494
335	454
97	250
118	201
454	507
60	679
421	666
194	639
606	627
188	739
529	739
104	636
361	736
46	653
682	694
60	552
562	590
264	655
243	371
14	712
84	350
487	558
272	688
49	257
393	536
382	481
42	311
198	200
209	737
557	705
4	594
60	163
183	538
14	40
74	694
442	559
119	634
387	736
113	235
14	566
382	613
572	598
10	665
111	611
302	530
378	586
211	286
252	372
680	717
305	501
234	429
23	335
117	352
114	210
283	431
348	507
267	507
221	733
494	592
379	431
132	548
195	378
164	674
354	630
180	679
170	347
332	661
72	676
189	576
288	604
390	527
265	745
335	718
82	361
212	375
47	210
509	579
134	303
490	653
551	566
64	342
58	322
177	280
348	659
179	193
51	214
521	639
47	396
144	620
323	726
233	542
196	565
105	469
382	601
17	126
307	577
508	600
129	438
430	720
552	734
457	641
161	210
513	662
214	228
632	695
362	620
216	380
99	102
71	196
317	321
199	578
124	481
38	442
198	424
152	608
29	230
403	613
389	744
504	635
237	705
22	266
394	437
23	460
60	121
366	720
354	373
131	573
222	727
65	415
164	439
262	629
16	312
323	667
169	488
106	534
560	651
15	747
76	449
201	695
119	729
58	692
587	615
14	24
93	237
443	537
618	688
183	695
2	280
504	602
139	504
233	594
243	294
320	531
340	716
35	456
133	269
259	407
153	513
491	506
154	520
511	526
410	728
513	709
208	322
62	631
233	567
84	606
436	438
65	213
585	602
163	720
219	299
157	631
138	703
237	695
69	194
605	606
145	365
137	247
108	262
207	388
280	476
213	649
460	688
61	442
342	352
169	449
173	411
636	745
403	525
186	279
397	740
116	423
90	574
119	348
176	470
383	571
62	196
494	662
262	615
179	227
300	389
531	694
137	274
152	655
241	288
397	622
170	569
526	608
98	257
110	215
77	490
483	523
378	676
320	682
361	584
48	640
2	310
22	479
17	228
193	464
33	712
13	693
218	265
303	746
460	532
241	270
369	512
124	550
46	390
79	182
22	452
109	127
449	468
50	194
55	415
622	642
34	66
130	489
96	438
2	430
229	708
142	351
257	313
252	703
36	586
305	311
72	573
66	136
130	232
300	620
78	428
703	732
107	265
414	673
100	302
38	421
239	331
271	549
84	598
167	357
295	304
493	748
122	315
378	618
580	745
504	620
118	595
322	742
419	727
523	581
381	390
175	710
146	643
238	730
554	615
162	474
298	543
264	506
188	577
32	148
347	348
109	566
58	304
74	678
447	590
216	471
301	598
12	352
21	59
540	730
24	77
268	651
360	688
89	639
324	647
118	456
84	405
586	699
251	334
224	547
145	592
83	263
210	593
339	666
244	715
43	196
157	700
77	462
71	216
101	519
114	174
109	502
111	364
558	704
179	407
234	615
273	462
55	279
141	531
169	627
473	632
14	223
292	565
397	478
429	635
428	672
363	366
519	712
121	579
577	580
558	662
183	586
296	397
464	579
46	146
267	442
398	402
519	714
3	320
242	679
35	277
267	501
60	283
159	423
101	706
511	552
343	349
286	680
280	674
453	701
224	315
55	365
167	543
541	628
96	539
152	371
213	696
593	681
182	362
256	455
80	104
342	600
79	578
36	647
103	148
52	352
51	161
581	707
215	680
224	282
300	703
328	374
50	605
84	143
636	699
414	589
288	337
319	561
149	489
23	596
5	741
84	523
320	695
65	387
321	391
186	588
458	562
144	607
477	628
622	693
103	605
139	279
164	360
109	224
178	641
50	514
615	743
435	743
195	526
353	502
199	615
270	532
183	302
156	592
20	412
521	597
474	721
137	512
590	656
160	188
282	305
345	645
117	436
406	421
6	734
235	523
200	294
453	603
272	695
290	366
370	519
90	564
388	515
4	564
311	386
387	706
267	331
75	633
351	428
201	215
153	331
183	701
358	740
515	709
166	277
293	438
427	728
85	167
217	580
157	744
52	720
684	696
473	488
361	566
65	689
40	64
297	547
57	82
592	727
89	132
186	189
122	272
190	489
576	700
148	613
186	317
266	430
196	388
415	451
152	638
303	678
481	492
259	337
298	715
259	459
41	705
13	221
179	491
78	373
175	620
449	702
13	161
528	641
24	528
540	715
465	645
650	707
184	490
408	707
479	581
155	546
391	557
624	641
531	547
141	553
371	459
322	588
188	713
12	273
413	578
128	740
134	362
108	712
202	656
85	131
296	403
354	669
187	583
227	473
21	681
545	600
55	253
360	463
312	397
202	492
151	712
585	621
671	710
642	712
536	541
159	179
208	621
648	690
520	551
118	641
68	98
11	75
508	744
265	496
112	726
449	622
331	341
22	486
445	454
114	354
469	743
225	639
576	646
64	684
51	538
97	554
82	487
220	242
96	270
377	418
256	300
212	705
274	437
173	292
288	423
334	701
76	645
3	208
317	726
332	704
387	675
335	617
134	678
382	512
153	276
184	399
68	73
199	675
240	703
492	500
36	577
297	300
333	593
531	706
271	550
245	488
266	579
185	211
181	730
440	508
110	200
84	242
400	514
63	638
275	688
314	659
25	692
49	356
242	637
305	741
145	675
107	337
56	679
11	124
358	476
473	695
148	652
1	30
171	231
621	667
80	149
55	515
189	748
457	486
199	523
355	543
124	562
453	588
333	417
114	745
3	660
162	204
419	704
66	464
434	638
170	304
363	420
232	514
47	645
145	623
156	432
429	596
329	702
127	661
565	724
335	377
50	293
88	260
8	134
23	623
96	380
125	599
324	659
161	240
349	416
24	615
6	653
428	522
353	715
195	582
76	302
238	664
156	497
314	507
279	510
161	616
184	187
135	584
210	366
422	582
362	495
344	627
229	531
17	570
98	652
10	586
477	486
35	276
531	581
146	235
48	695
21	516
302	631
354	634
572	740
279	579
60	141
328	509
41	400
364	530
213	215
149	521
118	286
510	624
245	559
255	623
588	659
72	220
499	594
158	632
120	277
139	534
202	324
582	690
625	643
247	598
138	605
306	544
248	631
180	438
56	617
246	414
50	209
508	521
181	195
131	701
213	232
299	418
83	142
19	468
150	302
263	273
141	511
360	461
552	600
472	715
419	724
39	250
364	462
193	412
343	401
152	518
467	580
305	420
504	701
289	673
7	577
55	681
409	621
32	220
246	614
306	439
130	335
39	642
254	311
271	649
427	615
132	335
226	596
195	508
3	723
539	690
641	728
267	407
215	672
150	280
342	366
189	367
10	40
32	575
48	519
120	598
127	525
330	391
3	497
280	594
389	621
132	330
41	192
333	542
225	654
396	409
61	398
225	542
464	558
458	508
344	450
196	248
91	715
81	520
84	631
122	702
116	706
629	691
110	740
56	277
310	326
113	153
642	650
114	206
2	481
335	336
189	196
239	294
180	277
208	424
325	439
443	652
311	616
48	352
378	625
107	714
110	641
19	296
156	464
467	537
327	353
145	232
59	610
212	370
109	362
502	618
25	505
146	218
402	705
5	336
696	746
44	697
194	257
544	554
103	271
170	408
296	690
70	360
224	478
372	489
406	738
495	665
291	526
120	324
514	624
321	433
200	627
204	215
314	430
31	104
23	217
177	509
604	610
106	271
357	523
491	511
98	607
67	613
239	390
228	697
164	685
333	679
621	678
292	372
26	292
341	411
333	547
9	716
122	680
320	717
248	614
97	371
398	665
393	500
354	729
96	165
77	401
465	504
469	604
313	358
105	642
236	564
48	82
634	670
526	572
200	312
270	681
521	709
285	398
75	703
263	533
551	592
220	492
27	82
99	573
171	518
503	660
139	651
522	595
176	496
417	584
307	348
74	411
260	648
421	495
406	557
23	438
374	425
281	673
297	626
513	649
58	622
137	332
158	409
25	390
85	320
12	439
447	584
113	294
51	172
295	467
224	371
138	527
164	485
93	342
605	609
207	556
157	199
277	341
340	523
89	568
27	729
252	581
370	541
215	740
616	726
267	423
21	572
102	509
109	465
38	297
497	668
442	568
65	444
270	364
159	357
309	622
180	395
128	186
0	585
67	103
412	413
30	707
432	551
388	599
177	394
325	705
436	561
429	717
672	734
439	469
355	597
549	664
56	329
640	704
263	509
14	275
345	714
94	549
551	665
416	646
177	506
239	655
194	504
372	698
75	246
529	638
9	38
67	118
208	503
27	119
163	508
355	538
120	579
489	556
199	271
82	659
460	606
510	527
388	582
26	576
216	277
272	423
231	366
389	557
523	727
298	667
104	485
349	598
78	682
593	649
64	643
131	282
29	425
186	733
130	149
287	631
386	697
0	642
503	634
1	244
22	426
327	702
55	196
375	561
347	476
258	642
256	621
253	700
349	591
104	382
116	719
110	120
674	723
196	294
458	588
103	650
44	435
138	673
104	194
103	232
322	561
85	429
176	466
280	665
221	656
454	614
238	256
367	651
212	692
486	734
61	560
42	620
287	585
309	481
380	722
193	421
338	369
152	325
8	647
327	723
129	667
75	313
157	628
457	619
193	614
297	522
348	381
53	737
10	386
153	673
172	342
368	566
252	390
385	450
592	644
204	671
130	440
262	534
231	353
51	294
369	403
541	620
157	391
599	691
469	523
138	623
221	370
202	413
60	726
227	509
71	323
20	216
326	681
105	312
62	239
646	727
156	651
360	494
11	571
155	536
478	733
98	286
389	587
326	628
471	568
211	248
567	688
410	420
520	737
138	637
656	690
24	205
80	156
60	84
142	457
319	343
167	458
659	688
75	141
121	352
136	591
345	709
89	595
38	691
461	645
59	736
140	491
173	477
261	701
27	554
128	310
106	115
347	514
126	382
419	731
532	561
55	276
60	387
263	421
11	185
243	287
288	599
43	595
184	485
352	617
527	743
639	729
573	626
145	349
714	735
282	496
375	508
16	586
104	273
181	636
61	139
120	457
66	247
334	401
75	718
43	85
0	385
355	490
428	489
85	739
51	502
308	630
285	375
50	562
211	311
503	627
46	645
300	328
329	729
277	464
239	305
558	667
533	601
675	748
265	274
403	682
465	581
50	642
268	359
218	547
582	588
119	317
203	504
84	221
57	255
241	271
639	739
65	491
66	431
75	518
116	201
156	355
29	360
198	479
185	405
384	675
2	411
105	681
102	295
37	220
484	579
132	646
371	742
482	492
626	684
272	341
641	706
88	612
27	353
258	455
231	560
682	719
453	749
110	427
389	530
53	345
439	624
81	473
657	735
548	709
24	135
66	112
315	496
530	623
117	161
668	736
256	459
144	712
253	609
288	632
7	563
494	673
92	194
459	537
467	711
145	166
441	523
59	94
293	491
51	466
93	209
291	296
309	406
576	749
95	644
319	530
212	319
561	586
105	607
164	198
22	501
419	472
181	731
354	745
85	294
34	436
678	693
288	375
165	659
488	630
199	535
470	734
196	679
69	536
554	711
31	81
481	593
329	682
316	427
33	566
92	529
52	278
172	488
240	452
25	424
406	601
60	664
617	744
143	744
296	407
137	477
97	741
637	747
234	289
299	528
497	601
65	303
61	607
67	487
12	295
210	727
182	699
151	247
171	309
412	716
122	145
104	210
672	679
423	597
327	675
515	722
90	312
88	129
291	587
116	738
79	525
219	552
175	421
243	714
190	234
6	274
67	316
284	595
635	680
60	216
24	442
196	509
314	447
684	690
362	390
291	408
140	720
309	323
57	252
5	548
6	727
392	645
213	745
112	586
152	509
172	543
34	312
42	391
127	345
43	343
305	344
331	556
158	713
281	526
475	499
195	547
145	643
224	351
259	376
455	568
348	685
131	626
15	625
182	192
159	413
37	588
104	390
291	393
161	485
8	607
131	269
200	714
261	441
21	158
147	610
267	455
80	361
248	645
292	691
247	290
135	152
345	411
157	479
275	405
285	592
743	748
80	656
299	534
335	470
499	703
99	450
129	450
651	708
10	574
116	227
97	356
487	579
78	176
406	477
269	343
206	326
159	700
381	397
191	249
10	65
137	196
492	741
309	639
176	330
369	722
472	691
162	555
110	566
465	582
413	745
221	688
474	569
340	723
352	443
32	455
193	203
302	486
205	554
120	619
305	691
107	516
180	595
186	610
214	631
18	238
431	577
34	595
26	407
23	634
413	623
677	702
563	570
194	409
112	373
91	636
368	406
12	461
381	407
562	632
30	623
183	696
283	673
393	532
470	623
410	736
292	635
290	335
175	702
446	689
265	593
17	69
272	576
541	618
565	702
134	346
169	644
64	720
305	550
95	399
200	406
213	276
72	214
419	469
260	532
428	628
37	287
464	636
261	709
727	740
199	387
244	636
279	506
58	522
1	435
31	143
328	466
512	597
124	688
375	427
269	592
185	610
75	244
213	734
162	185
124	132
117	668
158	540
339	429
235	389
280	677
55	670
520	634
246	326
572	712
151	515
43	663
286	582
25	254
8	93
399	604
122	517
458	463
59	398
63	231
249	429
131	242
153	527
310	620
254	369
428	459
291	580
144	248
139	453
46	360
492	636
231	704
120	652
271	468
44	154
396	476
90	425
118	722
138	617
705	733
85	224
292	718
438	582
701	730
575	727
198	699
401	494
367	536
22	489
203	565
98	340
479	578
123	367
134	520
462	506
81	283
287	295
124	321
108	283
363	502
408	655
59	161
42	727
98	294
442	519
274	564
30	104
267	537
30	607
79	437
486	621
556	724
239	247
269	688
138	226
453	656
73	141
64	401
69	746
64	136
334	349
257	693
384	410
363	391
100	241
111	331
332	409
240	579
690	734
43	283
91	405
505	584
18	43
186	456
22	174
454	493
582	738
169	342
607	655
150	200
94	520
376	393
293	459
2	334
185	446
66	184
67	117
396	521
435	649
93	313
565	697
379	415
535	560
397	538
98	468
612	659
306	530
229	423
112	464
134	408
312	436
273	297
414	654
647	658
450	642
173	613
87	160
185	540
101	397
559	743
62	210
58	333
172	180
178	550
37	329
205	565
185	318
73	719
381	437
230	667
374	664
167	408
535	566
87	389
110	275
57	747
493	658
289	365
56	612
445	518
273	304
153	652
115	650
73	712
11	136
138	199
43	576
442	720
32	609
114	349
600	607
6	95
312	607
293	364
502	554
222	645
327	637
573	662
411	429
406	527
295	324
54	384
261	315
143	571
51	616
433	710
443	465
158	257
91	382
105	476
75	316
280	671
154	277
202	303
38	186
144	337
399	422
74	416
400	699
31	748
398	734
57	344
169	482
62	209
162	169
93	134
92	669
1	292
493	583
30	46
224	656
62	406
284	592
35	579
112	346
245	323
154	494
290	445
0	612
59	427
637	735
253	437
86	244
64	626
58	426
378	493
354	452
58	381
293	736
8	288
255	414
561	657
291	503
91	474
48	184
116	655
209	651
361	482
353	573
245	729
54	375
186	715
192	407
381	530
96	577
45	351
140	176
404	661
78	445
232	320
185	490
472	623
61	64
330	480
151	695
258	406
42	170
156	374
90	254
516	651
150	342
232	453
86	181
343	734
41	606
148	224
273	535
441	701
698	719
719	744
74	167
175	546
68	577
282	569
454	553
699	743
631	652
176	605
343	524
87	512
194	376
363	630
94	410
338	685
45	744
182	705
628	666
30	327
483	749
184	466
155	238
20	294
215	679
553	564
39	318
150	211
587	614
453	647
342	391
341	726
128	576
337	524
419	706
50	262
504	638
319	430
429	663
212	339
489	492
488	612
29	536
18	338
583	721
95	438
3	111
380	490
407	697
61	646
69	663
674	682
506	539
57	348
371	651
525	614
14	459
108	592
151	554
426	440
89	520
54	220
117	424
50	583
135	644
680	699
15	617
526	576
312	380
446	487
376	723
303	668
656	665
39	86
572	681
1	273
140	706
355	432
16	273
441	599
112	645
143	487
30	591
91	557
415	434
142	551
224	340
439	590
25	552
431	528
601	623
57	708
627	721
208	384
31	452
479	554
365	496
294	700
108	420
280	626
415	440
5	283
388	593
99	343
434	637
471	589
309	598
76	426
274	305
155	549
374	626
583	724
354	696
139	598
210	245
407	577
618	692
120	544
510	699
129	524
144	212
358	503
260	397
388	541
67	179
301	451
244	618
365	459
374	621
60	592
379	583
26	263
339	630
42	144
230	566
466	470
62	339
227	230
151	263
64	494
221	507
16	338
384	477
112	398
236	260
488	678
359	617
348	710
429	592
244	245
121	718
84	572
3	731
24	355
93	311
266	554
64	418
92	321
276	668
322	341
58	99
81	378
277	564
448	585
244	379
94	635
178	240
565	695
338	525
513	594
265	523
56	352
652	673
62	638
276	552
625	660
296	382
550	662
168	223
111	692
298	510
235	472
67	488
218	305
266	609
47	746
428	718
117	257
27	331
404	739
427	470
43	192
127	478
119	432
24	332
635	653
164	327
152	354
490	504
358	635
46	141
112	226
494	612
600	622
374	729
141	436
246	265
146	407
201	553
63	435
55	581
18	382
714	723
85	308
314	551
466	736
199	330
339	401
412	421
271	391
69	516
376	529
187	424
585	632
74	278
18	245
308	355
164	696
213	257
180	363
702	735
368	714
265	674
341	501
275	404
104	552
233	366
358	523
188	399
3	146
233	492
236	286
172	475
572	710
570	610
511	745
245	317
243	661
291	726
462	615
37	710
107	161
708	717
448	559
232	273
41	424
110	380
224	529
414	581
213	574
304	354
37	157
255	261
357	386
48	687
140	416
144	257
439	580
160	692
89	367
461	559
64	465
25	645
167	467
26	153
296	538
692	721
326	647
41	610
275	615
154	384
479	574
263	275
137	215
143	538
281	583
466	571
365	578
293	516
53	582
96	358
354	554
99	562
93	152
158	245
357	634
343	732
315	661
58	290
63	399
101	414
268	433
34	705
268	613
161	227
63	188
9	537
111	322
533	728
88	693
455	534
368	519
547	626
344	576
235	322
134	151
183	214
134	539
246	270
586	720
59	523
52	425
264	363
433	477
226	686
41	617
343	396
89	231
12	58
197	463
22	129
56	442
5	331
127	414
9	147
259	304
2	662
16	233
221	451
128	574
619	697
674	743
149	660
395	655
117	596
593	609
17	186
461	716
369	614
259	528
84	596
329	498
406	645
63	625
63	222
10	79
293	357
303	550
493	749
530	552
539	540
539	616
170	277
192	662
32	159
24	131
355	454
157	424
10	483
369	720
282	549
307	592
34	252
118	630
390	686
19	264
240	621
83	202
164	703
65	68
130	650
443	661
254	400
416	534
478	696
25	501
128	505
54	693
58	715
86	152
311	550
431	477
626	746
225	602
248	373
320	453
48	727
405	617
29	201
410	691
587	601
308	423
460	720
9	200
307	308
154	661
270	370
60	469
163	552
3	446
448	580
135	288
69	573
280	717
588	742
109	204
231	320
182	204
56	82
478	655
379	629
168	618
93	196
679	697
487	651
14	87
385	489
333	503
235	572
340	389
368	659
115	700
365	432
57	261
302	359
349	749
300	424
41	95
185	629
635	663
574	699
328	684
52	653
197	410
33	524
304	477
44	634
321	407
33	585
6	24
308	524
409	719
43	718
563	613
141	654
288	572
98	614
464	746
1	312
388	696
402	407
142	154
76	622
289	356
504	710
124	284
437	596
43	621
2	682
387	652
455	477
220	364
422	625
256	329
193	247
273	589
178	621
11	120
40	97
324	734
375	439
93	356
280	422
192	277
88	352
453	482
240	620
330	483
448	518
331	478
456	726
394	704
187	391
87	136
374	592
20	443
335	448
163	179
279	439
75	600
344	395
401	581
246	352
209	300
243	595
43	345
275	372
264	350
271	329
102	550
227	651
626	700
18	413
401	425
442	531
122	336
574	689
34	419
23	122
605	675
196	573
164	335
24	130
163	167
59	248
159	206
228	346
385	419
286	302
321	577
304	677
455	490
260	663
449	518
461	573
205	558
434	514
109	510
218	660
444	490
431	486
63	504
320	515
343	513
421	638
323	515
274	630
487	685
511	625
650	663
160	211
439	705
344	663
298	598
84	193
576	610
13	408
80	408
99	320
220	636
270	723
543	589
189	259
170	189
166	328
336	463
47	193
56	97
292	543
47	427
253	433
338	603
57	455
405	438
115	308
104	692
350	532
321	459
60	706
708	731
56	349
109	662
392	635
156	217
509	604
290	510
137	484
362	525
267	336
655	695
75	184
664	682
145	575
88	728
703	737
34	559
326	429
184	673
8	98
20	35
489	490
59	228
150	233
335	731
288	590
160	594
389	583
130	672
280	307
156	386
140	744
434	474
547	654
128	481
187	305
570	620
687	748
545	583
178	450
319	679
329	475
446	576
111	194
591	711
341	663
244	550
275	528
450	477
268	326
65	691
346	537
171	290
387	719
73	154
361	406
16	64
306	310
398	495
78	389
55	480
83	203
238	332
338	591
67	77
356	369
276	631
148	284
329	561
32	189
144	434
22	714
40	645
409	665
88	424
535	654
18	314
400	681
188	576
10	83
322	367
150	461
367	444
454	674
16	742
131	440
511	651
369	642
383	463
20	421
117	711
471	512
65	84
89	730
129	185
38	693
24	120
335	719
271	583
258	641
324	623
314	451
269	701
303	680
216	678
17	453
284	720
38	325
298	502
407	600
449	627
4	592
23	394
451	732
394	740
489	512
301	652
194	396
523	642
249	372
490	700
185	449
358	511
231	476
565	651
646	694
149	668
230	231
398	584
276	381
279	409
30	375
92	270
238	672
152	343
143	356
41	113
248	663
290	603
160	263
257	507
29	325
25	608
494	525
109	627
253	652
192	298
372	567
135	664
25	328
365	441
275	340
226	749
242	713
398	623
17	235
200	388
519	645
392	527
63	269
42	564
292	643
518	693
106	194
163	240
265	619
292	664
356	688
392	614
450	692
26	749
106	666
332	434
183	432
427	477
362	523
460	484
195	712
347	571
325	488
26	423
208	539
151	505
87	573
194	247
304	616
167	728
19	148
667	718
545	572
50	263
329	646
437	623
116	367
306	533
37	458
153	697
189	571
112	399
76	673
275	299
56	91
150	532
190	210
290	613
287	313
403	688
43	52
28	468
453	564
252	368
234	719
316	641
103	635
60	150
64	219
505	558
178	579
176	434
303	551
408	449
70	558
74	147
125	716
267	619
183	523
146	464
176	648
619	648
565	592
167	445
113	608
404	528
175	195
406	699
432	612
484	550
586	646
578	714
284	332
149	537
177	279
158	457
537	610
110	377
16	265
53	596
90	178
32	665
305	504
12	441
343	425
588	626
78	378
305	522
101	418
8	520
239	242
437	479
291	664
218	564
33	62
387	449
380	687
574	656
242	647
515	521
602	612
507	575
85	716
15	620
323	491
40	656
306	354
154	616
39	306
223	451
209	546
193	297
408	747
301	685
195	686
27	205
4	74
221	379
46	532
389	641
388	632
302	333
154	596
473	580
235	617
101	442
149	226
352	365
582	609
426	686
72	324
36	386
13	78
75	685
600	658
183	513
285	403
375	404
10	95
632	667
30	203
1	606
665	725
666	679
554	637
205	745
44	182
140	658
157	360
105	549
99	640
423	611
275	594
279	464
335	728
118	331
359	406
276	538
203	215
117	334
563	665
115	557
351	653
347	605
437	448
379	538
87	285
509	714
281	335
145	460
340	668
91	665
3	323
463	685
206	250
110	150
168	174
165	561
134	193
269	572
459	671
267	451
196	217
319	466
533	707
486	548
52	558
283	319
527	671
227	317
159	389
512	520
70	77
88	639
12	45
61	530
22	522
111	459
158	207
477	702
201	696
554	729
12	671
134	617
20	44
335	466
179	393
159	260
218	482
610	675
108	578
98	548
499	705
218	438
353	430
84	579
465	672
131	240
121	619
401	458
13	562
250	288
231	690
109	195
119	399
131	529
158	168
157	674
326	412
125	623
282	739
88	262
41	359
145	672
546	637
362	637
409	705
10	517
401	442
128	278
421	734
190	225
51	621
174	264
139	713
23	209
297	322
243	686
221	297
161	194
401	623
220	292
208	634
173	407
219	327
43	55
232	459
426	533
544	631
188	203
178	301
262	611
19	130
115	482
28	332
319	708
53	577
360	445
183	397
91	394
127	530
331	531
18	232
380	569
550	588
85	700
193	549
164	651
42	619
276	278
220	377
267	685
356	593
429	472
513	671
120	307
235	544
197	345
252	492
308	459
420	642
225	457
263	684
93	288
459	731
301	697
235	648
528	574
54	134
131	459
8	154
31	532
203	285
166	444
523	623
257	537
20	221
295	311
578	743
431	566
196	480
527	655
328	491
105	229
132	443
373	521
54	475
5	163
364	573
616	687
73	100
44	412
322	347
161	503
461	514
27	628
35	674
316	556
228	604
124	415
183	689
121	572
484	712
262	745
670	725
680	742
231	379
224	637
263	554
230	363
215	232
20	340
118	508
117	739
572	736
41	482
288	348
356	689
195	251
618	658
479	735
7	204
324	617
366	370
436	723
468	730
244	268
251	304
20	660
56	213
527	536
173	725
135	576
393	529
516	736
199	700
22	444
275	390
445	723
38	585
66	454
130	173
205	217
391	608
211	625
74	107
100	286
32	243
153	327
411	572
38	293
135	583
32	362
54	131
58	223
438	468
650	722
508	523
354	429
275	554
505	748
221	263
505	707
22	160
626	738
67	550
394	631
445	599
184	507
40	375
195	513
244	482
609	645
544	593
175	365
86	312
532	544
545	595
301	600
102	110
335	402
112	378
94	598
295	536
286	646
80	261
104	474
365	407
74	658
206	645
371	425
171	688
579	699
11	165
301	596
44	254
317	566
435	523
32	553
447	641
425	500
87	167
213	705
502	586
540	740
274	613
42	692
237	355
41	111
394	745
46	328
370	456
36	72
487	649
72	241
277	374
267	380
0	517
84	496
346	515
426	575
169	536
479	691
127	189
89	536
139	633
193	381
415	438
16	389
17	157
197	328
41	728
61	680
29	123
235	243
170	442
421	592
156	363
58	405
261	424
692	711
411	509
161	295
515	577
186	203
516	578
91	618
150	165
620	681
99	190
490	610
152	238
431	499
303	594
198	747
152	703
5	687
382	726
27	268
206	462
84	709
51	307
84	560
720	744
258	416
203	681
382	654
216	290
168	322
213	409
183	657
45	215
173	216
124	548
279	440
133	631
367	598
84	170
71	606
503	658
4	520
274	462
402	642
7	668
539	691
261	497
414	607
443	703
294	722
261	535
558	661
223	448
244	380
238	239
396	514
127	659
60	413
180	624
2	565
53	372
119	146
25	741
483	556
403	699
108	172
55	114
331	677
37	117
18	48
22	566
16	329
49	84
443	445
73	629
143	460
50	238
240	257
100	587
384	726
593	641
296	308
168	720
329	469
484	645
290	414
223	260
51	67
443	511
212	453
545	740
551	694
590	616
293	409
604	739
166	413
580	584
235	625
102	285
238	480
16	307
104	404
37	402
312	488
327	664
163	595
509	644
424	494
533	544
28	497
272	515
142	505
29	346
149	682
154	302
220	671
85	154
335	556
154	636
663	679
222	374
49	146
703	747
355	600
281	396
154	285
32	540
168	361
318	635
430	519
44	723
425	570
336	474
118	296
525	586
247	400
183	694
500	549
459	476
58	744
234	528
377	601
47	400
174	311
643	692
21	713
139	545
59	699
144	202
407	684
252	273
370	426
43	190
74	615
201	656
494	526
611	726
284	565
459	741
48	110
41	216
129	214
290	628
121	533
69	207
155	621
379	500
219	459
50	98
75	395
94	196
44	375
449	533
464	717
34	356
110	328
160	547
194	394
527	582
615	688
158	532
41	279
166	276
167	713
190	348
645	739
97	721
524	722
599	620
368	518
321	504
185	413
1	166
336	448
238	377
499	565
170	280
107	140
260	497
40	334
242	723
111	425
30	342
543	562
105	456
22	422
143	337
16	119
621	677
19	699
252	382
573	721
132	731
10	185
22	83
81	149
228	366
59	642
125	141
8	543
5	271
49	627
83	168
155	328
11	343
527	650
147	421
375	582
376	390
119	542
103	709
613	647
375	701
50	570
152	161
309	353
480	611
129	379
147	532
445	548
113	746
57	585
483	525
78	609
144	492
85	742
205	706
433	707
42	551
132	565
401	586
79	328
342	648
222	716
547	558
138	162
455	524
3	326
31	284
159	748
153	491
72	544
216	345
383	610
416	676
185	581
128	644
215	309
625	635
256	585
679	718
23	399
97	149
326	406
211	430
216	289
173	210
277	314
518	536
645	677
680	696
686	695
136	186
375	441
137	561
217	723
376	602
229	499
38	482
622	728
167	661
305	736
262	278
616	734
88	200
542	702
624	733
518	683
375	681
673	705
604	713
169	572
362	693
372	642
558	596
247	319
99	571
429	718
408	460
72	749
28	695
80	485
585	613
512	635
400	675
0	502
94	456
621	682
382	452
519	726
86	415
152	176
124	441
463	517
84	708
101	551
275	412
591	732
266	735
4	144
204	575
301	641
159	397
54	277
302	493
70	644
232	407
553	747
50	231
352	623
458	524
207	502
424	565
397	517
14	288
55	411
168	583
38	566
258	465
307	399
235	435
234	375
533	738
320	447
262	646
187	555
358	632
88	662
265	639
206	319
629	696
319	651
136	447
464	744
104	505
475	701
493	553
232	687
566	728
287	406
472	482
681	726
147	647
8	403
303	595
379	496
66	282
261	665
41	82
272	719
533	749
44	745
387	734
430	490
314	316
405	608
420	550
335	674
124	551
376	418
423	576
404	678
23	175
454	622
2	205
31	222
644	720
63	128
63	125
465	655
685	692
245	304
257	471
193	697
126	614
132	689
293	363
52	404
558	625
154	464
395	413
24	221
66	108
137	691
159	704
178	372
206	240
292	319
418	528
279	498
152	175
100	623
34	113
53	353
431	602
258	609
76	84
40	533
26	280
282	528
200	260
545	712
623	690
362	653
568	655
664	691
600	722
152	184
234	658
78	493
19	54
3	686
469	579
464	702
263	292
154	546
171	281
146	348
147	475
5	273
272	382
504	520
100	140
607	697
206	568
28	105
593	613
142	700
191	573
79	325
39	673
333	516
74	418
28	156
1	593
128	363
232	639
123	184
94	650
144	707
5	501
305	645
38	357
389	582
450	499
158	339
209	368
1	450
7	171
323	720
179	196
248	353
123	319
169	327
337	711
148	290
704	733
426	599
7	410
556	567
218	389
316	537
117	280
495	535
22	640
537	718
412	530
14	746
47	321
279	544
37	363
131	304
326	593
299	485
86	380
199	270
450	719
86	654
291	515
369	473
458	713
44	500
468	720
70	110
6	7
48	373
155	722
199	214
80	374
272	539
167	228
409	425
326	456
44	190
243	280
57	534
291	493
454	609
382	544
23	197
183	619
195	264
623	728
51	575
375	657
605	731
386	537
277	398
272	375
104	137
5	633
422	503
269	738
406	455
123	140
140	293
248	355
389	624
333	525
76	187
133	578
84	543
275	698
177	330
161	303
55	472
188	535
25	165
20	358
33	212
338	653
245	467
309	648
410	743
431	730
78	342
111	549
230	300
450	740
242	470
631	710
549	710
460	662
449	629
3	191
184	406
293	390
294	317
241	445
15	290
192	541
154	318
139	722
236	360
339	473
614	665
612	641
190	461
96	687
336	568
202	597
531	707
117	446
412	594
57	441
58	600
510	531
88	577
201	642
234	519
517	589
16	728
169	277
143	649
27	319
81	345
377	520
39	675
103	723
204	317
484	732
165	718
45	78
118	138
320	712
165	228
572	747
97	101
405	554
172	396
334	747
88	296
69	406
69	624
584	678
31	636
282	404
234	616
215	387
308	573
176	277
273	461
390	616
570	642
182	533
7	289
87	123
292	451
263	731
174	613
317	562
52	739
352	483
120	662
356	472
423	457
247	334
113	273
68	724
92	648
166	378
615	640
24	597
161	450
1	77
162	585
45	56
460	702
221	300
72	695
509	688
137	507
87	130
26	33
30	78
94	192
164	537
375	527
714	736
111	545
192	230
191	667
427	694
360	398
414	608
124	164
288	695
231	401
65	320
141	342
311	579
588	644
15	575
44	322
255	630
474	555
389	521
196	719
294	715
307	556
64	73
528	683
169	390
80	115
190	324
132	467
68	295
37	645
440	638
193	322
393	464
367	625
12	44
8	131
171	721
338	342
460	462
79	155
193	670
615	617
119	611
272	455
522	564
90	640
354	419
518	554
198	589
173	675
211	686
172	570
323	446
440	707
143	204
153	700
480	497
366	688
69	623
363	607
186	649
300	597
271	605
50	451
14	83
386	408
222	600
349	431
278	417
119	415
254	475
315	343
420	483
167	486
294	498
282	476
11	145
189	447
22	721
234	505
114	660
482	691
427	491
49	152
623	643
51	413
108	433
13	136
32	199
131	462
81	700
54	159
97	280
142	651
32	723
139	141
99	159
123	253
12	613
321	454
450	492
57	559
430	457
46	179
457	545
139	281
96	343
142	144
564	748
171	514
313	607
233	667
240	592
305	678
149	216
38	52
54	351
214	746
89	469
136	281
254	550
38	413
35	240
511	590
446	570
380	648
68	326
261	659
8	500
461	639
70	345
308	529
508	567
121	741
556	573
248	634
418	572
109	292
44	490
209	683
677	712
178	585
40	471
182	405
1	343
388	482
157	637
149	736
246	713
337	708
60	325
161	372
328	461
72	581
78	150
139	495
329	344
418	587
151	498
122	553
181	591
191	467
249	384
36	425
333	407
307	482
566	742
128	388
469	719
441	675
362	628
300	639
62	440
299	540
394	646
328	707
128	509
34	138
464	689
686	741
482	557
416	627
446	610
95	221
203	536
452	454
80	424
145	220
495	727
270	444
124	249
592	722
75	491
631	735
136	569
202	548
12	647
479	551
399	744
93	690
234	720
38	196
366	420
31	646
129	423
65	596
319	546
60	358
538	639
353	468
21	80
545	716
88	571
563	720
484	749
508	714
567	615
173	533
604	621
68	672
54	429
260	630
573	623
127	257
3	600
368	555
145	584
232	429
38	94
54	715
330	744
600	747
612	632
280	575
53	268
367	420
119	622
428	470
342	704
542	708
326	667
451	515
98	398
27	64
232	547
408	544
320	474
398	526
498	516
348	746
594	714
554	710
23	76
327	343
398	598
76	384
118	434
60	166
155	653
298	545
80	120
377	680
66	296
1	588
199	204
103	459
336	690
63	268
129	221
354	433
440	626
435	539
157	449
492	726
88	714
586	661
139	439
250	608
699	747
487	488
93	736
505	608
80	248
466	546
29	96
369	443
23	466
422	524
352	714
428	714
274	393
66	567
183	720
491	648
278	449
91	466
38	346
83	341
32	432
122	410
186	665
475	674
214	458
509	527
311	452
290	574
263	743
80	345
32	78
648	707
166	637
316	447
265	510
109	265
614	643
138	659
159	537
395	514
61	608
43	102
29	386
195	563
332	519
302	633
294	542
188	280
170	380
331	334
524	747
55	153
602	640
102	687
688	720
31	214
285	524
276	483
191	374
61	206
441	506
54	493
126	334
129	695
461	574
49	180
244	702
242	603
167	745
329	645
206	396
152	251
308	675
23	137
188	269
98	430
248	459
212	238
292	464
355	642
465	745
130	591
40	426
268	590
323	352
288	647
636	728
107	743
39	499
29	260
128	309
94	584
178	657
392	663
211	554
19	323
459	683
280	687
50	661
61	484
144	550
518	600
256	415
44	531
461	713
203	747
45	192
603	730
109	688
139	296
577	657
276	603
41	569
361	700
515	674
57	224
49	731
240	381
423	448
64	167
613	722
77	166
491	663
101	746
12	137
687	746
192	532
159	703
128	457
29	415
84	473
226	645
492	509
215	285
158	484
411	732
401	707
36	683
311	647
55	627
346	535
124	418
150	604
53	258
39	47
35	220
360	517
148	182
82	433
121	312
363	432
200	635
202	349
91	251
350	372
383	437
243	309
294	468
323	589
395	712
27	336
81	624
41	471
228	682
221	418
4	600
142	743
415	639
206	631
206	245
124	329
509	706
15	196
133	499
192	429
17	452
437	706
317	603
234	326
29	651
641	737
135	302
203	257
515	629
261	350
491	601
421	599
464	629
90	616
546	562
0	243
452	650
119	554
339	594
237	426
84	415
77	212
465	549
216	536
111	494
203	646
475	725
352	382
120	576
474	535
171	522
207	590
99	727
269	284
442	743
54	686
696	702
60	237
217	690
49	330
625	674
36	279
198	215
294	576
139	678
236	635
227	547
254	260
466	690
186	535
4	654
124	564
122	649
452	524
494	600
392	434
222	672
115	428
189	286
294	395
120	693
41	628
57	360
318	461
22	700
51	130
237	611
298	336
173	285
444	575
91	623
348	687
343	693
498	677
118	326
171	414
13	79
219	667
254	420
43	176
232	419
188	743
392	497
44	581
154	705
289	510
152	571
312	529
108	689
7	96
71	446
490	705
189	216
549	605
74	546
97	569
296	589
156	425
383	548
374	659
180	254
482	650
183	458
7	295
192	663
42	292
134	748
347	721
300	326
628	744
24	291
145	483
373	404
281	719
166	430
247	678
648	730
163	681
28	708
158	366
24	399
313	701
206	586
13	648
58	285
575	591
189	536
686	706
420	423
610	718
60	78
359	552
82	707
66	376
385	452
12	114
480	719
619	727
256	726
503	617
393	514
11	423
181	239
205	421
83	627
211	394
172	740
10	685
73	498
193	715
91	616
382	496
339	551
425	485
39	665
412	695
59	219
273	684
402	595
16	697
305	425
58	442
647	729
274	591
220	534
137	167
480	555
453	483
468	675
10	594
195	532
220	707
72	362
82	422
109	289
314	681
343	505
616	622
89	274
144	424
83	241
158	482
164	293
308	565
421	508
630	693
30	35
611	667
79	429
498	691
400	403
249	629
305	379
103	134
620	695
64	207
210	443
307	331
428	495
276	685
326	723
12	26
511	571
13	241
230	700
144	445
164	486
108	140
393	733
235	534
542	658
382	725
7	460
58	103
76	671
103	670
343	369
309	698
225	369
319	492
468	658
122	181
478	609
101	223
350	591
131	474
63	519
27	351
241	394
158	225
491	710
77	742
602	694
142	590
435	542
60	379
502	541
34	337
128	281
76	77
415	436
76	142
247	570
273	332
7	721
550	584
350	546
248	487
418	694
205	736
289	569
89	264
342	717
524	746
338	631
215	239
261	321
267	550
121	469
64	562
275	439
429	685
51	713
154	646
161	306
324	343
610	684
416	577
527	592
206	495
307	586
251	668
266	713
168	200
189	725
497	609
346	539
79	740
65	72
175	424
554	677
11	602
371	640
292	557
426	454
61	119
302	526
474	549
64	449
182	512
14	491
397	497
173	197
440	502
149	674
67	433
194	542
225	420
526	745
166	539
174	408
226	580
297	438
221	589
235	451
102	391
280	308
36	179
659	740
439	640
30	741
659	684
75	317
12	472
15	539
145	185
300	479
55	477
482	700
1	742
325	343
414	747
278	695
159	336
62	435
138	242
416	449
161	610
54	593
559	732
176	446
377	572
174	270
489	654
230	588
170	633
288	493
169	452
272	727
129	297
3	373
0	459
283	514
247	561
254	711
261	334
19	509
100	103
287	333
23	351
277	731
245	495
307	376
580	616
551	718
12	562
297	476
299	420
170	447
74	260
23	437
606	698
350	584
180	534
181	185
311	606
546	577
15	101
389	645
398	625
249	668
9	538
88	678
390	544
8	220
319	388
174	669
155	717
149	553
169	222
286	727
448	657
476	589
223	361
212	446
124	574
412	655
359	575
134	498
357	544
234	572
12	713
397	513
269	429
201	493
102	626
405	558
176	646
116	746
688	735
70	504
162	695
60	431
106	609
129	210
211	607
59	613
33	187
176	578
175	492
0	245
258	392
212	430
477	682
153	371
223	235
69	616
125	546
427	458
157	741
82	146
438	700
258	674
323	452
298	449
357	738
304	609
351	491
127	401
379	559
129	283
362	529
315	320
142	482
348	666
35	582
650	715
571	614
412	603
157	339
72	597
384	624
350	735
408	425
310	426
250	279
201	230
106	602
524	748
27	508
261	684
530	737
214	705
67	250
255	515
495	664
346	452
667	729
55	495
174	406
590	631
286	721
470	523
419	705
90	638
339	465
106	513
50	425
370	625
141	268
248	378
156	740
271	351
218	442
153	638
5	500
122	658
524	633
156	565
571	633
372	682
129	658
175	258
702	723
433	624
80	473
55	600
47	700
120	236
222	453
524	736
502	659
125	474
255	296
239	742
336	394
556	702
298	559
270	590
158	655
68	254
45	597
456	545
536	671
259	711
363	560
84	145
1	701
32	497
511	551
475	586
683	742
459	641
537	553
290	329
169	649
299	425
292	442
148	306
551	582
254	612
469	493
111	174
24	339
150	647
113	366
587	644
170	528
328	683
5	537
123	574
487	528
136	259
175	348
476	641
249	547
223	739
291	405
539	749
302	430
169	519
50	538
144	630
227	300
51	75
376	464
182	271
342	527
233	395
77	466
391	517
158	658
611	643
639	732
247	685
83	235
157	423
91	181
97	394
37	554
468	539
194	739
200	206
118	543
33	547
210	491
148	229
318	424
449	604
385	662
140	467
346	550
529	736
116	634
428	713
212	466
324	513
25	50
405	730
200	230
51	401
429	513
254	630
384	544
437	516
661	704
18	300
471	643
133	485
436	507
526	653
67	569
318	523
128	248
76	714
347	382
488	681
3	492
638	747
340	505
18	152
384	387
240	502
391	497
116	239
265	400
23	455
177	602
140	230
623	630
519	669
153	376
359	383
173	340
187	638
397	701
96	733
63	561
528	734
42	249
513	520
414	433
42	533
625	676
214	560
460	549
453	745
15	91
300	315
526	735
310	689
409	492
584	723
226	649
98	280
226	682
65	516
654	694
418	665
598	647
106	668
680	725
335	563
139	458
153	430
148	325
166	727
488	736
253	415
615	622
336	495
591	615
104	254
63	648
50	461
16	456
464	521
98	214
206	380
422	715
718	735
14	736
263	610
9	653
13	17
11	605
35	243
108	702
111	538
352	359
422	579
292	530
310	668
351	399
244	284
510	512
65	672
552	715
555	587
431	492
8	252
97	138
729	735
132	303
216	425
430	568
347	749
161	223
118	465
221	673
170	240
342	670
417	698
168	357
509	566
162	307
328	469
640	714
81	221
147	271
20	629
181	535
16	69
88	613
20	519
67	248
266	731
78	483
319	518
178	463
104	512
95	721
317	634
21	603
330	495
210	465
42	678
388	448
497	608
516	572
230	422
31	570
526	676
232	562
461	589
280	720
60	551
402	644
206	362
425	506
384	603
387	594
515	600
231	586
542	598
623	648
26	634
292	326
167	322
261	740
111	550
28	396
449	582
232	467
203	330
556	653
17	722
33	61
236	569
119	690
258	688
227	684
17	226
127	227
31	387
299	579
41	307
104	432
18	23
410	495
203	648
210	218
533	636
409	633
170	700
50	739
199	708
54	466
236	712
222	542
371	551
163	307
143	676
18	161
211	417
102	297
350	498
47	333
141	744
568	594
499	597
339	445
118	669
27	355
214	345
278	678
587	728
171	361
487	703
398	490
509	640
376	555
435	680
349	478
180	386
72	171
149	441
76	661
198	628
541	688
80	417
527	726
119	444
490	621
341	607
162	462
246	347
360	489
314	400
459	595
150	522
289	423
258	558
4	341
219	396
220	588
123	375
84	581
14	444
591	673
447	519
155	473
143	240
103	591
255	613
195	398
524	547
528	551
19	124
44	316
370	693
302	393
664	669
127	589
181	188
712	714
343	580
402	609
432	666
664	738
69	540
287	371
387	613
216	691
375	482
290	644
495	744
82	586
328	426
46	414
29	211
553	717
343	587
270	595
138	196
647	661
176	458
419	517
162	382
65	707
279	720
166	676
142	705
472	558
307	416
278	322
494	539
87	557
456	473
417	518
5	99
15	402
368	586
133	676
111	378
106	146
68	311
5	705
174	528
25	206
131	239
127	582
338	571
28	157
387	647
399	611
483	704
295	729
17	84
52	505
13	556
207	341
230	710
255	647
34	106
31	417
47	616
172	728
382	476
152	280
90	608
86	224
279	696
95	382
494	557
41	178
71	489
48	472
397	708
179	352
261	448
37	434
528	575
387	577
220	471
193	259
33	493
9	276
647	689
40	535
331	349
10	567
255	419
155	273
362	372
576	686
396	696
445	667
108	392
43	482
471	542
298	594
105	132
227	278
187	259
200	487
9	500
71	645
109	464
30	704
146	288
248	696
244	655
247	340
6	269
123	289
443	603
367	620
144	567
505	719
273	550
507	659
67	79
615	635
417	623
453	486
138	359
135	230
486	515
145	334
172	422
118	587
112	169
72	598
280	393
437	460
306	374
127	667
391	663
172	362
699	707
275	496
222	241
230	364
290	727
2	384
419	552
406	432
54	514
523	643
392	737
110	720
359	587
204	375
56	576
430	736
123	647
317	408
63	739
272	567
234	403
724	748
114	340
450	464
127	456
206	243
141	256
30	280
236	707
215	626
53	331
426	437
423	476
324	391
3	576
369	489
282	736
426	743
402	694
39	387
105	133
69	103
679	744
27	404
189	477
180	269
468	495
609	655
281	678
451	499
367	665
263	655
306	555
509	646
359	642
134	445
658	727
57	666
65	732
300	629
431	622
346	735
368	658
647	656
260	540
20	195
79	410
618	666
188	230
375	580
522	611
118	463
402	406
268	284
298	582
109	524
90	713
166	644
252	270
503	651
130	665
281	293
342	637
416	680
151	620
401	471
376	676
223	571
417	695
425	539
52	356
65	488
5	187
165	219
51	534
121	484
35	623
202	278
13	206
353	366
196	488
137	145
20	435
101	155
235	510
339	719
399	529
533	539
566	567
144	290
57	372
62	559
44	70
568	588
520	569
177	246
207	260
121	568
335	379
38	81
599	659
60	116
357	663
536	743
1	531
149	510
403	514
0	207
186	365
271	740
161	313
92	573
549	673
166	486
267	503
71	74
37	319
657	658
63	212
277	393
403	673
189	275
81	524
643	728
551	728
116	512
100	242
425	465
535	637
443	550
97	466
532	740
33	238
225	687
424	453
442	573
40	240
341	520
250	595
56	299
30	674
119	646
282	380
273	362
10	317
617	745
381	646
311	502
440	720
525	670
98	103
161	349
68	701
146	313
196	641
337	583
138	410
280	669
457	569
493	523
349	485
230	263
151	216
572	615
15	184
543	610
159	350
324	384
203	636
293	377
404	639
101	309
23	560
336	634
405	420
154	329
388	425
19	512
89	435
401	493
319	370
171	615
70	236
492	650
121	377
229	242
155	543
471	501
319	420
89	742
581	699
232	438
131	524
200	719
106	574
206	679
36	584
276	282
265	298
422	721
166	739
530	689
269	660
392	460
144	515
327	366
120	178
104	127
11	121
27	662
153	227
38	58
249	488
186	239
639	749
161	209
379	574
141	293
22	309
589	670
395	615
521	609
244	413
137	553
233	419
44	649
51	332
263	303
32	188
640	744
296	655
363	471
25	650
282	576
133	340
471	639
279	594
31	558
10	104
16	20
547	602
11	29
390	659
213	275
151	455
58	248
271	426
43	262
221	539
289	622
83	541
208	605
143	285
175	413
293	641
110	609
156	580
244	412
708	710
231	692
394	428
587	612
108	573
219	290
291	499
394	473
32	564
150	708
551	660
132	515
30	740
279	397
29	334
332	350
62	409
298	743
386	654
31	688
258	339
226	628
231	319
422	667
268	597
252	589
89	237
100	105
598	673
116	574
19	533
280	389
12	489
309	447
144	354
31	202
201	252
440	719
116	454
396	704
107	298
205	329
97	567
392	471
507	629
266	555
576	645
123	452
25	297
657	660
253	311
162	618
218	267
289	601
343	599
323	600
38	122
289	688
379	593
1	110
160	246
52	237
52	457
407	635
431	557
360	685
305	723
121	251
260	293
194	563
168	715
317	602
53	526
322	569
406	528
320	384
293	712
515	595
344	708
86	253
252	364
78	644
259	628
226	666
35	721
647	691
79	432
399	625
196	219
402	446
206	377
405	746
26	472
199	720
300	747
177	413
243	583
306	406
373	628
164	698
578	641
217	467
117	228
382	688
100	304
404	667
286	692
118	482
240	527
314	695
362	407
460	609
388	466
128	351
204	664
93	233
170	463
59	127
141	311
180	478
323	536
246	531
3	584
200	255
13	748
561	663
40	44
684	699
47	368
477	493
159	635
125	134
117	634
79	381
359	563
644	707
20	468
579	628
264	320
410	564
70	604
180	394
274	735
133	690
49	555
103	440
175	645
136	585
428	691
421	423
288	559
128	733
441	717
88	152
388	669
399	730
84	292
56	563
43	356
446	578
235	705
4	525
482	566
501	575
597	638
47	567
532	659
435	641
141	722
233	613
175	387
279	661
200	480
119	550
277	290
325	438
52	260
110	409
193	235
424	542
304	737
695	705
84	167
139	571
270	673
374	429
327	395
614	678
170	611
65	439
37	385
45	75
122	340
354	397
118	411
352	412
315	401
69	735
324	628
380	520
235	259
412	517
8	745
85	285
420	499
233	310
14	165
84	636
136	544
346	418
598	732
402	439
294	696
221	535
418	460
588	605
109	268
276	734
232	298
133	658
17	663
331	698
158	677
360	545
16	701
198	558
311	503
255	395
363	633
205	385
3	195
262	269
95	146
26	479
552	610
205	207
165	726
143	342
436	498
7	109
95	649
170	271
369	707
217	733
69	612
305	317
94	158
71	444
17	535
216	360
594	676
227	256
356	448
138	691
439	678
280	372
187	687
233	527
220	659
517	543
44	244
483	546
170	268
191	295
0	516
148	556
583	718
84	616
290	690
243	286
346	600
116	161
215	704
490	643
78	413
147	341
183	601
327	357
334	581
208	528
159	364
243	292
229	619
68	100
203	374
677	704
21	650
7	325
81	109
164	687
315	551
128	195
118	298
204	327
45	169
118	685
271	671
117	457
266	641
9	156
183	330
345	506
178	529
494	656
538	675
511	614
27	90
396	560
2	605
487	729
303	580
296	376
69	496
350	596
39	198
182	233
263	405
179	712
394	633
223	636
279	379
41	403
3	156
495	699
139	311
443	474
185	654
687	732
525	563
535	704
440	539
416	452
217	377
234	257
348	530
398	678
234	399
239	375
133	571
530	714
105	636
77	155
559	614
58	510
39	57
175	531
441	654
59	288
161	411
168	205
184	611
1	737
624	730
170	362
478	549
554	647
387	479
28	495
192	479
187	728
289	436
129	204
564	734
396	623
421	600
50	212
203	405
473	680
147	245
196	531
543	605
111	503
113	343
563	607
26	396
20	103
371	382
377	664
105	289
88	642
17	678
85	113
305	668
195	327
130	273
376	669
408	558
202	318
181	367
537	609
12	116
274	276
30	393
38	598
70	82
248	313
7	49
43	518
680	689
231	293
296	631
331	470
161	374
401	559
168	201
620	726
83	505
331	383
418	740
364	544
71	121
147	729
539	728
531	745
528	622
4	149
33	593
169	311
332	728
384	600
441	665
202	506
78	291
267	586
265	393
45	717
78	520
93	652
604	705
287	591
315	543
112	225
551	575
140	454
52	428
382	428
210	420
60	74
413	574
518	565
282	369
13	382
312	580
4	512
433	442
45	176
66	345
211	522
9	273
184	315
261	330
50	145
110	589
85	254
591	601
503	591
111	652
32	72
403	567
327	468
164	611
110	505
574	718
44	68
402	720
695	744
47	544
347	554
62	696
199	518
562	577
140	246
129	736
377	571
373	491
179	324
13	316
137	633
347	707
189	341
617	737
596	728
306	645
7	300
372	383
293	610
597	645
10	744
202	274
442	462
3	85
90	725
298	733
299	569
59	667
409	459
171	748
531	535
408	743
171	464
114	181
56	509
304	591
0	124
18	308
313	529
198	572
348	418
461	468
446	742
166	284
538	613
35	712
377	548
280	715
277	725
56	57
347	436
300	665
398	712
320	378
417	488
120	669
363	614
12	277
317	687
212	254
486	648
18	362
41	320
428	512
179	415
194	227
418	580
253	499
121	444
263	481
446	575
70	325
128	578
676	717
89	692
203	522
150	727
97	274
122	276
280	324
430	451
463	725
44	229
120	601
233	736
75	318
384	465
246	282
27	60
30	444
333	612
402	630
115	623
463	549
150	306
280	391
213	217
51	152
168	668
59	206
113	744
470	582
253	379
168	611
10	259
303	449
93	573
134	319
226	588
16	381
73	636
346	505
298	479
130	699
166	382
197	213
33	610
316	606
485	700
411	740
70	681
334	668
427	468
79	251
173	566
6	56
493	665
285	381
301	548
30	305
626	716
291	316
254	427
368	549
402	678
255	608
25	79
46	720
290	340
121	353
390	743
502	564
278	643
325	486
132	471
231	296
368	646
42	250
442	556
342	521
362	616
468	569
288	372
292	461
380	680
26	176
327	555
211	212
209	392
37	208
306	744
660	683
335	430
56	110
75	384
39	423
134	593
174	684
428	458
196	322
292	526
121	468
360	630
253	543
155	513
386	627
76	652
295	587
323	351
360	681
219	485
23	410
124	589
109	482
437	475
138	163
670	699
714	743
23	360
69	102
258	329
20	369
487	615
264	286
125	651
5	143
416	641
200	585
63	115
81	501
397	464
157	233
223	290
82	654
518	680
128	460
194	249
388	730
350	687
90	745
413	749
123	310
144	411
287	529
637	710
229	418
111	653
140	162
33	660
111	544
140	672
78	400
232	458
278	589
22	357
243	387
357	454
366	589
553	591
189	698
107	384
344	647
145	548
69	428
45	514
39	348
121	335
167	319
196	420
346	637
663	745
683	720
655	744
557	651
233	687
253	714
160	694
168	749
25	497
243	337
375	384
12	259
75	542
73	598
370	528
253	285
35	749
291	450
181	559
51	400
519	746
128	225
54	315
180	671
447	582
77	130
208	310
173	436
92	248
119	241
6	36
34	191
261	617
176	232
583	747
190	321
137	676
489	698
641	676
500	712
135	619
315	660
175	180
28	93
272	596
377	671
40	458
72	345
480	490
424	544
137	589
3	573
74	407
47	587
162	566
561	692
49	380
151	356
115	214
367	617
184	455
627	736
555	684
630	745
671	734
341	673
62	64
0	40
248	312
154	216
582	671
219	636
128	525
146	389
286	400
336	446
331	732
341	348
256	470
418	566
283	386
137	381
290	701
371	632
74	435
162	534
235	316
319	434
353	438
167	574
185	412
287	425
288	495
240	262
540	711
351	619
379	602
129	156
144	329
104	643
212	556
151	187
359	378
56	370
621	639
385	439
200	334
56	211
403	503
447	745
104	105
346	718
497	557
603	612
211	411
73	749
318	342
195	656
197	701
243	381
374	573
548	707
504	668
151	649
263	656
675	691
351	486
423	577
265	519
703	731
280	473
190	346
592	715
57	190
84	716
236	469
37	112
327	387
464	523
162	674
390	747
378	679
248	651
301	510
0	203
668	688
700	729
190	544
68	91
385	528
325	553
78	134
229	437
7	353
90	423
69	291
276	491
619	620
481	562
45	139
103	404
38	68
460	528
26	366
202	622
92	633
149	523
581	711
526	701
240	645
1	96
3	463
75	136
129	709
326	653
44	261
331	617
46	614
286	348
134	483
247	692
424	695
486	584
451	668
57	195
486	543
100	144
548	728
59	230
197	321
127	339
80	713
213	399
54	425
290	614
339	606
289	602
94	664
72	303
47	692
276	719
547	660
485	668
15	99
409	741
266	662
591	614
566	720
22	155
84	558
309	560
148	654
24	320
365	624
139	203
219	446
571	577
278	531
439	561
295	504
9	92
25	52
362	431
91	175
213	428
55	246
260	533
153	621
133	680
41	135
299	661
44	67
60	175
15	431
39	551
363	409
529	579
306	721
96	382
0	55
299	601
158	275
170	353
420	578
4	426
190	298
234	736
505	678
46	313
120	196
544	661
567	749
302	590
99	712
209	520
172	526
385	503
478	707
49	79
110	405
96	694
550	616
202	467
248	644
146	340
416	564
263	387
257	403
276	449
457	738
258	412
416	598
43	429
110	614
246	657
343	570
29	509
467	514
298	439
3	639
42	50
119	172
410	448
72	205
384	637
378	484
214	274
298	323
384	692
514	599
132	748
312	649
441	565
674	749
691	729
531	646
262	599
418	735
30	250
542	595
147	696
409	675
6	635
427	693
137	544
232	242
282	474
419	667
136	260
119	454
134	407
623	701
277	359
157	451
208	356
20	320
225	672
613	700
23	112
323	431
247	555
256	643
50	129
157	494
488	665
609	618
17	405
265	278
592	741
67	186
194	511
151	628
185	366
50	239
467	646
372	632
79	406
14	158
111	527
610	732
451	735
34	162
562	704
542	587
283	732
663	684
301	500
88	574
409	559
2	288
217	749
21	117
153	667
201	207
713	724
203	533
123	674
91	345
441	459
163	348
134	168
353	559
549	646
66	344
151	395
36	258
159	239
89	369
290	518
83	737
73	182
172	284
297	413
135	717
227	618
73	573
260	385
183	407
220	547
446	634
512	521
294	582
404	538
150	667
156	540
191	519
14	269
42	646
116	183
234	271
121	202
85	654
45	231
415	656
257	651
130	566
99	723
284	638
204	688
340	567
161	489
62	679
175	582
138	630
151	625
124	495
28	488
155	276
40	525
138	504
76	413
114	176
97	680
194	341
145	442
191	309
43	569
562	701
447	606
120	651
331	590
51	375
176	286
506	661
179	566
115	240
376	681
125	155
360	535
345	694
478	579
0	493
4	499
277	423
48	413
383	597
283	645
51	513
28	615
84	423
619	669
735	744
269	708
108	415
114	507
203	480
538	730
300	435
51	709
318	328
144	293
567	657
21	294
252	277
202	570
120	485
217	363
69	728
188	276
20	155
79	386
257	562
566	584
60	89
28	110
140	487
26	419
91	538
457	544
333	433
90	251
284	509
35	698
59	117
418	514
63	749
562	580
194	388
108	665
2	96
218	746
45	598
494	635
70	428
70	704
256	554
454	644
125	483
247	301
490	571
305	417
248	397
14	381
637	652
147	321
243	257
106	431
105	708
235	355
101	552
498	673
370	544
230	415
94	218
424	506
25	244
196	350
22	360
295	543
132	369
143	665
649	702
292	388
61	695
355	604
258	417
130	172
651	737
379	382
729	744
651	663
622	712
248	504
230	679
459	602
130	499
128	721
458	498
427	563
70	665
121	656
204	526
89	628
625	730
304	472
79	458
128	374
34	738
406	591
456	529
137	257
285	530
106	362
266	358
128	304
141	621
196	275
269	462
531	697
370	564
85	231
187	732
414	621
437	644
79	115
212	584
2	641
86	736
115	405
487	661
516	625
137	180
96	728
370	653
66	554
31	584
240	740
105	166
109	324
377	540
178	290
148	614
361	479
224	284
116	526
593	657
271	608
20	160
253	338
604	749
2	670
85	489
494	501
309	391
72	685
98	129
255	355
17	662
19	656
119	352
117	703
210	397
338	574
279	622
341	723
150	600
64	722
1	314
410	525
61	264
460	604
266	429
58	610
204	557
115	422
169	656
86	560
670	719
384	529
370	424
153	316
39	51
522	639
688	744
176	298
145	253
65	100
156	263
627	660
123	616
665	691
52	406
481	547
126	516
523	574
160	416
357	687
111	265
400	440
254	687
187	273
316	667
660	727
73	410
171	616
147	181
392	631
632	650
529	686
200	211
363	698
359	582
510	598
431	518
213	720
91	645
286	543
319	328
69	696
572	700
75	556
545	547
27	749
9	151
61	351
29	610
339	528
511	706
14	683
217	273
104	371
259	386
127	477
424	682
186	346
369	740
111	678
332	683
295	362
436	673
137	361
60	359
437	646
148	339
609	702
518	711
46	555
321	603
531	632
557	704
487	679
552	665
422	545
329	747
486	626
207	251
12	556
132	376
250	521
484	644
32	122
597	631
126	537
451	619
217	687
0	480
152	379
519	592
274	414
254	579
212	699
552	710
281	322
71	582
447	697
44	258
81	614
108	340
215	305
438	710
287	586
108	248
53	384
8	245
95	414
649	713
3	122
46	299
14	77
66	275
407	631
151	536
319	697
619	674
75	435
131	169
474	656
384	498
83	129
42	369
360	473
81	649
575	683
57	453
533	622
421	595
85	212
268	570
32	74
144	294
254	259
438	597
496	731
153	433
175	395
171	221
572	611
131	489
358	594
691	728
14	128
210	479
378	419
68	741
71	109
660	709
471	655
172	600
178	449
85	636
203	598
62	334
333	688
22	606
123	366
352	659
27	452
410	563
238	666
186	315
501	662
42	55
684	723
271	540
1	126
333	370
466	661
134	489
652	680
149	391
461	524
238	363
403	661
178	248
497	708
240	376
419	440
27	85
444	691
273	302
328	564
397	645
142	546
101	682
428	520
92	145
74	342
113	560
88	416
8	270
167	569
301	553
35	483
98	452
364	587
233	453
308	424
605	676
369	553
103	170
212	366
103	685
140	277
322	651
643	725
86	584
123	739
62	500
314	718
57	481
64	339
31	637
318	403
101	453
434	735
23	73
157	526
164	748
120	191
320	572
271	541
207	724
164	448
487	519
67	306
39	601
263	403
314	487
521	693
84	163
46	496
393	423
249	654
717	744
51	202
105	107
52	191
184	520
439	664
156	672
307	428
219	535
27	685
307	355
42	474
194	432
263	491
715	732
125	421
231	670
89	473
230	460
12	386
317	641
388	534
170	485
170	683
377	735
89	243
230	662
352	742
342	374
54	258
158	641
116	496
432	485
59	414
369	634
423	552
163	224
310	470
581	617
172	420
374	532
307	656
467	739
462	607
192	474
612	722
560	569
391	741
169	207
493	567
217	592
179	502
271	499
528	707
533	742
292	689
276	376
76	404
574	705
489	494
280	580
276	398
31	514
29	109
512	632
178	252
161	398
17	207
36	165
607	679
176	203
108	551
42	461
405	492
4	457
445	721
114	447
558	680
93	153
272	285
710	736
451	707
453	561
294	648
657	704
165	669
567	697
470	735
310	499
560	733
103	577
124	282
340	411
64	522
127	144
569	644
469	700
305	601
144	628
220	487
110	133
119	191
52	465
295	709
315	327
517	659
260	315
9	712
600	651
398	421
200	532
264	463
95	545
380	547
248	580
169	437
63	499
401	705
523	695
212	611
520	591
72	274
26	388
179	251
602	659
309	654
417	520
231	267
126	749
727	737
111	234
157	218
33	452
505	561
88	133
21	223
113	334
564	721
513	554
626	637
362	639
397	736
73	616
228	406
585	671
33	446
342	506
500	683
70	196
224	487
391	526
303	419
325	550
8	708
371	534
551	691
331	665
238	277
672	721
8	386
291	444
232	695
6	681
85	609
127	335
123	312
75	487
9	83
214	533
27	374
219	315
551	560
644	649
191	337
31	581
194	628
115	591
270	381
226	378
369	424
21	359
166	717
90	128
352	744
291	623
348	691
128	260
484	621
76	309
383	627
441	575
142	352
68	312
321	724
278	534
139	613
87	165
131	597
95	446
196	356
429	571
275	506
510	644
416	471
461	665
547	563
4	554
474	567
38	284
73	314
202	279
505	551
283	551
360	423
189	589
38	564
138	388
370	420
48	634
212	402
166	272
404	737
100	223
520	602
448	687
240	424
144	312
1	131
579	608
338	741
31	643
0	529
87	108
486	540
19	646
688	745
55	702
97	153
98	357
255	729
508	538
72	704
45	252
454	686
72	352
330	436
205	515
478	597
697	735
143	678
456	744
424	680
147	282
152	674
70	543
41	149
321	644
462	641
88	572
378	479
724	726
330	359
5	232
384	678
271	384
72	323
189	313
375	557
58	151
170	375
412	531
127	434
282	350
72	376
180	214
551	632
216	631
482	638
546	598
211	547
69	740
394	441
52	160
58	439
343	715
129	456
38	409
19	576
132	219
321	568
35	739
188	518
227	682
188	347
168	398
477	553
306	455
593	643
321	599
42	417
230	288
705	718
90	512
550	635
215	531
37	474
28	482
170	730
260	545
137	360
195	402
35	544
205	337
326	354
200	626
287	640
15	98
92	292
291	635
210	569
190	220
182	244
135	139
8	447
553	729
59	190
456	694
510	716
165	456
428	543
93	113
75	210
103	207
21	595
494	560
82	152
161	448
99	618
298	681
158	389
15	477
4	128
231	519
99	370
205	281
377	434
58	719
5	272
216	547
226	498
340	540
94	627
127	522
148	669
199	334
247	277
34	649
65	714
142	274
360	455
0	373
300	454
2	358
381	675
283	314
437	617
210	552
437	438
53	669
157	387
658	660
225	334
3	594
49	427
130	715
114	316
104	208
121	417
21	27
25	28
549	581
168	423
273	645
195	407
441	481
230	517
118	364
35	284
237	318
236	709
189	386
180	319
224	230
12	170
237	712
139	400
175	573
286	369
170	310
543	722
605	669
145	399
207	404
522	541
466	568
51	90
377	421
236	509
251	319
170	512
42	711
607	617
115	636
206	278
176	563
708	747
322	432
367	676
17	417
196	696
76	274
547	670
134	462
194	481
121	139
436	741
542	586
493	727
271	666
109	118
112	686
413	687
279	564
122	644
49	698
86	618
407	445
287	435
410	684
264	429
192	616
102	203
655	662
321	738
317	623
290	307
541	582
3	295
32	57
233	695
196	710
197	340
232	311
64	402
304	346
480	600
127	654
108	461
588	700
19	496
250	305
433	749
15	229
134	340
82	201
18	287
456	675
431	679
24	51
333	448
285	430
135	310
1	568
247	602
38	366
525	581
7	582
443	538
146	491
187	440
525	654
121	388
388	523
164	381
184	376
44	355
309	462
520	699
576	677
541	677
47	286
534	604
204	543
44	627
136	514
52	181
477	659
71	276
216	605
377	725
122	263
260	429
567	708
19	643
150	300
195	298
394	614
495	645
274	434
395	709
107	498
113	265
40	138
507	660
223	658
271	577
147	335
204	704
409	541
20	702
68	718
207	571
97	722
159	556
8	505
213	677
48	410
266	377
472	684
232	659
115	421
135	510
299	615
413	712
99	301
89	703
520	690
63	736
150	458
17	629
358	371
515	647
462	670
105	695
101	172
283	291
482	601
157	159
460	741
35	688
491	655
235	664
396	651
413	597
192	656
278	435
14	55
24	683
271	325
30	613
27	213
81	591
259	295
162	528
370	371
22	665
135	676
152	400
331	476
8	617
68	468
604	664
652	748
90	433
17	739
483	487
428	597
96	267
619	646
354	589
632	720
306	528
127	426
428	442
108	216
549	743
91	519
183	272
352	379
374	416
246	629
462	527
516	638
265	321
480	653
401	496
250	424
29	227
505	642
32	725
514	530
64	278
63	213
105	679
366	681
204	331
32	34
181	400
319	725
378	543
616	735
358	432
122	634
229	651
449	501
426	653
634	735
464	625
502	527
114	655
465	517
20	585
338	679
353	497
206	391
76	717
130	237
119	508
162	586
379	514
59	745
426	503
200	301
527	703
556	681
350	572
120	257
207	352
130	391
64	516
84	561
105	212
649	674
320	525
60	396
588	687
224	327
61	749
396	509
29	233
42	522
280	574
239	738
193	461
414	730
24	378
616	721
159	668
285	656
240	287
172	303
300	535
224	381
283	681
171	697
142	226
71	294
144	285
419	713
306	454
17	675
474	615
526	637
646	710
274	497
36	210
311	450
274	418
485	487
253	548
182	407
474	658
135	687
346	507
495	725
64	616
404	552
0	435
322	558
39	49
333	534
394	495
58	411
266	528
455	666
38	524
77	394
444	655
439	607
22	552
7	218
340	560
340	665
346	469
53	256
172	470
134	614
303	709
51	266
325	638
517	688
270	407
98	220
707	726
535	655
54	595
198	317
634	662
196	686
59	305
87	600
166	655
267	315
133	596
119	149
55	100
100	142
134	515
131	585
68	583
207	683
545	713
472	583
442	557
314	390
20	226
11	557
81	112
269	401
91	160
237	271
304	387
522	599
462	478
330	505
633	698
537	733
384	407
173	253
64	521
317	568
238	531
41	485
1	607
109	350
156	669
3	523
26	678
196	396
161	706
492	689
425	719
68	92
140	474
683	736
414	641
194	567
372	511
245	582
495	590
301	538
439	695
260	280
392	407
530	686
466	513
83	136
301	343
16	582
265	564
536	693
268	681
81	519
153	425
618	747
120	539
206	518
108	311
273	587
46	261
252	314
14	111
100	642
443	582
162	290
271	623
158	467
279	659
614	719
338	602
253	570
325	616
155	702
10	134
196	234
218	310
159	467
57	573
212	626
144	245
7	61
236	725
399	747
632	639
206	699
18	368
202	372
9	85
52	392
429	723
269	298
411	745
301	578
88	159
223	666
98	219
482	593
486	748
501	525
95	646
24	310
339	624
137	724
524	666
23	691
337	450
168	606
519	660
271	393
273	674
305	509
412	417
428	438
83	318
170	443
384	503
173	464
375	419
140	402
545	597
245	449
187	711
182	255
148	432
93	694
199	732
616	740
605	649
362	662
206	255
224	591
192	264
227	552
470	708
77	447
222	568
205	684
141	375
401	404
356	617
107	281
507	707
293	684
580	731
30	249
282	290
582	749
240	264
392	582
254	542
44	352
23	738
172	253
132	644
307	748
22	126
290	419
91	709
716	749
351	696
192	584
168	269
339	692
15	569
99	395
37	235
320	574
262	509
557	742
410	416
444	632
534	715
353	670
359	413
25	307
587	704
215	262
617	654
354	464
434	501
143	536
625	639
639	734
313	608
181	543
69	273
6	302
37	109
11	738
188	416
272	626
400	456
136	581
621	664
378	639
550	678
11	711
135	690
268	588
241	251
455	497
200	457
98	476
204	729
76	588
284	524
404	748
629	636
104	575
68	508
87	619
340	616
142	406
268	501
27	71
72	328
46	385
500	583
478	563
73	398
265	334
369	541
86	251
418	562
485	575
289	677
560	683
82	369
26	258
658	719
194	411
34	560
57	251
268	631
193	238
294	675
329	354
71	264
132	380
282	314
11	663
411	416
135	597
73	487
394	628
149	387
27	668
382	555
19	637
372	492
405	443
342	354
418	517
242	288
37	247
119	123
451	601
186	678
596	602
41	672
247	618
309	688
155	165
180	569
96	661
69	245
100	741
560	579
266	294
380	734
596	710
20	584
388	574
233	433
242	467
56	456
26	88
598	650
88	278
164	258
69	747
181	524
572	621
484	745
499	580
269	319
313	417
604	641
140	625
153	251
199	306
127	408
179	355
141	406
665	710
2	89
309	412
31	241
369	596
355	730
52	549
187	423
25	557
339	652
231	250
57	270
332	630
353	627
333	597
189	304
281	533
187	610
52	299
73	595
181	286
206	229
168	726
163	652
23	441
114	419
131	486
39	595
147	386
213	691
315	402
15	243
11	487
358	528
60	541
255	598
77	580
539	721
429	555
162	376
279	618
376	742
213	623
398	514
33	652
76	471
280	702
77	513
299	744
281	464
201	337
115	649
395	705
17	59
25	542
146	525
453	595
401	644
19	334
241	541
479	531
306	622
476	507
490	667
483	620
241	429
216	652
88	275
173	621
29	680
64	613
147	654
514	578
8	724
75	674
371	485
12	495
140	291
325	381
286	291
225	422
277	406
140	364
288	576
379	461
529	690
292	364
12	548
232	333
19	563
447	588
333	684
245	471
614	735
296	466
23	636
68	146
123	556
488	579
97	168
314	341
521	715
41	408
375	605
97	238
295	423
285	447
18	390
10	305
88	618
72	264
436	587
54	748
552	726
441	618
479	643
252	674
406	439
143	701
66	667
413	438
452	578
533	610
359	376
111	526
49	703
178	282
142	328
243	587
188	596
247	500
243	565
388	588
539	730
173	700
338	655
286	305
204	371
118	337
549	697
51	550
337	640
167	482
14	340
63	531
505	667
448	597
494	721
157	226
343	535
338	431
80	731
441	450
262	289
70	288
358	628
104	372
68	547
286	465
163	294
303	445
201	534
300	354
437	548
445	533
277	519
163	176
26	270
245	576
46	205
490	604
107	275
214	349
49	478
185	735
174	698
116	575
77	118
114	747
58	731
626	732
173	457
110	297
272	574
335	440
260	273
463	593
380	669
67	729
301	692
477	536
93	156
133	386
170	354
77	251
392	620
41	709
160	503
405	409
308	352
339	491
35	724
7	723
94	374
212	575
96	645
346	549
87	659
281	377
32	401
12	242
182	578
688	724
322	697
119	395
93	184
203	577
312	728
142	270
84	472
155	284
341	447
576	715
257	487
595	731
240	613
602	680
340	513
100	561
4	237
509	715
259	576
299	398
265	447
274	745
314	460
380	637
282	444
116	153
347	622
388	494
353	476
290	458
493	535
85	287
463	506
277	515
131	600
50	732
141	317
740	749
291	292
127	307
479	694
451	714
141	625
380	450
88	225
378	468
128	174
106	386
296	616
44	205
533	677
397	643
240	267
150	669
99	503
530	616
725	740
375	728
65	575
394	470
179	295
151	506
46	554
275	659
111	211
46	739
68	745
52	328
209	559
214	614
574	721
237	297
421	727
124	658
125	128
322	349
264	679
143	428
647	674
146	309
234	453
81	316
18	569
56	646
309	722
263	621
39	633
182	356
158	231
52	749
187	579
127	243
597	695
266	597
48	107
446	558
502	723
22	319
88	476
12	522
74	146
122	312
300	646
94	450
54	644
6	629
175	262
71	333
585	623
529	741
408	428
177	672
466	706
565	583
420	733
108	739
149	466
195	612
203	732
323	400
532	702
14	585
223	550
262	273
29	672
97	384
152	476
432	480
196	333
15	734
158	556
424	489
68	249
468	507
400	559
62	73
172	598
499	511
262	635
397	652
336	503
129	345
115	743
70	112
158	312
526	620
553	715
52	695
45	93
236	352
144	650
191	656
115	216
123	324
265	616
410	581
228	569
639	647
143	572
224	664
326	602
527	691
368	512
24	437
183	460
131	631
451	573
411	438
236	269
575	695
89	393
405	550
46	741
247	642
342	556
138	278
318	514
147	580
384	464
441	736
658	728
279	412
371	541
405	683
146	715
300	701
268	612
348	744
495	634
117	571
552	619
190	332
210	700
128	214
136	193
177	440
408	431
331	332
307	743
248	322
461	515
176	641
71	617
484	616
499	517
368	556
502	727
311	575
306	408
150	343
327	682
167	540
73	267
407	415
166	583
50	613
343	460
69	150
237	539
311	436
240	574
239	420
652	682
311	538
48	299
184	440
366	570
103	652
183	373
394	493
94	680
435	450
25	240
437	695
559	671
74	563
426	450
4	102
494	741
29	669
271	700
71	336
342	676
272	460
367	678
224	658
202	462
218	425
40	324
529	571
503	625
447	661
50	310
14	615
458	731
2	718
440	671
322	454
261	628
203	632
259	307
337	695
590	746
44	514
369	566
133	508
65	487
34	657
563	640
263	356
300	436
530	588
19	378
244	601
77	459
435	533
276	559
664	702
466	564
82	199
402	516
16	730
256	291
158	340
518	697
89	663
465	603
445	539
159	266
451	744
264	371
150	624
121	585
101	176
324	465
238	490
150	542
130	211
148	303
144	196
500	647
566	746
59	172
122	372
260	704
383	709
456	707
264	379
87	586
140	571
446	633
11	410
266	586
50	119
254	379
460	727
26	609
137	335
55	244
610	672
30	207
259	385
517	586
45	375
155	158
57	530
126	546
262	578
553	581
91	643
260	369
27	298
102	136
163	288
235	407
250	551
74	522
62	109
362	452
67	463
53	478
15	64
212	404
195	455
317	525
442	691
461	484
4	290
274	635
555	736
107	112
223	325
636	690
391	550
51	436
25	255
201	719
32	687
17	170
43	731
571	707
350	695
327	412
614	629
43	282
66	388
2	628
268	432
318	552
356	487
81	665
440	649
95	126
21	633
150	296
655	685
511	695
146	372
354	744
195	566
454	501
250	586
177	388
285	412
30	603
196	359
466	575
403	415
121	284
8	29
492	592
387	600
298	688
579	700
81	115
152	289
299	558
513	656
7	569
240	575
671	701
72	302
379	684
24	360
426	620
78	198
9	728
64	371
47	132
634	660
24	85
98	484
236	678
353	396
96	243
29	257
187	368
280	392
532	705
282	355
231	413
132	276
486	502
512	567
94	101
315	365
313	675
81	565
79	663
24	417
325	576
306	573
510	513
423	636
28	64
115	504
14	235
281	563
529	718
39	357
411	534
253	542
5	255
295	327
536	629
83	271
61	279
79	384
327	339
250	479
495	528
69	634
339	526
129	638
126	441
430	505
126	275
248	639
461	633
85	396
4	340
172	606
99	106
489	686
132	318
259	746
11	41
83	237
397	585
117	493
455	687
97	239
159	543
243	586
396	505
61	554
166	356
339	514
551	650
719	739
310	432
242	479
230	247
413	612
678	717
172	319
476	606
48	552
379	547
391	667
319	681
222	496
34	671
315	522
367	711
183	735
501	577
351	479
131	412
58	695
673	718
176	532
69	463
123	194
410	489
86	590
251	599
87	616
181	339
198	686
424	600
315	547
98	258
62	316
466	520
223	256
299	621
481	535
97	160
71	747
457	644
130	471
304	533
140	516
429	671
7	529
134	239
60	446
155	594
738	744
83	366
302	636
123	229
234	734
486	569
75	608
608	708
461	679
15	452
284	539
280	741
434	736
433	563
34	303
57	91
321	449
621	623
457	642
17	103
124	590
60	644
203	525
535	576
184	422
398	438
391	449
141	269
72	483
347	613
114	696
22	34
276	309
19	690
477	544
162	333
290	693
598	611
522	637
611	669
344	715
444	727
229	706
36	60
314	338
152	448
111	301
182	237
339	726
11	320
461	539
101	203
418	429
275	436
352	494
514	665
491	516
471	666
717	731
479	726
423	466
147	450
408	500
121	357
58	455
129	525
142	514
261	627
453	613
35	377
182	704
196	510
222	621
32	178
125	512
200	729
88	726
218	744
517	653
37	440
361	443
23	220
52	582
174	330
155	213
82	449
0	526
168	372
585	732
621	636
342	695
708	722
346	561
84	311
106	686
122	656
324	708
157	269
388	513
54	279
13	496
204	385
25	242
113	473
338	381
363	486
156	655
278	400
24	563
175	309
307	562
185	513
390	553
554	712
155	463
349	699
192	366
422	454
65	503
236	698
345	371
193	234
165	713
384	739
28	78
55	667
406	538
303	589
87	180
56	526
25	548
171	319
144	734
191	459
273	711
249	507
92	154
42	70
364	723
625	673
162	545
578	616
13	566
12	564
18	624
91	297
350	409
310	627
347	423
85	210
180	601
453	458
250	339
225	575
433	662
278	725
353	385
69	547
343	357
274	353
81	367
72	533
277	484
356	717
5	724
29	278
134	698
439	650
483	697
276	527
133	277
238	431
650	655
555	709
272	592
211	496
15	436
7	230
363	642
188	262
335	608
6	284
261	492
178	399
196	715
60	419
598	623
218	507
294	392
247	521
317	420
159	205
58	273
122	254
620	733
45	206
13	540
178	649
211	596
197	571
390	441
347	676
14	496
296	735
5	238
59	438
21	723
483	557
256	584
106	123
106	468
538	698
48	103
379	436
631	730
154	465
490	615
491	514
147	548
221	231
123	493
103	717
109	563
5	740
144	154
125	281
355	741
77	200
106	124
90	521
338	633
383	486
35	600
12	452
313	621
175	224
507	662
109	582
260	364
419	501
600	655
579	680
62	390
114	260
210	263
275	730
10	165
287	312
441	549
49	611
96	127
152	225
32	529
54	58
233	498
42	709
88	407
37	340
75	497
191	252
262	457
649	666
99	667
31	504
272	417
16	126
121	252
70	617
40	657
350	536
314	716
540	743
19	337
441	453
10	357
482	555
221	658
508	700
281	424
183	574
30	653
13	612
400	529
93	618
519	601
407	476
454	554
19	107
104	383
27	395
415	624
160	180
560	613
207	370
318	655
373	441
22	605
11	385
283	665
78	261
455	473
215	561
211	317
217	477
395	650
344	443
241	369
545	696
73	448
46	321
716	730
506	592
28	628
29	557
84	467
245	337
34	691
302	489
534	697
253	263
287	655
118	167
204	531
428	536
174	367
180	274
231	524
204	722
200	348
624	716
420	424
297	682
226	703
272	367
414	441
420	515
267	701
256	435
209	659
40	221
270	503
685	742
148	718
102	586
434	692
124	373
372	746
40	548
11	82
331	547
145	300
436	575
104	339
274	396
286	567
489	702
498	554
150	274
231	576
108	567
171	268
38	644
123	128
230	581
187	606
208	675
14	286
470	589
642	685
35	236
311	496
188	418
201	400
335	346
16	707
377	568
493	614
261	374
445	714
367	683
113	326
373	629
321	346
317	610
58	293
255	328
65	595
41	48
453	468
143	165
390	568
38	432
215	313
226	650
387	388
445	513
244	591
273	624
6	213
143	689
403	695
433	715
383	473
322	695
54	409
566	616
91	737
114	151
97	553
147	521
492	614
159	298
179	273
43	333
49	582
192	499
171	271
411	600
259	554
408	633
236	484
637	739
221	325
103	283
2	314
243	327
232	279
334	453
556	677
87	662
5	11
188	332
7	730
113	207
372	692
403	634
534	699
152	355
78	136
125	215
214	595
418	436
216	574
322	411
261	634
28	491
4	663
536	624
568	653
623	653
40	476
125	301
79	562
324	537
117	400
38	744
168	296
36	430
293	394
699	733
340	380
11	240
7	50
26	347
157	639
43	252
48	510
71	83
150	566
80	465
7	535
176	381
215	330
608	728
161	326
353	483
81	275
449	722
4	183
183	444
233	506
45	113
242	410
70	344
166	658
184	682
52	610
101	485
22	674
23	639
66	697
270	338
92	298
260	309
328	559
126	467
385	557
216	400
246	320
271	523
434	553
38	468
107	256
182	464
67	474
66	430
336	545
105	119
171	444
567	706
226	400
524	609
465	606
103	476
460	583
507	529
249	288
188	409
491	571
160	654
163	315
188	526
280	291
424	538
286	611
198	529
546	749
106	561
448	575
202	393
275	515
214	343
478	740
205	340
124	605
79	565
217	679
69	372
76	104
466	566
207	326
38	580
57	285
74	313
147	267
106	524
359	661
590	740
278	490
539	634
520	592
45	98
69	229
236	658
464	741
144	197
54	711
387	687
328	747
223	515
431	616
604	638
298	642
659	682
589	679
371	649
289	658
285	434
364	383
489	514
390	652
246	269
100	398
302	672
85	386
251	666
33	597
26	649
454	681
373	643
121	645
63	424
113	240
55	263
538	735
430	558
400	713
108	569
230	256
11	715
281	471
295	462
299	358
96	465
202	480
15	26
182	629
427	484
262	434
163	301
66	541
11	283
16	59
172	398
80	117
217	546
31	433
168	491
208	404
48	256
96	404
18	620
135	420
140	353
112	293
289	625
256	477
254	676
250	678
109	399
41	305
620	739
13	142
478	618
251	728
334	728
77	539
138	460
326	372
328	645
473	623
87	658
52	420
341	724
645	671
155	199
375	677
149	615
670	702
10	717
261	727
121	431
242	642
355	601
140	377
281	603
608	670
8	290
289	747
136	221
9	477
488	657
132	482
22	511
285	464
467	525
67	620
34	139
189	626
382	619
121	208
646	707
422	609
456	503
211	745
251	440
242	404
328	439
477	520
204	207
189	690
56	100
120	220
139	153
579	695
75	731
351	412
502	577
72	175
304	742
334	715
191	344
380	539
10	463
412	424
154	281
413	562
70	205
432	591
498	699
554	622
1	205
49	367
189	501
434	742
61	143
499	656
563	729
258	744
79	213
93	726
16	607
192	197
15	671
599	604
594	611
493	683
39	277
231	271
228	254
96	622
398	433
281	411
234	491
170	425
20	150
210	258
9	680
20	107
6	354
12	230
141	610
56	560
73	354
191	525
75	560
569	607
280	427
88	480
207	254
134	446
55	491
422	437
86	619
42	110
78	90
39	715
37	187
439	744
20	235
95	386
7	103
129	623
586	672
385	631
237	597
122	489
74	414
80	513
31	333
301	437
582	603
96	366
31	58
558	646
646	685
79	402
323	578
101	286
16	588
163	236
555	569
576	625
91	544
263	619
26	445
380	588
109	578
422	731
517	518
318	638
89	598
150	247
29	608
23	154
587	711
231	470
390	677
552	649
205	634
230	686
298	460
154	555
6	467
411	709
264	648
235	375
581	730
139	288
72	267
114	567
101	220
58	489
190	275
302	698
156	642
50	235
323	453
252	642
376	588
110	167
227	531
127	480
189	349
82	302
165	734
88	589
71	490
530	685
127	474
297	650
229	542
397	603
575	602
391	611
186	265
468	504
410	680
54	675
403	560
395	482
1	534
71	508
434	612
134	309
362	504
282	534
492	616
135	334
41	104
382	713
39	119
217	457
586	745
206	622
22	470
506	574
112	236
343	655
463	616
252	505
219	545
473	573
43	180
115	423
125	638
521	707
184	744
118	404
294	588
68	369
190	636
26	562
251	394
273	317
133	605
315	616
185	673
456	550
4	203
639	657
217	644
550	580
350	708
107	351
57	610
25	64
241	699
323	625
62	115
316	387
189	290
356	486
402	742
33	165
130	609
162	427
624	734
62	100
412	477
583	619
28	692
59	325
270	386
232	632
175	729
180	630
375	568
159	595
692	712
123	703
107	702
316	435
71	330
4	411
462	651
227	463
337	356
112	427
38	239
293	441
482	711
18	78
373	656
356	747
125	425
410	713
7	729
117	272
600	731
186	558
10	127
89	158
381	410
221	575
544	555
51	300
25	681
309	670
108	194
485	614
169	237
197	425
197	478
255	523
444	729
337	611
587	632
134	725
636	703
227	665
273	616
105	531
350	367
179	405
393	676
471	608
142	204
156	206
174	222
236	593
526	536
134	251
50	644
36	145
148	206
221	398
483	531
502	670
646	737
77	137
199	470
103	270
150	382
70	388
234	557
212	514
127	384
235	576
40	661
636	648
315	567
500	506
199	361
257	745
131	271
364	572
47	634
74	417
309	360
174	175
23	480
338	638
139	192
146	596
199	680
53	235
431	657
312	643
448	717
346	437
424	652
123	626
8	127
170	498
78	523
468	698
520	698
95	627
304	319
209	742
345	698
124	136
132	150
28	273
121	494
409	515
58	740
33	691
269	431
142	374
392	619
451	457
423	574
491	552
205	458
264	334
289	364
350	448
401	455
428	725
221	602
275	731
222	726
234	254
511	607
23	486
423	511
296	412
169	719
331	465
227	611
170	568
258	475
324	634
728	731
92	716
385	680
32	141
101	465
213	255
90	586
625	641
241	256
236	465
168	275
243	576
403	725
57	495
175	264
570	575
33	151
317	518
312	408
225	262
440	470
281	746
541	703
21	719
366	486
597	617
473	557
148	493
479	615
31	580
460	464
686	725
79	177
201	239
100	312
407	638
120	391
214	636
443	499
89	532
117	235
305	581
255	271
293	636
502	613
258	633
416	481
134	735
91	179
66	358
207	516
382	460
138	445
16	305
33	288
282	706
324	676
461	499
516	571
112	234
19	713
235	604
275	324
528	587
35	167
217	693
615	745
229	305
91	407
302	542
103	724
527	708
670	674
218	221
539	570
452	716
73	258
33	444
94	710
75	413
46	723
11	38
134	661
108	644
67	176
486	693
32	604
543	709
179	634
144	514
124	184
317	642
123	295
666	670
242	418
169	704
213	433
226	712
37	662
144	153
204	582
191	442
287	401
176	671
383	688
158	564
576	582
425	639
197	645
514	534
428	435
482	704
234	639
608	696
268	354
239	439
455	533
49	444
50	486
112	231
353	491
22	436
143	308
5	158
25	615
713	744
263	520
106	483
294	607
21	220
59	136
375	552
454	702
407	723
394	748
124	327
114	282
638	691
391	669
78	584
127	518
336	420
55	423
377	648
188	231
207	345
478	502
215	677
181	604
244	660
234	473
46	233
94	744
476	660
374	455
501	687
112	297
164	476
564	727
101	580
138	599
43	710
131	408
57	719
50	303
56	184
312	481
189	243
93	136
352	641
193	324
617	671
468	747
88	540
177	701
211	219
376	554
456	656
483	493
13	655
344	605
620	729
370	572
216	292
569	630
308	385
351	484
433	742
226	556
175	235
81	110
171	181
202	381
355	458
124	519
38	114
268	434
26	325
34	598
276	402
350	414
461	732
17	159
282	292
176	571
505	701
86	742
257	299
22	87
231	605
117	639
20	646
156	653
483	725
539	574
419	521
327	735
140	250
143	239
212	663
703	746
210	710
387	703
114	214
7	737
94	538
137	218
35	160
365	610
104	306
433	688
0	736
34	37
168	317
446	618
162	610
438	514
233	333
359	488
405	430
49	355
396	731
56	626
359	683
416	513
110	686
322	464
176	388
40	171
7	226
218	508
559	697
142	524
97	628
295	578
179	459
56	533
640	659
28	538
424	704
126	677
24	366
605	608
396	465
509	584
62	565
127	703
307	717
98	710
673	742
335	511
506	618
51	507
57	378
367	531
342	667
606	741
477	558
316	731
539	731
598	602
282	412
307	685
173	663
444	641
277	420
73	597
565	660
51	368
201	649
600	676
246	524
181	448
75	108
21	57
218	302
495	659
526	649
451	743
219	403
204	349
135	500
326	542
59	744
323	428
538	663
444	482
245	528
489	575
39	661
37	684
424	555
533	715
350	576
343	462
127	195
144	749
25	619
75	669
181	596
103	249
151	647
456	677
157	373
168	196
431	451
443	584
28	104
11	648
512	517
576	734
33	487
251	391
208	251
141	726
355	467
130	507
260	452
10	631
355	677
167	303
45	672
269	350
488	610
67	540
326	430
399	571
154	698
319	379
198	338
171	335
142	242
284	668
612	649
371	434
357	395
32	150
439	461
25	360
105	637
207	657
640	655
42	334
390	499
125	460
298	491
68	318
658	724
683	702
569	601
93	709
33	144
538	699
562	672
411	544
511	725
295	348
411	597
253	340
140	233
468	663
227	578
552	559
120	585
467	666
516	705
223	689
289	498
280	468
17	608
536	659
56	490
170	381
352	495
305	368
170	364
460	619
16	281
571	736
10	561
161	447
39	511
108	538
80	435
100	575
66	198
308	639
188	434
173	181
569	576
159	721
192	728
449	575
366	643
135	726
284	568
108	646
316	749
145	243
531	639
587	688
513	720
489	618
459	471
444	638
69	359
507	565
162	644
219	698
226	730
236	413
252	416
716	727
141	556
60	489
9	120
266	417
456	703
288	531
604	741
319	637
190	295
282	336
23	39
557	741
190	650
359	410
136	681
402	728
51	398
51	742
474	525
154	507
232	651
84	625
71	650
45	110
258	705
147	676
365	640
2	344
586	634
33	742
20	733
291	430
598	689
132	574
592	685
216	604
103	681
390	560
108	335
240	346
414	699
713	730
218	526
265	382
34	232
12	612
82	696
492	530
30	115
286	669
343	710
133	505
115	670
414	591
487	619
3	630
117	167
153	298
332	387
60	662
154	452
35	211
327	748
696	716
116	592
53	683
124	172
22	50
324	671
55	671
71	307
105	543
29	722
195	292
480	620
286	602
61	690
261	691
422	734
142	271
100	265
21	677
458	734
215	256
295	513
241	447
529	593
346	378
468	549
474	623
135	204
10	516
253	619
172	514
34	157
389	638
22	628
3	728
160	355
133	500
307	522
127	718
198	635
31	367
307	615
429	703
20	271
363	511
347	508
22	526
519	683
93	160
335	688
253	709
295	505
151	648
279	456
341	480
82	560
209	469
410	744
360	578
142	313
476	564
132	334
220	439
161	340
227	529
187	460
252	577
455	595
216	560
435	734
281	380
327	359
46	309
26	402
64	642
87	653
170	409
271	411
247	524
79	424
71	638
194	426
468	570
10	115
10	384
161	593
100	456
80	136
285	392
511	701
507	744
105	436
452	692
491	737
238	379
256	352
582	597
261	442
302	737
290	417
584	720
200	697
168	237
381	728
42	408
154	169
149	277
154	498
244	695
212	652
216	338
303	748
276	674
642	699
405	684
128	659
670	686
77	558
298	580
434	503
37	532
302	415
150	320
191	503
424	693
208	484
100	272
439	515
390	660
709	710
31	49
154	433
197	291
196	731
322	358
284	709
173	535
377	440
39	688
588	736
281	552
211	649
63	92
51	526
217	662
186	506
412	676
204	319
272	740
399	639
360	614
70	227
297	395
277	689
44	371
501	726
15	59
6	87
57	403
325	631
91	534
12	139
296	532
264	632
343	485
134	701
255	688
152	204
158	169
325	514
407	614
17	238
222	378
241	746
315	395
401	549
481	582
153	728
366	440
540	630
489	616
450	682
67	218
639	680
24	708
453	685
218	714
215	581
68	339
414	623
507	609
215	376
154	544
223	305
18	658
186	194
117	582
536	599
36	596
130	158
27	153
110	746
594	689
246	354
488	689
181	394
383	590
14	207
417	715
251	740
362	612
105	598
575	595
181	744
324	434
273	325
452	703
264	392
167	710
193	668
58	346
529	721
11	495
107	233
107	382
112	251
235	327
104	109
328	655
322	616
48	599
404	684
461	504
174	587
307	326
165	465
188	593
28	416
152	512
257	730
56	478
127	429
435	590
68	316
577	590
49	116
86	215
288	445
20	386
13	319
355	556
352	593
42	248
203	611
599	700
265	744
445	734
0	328
623	712
130	142
73	563
320	355
286	384
21	652
5	46
85	445
130	535
295	580
73	638
56	497
0	65
215	298
377	457
564	650
545	614
114	517
63	696
171	183
571	578
213	305
187	730
134	247
327	622
375	628
309	709
168	727
160	586
292	700
327	737
300	741
129	566
481	723
194	708
17	538
345	418
329	638
80	246
88	466
458	683
281	670
410	470
180	256
336	560
213	319
515	529
469	622
224	572
510	724
24	201
513	718
369	588
639	678
422	483
126	636
364	704
34	639
375	486
633	678
41	354
285	331
82	670
262	525
354	627
109	386
355	371
545	626
313	412
34	665
182	346
506	516
275	419
463	711
258	409
70	135
627	740
644	664
5	683
391	487
31	449
247	447
122	458
173	647
254	680
154	742
532	610
456	741
638	650
36	561
244	387
131	392
529	566
528	580
384	644
25	544
282	348
113	183
42	242
342	428
605	688
23	219
140	310
562	737
168	241
389	637
246	671
393	455
35	542
319	613
305	421
120	305
124	340
69	557
307	539
362	400
618	646
79	227
83	615
340	512
277	365
166	326
434	485
293	615
71	513
102	328
374	567
487	561
54	229
516	740
63	626
504	748
254	377
85	688
548	638
228	555
86	735
272	558
547	551
181	456
464	718
455	647
80	163
79	700
677	682
395	694
51	496
368	397
320	477
3	510
658	738
199	485
96	295
85	554
147	412
637	646
177	254
308	330
306	658
299	712
197	699
379	497
517	696
31	165
502	640
176	677
86	474
96	498
129	530
354	575
206	659
222	589
178	570
259	679
139	398
526	587
125	705
99	639
42	203
113	666
0	718
22	447
233	621
344	489
317	508
551	643
354	457
38	743
315	332
324	607
413	446
549	742
27	617
497	746
128	597
32	402
355	634
103	151
161	497
224	255
90	411
47	53
324	673
39	215
199	413
633	666
404	582
307	668
100	478
195	447
563	669
93	482
98	508
11	205
272	292
536	658
269	383
258	696
378	520
234	607
305	593
140	463
282	490
1	556
308	408
243	534
200	220
122	286
65	268
3	679
77	417
539	637
243	465
445	484
55	436
476	696
170	250
307	623
467	481
397	495
23	347
346	436
135	226
11	153
351	595
203	419
277	634
680	728
204	410
31	70
246	546
253	622
452	539
419	570
42	167
18	465
26	101
409	521
345	712
96	183
654	706
246	698
586	727
227	574
120	377
438	487
297	377
18	153
14	254
184	328
83	650
40	432
533	583
110	329
112	414
413	439
447	486
70	170
537	595
324	326
694	743
113	476
54	510
640	675
378	648
349	439
398	475
138	419
294	430
22	199
310	573
87	101
269	673
369	508
214	334
209	356
282	533
9	406
166	274
20	461
140	561
160	336
20	726
287	742
386	738
223	654
122	318
42	257
506	673
22	353
353	593
287	575
139	150
3	305
663	741
74	382
211	401
129	633
192	370
444	588
396	626
169	450
237	370
463	571
721	737
271	394
459	561
175	712
551	613
467	515
32	427
198	343
420	743
582	600
431	568
538	671
652	716
328	739
301	402
173	341
67	139
393	433
569	655
257	599
447	645
121	648
110	408
5	30
143	495
294	743
472	557
84	688
575	634
254	650
287	514
235	434
8	374
291	343
356	564
392	704
8	230
312	497
139	662
246	702
62	576
50	167
81	294
72	191
166	252
583	634
43	79
222	472
120	309
281	685
202	588
130	585
173	735
44	148
53	281
454	503
354	366
249	256
499	657
320	728
157	681
75	388
272	646
177	381
126	628
28	677
67	260
194	552
35	707
160	534
299	687
339	501
283	586
441	680
169	672
292	709
100	511
10	271
438	693
361	558
585	669
223	518
23	271
144	442
521	594
198	536
545	635
257	711
401	504
487	578
2	123
121	151
205	532
274	655
42	212
493	660
432	495
191	586
285	516
186	463
90	744
66	81
3	235
47	139
80	383
416	614
28	159
312	447
380	700
199	215
26	409
113	562
225	734
666	746
300	383
245	415
171	545
11	676
273	446
164	482
85	715
243	748
357	623
87	541
367	570
123	178
178	673
88	475
186	524
9	695
494	616
226	412
141	232
99	311
188	561
273	429
357	681
203	399
217	653
179	217
39	101
261	563
147	467
195	610
429	560
304	411
572	727
80	648
59	234
423	470
11	305
307	632
307	327
111	185
21	105
123	460
99	418
315	379
277	461
67	203
742	747
155	179
53	446
176	278
119	704
78	622
384	694
233	250
607	681
377	638
212	563
158	703
152	614
60	220
317	674
297	474
164	253
383	461
23	193
106	640
270	631
181	462
484	583
334	653
96	649
43	320
36	44
598	723
217	555
105	582
96	162
92	497
57	124
574	614
174	566
7	291
10	291
96	171
313	378
157	489
45	312
135	666
479	508
362	702
75	76
227	721
105	425
281	466
289	419
175	261
219	264
412	422
23	655
273	495
243	612
1	642
487	572
456	739
135	588
413	598
176	382
181	221
30	434
388	450
101	679
227	491
297	345
509	623
485	744
209	303
394	519
271	578
69	279
8	661
220	331
515	630
588	650
144	433
462	555
162	712
75	261
9	483
445	689
196	574
43	205
590	705
421	455
448	601
193	611
75	160
200	513
347	697
368	690
15	726
497	525
224	402
403	491
463	613
19	540
50	286
238	714
322	679
309	404
177	350
640	746
170	586
462	679
55	570
359	679
115	336
252	487
54	747
52	477
221	708
169	335
478	650
424	679
102	312
52	165
537	569
308	599
101	116
91	712
234	684
60	370
305	520
96	321
360	656
104	337
410	572
517	744
406	711
578	655
304	653
233	245
186	726
26	180
374	375
105	737
257	506
75	94
117	657
57	507
8	315
122	438
6	256
479	634
84	123
136	713
74	585
285	583
185	621
95	245
99	318
58	501
78	208
18	213
208	691
147	151
57	743
21	714
71	406
173	649
451	538
429	538
492	503
173	284
386	465
289	395
63	425
94	204
145	209
292	506
262	327
11	289
168	626
156	372
97	306
238	616
110	250
532	667
114	591
6	622
311	747
101	263
321	587
387	743
646	704
183	384
171	354
441	479
254	484
273	651
324	357
230	658
37	435
482	688
458	608
405	679
299	741
400	562
85	327
465	543
6	214
607	708
3	749
355	444
68	89
92	733
371	653
171	220
473	487
74	561
74	192
144	473
392	731
0	702
69	637
14	745
659	706
112	530
263	296
288	340
44	734
279	331
268	391
85	202
316	397
374	450
566	739
270	622
533	674
57	381
112	540
0	555
292	652
180	476
48	610
157	491
330	512
283	402
109	506
661	743
247	637
556	670
471	525
141	313
94	344
92	310
444	501
312	410
46	537
63	372
37	660
445	692
500	581
628	691
247	282
577	713
702	726
407	589
13	537
81	515
372	373
74	248
178	380
446	601
322	684
25	343
178	261
226	732
318	377
702	738
436	485
34	152
32	120
320	694
123	489
479	542
256	297
62	697
261	508
492	655
113	275
317	438
52	460
154	478
53	691
178	528
204	504
675	746
66	177
4	633
130	641
682	725
505	528
41	727
485	592
194	535
16	627
8	575
544	572
533	643
36	370
429	482
529	731
361	638
309	535
440	535
102	519
280	335
178	562
239	648
536	722
68	700
6	112
522	738
410	664
13	144
17	492
29	620
27	238
479	648
250	509
293	604
509	643
510	670
347	728
188	450
92	507
545	702
135	748
365	564
52	683
196	393
139	602
211	652
91	262
295	688
25	91
529	644
39	369
195	238
253	442
105	685
289	591
60	249
346	405
158	665
24	225
92	539
359	630
378	515
423	626
441	620
139	703
546	601
296	724
65	89
197	716
32	411
235	740
546	731
3	226
188	677
293	476
52	329
413	584
156	330
527	575
272	496
589	684
215	282
159	564
247	271
690	696
315	572
418	480
64	709
135	409
213	311
651	709
427	639
94	149
692	747
407	562
316	358
321	408
181	349
29	250
307	630
47	720
9	452
496	527
356	457
86	458
39	154
640	647
261	747
519	566
178	299
246	733
36	345
553	616
81	392
119	676
21	544
42	528
347	662
127	496
432	721
93	634
12	726
94	573
165	625
195	589
9	238
56	565
496	735
365	604
217	346
273	449
489	605
263	677
18	503
19	150
45	412
39	346
6	497
553	609
511	584
45	611
90	406
80	230
294	698
90	474
457	495
49	567
428	431
308	428
274	459
510	596
21	737
179	551
303	456
418	558
459	504
221	436
526	544
587	734
321	743
9	652
247	436
388	629
123	146
171	243
484	613
421	713
647	705
248	443
244	342
246	327
323	534
79	387
68	443
418	640
517	534
54	690
100	325
343	461
315	346
116	465
28	700
300	375
159	307
394	623
104	216
258	445
647	699
482	636
15	665
343	651
129	357
45	690
548	654
156	614
102	349
179	660
108	648
420	711
310	390
187	509
241	502
209	492
229	236
266	461
62	268
235	393
194	551
255	518
43	162
177	303
97	557
52	418
76	343
441	518
40	276
14	142
27	316
32	738
37	115
64	658
208	576
352	597
389	681
2	293
46	312
167	598
577	636
168	389
660	714
140	280
380	744
349	649
4	266
607	715
139	163
577	640
429	527
414	648
237	377
139	327
339	609
64	609
420	574
63	724
586	679
155	740
144	145
107	353
615	665
85	693
23	162
512	725
74	504
462	723
248	643
270	634
476	638
61	721
249	475
226	325
84	364
624	717
300	429
298	534
121	426
14	557
486	575
331	480
326	625
389	497
70	420
269	613
487	660
209	225
40	400
100	683
350	436
516	673
83	445
134	694
43	313
199	676
137	459
26	486
686	720
268	519
211	611
278	344
138	737
382	697
179	276
321	635
477	669
81	546
561	625
396	650
529	695
354	458
323	409
97	488
99	569
44	426
293	514
66	551
146	616
579	597
170	546
163	166
74	307
8	187
111	615
170	349
112	505
15	144
251	575
614	744
733	738
140	493
478	649
361	435
379	665
387	746
274	410
628	724
346	529
627	633
98	603
419	694
180	554
172	293
133	178
330	699
217	230
65	496
167	401
310	671
225	282
385	594
293	448
228	740
387	674
492	513
44	304
339	559
11	561
395	669
128	364
91	195
187	328
109	540
287	482
24	491
393	491
109	558
50	221
69	195
394	568
420	541
322	642
419	739
73	334
40	70
85	456
480	592
322	745
108	599
305	444
209	370
142	360
86	291
47	635
42	65
157	546
391	666
79	200
148	327
166	411
463	522
94	298
442	565
438	462
157	581
486	669
256	630
345	377
140	390
19	413
311	447
126	730
177	433
458	666
34	401
340	363
288	362
507	735
187	291
324	383
135	404
168	658
441	524
227	472
48	649
415	461
193	647
92	591
196	368
149	152
144	493
174	699
135	237
479	541
423	681
19	374
273	498
89	251
424	673
322	330
25	577
371	595
204	402
241	419
262	540
33	517
506	522
447	501
281	393
68	90
285	533
120	161
607	749
28	303
267	560
728	743
196	290
523	635
209	481
8	372
32	619
228	649
438	482
457	690
557	653
437	484
350	426
124	619
480	501
399	465
71	212
247	457
146	427
37	423
117	152
246	285
397	493
359	594
17	689
592	718
277	488
327	433
37	470
377	727
13	551
318	633
327	556
13	576
117	478
212	680
271	739
41	495
136	653
563	625
144	351
80	385
368	522
135	489
327	621
199	529
534	713
186	711
539	551
121	213
7	310
160	683
667	711
323	500
28	244
127	623
120	705
330	741
73	255
220	647
133	714
389	400
315	366
348	472
587	599
411	610
313	718
180	672
251	663
355	692
285	297
284	582
189	684
554	597
436	529
10	486
373	507
10	678
557	627
464	592
370	638
311	312
139	425
304	739
453	636
507	712
175	206
150	719
592	690
141	650
300	415
285	617
100	543
29	659
364	520
297	668
589	622
40	612
512	578
50	602
39	258
185	364
174	481
53	584
34	749
17	105
546	716
298	368
430	612
427	485
345	425
240	476
184	528
403	713
488	529
436	583
12	388
441	667
339	705
176	306
203	749
96	587
639	661
287	638
70	352
388	676
43	575
121	498
635	682
611	741
6	206
202	411
362	456
175	415
148	444
469	470
11	392
175	379
102	193
337	353
104	289
150	362
236	391
40	608
555	726
419	743
9	235
138	325
504	691
370	654
153	419
175	532
126	634
387	681
104	515
128	531
40	303
478	676
639	719
220	606
121	543
271	454
69	572
169	282
257	315
21	642
389	392
352	685
345	522
118	340
127	176
283	600
386	638
100	364
183	257
394	723
554	621
391	473
503	597
410	474
215	585
136	690
267	738
505	562
502	630
73	185
98	409
482	499
206	210
333	477
358	467
147	695
508	741
331	741
297	573
269	434
44	118
40	406
585	625
243	447
373	647
505	699
208	366
14	437
55	285
425	690
61	728
87	322
463	741
138	293
11	660
301	326
423	492
51	693
135	598
340	732
377	709
401	490
574	724
54	211
113	407
159	165
246	439
19	362
249	740
68	97
446	606
125	681
293	327
354	694
131	583
422	433
110	476
214	551
285	723
8	526
294	507
121	396
180	233
676	738
37	736
159	340
106	570
548	562
267	453
399	413
148	561
142	343
122	712
268	657
187	715
178	464
6	720
92	581
393	683
6	334
66	436
140	216
94	543
171	293
51	183
34	409
13	573
575	605
171	287
122	610
676	744
568	661
9	97
446	691
2	500
360	401
134	516
260	589
322	533
60	732
519	554
325	670
80	367
639	642
210	620
261	421
224	359
55	440
446	732
390	679
349	583
93	477
321	434
77	541
73	281
49	95
392	504
52	238
267	311
426	547
157	208
367	519
293	388
423	735
304	443
30	350
401	682
501	502
31	491
166	282
539	630
146	410
64	118
36	309
55	60
44	652
408	538
388	509
193	195
412	572
290	524
367	454
116	409
485	619
88	140
425	601
294	621
247	303
168	475
178	719
481	613
78	316
262	682
439	449
594	653
492	568
207	350
265	428
588	721
109	216
412	554
604	647
103	615
88	120
49	675
65	463
719	748
41	409
234	520
35	592
165	421
340	349
428	608
112	146
172	417
164	410
681	692
157	480
121	322
255	701
28	633
83	560
145	176
136	184
374	599
80	749
41	49
3	319
63	162
427	578
157	693
332	725
240	514
213	420
271	571
102	234
230	241
315	591
646	654
192	678
379	408
117	572
453	651
593	743
123	301
445	572
433	696
163	204
18	381
211	508
303	366
78	726
152	659
303	432
249	590
606	667
53	188
126	352
352	439
476	541
14	315
88	586
159	495
224	251
575	638
274	583
58	121
132	609
485	697
325	744
568	652
206	619
12	16
31	443
140	533
245	288
122	436
55	364
269	668
171	397
140	711
614	720
82	196
357	551
181	216
285	365
174	682
123	278
350	522
19	483
12	157
219	493
377	396
414	690
118	574
536	583
42	615
377	581
384	714
82	565
252	541
181	314
439	622
570	743
112	608
602	633
236	407
53	530
32	651
358	684
303	421
303	590
190	397
530	742
8	171
2	258
43	651
83	93
698	744
548	727
270	344
147	291
321	717
318	434
155	534
455	658
395	476
66	80
160	556
203	347
337	462
633	644
74	672
645	737
122	727
391	602
494	749
230	580
576	748
231	304
93	202
468	500
513	604
78	694
115	666
157	590
606	727
384	649
660	674
180	583
388	475
296	441
28	440
52	209
38	690
81	346
2	499
481	570
404	624
37	514
39	680
38	459
480	598
331	587
287	633
178	197
172	492
486	496
59	66
157	367
345	569
178	659
105	347
645	742
250	426
8	383
74	656
587	745
160	254
79	724
67	375
308	386
531	657
313	374
257	648
23	361
337	641
48	170
318	408
481	698
267	521
477	726
31	135
171	728
192	749
454	626
336	652
18	514
96	601
113	547
78	359
87	461
204	735
78	246
454	724
30	310
260	738
186	629
14	73
123	595
250	670
407	585
136	399
129	684
359	426
597	629
279	365
150	488
540	613
18	648
392	464
389	461
245	427
278	652
6	426
32	171
254	539
576	604
573	608
17	361
189	359
273	628
178	305
219	517
498	641
110	193
68	496
104	384
55	628
188	686
76	639
118	309
22	144
44	218
181	425
8	673
358	721
556	618
406	690
48	248
443	645
293	710
150	386
325	707
88	682
26	104
248	277
288	304
233	601
291	743
113	519
51	508
171	417
388	655
15	248
299	663
151	359
52	555
165	258
660	694
155	306
203	464
594	603
217	713
83	240
592	721
61	435
398	715
474	722
149	549
74	333
6	121
268	673
403	530
9	648
463	643
319	596
187	379
543	705
313	685
87	695
165	167
266	551
435	440
33	150
277	284
290	446
199	690
38	554
305	400
378	415
383	600
228	372
160	615
370	395
409	431
490	666
467	572
563	636
393	711
490	680
351	396
468	686
7	645
90	561
482	548
52	575
488	562
476	721
106	556
666	729
149	701
109	379
97	212
553	647
16	653
172	707
119	714
383	616
153	558
481	538
167	168
188	670
371	418
65	540
107	421
223	707
119	330
134	509
172	313
143	436
247	526
21	143
7	44
262	451
29	420
527	557
207	721
285	479
357	405
23	325
253	522
439	442
627	684
160	497
268	332
85	371
44	82
301	672
283	707
306	436
189	542
67	211
493	620
49	483
47	655
628	678
24	464
459	607
435	635
52	632
616	665
290	632
455	501
198	356
412	636
79	140
268	637
34	159
333	626
244	627
1	154
461	632
4	388
422	423
147	665
291	304
22	278
213	336
140	443
327	671
54	539
102	655
141	222
386	624
516	749
154	589
369	433
73	695
492	691
280	445
86	320
68	714
468	631
316	457
365	744
129	130
394	744
240	690
34	52
395	682
223	600
224	466
341	613
464	490
588	643
207	577
322	673
102	514
282	326
308	329
56	665
164	304
237	256
301	443
50	563
94	352
603	669
402	485
130	366
146	548
443	653
42	120
582	698
292	596
141	503
195	261
407	443
167	521
28	378
497	638
115	257
293	596
233	696
84	380
303	426
241	714
380	436
193	748
540	610
595	693
42	685
112	598
238	482
261	420
568	596
208	283
11	461
57	430
328	709
152	643
268	609
461	545
273	450
63	230
66	228
201	421
389	472
73	745
41	43
252	506
15	637
366	583
646	679
197	312
63	258
336	541
128	163
29	434
102	397
151	728
186	318
378	560
360	502
181	672
218	646
320	557
185	308
501	518
310	587
689	732
9	383
387	498
287	315
255	513
212	496
208	588
191	422
32	305
76	258
367	409
3	609
12	232
57	368
403	487
355	588
24	402
362	709
22	33
120	716
483	732
13	73
148	362
584	667
365	692
598	608
2	557
610	662
291	448
51	341
475	732
91	609
94	178
540	638
332	437
209	591
31	205
111	181
72	648
187	565
237	319
302	522
357	517
356	499
76	458
223	385
161	536
8	469
43	197
3	696
27	134
474	743
68	740
656	728
347	402
332	628
263	439
45	52
553	689
80	418
247	444
191	325
24	118
208	286
196	649
236	592
75	610
432	456
41	200
457	681
606	618
284	608
197	503
325	385
488	628
265	738
321	642
249	545
351	473
158	407
284	355
86	465
250	301
434	582
76	677
120	126
202	638
103	458
24	285
100	405
145	404
118	119
72	251
43	433
35	230
47	593
237	250
553	711
40	263
182	686
89	178
353	538
183	664
225	419
393	446
84	518
319	550
252	620
312	636
113	634
52	92
48	466
34	68
615	699
189	526
237	351
187	585
304	596
117	171
355	395
215	658
93	689
26	69
222	615
481	703
205	730
95	144
571	735
258	534
185	218
142	668
50	251
18	228
421	663
1	547
165	424
134	700
472	709
611	646
393	619
177	645
44	637
350	544
393	538
106	597
95	672
295	398
485	724
336	402
24	649
458	703
499	614
246	401
99	260
102	131
142	624
143	402
483	593
148	620
113	480
73	713
225	664
100	122
127	551
154	726
209	249
535	681
571	745
625	724
207	394
204	678
269	560
228	276
402	427
387	444
450	596
247	576
706	710
28	744
379	440
254	574
470	633
345	362
145	585
202	281
87	294
524	572
156	444
489	659
316	369
464	735
293	313
531	669
207	667
441	747
310	315
69	330
115	364
139	285
134	625
508	728
51	318
51	431
100	168
599	678
54	379
152	396
395	731
2	473
427	672
430	435
455	693
336	687
437	665
265	377
459	604
124	498
170	407
84	351
299	334
160	544
325	364
397	685
159	232
31	662
214	378
77	361
129	287
233	403
475	726
250	292
22	579
23	184
26	97
568	578
365	562
19	553
153	210
655	722
277	354
576	710
549	696
328	451
229	737
304	454
1	392
215	269
16	350
227	709
195	328
329	471
272	457
270	449
292	362
503	557
280	637
404	446
288	446
527	660
619	694
199	722
437	713
7	228
178	322
292	679
398	676
411	500
427	624
712	724
115	612
225	673
425	649
270	579
301	664
347	440
108	339
393	477
28	248
117	466
184	205
537	588
13	268
173	658
50	308
547	717
548	551
598	710
199	701
138	384
142	278
393	404
446	658
169	639
519	740
137	216
15	406
373	526
115	581
328	680
342	635
390	642
405	521
300	684
232	323
6	166
186	613
250	377
135	539
412	640
244	686
273	683
633	669
246	551
37	489
290	334
374	744
198	599
280	618
201	296
110	398
15	186
539	612
78	462
52	362
280	746
97	277
588	667
147	455
93	682
67	446
228	396
259	301
140	316
76	478
106	206
211	511
523	637
173	198
233	298
362	374
32	246
185	298
148	635
479	563
365	691
193	499
602	636
99	402
338	503
232	421
510	742
493	643
247	533
270	378
627	678
504	698
12	102
133	476
364	496
234	356
298	315
224	436
456	513
426	645
526	668
19	618
249	531
72	350
118	342
417	704
68	558
44	488
46	87
200	549
143	202
426	455
562	664
42	705
154	659
402	410
206	657
126	428
73	648
422	670
272	582
24	424
194	456
206	511
25	407
115	491
154	553
687	690
478	645
98	242
12	436
14	364
246	706
302	711
237	577
216	445
129	602
51	335
214	327
73	81
48	172
463	547
54	371
194	672
225	384
510	726
38	206
155	398
426	721
177	542
433	557
21	748
269	355
214	748
164	465
403	538
396	687
236	724
311	476
123	507
64	559
309	692
407	425
157	638
3	84
51	412
9	81
238	571
55	622
635	693
362	435
93	485
59	244
65	637
90	472
392	433
226	374
336	575
564	626
510	519
578	717
68	323
232	649
147	629
327	566
444	583
425	727
184	337
29	652
260	610
9	52
297	394
158	330
52	289
127	606
36	280
39	718
301	541
40	747
124	635
102	380
155	539
318	682
407	530
105	167
61	631
531	655
54	614
2	685
17	236
271	377
594	628
95	250
287	664
512	657
341	740
522	584
569	681
101	563
354	527
237	571
81	606
239	302
487	524
361	466
86	191
71	476
152	206
170	352
277	479
516	727
549	583
322	477
330	392
218	745
295	455
48	106
320	720
400	673
29	739
456	499
167	550
130	504
430	507
357	560
64	461
7	80
159	629
481	638
723	733
444	526
136	201
120	565
336	507
373	470
162	741
538	742
219	556
186	352
269	576
0	272
471	733
214	655
81	471
324	748
341	424
70	680
484	576
459	584
286	640
6	243
148	714
241	663
44	443
249	449
308	562
501	626
425	590
152	209
124	566
11	294
88	371
487	664
437	583
158	688
275	527
671	693
472	560
109	493
200	378
292	485
209	631
300	301
47	621
89	400
213	316
262	644
66	661
95	279
12	493
617	680
225	689
355	731
481	560
55	441
328	518
202	644
208	638
104	453
176	722
649	683
338	358
68	610
172	406
101	141
130	681
110	435
648	686
254	460
394	636
201	650
14	584
74	537
239	291
149	725
231	738
247	694
122	707
210	494
575	667
273	431
439	676
335	399
162	660
721	730
403	566
485	585
306	735
74	256
208	591
8	742
173	562
290	387
102	164
117	385
263	488
306	627
358	522
58	183
183	346
87	103
101	225
72	356
207	597
253	360
122	367
5	579
150	224
619	659
233	630
336	599
56	484
74	165
50	199
76	531
50	578
591	739
89	609
307	593
474	621
202	728
285	471
285	594
386	466
151	471
8	410
509	592
45	697
568	584
537	673
181	377
161	475
42	153
86	292
194	367
340	500
600	713
118	681
360	540
225	584
241	729
419	726
208	230
110	121
49	206
186	244
608	727
245	276
239	601
317	712
240	416
115	197
266	658
28	53
253	322
616	656
13	293
128	152
404	702
244	507
416	479
45	509
33	429
95	727
181	234
156	461
45	533
293	389
384	647
165	491
289	615
61	551
231	291
41	698
444	645
540	671
295	747
141	618
358	502
26	447
74	234
140	206
123	731
365	675
519	595
38	71
104	561
149	661
240	687
57	730
55	539
18	134
441	695
196	514
274	646
44	87
230	681
468	536
582	670
31	65
239	502
7	188
340	536
312	722
129	567
244	366
6	528
265	468
206	654
48	681
100	603
94	254
400	458
283	580
457	728
563	723
111	290
500	578
226	622
388	644
199	269
450	712
20	343
494	728
377	644
174	398
23	38
64	655
190	205
319	511
57	165
116	745
71	533
292	401
45	284
80	409
269	534
21	116
35	533
168	601
21	245
304	419
387	640
262	523
45	658
318	491
292	500
247	257
57	677
548	597
246	630
355	646
227	246
483	665
238	425
463	484
532	660
311	726
169	580
76	532
251	746
482	522
130	208
68	644
485	683
293	351
95	287
52	559
105	625
489	683
287	453
508	663
29	424
558	673
49	166
144	400
139	310
246	666
45	279
225	670
218	272
352	354
365	378
715	723
341	684
296	527
351	376
585	598
123	686
485	624
128	389
34	463
352	571
185	511
622	745
259	268
521	533
227	280
36	677
24	743
24	393
155	732
535	742
115	673
186	570
607	666
560	602
360	593
110	468
40	343
350	425
13	169
231	597
594	621
230	356
25	93
602	693
52	97
413	586
199	218
635	699
91	308
358	441
95	664
64	502
459	662
279	293
29	523
217	228
58	507
484	509
143	424
214	611
222	653
84	406
417	558
60	521
132	420
195	394
381	574
192	713
47	440
117	209
332	518
17	22
429	641
82	519
113	161
70	450
82	455
141	236
480	689
127	359
187	390
282	539
266	572
189	666
272	735
681	727
562	617
299	331
423	651
270	299
65	217
41	710
125	232
710	747
125	494
166	574
55	202
216	297
440	695
390	592
611	681
77	246
28	227
216	511
121	334
37	533
140	309
19	635
675	694
119	402
69	324
66	346
187	691
408	502
116	262
95	615
149	503
71	498
367	565
16	668
176	565
304	440
253	511
112	158
180	673
484	590
621	712
241	449
218	317
279	295
363	483
442	555
412	722
241	469
122	313
315	523
551	712
187	511
28	297
170	244
236	498
245	480
334	498
63	684
193	404
274	354
39	317
79	246
193	278
460	745
85	431
507	741
424	558
223	532
322	664
157	683
282	740
282	682
223	317
137	414
26	620
306	683
523	706
458	543
42	419
167	653
262	703
317	343
91	491
289	310
72	307
302	317
140	654
146	553
253	487
88	376
335	558
493	718
425	477
230	728
455	618
116	667
453	648
42	67
310	495
269	389
67	409
251	487
185	504
431	634
315	497
331	731
51	169
4	50
300	419
387	667
407	555
226	467
228	292
171	712
349	683
56	203
92	107
631	725
202	636
137	638
466	548
62	477
52	173
359	623
0	606
289	509
560	642
325	344
18	673
274	485
119	139
235	363
609	745
159	508
105	168
607	656
204	597
4	709
588	591
179	379
61	428
211	517
300	556
24	132
575	670
68	667
218	672
143	662
435	529
278	305
300	416
231	610
306	584
116	593
275	435
99	661
113	351
10	620
6	40
292	690
400	412
215	568
135	140
380	423
99	198
255	295
60	348
42	510
530	548
460	476
248	719
104	399
246	351
673	721
54	551
349	450
327	519
393	665
95	161
603	635
201	327
243	520
21	566
634	691
458	686
364	740
82	87
272	702
118	489
344	481
102	656
199	389
272	623
95	675
198	524
438	712
329	507
319	454
355	379
109	190
3	658
462	626
397	408
151	665
324	406
249	398
385	634
0	514
171	310
576	598
78	608
166	680
633	648
200	662
134	147
430	494
32	502
97	169
271	584
45	245
361	705
21	115
399	709
402	564
47	458
210	587
85	691
613	622
397	606
108	163
221	452
24	227
199	212
248	588
265	283
178	413
605	619
85	169
259	305
377	397
495	639
493	685
113	397
91	512
244	304
66	148
118	397
127	442
377	682
342	348
143	720
456	523
264	650
107	647
150	436
257	490
327	329
631	706
0	634
12	301
227	629
137	170
192	605
386	476
456	568
230	367
23	206
239	708
36	618
648	737
150	168
220	279
208	674
171	525
192	727
426	587
228	393
353	398
315	749
200	373
186	388
25	440
139	315
32	330
134	297
247	307
188	570
60	63
731	745
295	594
418	512
487	588
68	134
156	246
661	663
162	683
419	595
184	439
424	479
263	308
472	618
112	600
230	443
204	494
18	609
576	580
665	675
443	577
52	568
546	625
144	739
284	650
319	645
273	655
157	454
195	226
162	602
556	593
578	676
412	529
392	428
482	662
288	672
189	525
351	677
80	392
528	549
326	423
14	30
289	417
220	282
397	726
193	198
251	268
209	655
274	337
162	305
540	669
1	341
139	637
213	612
125	657
269	644
296	549
331	578
135	148
341	665
449	539
28	380
12	136
258	479
225	408
39	299
212	554
165	270
587	710
353	517
735	749
117	129
124	177
550	690
5	482
110	376
47	503
408	458
492	512
49	553
176	304
564	571
173	331
81	96
707	730
4	397
201	724
160	265
582	595
219	464
363	537
378	708
396	741
48	51
2	483
543	650
512	562
321	523
66	265
289	326
465	475
22	597
628	642
128	455
279	710
203	418
10	397
43	532
155	640
130	512
427	434
107	190
240	585
261	289
339	456
191	705
232	402
174	529
37	726
421	702
380	470
397	722
347	663
215	609
570	697
162	592
491	574
187	698
106	501
623	671
18	431
128	298
222	708
163	558
607	674
45	311
323	711
72	233
4	705
336	542
348	663
270	422
94	363
130	466
266	485
175	273
207	669
39	712
266	487
562	575
126	403
216	727
137	451
424	610
17	514
656	697
189	288
6	599
98	473
304	537
177	407
720	725
300	732
472	670
510	664
389	467
233	727
565	582
15	362
338	429
17	425
562	667
263	404
8	255
16	451
501	639
325	620
330	607
63	336
220	398
57	626
52	102
382	539
81	573
248	592
402	680
139	268
264	642
537	685
419	584
436	553
398	736
106	746
563	658
271	483
10	179
41	480
154	238
434	651
54	522
379	479
89	608
265	507
80	86
362	535
214	639
143	574
379	385
6	503
33	437
311	613
45	448
176	513
528	569
152	625
590	597
91	207
146	262
431	511
231	688
432	702
160	182
516	585
28	302
546	642
29	633
230	325
79	493
134	265
524	575
168	439
301	661
80	594
9	148
549	603
314	622
70	119
58	394
677	705
351	450
25	423
43	625
98	320
403	717
543	723
40	630
21	321
95	201
256	575
443	601
180	400
71	682
172	426
165	316
212	660
417	705
163	216
408	587
392	452
211	605
69	387
643	745
508	606
140	408
35	79
34	630
408	661
195	420
315	512
129	316
44	197
16	639
327	619
61	410
258	266
207	505
363	541
33	329
22	293
127	251
680	734
279	348
16	399
54	616
344	436
570	600
261	718
67	328
584	639
377	557
73	603
498	728
386	403
327	707
361	612
173	614
213	541
263	536
15	65
438	474
431	569
390	710
44	313
333	619
176	412
367	390
13	310
234	319
227	258
138	229
281	607
146	164
40	550
42	439
60	657
571	706
330	727
270	699
382	523
121	269
29	92
673	741
75	569
266	393
84	141
436	692
122	185
379	732
410	637
239	739
274	616
624	698
138	717
176	625
285	356
159	566
186	496
15	331
315	478
83	545
144	645
132	581
114	725
68	409
140	520
475	563
355	409
245	262
115	460
69	81
592	654
553	701
380	695
504	715
17	191
427	556
153	346
69	104
263	430
187	434
487	613
40	707
268	385
363	581
141	230
278	414
533	683
246	278
194	336
111	743
408	688
467	743
124	280
478	731
32	701
150	214
67	336
160	711
172	555
504	561
84	652
138	649
91	176
133	595
366	485
319	660
290	449
243	284
200	213
260	278
484	626
371	585
308	481
68	645
25	725
284	553
13	444
514	605
577	682
48	325
581	597
114	259
54	359
248	403
173	463
158	283
315	662
140	722
22	607
301	744
182	200
161	366
707	749
104	224
511	635
13	469
78	289
353	530
404	566
147	240
17	189
82	103
18	660
296	515
175	218
685	709
275	476
201	615
69	745
282	640
562	604
36	77
35	586
196	594
93	500
506	518
126	542
355	560
160	245
145	547
251	392
141	602
352	568
321	415
149	564
125	150
399	417
159	308
186	322
106	282
19	279
365	715
393	542
587	629
132	348
328	481
179	716
71	320
494	534
164	647
263	461
354	623
277	396
271	651
136	229
595	676
371	440
47	52
287	618
148	167
185	249
315	734
104	389
106	126
320	446
508	587
89	245
101	233
33	515
82	741
81	258
310	492
186	644
373	493
277	638
145	351
201	226
89	358
242	524
434	523
221	253
563	662
177	515
15	90
269	639
699	716
25	519
261	496
570	626
376	578
420	527
415	618
46	182
238	350
3	142
210	424
265	676
310	537
64	213
173	299
48	726
287	731
15	626
400	553
309	346
33	454
272	300
306	378
172	695
428	572
352	668
386	666
286	551
173	360
555	739
216	700
330	460
119	236
93	425
257	318
55	552
91	163
35	433
390	395
356	728
305	540
406	509
199	451
30	281
27	456
449	728
8	621
456	597
558	693
42	371
185	302
515	635
228	334
1	44
2	84
284	296
45	421
127	748
117	285
165	169
414	588
281	360
315	515
75	535
334	623
29	639
102	361
364	400
143	158
218	484
107	319
176	422
265	418
59	284
96	337
283	575
30	416
227	484
489	533
547	583
33	709
138	192
38	414
115	420
2	449
538	643
209	329
168	630
252	713
290	689
75	433
287	645
11	484
109	724
124	338
186	387
285	620
274	355
86	362
95	587
158	506
403	435
27	514
24	211
215	611
281	478
145	213
346	639
349	588
399	528
278	700
401	462
384	409
625	698
152	156
509	571
205	238
435	524
372	546
91	191
326	741
329	578
36	173
281	426
123	363
508	583
149	591
46	640
537	660
525	553
31	224
288	616
21	717
173	492
15	584
409	655
106	181
273	309
422	572
400	651
215	622
250	639
197	588
98	399
7	344
206	712
213	448
112	159
70	173
147	478
574	600
39	543
143	671
258	280
157	574
440	644
377	578
179	231
405	559
66	175
265	719
144	633
204	461
90	715
594	705
468	708
66	233
384	632
329	531
16	508
718	731
379	680
34	625
17	357
205	544
547	560
364	733
236	558
129	400
272	401
31	37
301	617
357	398
424	649
377	614
422	690
107	491
140	303
379	604
398	658
569	585
596	645
353	496
317	373
246	518
389	454
354	538
227	608
538	550
94	111
170	272
161	741
210	446
41	197
444	695
165	433
325	432
687	715
465	647
248	490
139	716
169	562
56	574
368	559
351	537
496	584
124	716
68	280
156	201
35	741
15	521
357	535
89	414
453	459
58	537
361	742
320	415
324	463
55	469
381	591
385	644
335	384
239	664
57	431
410	693
37	715
479	553
78	351
144	164
314	424
181	746
424	632
148	198
65	199
167	377
595	661
458	626
273	298
529	745
379	531
172	689
572	582
358	494
443	454
28	305
54	399
87	624
167	606
94	648
460	493
284	388
86	730
454	747
349	358
126	669
690	737
35	725
5	431
278	350
245	373
118	151
444	730
397	663
161	320
103	490
506	743
550	636
522	701
424	697
274	328
466	679
412	573
455	542
436	604
193	398
37	578
211	529
143	728
79	294
116	637
81	293
370	495
26	492
137	334
183	679
245	623
583	739
305	630
190	438
569	737
650	717
167	669
494	518
659	737
355	607
104	198
5	661
55	401
545	678
113	245
211	442
601	657
469	536
181	626
257	732
369	568
396	617
270	565
193	369
49	468
147	567
25	370
179	306
183	337
56	174
209	309
185	457
79	439
83	433
604	738
463	719
423	486
715	736
172	259
467	630
295	603
141	175
419	492
216	344
91	739
103	746
127	564
78	664
244	249
445	531
12	533
223	686
386	415
77	706
155	611
173	657
113	496
371	646
39	597
401	562
161	568
148	528
317	425
107	612
114	313
12	475
193	694
93	654
104	213
362	539
49	684
216	538
110	601
104	677
92	308
140	415
157	216
122	511
280	282
132	554
149	227
44	292
590	723
404	445
86	476
245	307
30	96
518	740
178	445
392	624
312	604
139	638
709	743
209	503
357	628
287	734
138	747
137	665
472	638
243	427
475	565
78	325
138	280
154	529
217	335
35	95
296	311
331	692
507	738
337	470
250	356
528	539
439	584
514	693
293	582
105	227
563	614
581	611
602	688
431	564
296	413
204	386
344	721
167	460
271	450
42	331
292	604
142	158
21	397
605	650
355	486
144	215
0	709
211	410
406	521
452	592
380	650
251	689
709	735
581	600
143	344
413	704
171	725
235	436
350	683
15	457
475	535
24	638
95	318
13	459
247	298
510	565
255	691
103	189
11	478
202	608
181	414
424	635
256	541
352	587
311	346
304	342
71	514
619	689
529	679
524	715
707	748
110	281
33	137
231	622
55	620
271	730
24	233
195	662
375	640
525	552
41	385
160	727
109	179
157	720
32	659
0	573
144	170
541	686
53	354
313	677
346	621
174	667
526	708
141	565
283	357
114	172
184	461
39	691
24	687
48	66
190	705
219	336
671	727
719	741
120	369
450	486
41	607
411	454
9	129
63	701
595	662
77	149
413	642
682	730
3	648
330	444
61	738
123	234
129	537
251	367
311	516
271	699
196	598
400	571
418	453
371	375
360	746
261	639
387	482
243	611
607	719
123	662
123	176
695	709
104	177
154	729
51	337
190	562
492	653
16	483
178	722
0	192
88	255
96	469
581	613
55	621
431	603
39	647
152	749
311	435
83	542
164	570
516	666
169	585
20	595
200	300
126	700
123	435
60	208
63	548
252	697
586	719
136	254
373	445
12	513
6	656
511	733
637	690
253	323
8	325
401	653
587	700
387	458
312	336
332	568
65	473
447	637
378	392
393	418
241	323
253	426
62	296
387	644
284	311
293	469
428	729
25	220
55	79
29	337
368	735
9	675
84	264
418	547
440	577
191	477
213	563
682	698
226	541
669	726
8	407
58	652
42	679
198	332
215	367
39	105
147	582
108	177
508	686
539	594
438	536
77	615
226	616
226	517
391	630
260	428
151	582
153	258
82	283
133	704
378	428
64	403
125	585
63	738
150	569
114	192
228	453
101	518
480	496
290	566
238	477
159	665
330	490
19	156
448	495
593	620
274	322
229	534
161	656
357	388
276	549
249	600
154	481
131	741
284	708
325	463
513	716
142	425
314	381
165	458
532	673
19	339
77	707
690	735
116	381
213	446
203	254
113	600
110	492
148	623
156	736
70	289
17	373
79	336
131	576
336	559
81	698
145	534
384	718
285	614
296	484
170	461
16	277
94	248
135	471
34	115
35	181
59	700
18	478
6	324
420	738
32	426
64	277
19	153
89	408
341	721
111	421
314	397
76	747
274	404
220	403
67	733
527	732
241	503
466	572
518	667
193	744
275	600
87	155
55	207
474	669
373	626
629	738
269	448
362	733
285	319
160	310
2	254
320	514
306	577
333	592
553	741
458	581
359	449
293	420
63	185
449	485
398	670
75	629
231	251
397	475
494	649
399	590
198	295
151	492
461	693
164	683
389	453
586	620
77	411
36	419
286	642
53	423
50	210
244	464
478	682
256	397
68	485
556	563
22	46
142	696
641	700
140	200
104	650
34	261
401	536
198	203
544	602
267	538
24	302
176	467
140	554
737	742
120	455
328	417
84	286
345	681
210	714
247	299
210	673
191	691
156	190
109	661
62	625
7	731
61	558
191	726
88	192
330	633
43	550
397	659
36	113
212	682
69	249
331	670
268	393
153	303
118	300
173	733
624	708
667	686
396	620
477	728
150	721
14	489
157	509
49	454
45	354
27	391
567	682
94	460
125	186
103	636
271	723
251	705
136	431
34	213
667	741
414	430
510	653
206	612
74	277
43	350
493	636
55	73
605	656
253	654
11	279
75	576
550	672
74	567
320	482
216	332
178	346
378	534
322	730
273	476
100	463
210	694
173	351
368	599
177	283
137	309
351	728
607	649
336	733
275	569
247	609
95	701
306	391
661	670
460	535
298	584
73	427
381	696
181	215
384	508
106	401
304	461
454	521
67	403
419	496
261	471
166	724
534	696
159	708
364	382
81	553
247	292
0	278
107	695
99	720
351	444
29	380
386	533
213	634
302	601
563	687
163	577
76	346
194	484
202	283
530	555
287	738
260	301
339	548
113	341
102	405
395	652
231	467
512	645
238	385
94	548
334	670
157	734
173	375
355	555
103	373
45	635
114	117
149	492
309	657
477	494
207	328
330	623
444	457
187	408
226	668
467	602
597	648
671	745
127	660
569	732
451	452
273	280
37	218
39	394
59	453
573	613
76	397
23	214
382	727
46	679
584	684
300	483
299	366
235	541
64	179
319	537
544	606
385	733
426	581
277	594
370	536
42	47
467	596
239	289
307	432
721	743
128	724
14	719
100	172
342	486
33	98
419	586
227	675
414	697
352	463
39	42
163	387
13	65
315	458
147	367
124	585
97	496
44	511
72	664
38	85
71	327
302	455
28	530
363	552
164	379
132	333
310	648
523	543
431	434
57	432
87	213
212	633
175	741
32	439
18	118
150	621
57	186
274	567
331	363
64	567
392	670
239	388
215	381
228	677
285	576
79	567
302	667
230	237
420	687
366	380
119	597
198	681
75	383
75	512
48	546
362	592
76	363
15	360
31	199
157	300
64	638
214	606
61	99
532	588
51	710
343	554
388	517
315	719
216	609
180	644
313	616
295	562
137	674
5	259
314	369
80	300
175	547
441	455
332	567
157	440
313	402
405	672
257	370
216	540
406	629
42	548
71	660
244	368
416	538
24	373
145	668
228	737
327	649
176	225
8	157
40	541
168	371
152	710
538	695
638	684
368	481
43	291
54	307
96	126
516	715
19	669
405	725
518	606
19	212
109	442
176	713
408	485
413	676
267	349
558	731
318	476
691	715
86	725
577	744
676	734
376	411
137	733
152	624
496	512
403	624
95	471
242	322
195	440
517	522
385	572
598	705
324	340
44	53
134	351
295	520
189	451
80	690
559	639
326	595
241	600
171	523
147	284
242	464
194	309
206	537
176	540
73	605
153	689
378	475
199	743
147	369
260	393
152	291
16	696
375	727
455	684
558	698
69	212
272	297
517	599
361	690
58	675
209	284
515	543
262	539
45	230
342	624
190	240
115	295
100	579
31	114
194	659
227	237
4	708
214	599
87	390
233	716
198	480
555	607
99	744
372	643
184	565
16	260
370	499
174	543
640	719
49	96
339	693
173	224
401	526
408	715
129	495
559	646
218	724
490	585
0	106
113	336
594	708
60	437
465	636
74	608
497	695
125	592
156	207
645	699
222	649
407	664
344	501
23	592
78	712
32	308
23	317
137	651
317	539
80	291
72	441
44	427
99	372
142	566
1	84
287	528
46	488
12	279
271	712
396	539
319	744
164	351
135	378
69	422
185	570
28	137
40	215
41	680
89	152
180	411
45	578
25	192
560	622
172	681
423	502
114	606
107	602
432	649
615	694
204	541
61	152
133	281
528	724
47	533
272	371
352	503
124	543
199	203
231	348
84	617
70	658
327	604
390	554
126	396
323	376
388	715
93	279
35	716
578	723
609	666
193	723
253	391
517	616
310	700
186	278
96	182
225	448
60	495
316	592
53	517
365	429
135	580
305	644
271	621
183	225
390	448
475	633
222	639
329	659
284	580
219	483
285	405
11	415
478	672
3	333
104	559
159	256
585	659
286	667
19	95
119	247
598	709
87	636
129	140
96	629
123	216
225	447
466	630
79	333
434	577
451	485
517	671
99	663
166	441
299	636
594	679
444	702
571	704
54	573
19	116
227	570
158	212
255	670
246	423
98	397
134	472
715	738
275	280
139	379
39	455
552	719
332	457
478	710
218	667
356	700
535	726
616	680
112	654
441	497
64	445
134	299
319	626
85	307
401	487
93	516
178	426
527	666
54	232
67	285
311	323
35	500
5	195
180	435
3	39
334	485
360	644
243	334
446	563
363	388
714	718
598	635
482	718
27	577
248	522
327	721
401	589
16	35
154	164
194	197
120	606
253	381
99	595
258	434
245	484
378	452
92	235
177	275
230	308
675	705
161	739
173	705
23	457
264	428
431	544
114	425
324	542
340	583
523	628
361	464
19	511
35	693
405	531
318	733
272	589
195	462
227	332
14	380
489	692
72	578
34	187
90	687
136	337
15	260
292	489
139	467
252	525
15	74
271	429
306	359
489	705
541	554
96	423
166	169
171	451
150	654
188	651
362	649
185	493
329	678
427	609
69	95
300	594
19	141
243	372
534	655
261	278
104	236
267	682
101	305
322	343
64	232
253	361
51	142
76	698
30	277
406	460
5	299
470	511
243	423
321	590
620	656
133	151
224	573
114	353
167	230
268	710
86	308
211	243
614	630
272	485
104	649
282	455
227	493
363	584
226	500
128	146
19	409
173	250
336	674
525	542
24	591
317	686
394	695
353	624
226	614
495	747
265	267
235	706
58	714
338	432
500	537
442	618
100	147
346	720
228	632
18	713
60	361
633	643
624	745
6	464
351	687
230	538
97	354
118	708
7	93
32	198
59	286
166	196
292	619
572	749
206	456
200	471
609	634
343	552
344	456
125	479
72	442
44	641
175	744
92	417
502	720
66	76
72	671
273	636
93	408
232	575
444	466
443	673
9	104
51	600
301	361
27	613
269	406
341	556
67	515
159	549
220	609
498	729
166	275
103	469
319	443
161	362
384	605
156	157
204	636
408	709
375	619
146	186
35	462
27	293
441	671
355	572
348	713
3	228
123	576
328	350
55	331
298	587
318	333
65	287
140	329
128	663
66	566
213	375
277	413
11	734
516	719
141	143
5	71
325	719
404	730
305	576
273	733
49	282
473	666
174	248
526	602
373	681
164	613
370	571
85	419
231	530
81	702
286	732
123	584
132	709
257	380
146	148
73	510
101	701
631	743
140	355
354	551
262	374
120	748
463	645
174	555
143	303
504	688
146	612
180	367
36	217
112	364
240	347
121	721
98	310
9	48
186	240
113	252
240	736
69	628
321	565
47	641
126	402
73	318
464	580
13	406
124	524
16	549
171	300
412	730
179	334
112	127
166	320
217	459
56	416
11	246
241	681
260	744
309	565
175	521
81	122
77	164
278	635
127	448
165	347
62	480
411	717
346	392
334	687
68	524
691	718
441	689
196	337
159	322
75	603
0	446
419	582
41	220
487	625
215	588
4	380
416	617
73	659
69	421
443	536
318	425
182	470
283	623
24	530
130	247
44	704
185	384
284	393
126	525
213	643
674	697
239	429
374	569
116	382
567	572
696	749
61	163
566	708
79	339
124	140
51	611
622	710
677	737
34	200
359	399
300	743
446	579
89	715
211	705
97	108
120	547
323	476
424	692
119	601
33	550
328	580
158	400
125	279
112	420
228	531
510	518
282	384
219	531
65	682
374	383
379	609
535	588
387	716
186	654
244	487
31	642
347	364
675	734
439	604
57	424
193	340
221	690
106	382
350	504
419	497
569	690
147	555
593	603
450	721
584	690
380	623
606	649
164	735
554	602
351	422
501	601
320	659
340	592
154	732
209	421
324	524
506	675
143	187
723	738
208	663
192	705
30	409
106	113
309	609
81	188
157	567
345	454
278	354
113	484
113	327
531	703
26	56
606	743
111	746
153	637
98	653
216	731
39	452
296	528
445	594
47	466
597	737
504	735
16	681
35	616
360	477
15	518
29	615
101	135
570	696
484	495
96	516
98	581
54	720
2	586
298	467
54	275
87	723
167	630
139	659
342	528
189	374
518	520
438	522
31	98
281	327
418	458
441	725
287	413
386	655
461	525
354	650
325	526
110	553
393	712
3	540
281	392
111	592
150	440
206	357
574	595
141	617
54	195
616	648
31	633
545	559
434	689
169	675
138	277
457	685
14	493
314	616
594	662
367	463
412	488
96	400
308	686
677	701
24	527
144	686
602	702
56	191
45	501
430	585
367	487
51	220
477	543
9	315
360	514
297	422
450	516
104	697
266	336
317	491
448	638
459	500
457	630
279	677
74	123
107	234
212	298
333	678
355	648
174	468
401	636
523	551
265	450
62	284
19	537
110	279
169	355
134	195
394	448
479	517
199	663
134	423
62	665
393	527
382	541
26	71
199	639
190	396
378	649
134	444
247	627
19	380
347	443
168	660
397	624
230	680
210	422
148	641
100	331
342	413
447	504
396	589
43	169
105	719
455	457
658	682
405	468
580	609
544	623
260	692
406	560
262	622
283	293
627	701
564	681
171	323
91	467
55	129
46	265
98	277
307	658
247	551
134	418
39	485
223	527
389	533
166	233
67	599
267	485
561	668
134	135
398	567
37	417
40	637
60	570
322	390
171	467
476	729
181	401
355	705
430	592
133	256
111	446
198	477
17	65
364	475
234	347
364	667
252	594
595	627
226	335
384	581
110	115
267	695
293	721
416	608
229	556
395	719
169	670
30	713
259	626
171	635
216	521
400	620
111	120
59	566
498	582
187	608
112	748
207	595
48	55
73	218
279	323
456	594
17	311
206	735
5	493
274	342
608	631
520	738
270	742
376	639
243	545
202	392
449	473
155	314
150	649
143	227
62	405
18	273
162	716
382	535
91	115
294	689
458	639
150	272
92	230
631	668
44	209
251	543
211	252
200	568
199	481
139	146
188	198
70	259
0	704
186	361
474	661
26	560
423	579
43	408
312	582
342	577
516	589
251	499
283	346
264	477
161	626
146	386
318	585
60	434
4	14
235	384
280	672
242	635
93	215
148	369
197	211
55	665
516	528
95	105
410	510
139	498
92	394
464	487
250	676
82	678
62	413
287	708
183	617
342	701
344	479
34	602
26	67
173	640
618	717
188	688
427	515
526	712
290	522
500	641
51	475
438	615
646	708
112	634
123	552
158	408
182	543
351	518
292	312
170	689
630	680
104	227
164	176
87	148
525	634
79	672
112	170
238	534
181	721
26	740
10	635
206	507
113	515
106	425
245	403
10	544
700	709
195	585
123	321
114	629
145	567
47	490
95	413
428	685
158	401
386	665
22	247
175	386
107	683
51	504
51	634
18	112
167	350
18	41
269	449
208	560
86	293
452	486
445	490
357	677
159	745
603	739
241	604
237	741
215	693
277	606
547	695
204	278
539	547
596	698
694	749
141	410
256	430
178	734
38	715
270	542
31	124
40	246
521	654
50	255
197	300
418	661
76	256
362	638
200	443
133	409
5	659
195	740
214	338
413	436
205	674
302	512
17	210
27	282
59	669
440	738
101	478
585	640
194	540
561	685
48	342
168	675
113	463
165	661
318	593
15	624
702	724
492	747
71	183
5	80
161	554
456	566
446	496
279	402
64	107
112	131
102	121
361	645
478	522
381	608
552	608
472	599
249	682
182	687
136	248
151	559
634	720
306	629
2	486
27	680
53	320
74	534
156	172
277	590
13	511
312	338
346	438
591	748
3	661
130	627
423	559
368	531
190	579
449	648
599	703
308	475
31	131
143	547
2	668
46	427
488	700
188	351
155	587
105	533
506	744
360	585
71	576
356	565
8	122
272	666
168	745
167	655
270	484
1	712
627	697
305	330
82	338
14	619
37	66
74	460
595	677
374	575
155	584
69	284
189	391
178	440
50	283
1	418
440	736
27	103
136	231
16	514
306	581
253	563
126	366
119	488
4	12
347	534
255	633
16	717
84	627
210	303
170	264
125	272
498	626
484	520
274	705
278	358
134	141
382	570
178	614
301	480
447	465
351	592
30	164
268	601
146	223
286	417
111	199
256	563
132	291
296	398
301	435
419	618
5	624
585	693
571	715
1	396
269	721
589	686
308	518
338	578
303	472
430	431
538	662
565	658
156	659
220	648
277	591
134	693
188	502
437	590
12	531
195	673
549	724
381	601
207	270
451	672
45	419
220	520
109	133
101	731
179	185
111	163
97	226
624	629
162	343
55	741
139	567
686	712
326	421
37	549
501	686
486	512
160	217
124	170
35	151
43	396
520	691
14	91
0	345
270	692
196	525
577	600
412	429
154	180
175	233
365	585
41	363
313	494
357	585
85	342
339	708
469	712
234	688
13	326
562	585
0	35
300	476
127	693
54	133
328	428
196	441
100	416
305	479
599	644
474	733
358	422
384	455
59	524
216	746
87	509
100	627
298	737
107	650
37	441
302	438
610	690
162	328
91	691
49	344
380	494
289	711
420	478
566	614
288	686
413	437
238	722
523	652
108	227
93	230
511	587
44	731
444	503
77	377
3	160
181	633
37	95
103	567
85	511
81	577
461	528
87	304
44	350
403	434
337	389
552	741
11	341
520	734
19	134
124	641
30	322
413	539
44	328
45	363
131	490
588	729
646	689
684	749
50	213
37	544
217	684
596	630
286	512
430	464
360	687
133	509
46	298
162	497
588	607
134	450
22	59
148	388
9	417
112	320
328	570
193	522
106	409
322	378
103	222
458	715
56	536
13	112
303	338
81	399
296	393
28	608
195	457
225	303
158	223
71	511
345	420
200	365
223	484
113	618
293	703
27	269
287	479
651	733
513	693
239	583
396	593
596	622
111	523
25	126
376	600
558	630
548	717
183	206
583	617
45	647
288	422
394	602
214	682
398	633
164	210
183	678
466	523
386	536
584	598
39	157
128	493
404	406
238	507
183	682
245	285
223	262
106	408
153	375
321	483
62	461
430	468
84	340
448	573
237	719
20	613
60	257
138	432
475	478
367	482
592	674
0	119
74	494
47	708
593	668
23	284
485	620
496	589
230	749
81	457
262	700
195	269
101	719
497	745
498	534
12	40
23	427
103	557
249	705
25	417
247	617
94	165
341	704
24	567
99	684
13	588
14	663
684	724
209	369
281	494
141	568
216	442
410	539
32	403
179	364
117	384
276	675
193	309
134	425
349	516
258	277
33	739
375	669
79	277
581	608
39	128
486	507
289	605
18	346
124	745
22	609
147	225
576	725
565	706
4	492
48	744
241	456
467	658
104	410
548	695
212	566
168	577
71	472
289	665
666	727
22	236
153	510
47	464
540	608
421	696
154	717
192	364
27	37
108	366
251	399
446	491
593	697
66	721
530	537
21	225
121	131
335	475
138	247
33	301
445	502
466	647
77	85
524	733
401	406
332	674
109	730
15	195
379	391
226	298
450	473
40	90
30	101
1	179
206	588
183	681
58	506
330	377
238	249
412	745
231	398
71	171
573	606
368	504
326	405
474	677
54	544
391	434
151	246
74	700
363	684
342	499
475	593
105	503
440	452
322	331
294	616
71	640
41	303
349	572
118	616
411	622
202	325
395	745
476	497
20	430
366	531
100	129
218	730
189	379
78	393
411	589
33	654
59	364
410	472
282	307
74	530
455	724
356	405
282	558
32	622
136	561
565	716
84	703
492	527
66	232
68	602
327	563
96	228
538	736
269	272
71	142
183	514
35	630
216	341
83	483
368	427
336	642
212	580
445	620
88	245
490	717
142	619
249	744
156	468
114	679
376	408
478	743
393	722
153	197
163	645
76	223
646	746
84	166
36	731
206	478
210	395
181	663
40	605
110	188
253	540
323	633
373	597
170	278
70	557
651	706
325	715
463	705
93	523
580	619
99	396
283	654
158	718
29	512
163	361
242	501
118	175
160	226
166	570
81	292
265	361
228	312
109	469
33	699
191	540
183	655
15	469
4	749
177	234
213	260
264	452
704	725
119	419
478	591
466	473
390	640
239	535
88	387
299	722
458	659
168	334
156	547
136	228
32	642
112	562
320	541
615	707
503	744
4	177
14	318
623	680
157	425
259	486
147	214
238	712
53	315
536	553
209	396
53	216
135	316
5	460
205	521
408	583
53	696
285	710
297	577
18	176
198	633
69	335
234	433
24	652
212	548
224	365
74	458
67	472
37	243
153	310
154	591
67	170
459	674
260	574
335	538
157	368
77	693
359	728
183	509
270	497
294	333
86	463
51	157
179	313
109	343
66	183
196	633
19	298
176	265
365	560
65	611
378	379
324	656
43	571
705	729
268	371
525	693
123	243
203	431
434	461
62	731
28	499
291	305
340	697
322	452
29	471
177	523
654	702
343	367
245	358
292	466
10	149
224	568
5	596
323	554
155	639
47	220
127	550
190	561
550	646
241	593
60	743
202	320
36	389
480	504
420	709
179	578
117	590
5	260
257	289
567	616
67	597
7	255
52	604
202	289
136	741
242	696
740	743
4	80
139	140
458	646
397	418
270	443
407	618
44	532
571	719
518	718
43	741
484	501
223	329
329	617
585	674
21	705
9	434
243	384
692	719
152	657
291	491
166	700
49	205
211	621
381	392
42	63
300	495
565	664
612	617
382	445
318	438
100	644
139	689
151	411
8	257
7	12
84	601
160	262
459	608
66	364
140	152
207	435
154	392
160	608
362	445
216	669
444	728
679	717
308	377
192	397
152	231
79	610
2	648
83	231
106	593
281	639
102	663
86	456
329	451
256	259
222	232
4	283
565	656
265	663
199	272
73	456
36	529
357	608
434	745
122	684
236	545
107	677
425	514
531	588
97	122
207	563
219	631
523	673
56	73
238	707
149	243
110	659
390	430
317	467
135	625
483	616
372	595
313	367
169	620
78	739
199	617
343	345
122	419
520	655
515	559
33	124
456	712
432	553
230	433
600	700
201	542
219	495
244	491
298	499
470	659
438	459
112	117
49	134
401	468
99	585
211	384
18	506
278	426
251	293
45	452
55	641
457	648
29	368
648	739
267	473
177	676
277	282
103	390
281	618
185	467
322	672
397	414
48	57
4	190
441	559
1	722
71	749
659	704
545	568
95	489
239	553
357	602
480	538
210	511
51	515
23	253
235	703
54	335
202	301
307	363
203	283
33	526
453	594
391	684
186	333
203	426
584	704
372	505
328	390
175	740
88	303
127	163
13	696
167	746
320	672
355	430
161	528
7	635
660	691
162	635
283	668
81	429
24	706
352	671
523	559
101	167
251	684
356	497
1	444
160	170
50	292
378	539
159	736
91	532
16	505
428	537
247	452
88	338
206	520
437	707
58	480
352	398
208	509
56	500
380	688
75	354
147	472
194	735
288	353
177	456
262	549
462	707
193	392
242	298
42	605
268	526
266	724
173	645
71	263
216	550
271	452
273	570
79	469
381	691
324	599
317	358
99	176
481	499
395	748
373	599
219	240
409	676
619	739
127	653
217	683
302	411
403	471
543	592
464	488
69	110
291	618
449	725
331	656
257	397
129	562
454	474
41	701
10	542
558	603
482	633
47	378
102	452
221	353
381	674
22	214
600	618
21	441
378	465
239	432
43	372
165	615
11	220
117	539
26	136
509	728
162	216
57	681
60	542
365	461
25	394
214	616
304	614
129	631
111	716
28	326
147	296
140	342
30	468
179	287
367	391
575	625
82	467
105	391
465	560
2	395
336	492
163	212
13	455
655	697
88	233
491	521
95	632
82	414
376	505
247	629
79	462
223	662
174	553
95	362
271	741
131	627
509	548
182	743
160	607
121	671
181	226
378	587
255	658
337	619
107	438
55	250
127	352
206	610
446	545
546	724
229	323
357	671
376	690
232	315
2	680
406	503
83	522
119	425
241	668
24	382
40	127
78	339
175	452
54	625
265	269
105	641
154	471
381	607
174	187
522	663
127	317
363	543
325	359
205	524
430	605
20	21
283	428
133	469
170	178
20	455
77	355
521	662
559	566
413	689
69	490
167	178
136	203
36	238
292	626
212	476
399	493
273	357
463	686
297	745
305	348
531	666
30	602
661	694
558	591
181	594
669	731
192	620
427	534
116	198
388	712
360	380
575	735
476	597
443	690
52	87
176	400
151	337
220	643
96	317
407	703
596	695
177	665
237	334
575	713
493	593
131	414
208	688
34	440
131	230
405	716
337	666
150	204
108	619
501	658
449	453
32	35
140	666
431	628
33	55
384	552
158	385
255	256
213	391
610	722
172	575
66	687
156	739
23	621
215	596
332	591
21	529
25	113
289	495
154	406
358	739
314	607
73	253
12	736
51	360
426	558
199	229
167	388
477	694
32	635
594	636
308	508
80	231
119	632
364	378
249	413
207	259
243	556
284	593
406	485
241	635
321	411
5	468
476	748
7	495
159	358
168	184
374	732
28	536
86	739
328	748
407	709
342	449
383	418
384	459
38	577
424	451
238	458
59	628
331	729
286	292
55	278
28	729
626	709
434	490
470	749
209	430
376	385
209	612
384	497
276	676
404	726
44	365
330	451
340	644
731	744
129	166
570	663
325	519
348	395
409	669
321	514
317	578
47	360
521	697
218	518
407	578
452	682
257	367
31	676
312	520
123	651
173	338
263	540
319	540
134	511
171	217
74	674
130	454
427	510
183	692
44	690
12	91
10	366
147	185
561	566
503	581
170	482
254	545
350	582
46	123
54	434
304	585
244	706
461	511
189	663
122	660
77	728
468	728
32	370
171	400
475	618
553	615
102	242
181	198
215	708
23	242
128	204
340	688
67	426
442	458
136	316
347	532
438	460
51	458
4	54
169	443
477	744
2	681
417	706
657	718
608	710
317	725
255	288
58	353
244	515
79	433
317	431
41	582
302	617
210	588
428	726
407	434
267	409
152	589
343	564
182	339
382	509
173	324
106	182
274	722
156	643
239	594
334	649
688	705
384	598
419	640
185	263
148	212
174	746
25	648
193	667
112	443
112	302
10	24
448	550
260	348
31	47
176	633
200	327
54	602
531	674
202	549
189	198
3	148
124	161
468	572
469	559
132	672
112	477
226	501
80	365
231	256
591	655
107	657
318	636
111	413
492	547
158	476
119	747
116	371
696	735
305	568
500	736
173	498
362	480
24	711
83	133
197	371
127	196
48	73
504	726
100	411
160	748
490	574
118	184
34	82
57	260
417	454
587	712
4	374
265	341
74	636
16	631
226	502
47	611
533	650
104	460
404	519
134	266
202	575
246	525
351	500
463	729
144	598
447	735
10	698
258	735
374	741
363	704
201	606
403	429
181	253
499	743
393	672
395	576
200	293
155	172
291	537
528	645
640	678
465	479
193	677
139	446
460	742
458	544
232	269
427	673
397	451
31	379
329	624
238	564
48	395
80	141
111	328
11	717
352	745
62	325
116	548
329	586
20	148
166	409
184	678
237	673
693	700
232	630
48	59
268	394
242	407
542	680
537	659
1	72
198	597
406	411
476	515
306	565
49	317
121	369
326	566
447	639
51	323
355	437
4	211
136	362
106	236
20	611
282	299
84	387
6	613
162	439
246	433
392	650
648	745
215	540
500	679
318	387
462	644
57	379
359	470
443	632
158	244
84	640
307	684
301	489
598	637
205	690
344	506
81	200
298	466
221	283
392	712
96	442
11	89
249	255
385	705
232	689
28	554
82	647
122	677
239	476
327	532
408	622
557	577
236	342
12	561
102	104
691	717
312	716
197	426
437	575
176	709
188	645
538	565
192	536
158	611
65	386
536	709
125	713
423	695
29	481
242	633
369	670
225	230
161	694
336	667
447	688
60	550
517	739
462	596
455	747
80	645
613	664
484	646
292	494
403	643
604	653
238	702
127	184
154	652
68	208
148	380
562	692
247	256
366	385
15	219
397	665
218	580
3	322
335	398
142	448
386	526
618	681
182	445
657	709
419	487
163	223
244	385
248	324
12	188
375	698
664	710
227	264
296	721
125	607
360	491
86	426
453	710
53	388
297	430
268	572
74	289
49	666
422	585
267	646
340	442
197	201
162	256
286	614
43	714
227	447
346	742
20	644
15	634
620	701
530	741
27	602
436	603
83	708
65	645
269	474
74	304
572	658
55	507
343	615
218	373
252	593
6	118
127	268
313	563
38	738
467	593
65	497
341	358
544	624
578	622
372	529
237	639
407	633
352	655
474	584
354	416
25	368
620	734
452	525
168	730
292	321
247	541
71	689
241	601
193	261
71	502
8	651
490	701
266	622
93	329
594	620
81	425
36	231
177	544
129	418
245	479
83	280
509	528
344	415
61	678
6	52
179	708
451	581
270	486
2	536
12	659
125	367
85	657
167	641
57	502
30	429
310	501
202	631
601	676
290	431
58	723
18	241
343	704
253	656
263	646
48	380
334	721
212	323
486	685
152	488
373	602
156	405
341	356
198	727
56	118
505	564
125	167
124	274
81	532
133	337
11	644
231	351
46	675
179	511
148	618
60	107
233	628
570	695
21	287
95	492
196	596
466	515
470	572
160	581
11	295
31	396
259	490
173	522
497	508
64	636
42	481
221	723
26	266
401	740
156	722
145	698
165	534
7	358
463	573
329	522
264	361
13	217
246	740
29	606
78	661
178	637
299	729
363	743
513	727
142	466
522	583
168	270
275	722
105	470
87	223
585	596
73	422
36	610
54	336
5	487
122	608
259	425
231	607
224	576
361	653
713	714
199	333
643	647
58	350
367	467
58	147
348	649
191	611
568	581
219	298
0	198
542	721
226	495
144	297
368	689
280	284
367	685
219	584
451	548
36	727
71	413
489	595
247	615
221	252
213	624
593	684
18	27
289	534
497	605
103	524
139	200
225	611
642	667
146	341
295	432
519	534
17	694
514	651
166	715
91	322
609	732
1	11
19	606
117	608
408	696
320	511
80	574
14	732
212	472
359	658
30	291
629	730
69	177
32	321
220	737
107	457
318	488
43	376
406	728
193	509
207	691
368	574
509	722
229	304
309	695
174	375
248	476
117	298
277	719
50	675
396	561
93	358
80	573
273	534
115	625
600	631
90	738
230	328
331	473
113	681
130	389
710	714
78	576
338	688
45	51
301	416
52	569
639	740
50	115
60	608
34	302
557	558
314	435
632	736
70	174
234	461
505	576
10	265
388	673
97	311
80	619
633	683
304	513
496	514
652	686
5	714
131	302
356	389
322	461
415	680
153	699
645	717
54	735
422	586
183	480
302	458
196	529
152	265
422	608
168	566
231	445
614	670
148	538
136	202
202	449
152	445
470	525
655	736
118	179
342	553
626	676
266	509
327	375
571	734
443	530
473	734
69	498
455	745
292	539
4	596
448	538
29	379
234	431
106	646
360	651
57	685
1	615
324	738
280	547
430	659
76	203
477	574
7	187
271	392
2	93
186	530
242	664
386	388
73	654
70	590
371	391
275	290
539	705
384	419
20	672
43	511
44	748
191	453
37	575
228	414
274	448
251	699
225	666
38	92
323	648
385	744
495	593
660	679
210	394
655	724
493	742
181	700
51	343
122	481
226	702
374	418
395	489
270	274
699	708
204	330
19	655
34	368
61	306
466	623
447	707
290	550
252	348
493	677
524	610
668	699
216	549
12	544
114	442
190	196
486	738
486	655
154	173
235	320
154	360
97	606
363	568
210	689
603	743
76	716
214	384
74	94
521	620
277	402
142	230
357	464
207	414
313	576
7	464
330	408
355	436
423	455
9	159
4	100
665	671
595	651
528	596
98	474
277	536
646	692
88	544
525	619
118	563
178	598
146	318
100	599
199	713
509	602
509	534
370	533
137	276
120	145
177	237
229	647
162	198
437	733
354	467
239	468
49	139
114	496
101	332
191	673
8	496
141	738
148	359
287	487
469	584
209	288
44	162
222	533
341	582
286	656
279	612
145	173
536	556
272	321
452	459
307	722
508	561
662	691
279	489
458	567
319	539
197	577
224	687
88	322
277	576
228	465
345	429
135	746
145	258
310	686
448	661
82	248
221	286
428	717
231	487
301	552
623	700
485	535
33	375
677	691
36	463
518	591
361	488
173	540
85	659
634	733
338	405
196	363
98	170
507	690
618	662
109	111
352	588
392	741
218	489
265	452
27	185
365	680
690	748
417	430
587	594
44	45
305	363
230	481
155	735
67	90
21	710
224	300
501	616
199	282
137	744
487	557
131	370
391	631
665	708
239	715
138	663
147	220
545	552
170	293
284	699
202	376
316	638
228	648
483	580
81	731
31	403
36	698
150	254
53	634
408	624
29	426
6	716
94	568
139	440
371	645
89	726
479	630
277	682
545	677
265	553
471	611
174	245
695	734
64	672
337	501
158	325
239	532
21	664
524	586
184	336
45	478
217	225
352	743
137	509
262	299
168	516
312	670
268	602
49	696
585	718
74	152
383	628
196	358
477	630
60	587
20	514
37	77
555	738
555	581
199	647
213	670
157	304
393	604
54	608
251	256
391	521
83	363
442	661
72	223
43	515
329	696
124	576
80	467
43	463
379	429
195	500
301	345
253	737
202	681
88	409
39	505
58	307
47	235
447	647
342	691
344	592
92	229
189	413
130	730
272	374
170	681
169	648
118	241
189	210
90	693
90	382
538	708
615	726
360	732
232	571
105	465
59	633
246	737
39	550
376	615
604	688
112	358
141	669
288	391
34	403
41	584
491	667
42	278
581	739
174	394
293	433
330	745
33	127
70	96
156	664
421	628
107	484
363	646
231	721
426	500
245	684
225	613
45	610
331	472
15	504
98	463
27	427
8	679
81	330
122	464
135	305
295	337
58	230
179	220
69	269
392	672
126	146
168	235
39	524
99	579
78	337
200	430
552	742
117	637
196	650
414	624
34	123
200	396
399	428
92	705
126	462
537	653
530	627
217	597
220	354
300	437
36	390
40	676
25	275
596	676
67	506
373	471
325	596
338	640
66	402
155	521
279	708
230	463
243	568
466	517
332	578
620	688
136	432
306	733
200	749
172	459
33	420
80	139
634	704
422	674
171	666
10	471
161	332
21	464
24	676
121	530
155	563
16	571
139	437
168	346
194	359
37	671
69	83
20	230
607	626
506	679
80	167
119	156
10	578
107	430
180	636
277	646
218	466
199	356
29	141
18	462
391	573
261	412
573	579
492	640
479	645
177	470
1	597
56	102
447	450
506	729
302	374
219	399
444	472
156	631
156	658
569	680
149	245
120	708
650	673
447	730
140	243
92	600
33	653
184	512
306	541
83	303
329	614
220	523
95	181
689	711
28	351
335	502
382	501
157	614
670	694
184	493
9	373
297	675
181	213
158	474
259	465
361	393
145	308
87	696
68	507
350	721
425	713
150	565
282	312
546	622
7	152
108	359
92	619
87	732
344	560
36	235
203	268
280	577
108	254
404	606
227	549
136	677
247	710
271	533
14	508
317	677
251	388
337	422
76	166
181	393
341	659
148	511
290	736
357	613
72	219
429	684
517	714
123	223
248	253
150	447
253	741
594	716
492	559
438	505
215	272
152	658
76	144
182	387
193	572
445	545
120	360
128	424
587	715
658	733
68	676
276	743
239	479
404	613
333	576
63	243
659	672
504	641
87	614
15	183
472	707
362	669
131	209
442	510
115	664
175	307
129	160
150	661
98	190
394	443
347	403
108	196
92	560
578	735
286	419
167	261
69	162
76	666
167	311
369	607
186	266
603	745
211	365
307	497
5	298
1	152
279	739
250	633
245	493
153	420
86	414
244	602
360	393
490	631
347	666
142	596
538	558
222	447
207	436
298	745
206	447
228	621
239	431
303	710
608	680
249	467
209	474
390	525
49	123
255	612
201	232
506	521
455	515
156	161
456	466
252	352
122	590
33	284
407	734
259	670
368	623
598	664
403	708
300	559
0	263
185	519
341	512
568	619
427	500
408	605
410	516
25	37
25	204
37	345
627	718
48	737
232	417
409	483
114	562
412	533
178	505
303	359
304	524
114	450
481	594
49	51
338	394
187	637
57	498
287	477
39	397
30	194
253	549
468	584
340	700
42	217
467	675
36	666
293	298
249	408
269	452
241	687
147	489
338	575
258	369
41	103
123	718
217	293
116	470
160	489
145	197
21	643
530	665
274	295
29	489
607	670
478	596
136	405
56	313
133	411
6	30
306	424
501	728
68	397
434	547
157	254
157	406
461	642
583	679
413	488
192	456
35	278
82	319
499	636
371	523
257	501
216	743
311	597
3	536
33	102
68	639
229	382
94	684
221	378
43	303
154	183
4	636
364	636
586	749
465	650
397	731
200	739
370	374
378	640
158	721
586	700
287	689
221	347
99	400
393	573
215	513
107	678
329	480
61	454
287	576
122	453
115	535
38	393
537	731
220	712
61	599
272	470
444	569
35	604
694	719
107	229
121	258
77	226
211	732
293	594
82	536
142	620
224	425
367	550
1	407
66	255
49	472
27	73
409	635
52	214
146	462
224	686
97	292
152	344
369	452
67	152
267	499
28	48
44	492
381	396
518	707
384	545
394	536
467	688
489	604
243	389
221	444
508	557
189	619
171	226
141	489
483	573
301	473
170	401
167	280
555	608
290	610
100	317
391	414
440	527
247	611
91	376
222	266
407	436
105	726
259	681
14	432
453	479
200	361
414	650
121	449
456	582
105	126
245	635
262	280
217	341
545	652
310	456
419	583
114	242
184	338
87	437
666	706
394	647
43	594
219	441
126	729
236	467
622	662
317	594
163	674
327	665
230	369
322	746
16	622
645	740
519	655
580	592
573	734
525	550
12	23
18	216
78	699
510	520
651	652
53	729
269	616
152	563
429	468
246	273
48	213
207	704
94	412
443	663
42	283
237	478
245	583
293	296
57	129
322	653
380	717
3	468
475	744
167	411
538	593
218	347
176	305
298	326
109	174
470	475
29	432
552	626
121	301
28	644
108	713
218	581
62	742
46	163
155	741
620	625
319	533
570	624
380	549
613	731
17	413
328	734
398	536
202	257
236	533
102	421
73	671
209	471
278	586
270	401
41	225
460	526
493	519
376	457
286	418
3	245
669	701
186	691
351	549
362	710
212	471
339	460
412	697
139	551
367	705
545	724
414	688
382	442
342	455
169	372
24	122
457	701
207	468
16	259
67	591
57	196
29	565
502	545
244	517
639	727
301	465
292	453
37	522
403	603
315	544
351	724
199	539
124	243
515	679
137	563
657	721
474	507
404	660
364	502
252	305
62	628
592	732
1	594
168	608
186	211
356	378
446	519
589	630
170	258
159	723
406	453
79	423
355	712
684	744
9	78
259	338
202	323
566	629
199	735
212	648
419	535
181	718
446	571
242	376
35	290
566	680
319	609
220	453
185	465
165	375
520	705
186	362
215	748
250	607
240	392
307	702
8	601
367	490
57	257
336	526
117	729
141	371
642	730
445	577
3	352
549	690
232	266
49	736
204	653
546	741
121	470
135	266
538	723
159	199
539	627
153	575
181	650
699	742
293	668
449	466
84	622
121	237
544	660
348	397
281	695
310	737
329	741
212	300
246	321
631	653
309	397
326	676
124	413
367	468
96	134
65	221
133	655
307	548
242	384
275	620
221	526
350	428
46	608
196	542
39	378
306	431
219	597
742	749
678	701
16	358
320	743
381	673
520	697
471	716
136	672
214	615
455	536
70	552
245	680
238	615
384	423
228	556
429	584
451	491
64	538
1	23
439	530
76	137
8	580
363	649
221	510
446	614
58	178
491	699
168	193
10	747
214	475
274	300
33	236
143	291
373	428
47	239
95	209
68	654
151	315
94	508
207	367
51	88
388	660
56	477
136	496
136	464
89	433
312	460
109	200
584	638
316	507
206	643
77	123
564	728
149	251
341	576
385	453
228	260
378	746
439	447
32	566
199	596
477	716
592	748
321	664
647	739
498	598
404	729
189	249
556	592
443	678
293	450
337	549
285	540
386	590
655	704
30	455
513	597
128	370
363	714
53	199
146	173
272	550
88	365
165	688
689	746
269	631
437	681
261	716
508	649
95	153
500	621
222	392
533	653
329	714
496	518
414	687
69	215
463	667
117	375
417	678
453	539
549	585
201	342
122	622
148	223
25	453
237	448
471	515
390	609
159	396
314	743
202	726
105	669
470	685
249	267
433	649
548	575
158	267
492	538
238	749
484	623
137	644
337	610
398	644
120	252
525	712
300	332
619	651
39	710
128	502
582	662
115	312
174	621
272	639
292	622
346	657
106	264
671	686
102	437
277	310
194	455
50	449
124	423
227	514
67	707
284	375
35	245
251	601
438	738
14	658
188	331
254	431
26	55
93	423
1	38
248	351
32	154
135	678
107	207
127	714
648	692
219	652
141	504
374	544
179	293
103	366
150	322
47	310
447	689
313	437
523	678
272	287
264	432
302	668
423	705
56	630
474	477
392	717
48	678
341	404
469	511
385	620
292	729
421	705
76	135
153	674
461	462
201	465
501	706
89	194
119	730
491	544
450	480
372	587
523	736
148	578
112	174
269	473
137	143
508	585
127	658
149	213
140	271
254	373
296	478
65	537
702	727
280	399
438	476
61	229
175	323
526	571
399	601
174	694
106	404
317	638
408	656
263	591
87	487
599	696
485	567
64	77
253	409
465	486
23	94
14	743
450	553
553	734
531	704
356	397
475	698
485	684
260	392
440	627
139	487
117	276
520	529
400	547
461	558
508	613
524	644
590	730
233	518
41	563
288	338
120	225
51	195
177	737
460	504
355	443
579	720
271	748
316	337
215	238
175	370
448	740
258	487
115	224
594	645
2	423
34	331
302	540
267	689
356	615
14	306
220	601
144	653
3	76
73	504
138	206
141	193
30	608
522	746
244	553
45	361
167	712
455	517
402	514
64	498
101	676
344	350
521	721
355	366
411	486
183	537
488	498
138	373
89	728
322	447
26	354
151	387
117	381
228	692
211	276
205	645
77	375
656	712
108	147
647	684
39	431
247	742
300	351
257	581
252	693
301	583
97	282
70	211
409	417
217	243
86	689
99	506
78	244
562	564
596	640
144	443
213	249
116	145
365	400
197	243
92	559
146	359
395	659
67	268
332	339
215	302
215	380
287	448
20	694
251	631
274	359
556	586
589	669
351	722
175	493
129	413
260	500
246	412
236	248
146	661
206	668
103	602
95	329
295	417
215	331
139	537
204	544
42	590
102	344
304	529
351	608
56	247
43	337
124	701
400	716
440	472
188	735
125	267
45	275
196	389
324	381
34	437
237	360
221	251
36	143
179	693
463	527
93	492
639	731
410	665
338	683
559	722
312	470
185	683
161	540
237	333
107	393
46	257
402	697
222	375
535	572
518	692
167	402
481	627
100	127
41	228
17	478
286	421
20	206
217	722
519	563
427	514
501	633
315	508
127	481
174	643
243	411
353	663
62	217
441	624
370	697
40	620
258	341
131	630
288	591
320	705
293	512
693	732
432	605
87	328
191	330
391	482
101	273
88	226
141	352
232	433
192	744
553	588
71	358
355	451
531	567
543	675
99	502
695	732
458	740
15	405
40	626
67	229
278	640
563	575
200	596
203	499
147	481
289	709
77	740
386	712
396	415
222	541
365	709
10	243
652	676
175	478
656	700
91	629
5	221
48	626
466	731
190	537
292	595
213	638
570	661
345	665
442	680
412	462
95	241
32	140
223	390
50	150
497	665
659	719
276	513
321	620
87	702
741	745
432	714
368	675
33	191
303	394
7	734
662	726
246	537
334	391
253	485
51	353
466	699
366	418
309	655
167	270
132	355
123	404
174	656
260	351
201	450
25	712
379	561
556	684
349	694
504	542
483	506
62	313
512	691
465	634
469	573
165	518
111	725
378	502
64	390
428	450
437	687
154	279
171	698
246	602
295	722
104	440
297	454
181	276
41	579
11	364
528	536
428	513
402	693
55	159
43	597
41	562
577	699
509	671
130	269
239	572
188	638
321	578
181	265
169	637
161	321
48	647
4	427
145	361
473	476
155	348
45	246
319	604
404	465
182	656
40	231
400	539
170	441
31	576
0	700
254	586
273	437
341	709
358	702
186	633
283	318
296	424
343	364
173	521
326	729
62	489
622	691
151	685
273	740
96	209
34	56
176	725
19	481
222	703
175	417
259	469
63	307
202	688
138	606
607	700
103	113
226	244
334	524
62	494
289	740
132	505
75	185
6	391
623	696
79	167
129	294
527	573
614	644
639	723
359	397
19	665
301	368
50	250
579	622
662	728
431	541
231	580
30	276
156	550
43	81
424	509
482	535
528	586
36	736
244	310
526	575
142	239
8	631
405	459
158	460
92	422
404	733
362	684
158	364
98	488
213	243
337	697
539	714
352	581
363	423
218	559
114	695
386	417
374	433
141	463
696	738
225	509
286	704
448	692
73	447
11	618
219	482
138	524
231	347
140	186
10	469
192	710
70	88
132	407
66	348
151	478
590	681
204	681
297	744
334	413
361	391
71	210
153	736
447	747
34	320
631	715
168	261
324	747
33	622
60	80
101	188
413	688
28	308
104	742
33	395
434	538
229	638
72	658
315	748
26	685
276	288
38	574
98	556
127	491
45	356
111	248
338	568
139	501
65	520
293	551
384	491
159	403
34	640
112	165
332	486
142	280
503	638
137	310
102	745
84	401
220	591
431	619
50	102
506	600
432	487
232	290
37	91
441	712
40	433
191	594
623	745
320	584
364	533
137	388
83	730
429	643
367	412
134	302
326	332
186	648
35	315
438	439
214	459
217	731
122	633
281	316
342	732
123	506
250	601
525	605
111	377
375	529
615	662
155	654
20	425
609	728
573	719
29	569
52	657
197	435
14	169
451	453
168	459
516	568
396	709
285	470
359	711
88	537
221	534
193	551
98	403
236	654
257	396
4	342
248	316
197	693
256	383
379	654
421	578
236	645
308	477
671	689
589	720
329	631
219	231
206	463
367	545
128	140
735	738
423	638
49	516
7	341
3	539
291	327
322	658
50	338
17	209
60	108
130	588
60	400
87	486
557	608
392	492
16	223
41	742
389	579
184	268
587	674
109	380
473	592
207	279
174	648
491	680
312	603
45	308
506	552
200	731
109	184
178	229
408	581
87	106
463	519
447	549
351	624
96	722
41	420
311	345
261	493
294	363
187	320
131	367
357	399
23	396
43	697
225	631
55	224
644	658
61	658
197	596
149	545
379	490
597	633
344	496
195	470
168	565
276	638
148	292
575	718
487	593
453	516
276	576
380	435
118	672
25	199
478	629
202	468
13	421
440	742
331	580
44	239
458	482
17	251
31	57
29	469
390	538
598	609
152	629
406	458
203	637
57	746
531	615
655	661
291	593
89	239
58	191
12	470
102	607
509	744
103	686
66	682
263	391
49	569
641	701
314	527
21	26
565	721
381	730
454	749
200	589
56	377
560	650
3	80
254	596
163	637
204	726
398	560
200	324
30	343
23	583
161	418
144	538
190	379
365	535
135	669
73	231
313	472
491	617
268	408
124	655
297	510
502	711
508	690
239	308
45	217
510	693
414	444
540	698
51	519
126	667
29	684
192	600
630	646
247	310
439	488
374	406
201	374
155	261
48	132
139	489
519	580
254	304
161	175
336	584
59	373
276	484
297	513
527	566
20	211
243	355
276	651
471	550
314	745
498	504
113	118
283	695
69	92
151	243
214	243
15	702
261	455
610	740
295	638
357	599
130	182
313	662
151	267
271	586
82	636
0	350
436	466
255	424
499	648
439	665
160	387
201	241
300	655
251	350
252	736
471	478
49	528
132	417
159	471
254	502
321	593
132	501
298	568
262	304
137	155
280	329
31	134
59	538
524	672
402	460
478	732
467	737
340	704
265	284
257	664
589	635
278	304
316	525
186	471
368	508
276	672
562	611
176	233
270	398
89	746
208	349
105	189
385	550
275	428
226	314
394	739
555	586
56	494
46	711
482	627
295	675
18	310
261	400
216	740
188	702
147	559
36	166
218	739
583	744
22	488
143	657
149	249
53	598
369	575
28	398
47	570
692	702
421	564
195	197
557	707
43	513
573	629
38	434
525	566
65	254
44	259
333	648
98	635
247	677
226	307
55	501
322	674
297	521
46	214
125	640
9	71
26	568
438	604
281	307
148	408
75	301
332	542
154	346
8	221
196	494
92	380
457	505
325	635
23	452
182	331
258	309
161	691
282	659
81	225
26	484
27	746
142	556
32	36
89	483
381	415
522	523
264	706
217	556
422	671
30	596
521	732
633	649
118	449
230	391
155	343
42	547
147	577
72	591
77	102
445	584
55	188
201	357
178	548
155	444
387	508
398	617
293	556
195	710
114	691
155	676
170	501
661	714
89	255
198	407
225	453
233	442
316	663
324	445
65	589
240	334
70	318
469	557
160	495
1	562
80	522
535	724
284	530
189	587
223	268
283	461
658	662
125	135
460	700
123	471
377	473
299	326
364	526
630	642
42	652
493	571
599	606
124	587
67	496
37	289
455	486
289	629
74	251
118	668
517	680
482	584
38	718
190	604
381	702
175	223
554	620
263	369
20	197
132	365
132	322
358	629
593	655
127	712
113	214
243	531
415	498
377	538
491	622
104	140
577	583
196	445
124	685
626	748
341	497
170	564
31	339
293	474
561	721
199	497
497	623
17	701
166	711
662	669
240	587
43	334
51	213
222	362
237	583
653	696
483	745
109	603
301	428
614	714
547	632
517	665
280	621
360	553
88	251
305	387
236	568
319	485
331	380
403	433
3	644
49	224
163	242
230	373
59	135
88	526
531	692
671	676
311	365
64	370
227	395
158	394
17	554
248	716
32	445
485	714
232	285
139	227
269	414
354	387
34	484
281	339
21	428
123	695
172	310
498	703
571	712
112	278
89	324
362	660
314	697
268	449
240	321
41	619
129	396
53	548
47	546
9	410
78	277
308	624
580	662
221	406
159	613
383	619
291	663
583	586
116	196
123	455
378	706
352	484
39	133
534	689
374	613
214	390
275	297
128	168
91	514
26	326
144	300
421	691
516	534
367	652
156	662
500	664
0	271
516	640
157	742
32	677
94	421
1	690
458	631
709	733
63	260
382	564
112	648
124	258
469	748
556	737
109	336
95	175
506	674
135	311
206	279
29	264
148	311
48	279
471	618
486	745
67	255
657	715
40	485
200	507
24	276
206	225
216	744
618	637
397	533
107	400
202	453
94	654
250	568
230	656
162	434
105	512
306	673
628	740
315	428
478	513
615	644
204	343
115	371
511	533
109	588
119	128
386	471
532	650
406	434
88	521
612	633
520	586
29	596
314	454
217	571
113	290
204	662
417	738
428	614
429	526
146	170
530	654
100	351
106	234
132	259
307	730
134	441
305	748
160	268
130	461
227	652
451	686
83	87
327	416
411	485
509	547
114	287
320	361
623	682
173	550
147	379
416	665
37	515
37	54
40	734
167	632
640	703
629	677
242	446
74	151
263	353
120	221
541	664
99	327
582	691
244	708
296	443
339	561
506	613
204	378
248	707
64	379
657	687
366	725
421	732
21	707
404	476
135	656
117	460
42	375
121	620
176	745
338	709
267	602
521	747
479	484
50	478
46	362
244	485
321	561
141	476
51	679
128	553
256	718
29	344
405	499
184	441
398	436
357	419
167	324
73	107
199	642
452	453
76	341
564	715
347	541
85	236
271	350
87	112
163	713
16	519
223	479
464	672
121	150
177	221
366	542
16	145
139	709
110	431
254	582
152	514
155	240
350	671
161	572
103	112
572	626
210	568
508	558
64	189
593	595
126	654
197	249
76	712
122	306
63	133
357	718
260	575
303	482
397	614
0	483
171	401
98	678
627	745
381	632
189	679
20	118
40	621
481	496
150	696
15	742
344	693
560	678
735	739
104	475
108	405
225	331
197	391
268	688
335	714
468	642
70	697
227	373
317	327
648	728
243	695
242	547
532	607
278	581
352	404
382	701
308	636
524	638
561	704
299	391
260	693
386	474
308	724
300	726
232	559
185	486
479	495
517	638
150	615
68	549
297	653
115	702
307	535
59	530
154	246
304	694
206	349
239	320
206	733
178	441
424	718
291	578
362	633
296	330
120	646
140	572
255	547
553	625
582	727
420	683
295	363
174	254
207	589
345	640
316	432
113	583
439	634
527	697
70	473
442	622
210	520
143	645
98	153
357	520
17	299
131	158
312	517
153	605
319	347
56	707
126	722
477	620
241	620
76	422
263	712
50	211
156	347
569	581
601	612
138	501
513	548
43	338
682	741
462	688
263	452
342	652
542	585
304	493
270	656
99	634
517	594
390	622
155	400
55	363
419	643
108	110
320	633
595	706
295	353
22	670
115	283
374	696
678	736
195	669
142	483
734	740
377	446
558	723
384	740
539	654
119	372
120	286
184	454
47	317
317	676
232	705
38	47
201	621
547	648
236	549
331	697
342	628
366	367
184	257
477	676
595	612
384	525
419	467
14	260
36	282
416	701
608	656
41	598
294	649
231	613
81	716
474	648
272	516
125	668
20	296
251	483
185	190
580	645
207	742
477	661
69	697
138	310
176	335
543	686
500	639
300	737
332	646
74	513
409	717
348	670
36	234
85	279
186	292
555	702
189	369
165	186
389	517
122	612
218	478
214	387
341	562
17	264
22	395
19	719
220	321
627	681
75	143
469	607
101	741
339	427
87	482
332	749
401	452
447	643
403	425
123	645
92	510
270	356
420	631
180	213
162	685
6	127
353	498
264	730
11	426
460	520
319	594
494	548
104	568
241	405
235	428
265	690
535	538
64	265
56	188
11	311
475	677
253	565
146	558
176	378
219	734
199	697
341	742
52	437
524	658
271	650
614	632
284	714
8	87
206	743
151	326
278	339
651	705
74	747
488	567
546	694
665	745
54	641
116	569
384	584
567	715
228	329
201	346
121	435
35	54
537	705
156	168
69	700
121	637
50	422
249	337
489	679
441	554
290	712
113	417
600	602
68	231
62	613
145	713
302	577
150	355
594	614
75	691
27	444
257	283
412	513
128	563
74	183
219	489
44	459
50	705
441	573
241	629
223	734
372	669
144	504
138	472
394	667
103	359
313	359
58	297
406	470
82	190
304	729
454	691
67	155
40	395
134	491
402	647
83	322
557	747
445	653
414	504
164	355
260	439
420	714
418	477
167	520
212	608
111	282
158	690
123	575
227	586
535	682
294	598
505	567
62	280
611	707
146	509
248	409
274	658
632	724
160	189
259	351
432	631
68	305
101	516
4	18
349	573
46	520
174	685
46	186
585	649
106	354
342	588
52	330
336	356
264	486
565	734
288	401
169	316
198	703
659	661
53	330
123	702
4	232
236	595
277	401
318	413
29	327
10	733
31	697
12	747
402	547
457	655
386	517
449	493
310	491
522	685
162	369
527	564
489	500
58	167
573	717
659	689
537	692
370	589
128	169
213	485
22	601
310	637
631	655
7	691
7	571
358	515
313	542
125	181
657	734
225	518
16	672
82	434
38	676
82	404
305	502
511	714
120	385
130	348
329	453
391	452
122	629
58	83
62	672
333	359
47	539
127	208
174	737
161	171
120	334
244	435
653	673
422	537
60	190
428	465
23	391
404	449
91	190
18	595
341	523
77	176
58	579
374	404
242	651
49	576
145	281
187	635
59	293
44	112
168	339
142	629
237	330
438	443
237	346
465	512
189	515
377	474
548	587
13	662
513	694
93	350
185	692
31	394
199	689
383	490
298	316
128	170
44	117
14	374
459	610
271	321
255	281
360	660
340	543
257	376
49	153
344	460
28	546
422	665
188	354
231	684
190	670
266	644
674	708
548	663
215	482
29	494
17	631
289	640
361	585
1	13
533	682
3	462
207	576
11	208
12	87
198	738
181	372
19	644
282	661
32	360
217	606
106	247
599	742
109	609
238	433
145	465
281	456
382	706
297	383
459	627
294	524
116	513
266	291
406	747
54	594
196	475
168	310
165	710
325	442
249	287
58	234
468	737
210	672
556	597
354	410
193	541
126	380
252	346
33	725
120	411
699	706
251	621
50	403
43	310
447	664
558	577
423	544
246	295
113	434
67	657
165	550
734	737
426	494
241	638
273	540
389	550
47	710
424	619
512	733
396	578
216	262
442	443
34	582
279	483
574	604
324	405
396	594
124	365
32	129
78	636
20	159
372	552
352	486
244	392
465	744
58	493
338	345
335	686
460	589
48	67
19	478
296	375
593	659
27	460
101	121
137	376
198	206
107	609
83	569
126	434
199	705
286	659
198	609
126	641
16	43
268	709
238	276
48	388
75	677
603	647
644	704
560	585
88	736
426	493
69	107
595	638
222	268
83	389
93	717
172	240
307	340
273	735
106	551
92	586
137	210
118	663
266	269
582	661
42	43
457	540
93	187
404	492
3	627
98	250
212	392
267	587
266	682
122	324
414	584
113	532
77	234
360	441
223	740
301	508
382	393
573	612
463	675
244	711
134	487
28	150
4	91
495	711
456	617
340	745
361	365
19	497
434	628
198	714
318	423
77	550
489	581
191	680
72	444
300	458
28	588
495	560
163	517
192	660
111	230
532	665
4	440
24	516
374	392
73	571
475	553
399	482
182	655
149	461
189	395
423	430
668	682
266	381
196	749
53	324
421	558
158	491
700	733
17	398
263	444
459	601
488	722
464	549
59	132
397	688
234	325
235	466
366	450
546	635
281	684
343	518
335	572
579	704
18	69
148	515
296	551
486	567
235	401
27	163
248	676
126	495
21	144
187	306
179	645
383	550
252	401
58	450
80	87
133	204
128	694
411	522
83	688
380	731
55	748
238	644
316	729
408	519
610	708
71	198
419	593
150	351
627	693
631	701
92	307
168	319
461	594
438	510
437	737
478	531
368	416
72	173
95	725
299	453
482	738
378	525
188	737
152	213
138	312
133	457
507	553
159	345
24	720
227	562
178	283
315	738
7	273
225	330
183	660
310	559
226	589
120	557
166	745
279	335
194	265
367	509
444	748
222	231
377	669
324	472
284	628
194	519
519	662
580	746
321	721
62	746
94	513
234	407
181	729
236	587
81	628
247	530
104	244
100	298
116	680
680	721
191	671
39	628
249	594
291	534
135	482
65	675
267	683
621	635
41	179
83	474
152	593
22	342
67	588
486	537
281	589
34	428
510	678
264	670
271	341
582	689
78	687
479	536
405	576
113	465
83	443
333	420
145	413
397	675
257	680
540	659
215	225
50	655
363	711
94	408
0	92
424	608
106	497
125	261
201	382
607	683
407	568
12	117
95	718
568	574
509	733
368	398
45	673
123	381
226	478
347	414
137	200
432	618
392	656
129	649
502	553
254	446
4	163
308	471
470	487
394	683
168	631
89	241
39	229
249	262
309	642
308	468
371	381
492	716
143	585
2	589
193	682
734	735
24	673
127	371
662	724
40	233
260	727
102	480
150	452
130	280
215	395
244	694
118	375
173	558
323	594
12	418
250	359
181	419
167	587
111	609
552	698
212	541
160	507
408	555
226	552
472	534
41	534
223	368
24	89
183	359
188	609
276	420
315	391
322	441
208	280
417	587
10	59
224	603
571	697
92	475
99	222
85	90
231	554
9	725
135	322
113	398
29	306
432	600
150	257
291	306
278	506
259	429
130	746
497	717
228	235
217	469
361	444
28	96
97	486
28	255
139	343
47	556
632	680
406	429
78	465
497	686
203	248
552	603
191	644
357	384
152	700
0	172
228	554
290	667
300	323
291	550
409	601
495	717
537	580
187	491
373	534
341	402
406	583
166	545
208	396
21	569
130	643
63	707
7	596
719	734
200	455
42	168
50	698
13	724
290	641
152	687
26	737
555	575
300	613
7	160
91	518
503	648
469	671
610	714
180	408
247	284
434	701
121	597
70	672
369	665
271	372
246	392
538	729
377	528
309	596
90	614
206	541
295	498
55	492
277	557
100	250
59	433
51	89
88	282
213	606
18	746
63	223
203	730
49	392
271	402
384	580
427	581
94	597
299	371
149	487
10	490
22	241
99	638
563	582
4	704
62	197
17	731
211	515
385	440
442	482
121	485
538	749
608	689
343	470
267	399
263	519
318	559
320	647
10	268
439	603
118	339
405	452
109	654
50	700
146	221
456	705
230	576
159	641
464	703
376	635
657	716
511	676
107	567
331	694
237	350
231	568
605	685
208	388
424	623
203	564
20	68
207	437
112	190
440	547
535	606
146	620
412	705
309	566
200	652
118	231
12	119
103	743
137	415
103	172
151	250
359	714
5	737
232	360
207	530
102	393
49	583
231	521
140	189
597	607
542	731
428	550
456	481
441	726
189	670
446	500
171	540
372	716
13	347
100	744
521	548
240	313
85	502
58	360
30	284
22	391
95	495
99	374
243	732
340	606
39	160
247	311
250	365
673	685
158	672
580	719
93	558
408	669
560	566
207	515
316	657
20	745
310	707
54	170
291	477
353	580
36	236
400	652
10	643
57	204
41	322
87	281
176	189
363	664
372	660
150	372
17	297
292	569
349	518
344	537
117	201
286	655
5	606
83	254
688	742
414	531
197	692
103	519
267	617
420	656
333	578
632	646
213	359
212	738
80	437
236	281
478	548
181	386
459	747
239	374
328	552
221	414
307	700
3	354
299	619
142	317
368	372
567	590
557	723
481	702
402	652
447	679
342	664
15	361
194	332
71	482
404	705
115	550
179	714
707	715
459	460
56	403
261	344
215	552
379	742
45	436
83	331
457	587
339	746
411	640
7	128
31	393
14	531
202	486
260	596
139	612
443	697
403	647
343	439
418	554
452	490
33	722
610	747
73	722
77	181
35	644
552	598
55	640
218	461
5	388
393	474
249	473
162	269
474	737
197	236
154	618
169	229
592	655
29	460
244	317
74	128
136	687
509	658
56	459
100	318
205	366
306	328
163	341
469	588
323	434
149	741
281	288
113	241
210	327
143	317
302	353
164	268
69	541
366	484
501	681
140	343
522	613
506	638
136	155
465	638
71	240
375	601
82	321
79	98
72	504
19	272
660	729
98	400
1	157
441	541
503	570
66	307
11	542
249	320
248	684
707	708
405	619
367	686
225	506
46	337
367	406
436	512
187	215
257	342
195	428
545	711
131	549
113	598
429	730
251	512
20	234
406	724
302	436
57	586
201	588
378	507
130	603
516	573
45	286
21	622
296	404
299	385
503	714
403	557
56	126
62	544
187	319
117	337
108	548
339	646
189	585
8	678
194	711
635	733
266	312
199	273
399	479
95	217
107	689
71	515
207	639
227	446
518	714
291	334
87	414
337	412
63	169
336	675
710	722
236	632
118	372
566	630
17	626
682	728
289	699
484	614
39	428
178	725
38	60
313	392
109	701
254	692
349	418
84	470
376	391
325	640
67	667
139	566
212	583
15	516
408	631
559	567
492	580
310	393
521	577
130	671
278	682
262	472
42	118
319	441
601	662
192	669
110	521
131	157
139	332
410	505
23	468
122	174
619	707
327	340
468	739
101	447
584	726
354	533
256	638
213	655
192	433
13	372
149	298
268	322
41	79
496	635
304	587
423	496
484	486
415	532
0	477
367	492
95	658
115	505
149	730
87	739
300	600
104	118
452	678
333	403
364	373
100	216
289	643
37	585
438	613
194	700
60	410
11	32
116	343
113	150
4	658
194	596
488	502
53	190
114	127
169	697
411	675
473	513
423	462
144	454
262	321
187	622
318	456
157	543
147	209
48	541
358	497
49	604
150	303
160	671
59	332
119	281
235	256
542	703
231	666
591	652
285	628
155	604
112	125
58	194
12	363
51	633
197	652
348	497
296	423
508	738
689	693
317	635
394	681
104	686
38	390
159	697
99	632
425	600
241	711
455	555
368	500
248	414
129	238
350	738
180	612
399	622
141	394
48	747
50	335
109	491
500	511
82	639
21	243
370	535
18	557
97	401
110	709
80	362
7	518
496	530
68	152
314	614
227	568
363	632
328	340
142	272
341	650
109	249
287	572
536	579
157	197
16	37
301	726
150	354
150	467
715	735
26	65
111	410
210	719
460	748
155	357
185	689
48	749
350	491
75	214
163	412
219	348
166	177
290	392
309	640
232	235
59	391
326	749
326	497
82	84
2	111
282	671
35	537
153	670
265	557
300	329
537	564
48	557
133	197
406	498
95	212
525	609
155	530
69	582
146	708
52	515
420	666
454	522
290	330
167	188
175	572
434	520
90	502
289	351
150	241
430	716
466	643
330	541
193	286
464	553
90	509
37	739
336	621
171	749
35	495
286	324
31	181
340	733
308	505
270	521
363	644
220	361
48	290
363	682
23	526
287	578
213	343
349	693
231	387
176	687
563	649
548	644
509	581
506	553
723	729
460	554
221	527
122	547
67	425
0	160
299	495
221	321
238	453
9	749
489	648
200	286
163	404
205	648
310	515
409	546
114	441
303	497
511	697
37	297
357	392
79	175
482	625
222	523
221	222
81	476
314	368
394	509
51	594
6	539
228	313
296	454
382	658
672	708
329	495
129	681
459	727
64	694
21	120
552	593
411	700
331	353
177	528
10	70
155	562
102	623
440	537
21	103
105	715
3	42
173	427
403	679
93	443
619	627
35	436
101	181
40	727
307	460
285	695
261	388
580	597
308	369
0	497
386	739
177	690
576	637
360	735
215	605
73	104
699	718
514	666
420	523
81	488
682	686
535	584
153	194
196	675
179	311
75	474
564	710
205	446
183	250
101	489
247	273
351	532
119	145
125	319
180	566
323	741
181	330
116	539
10	39
265	694
640	735
423	499
642	671
412	428
374	725
310	549
166	602
89	188
60	214
384	485
145	453
241	552
224	378
551	641
59	250
268	707
271	358
52	542
5	463
25	655
39	716
108	549
360	521
102	610
212	676
399	537
222	370
26	701
96	242
544	695
136	710
36	128
225	438
106	204
181	742
337	568
38	324
43	48
6	148
102	371
497	578
65	371
296	701
401	465
42	277
53	375
352	421
334	409
162	453
353	436
38	179
170	638
186	640
484	561
298	612
17	30
658	743
128	362
356	590
232	253
156	732
141	291
372	393
299	361
69	678
278	677
143	390
118	322
567	731
169	467
23	675
454	748
98	616
193	366
166	290
250	405
134	479
389	444
452	468
136	299
99	405
107	704
296	479
230	382
68	217
335	737
71	217
327	677
201	488
24	326
175	470
89	631
562	684
81	230
219	337
235	646
96	511
365	554
300	688
701	746
37	455
605	692
84	305
10	445
110	735
126	318
162	398
132	299
334	477
220	444
456	608
5	574
550	661
16	301
270	430
317	740
330	400
97	690
330	678
180	746
167	701
246	533
492	678
191	288
206	411
568	696
519	710
372	605
289	492
201	409
84	132
56	69
91	450
310	693
335	354
389	502
88	718
607	676
419	615
367	583
557	609
244	658
3	136
13	568
388	652
12	676
244	635
246	735
150	289
255	345
147	513
140	567
514	662
585	645
283	675
27	543
245	702
113	461
127	597
537	538
128	491
253	643
661	695
263	538
325	544
90	470
52	163
349	643
118	458
168	647
642	672
120	337
95	674
434	707
384	456
308	682
202	660
159	527
168	274
183	639
25	489
416	693
65	276
435	588
533	711
330	492
133	385
251	510
106	487
551	746
142	517
11	159
244	549
159	519
190	249
10	523
274	699
18	720
186	601
19	112
206	590
354	446
407	457
185	620
85	417
399	557
220	526
13	628
30	422
203	346
510	577
170	396
401	444
579	635
229	403
70	362
46	100
283	285
369	479
65	469
212	533
39	415
35	713
111	338
120	378
324	440
446	460
66	420
514	661
644	653
29	624
209	575
291	561
656	729
244	468
273	688
99	690
372	674
630	659
325	564
393	652
1	589
395	569
347	430
71	383
209	567
303	565
372	435
590	706
129	342
655	696
288	655
647	741
398	663
42	124
161	506
203	449
583	723
387	430
478	627
514	688
186	358
257	571
97	289
391	498
36	433
157	256
185	221
510	606
583	604
312	491
206	740
570	628
135	209
151	644
253	455
96	678
466	695
319	699
215	415
261	288
500	533
445	557
343	407
515	590
14	343
264	523
199	717
244	374
23	204
499	716
191	416
518	643
275	703
61	156
17	154
100	605
294	476
119	476
269	303
110	208
355	627
25	269
270	395
206	563
4	444
129	195
105	419
436	699
47	63
192	323
512	522
558	608
431	606
140	435
592	711
489	726
111	441
307	493
14	43
284	715
619	747
340	383
185	476
398	635
138	565
179	615
439	548
524	663
328	749
449	707
129	694
79	435
397	402
215	504
413	667
373	413
204	488
127	573
365	679
558	564
392	479
175	548
336	510
403	633
15	585
17	56
77	240
49	631
0	277
631	703
243	261
719	724
91	550
226	293
318	404
204	390
62	329
468	475
177	580
520	540
303	525
28	742
131	288
149	260
7	212
314	665
356	447
435	668
185	549
453	492
73	586
437	587
95	543
299	593
125	199
490	501
538	552
325	334
106	683
130	390
637	680
60	247
109	143
459	473
310	702
53	76
32	177
145	416
127	219
271	596
488	594
81	711
310	351
534	716
449	567
80	338
182	526
273	701
460	473
93	739
386	617
269	615
280	421
35	420
48	259
98	344
341	540
218	356
314	347
220	411
477	677
522	658
88	534
545	604
131	276
4	135
615	651
456	596
118	454
508	672
152	675
504	617
91	669
341	414
16	21
482	508
430	576
150	431
237	367
117	181
603	654
269	299
168	519
470	549
159	544
612	615
144	657
18	66
78	655
267	443
384	672
203	520
412	496
332	659
105	748
191	224
7	89
213	350
522	620
482	748
181	681
235	313
13	183
436	726
549	663
612	613
208	321
166	712
140	204
28	145
60	356
8	642
300	426
96	680
166	249
126	567
472	581
273	551
298	302
111	582
492	572
296	586
38	450
46	685
51	638
126	267
423	438
210	684
60	286
125	552
168	695
501	580
287	469
602	675
65	133
609	627
297	730
185	699
132	189
310	510
220	334
146	252
550	694
332	447
175	186
233	729
154	209
367	695
5	601
189	583
1	432
384	481
220	618
492	626
151	675
394	626
216	474
480	632
606	740
228	359
7	689
70	390
620	631
445	644
380	676
607	632
72	182
274	471
128	156
501	637
334	742
232	677
196	244
139	433
584	703
266	284
39	736
103	534
205	372
341	662
15	463
572	649
270	360
144	451
526	579
88	668
181	498
78	377
25	582
498	687
22	299
315	439
75	716
256	463
121	749
167	204
127	133
375	412
295	444
253	383
38	150
256	625
556	634
517	618
180	549
428	562
178	379
194	630
141	475
30	110
351	467
58	680
82	666
34	89
235	607
32	284
196	331
205	467
70	482
392	578
696	711
98	628
11	601
283	370
30	340
89	424
216	556
518	630
464	700
179	366
56	300
315	424
306	729
19	715
126	646
237	419
78	142
273	665
70	625
77	301
174	549
39	276
434	550
22	463
142	312
192	508
2	130
71	428
64	654
168	321
15	652
12	446
21	118
99	340
52	476
331	642
199	620
111	520
117	560
135	545
6	33
241	244
370	384
576	713
84	466
249	502
17	111
32	118
57	413
167	407
72	715
119	246
385	635
126	330
76	715
116	493
265	345
365	717
13	270
45	349
396	676
253	502
6	674
298	474
82	395
383	644
43	121
590	718
62	537
85	100
245	547
549	632
214	536
189	418
76	523
371	559
24	111
197	246
130	589
150	261
513	655
361	728
68	473
100	291
509	559
85	274
4	222
177	745
51	726
126	236
184	486
5	180
489	657
499	503
155	194
188	648
14	37
259	590
402	534
77	414
386	450
232	622
271	616
405	727
411	738
170	345
578	734
544	640
136	576
107	374
32	409
80	742
90	288
212	350
151	283
147	373
295	390
432	652
267	719
169	174
538	603
486	707
242	518
1	323
320	434
555	558
664	746
617	661
415	633
150	501
146	452
85	697
2	502
450	543
625	663
13	547
651	700
360	692
25	473
352	695
87	90
624	651
148	477
456	488
276	371
493	645
541	555
438	467
340	535
240	702
186	598
197	586
577	683
338	564
443	708
398	546
142	661
380	455
659	715
585	624
169	274
25	704
137	306
255	263
65	544
183	630
360	431
14	357
123	683
405	650
2	346
126	321
308	455
19	415
195	484
153	507
87	137
638	678
49	99
390	451
226	739
203	361
382	617
35	664
271	433
115	476
288	527
127	357
60	421
57	642
474	716
229	465
161	355
319	641
49	194
85	130
460	543
34	287
168	381
697	731
267	741
575	579
190	282
161	686
83	386
163	702
372	544
15	247
119	262
713	736
128	670
86	622
328	410
37	62
472	630
297	338
206	570
57	463
41	324
18	87
397	695
217	289
154	375
370	470
655	666
32	92
388	426
20	606
9	385
256	390
286	597
200	645
38	216
255	381
104	448
106	127
93	428
268	510
441	641
85	172
591	656
264	644
281	653
44	485
445	710
617	738
303	393
142	228
445	681
57	292
485	486
158	619
158	731
480	728
170	511
290	499
266	308
206	363
6	241
575	681
312	627
258	541
8	499
189	250
353	604
147	242
40	309
17	627
618	718
161	269
154	166
308	416
684	718
553	641
60	354
172	300
239	338
282	443
501	535
519	699
195	436
382	748
570	666
54	590
98	342
330	709
428	741
268	679
237	470
95	671
532	655
104	157
383	720
85	612
356	687
484	659
38	182
63	658
566	657
410	449
276	711
381	711
192	342
43	410
350	502
32	50
134	597
289	412
602	679
85	480
51	731
208	501
249	653
141	681
510	530
1	610
297	569
343	650
128	612
278	334
1	411
168	333
24	193
87	465
239	441
284	372
663	734
277	748
97	550
481	727
84	329
143	422
87	377
89	269
76	421
720	748
209	445
356	720
34	47
90	419
404	428
372	690
37	223
387	676
46	525
230	313
201	234
287	683
465	468
262	643
250	620
112	455
66	362
231	611
121	187
417	424
600	613
320	612
79	272
448	501
6	553
409	479
223	372
391	610
482	553
162	435
527	593
39	476
276	369
467	722
192	670
54	293
181	478
92	379
105	323
258	564
507	608
83	633
121	209
48	284
644	706
2	425
520	668
593	730
115	262
366	696
317	369
676	705
412	698
24	481
441	647
142	496
142	348
94	534
66	425
71	120
525	687
56	524
222	527
167	394
470	561
234	495
675	684
58	548
529	544
135	370
333	512
201	209
92	223
111	224
75	272
133	579
88	459
251	446
448	734
194	259
486	630
34	305
67	206
115	199
258	494
227	462
468	670
355	706
444	739
92	386
525	734
253	533
69	599
443	738
245	531
556	672
24	453
532	677
53	607
169	528
285	316
334	389
69	270
120	572
71	111
28	595
307	310
151	477
164	640
673	710
88	215
375	495
3	212
223	501
14	117
454	663
210	334
64	745
428	439
81	400
558	598
460	463
361	737
106	235
141	223
0	668
253	578
434	436
639	675
39	743
228	738
143	200
476	686
351	385
158	570
163	253
577	702
385	691
6	311
102	214
6	501
365	556
51	743
91	591
521	619
322	450
451	682
179	431
214	574
23	367
439	586
103	146
70	507
237	288
134	540
50	527
140	446
125	606
338	536
164	501
338	547
13	436
400	416
102	287
207	303
308	646
390	470
15	221
310	383
281	529
302	351
469	519
305	412
207	453
240	550
286	309
314	410
189	392
203	591
223	599
227	327
197	317
12	85
408	479
437	514
589	692
38	541
107	471
153	644
495	577
23	742
70	100
68	545
442	538
182	504
233	697
156	661
236	357
585	688
90	748
259	657
4	728
215	532
237	678
435	549
209	674
370	604
559	696
357	457
248	708
13	482
577	592
69	683
28	263
449	633
285	511
171	204
74	221
448	595
444	471
4	631
404	439
466	714
297	348
84	488
295	665
54	494
113	422
194	284
232	396
411	567
216	410
50	172
474	513
479	668
200	699
304	707
414	713
424	532
488	740
46	120
559	562
210	621
6	723
215	600
548	724
27	133
27	609
273	375
586	718
16	34
81	455
273	648
446	572
95	484
168	387
107	684
396	749
349	597
49	334
68	440
294	633
167	700
27	42
356	532
37	656
25	305
123	153
577	654
647	703
18	634
243	548
49	127
60	514
121	304
98	157
247	567
115	606
321	680
509	692
127	136
40	385
112	577
136	309
55	466
460	683
513	730
101	490
397	459
295	673
279	548
342	694
96	545
0	325
125	501
575	721
547	608
57	345
398	664
19	129
308	434
18	522
233	354
334	608
239	515
394	586
183	727
168	214
195	672
250	313
527	542
51	461
459	628
142	434
155	620
204	268
67	217
429	547
32	627
32	58
149	574
103	579
205	613
496	593
592	622
427	712
364	698
53	741
245	714
105	646
630	722
38	594
63	552
320	381
80	119
220	728
702	703
480	548
115	233
701	734
60	606
394	617
39	335
126	333
45	564
210	733
77	553
27	143
748	749
152	486
350	703
107	649
89	95
187	250
423	561
4	428
72	193
426	621
99	581
261	642
250	600
258	359
366	694
51	578
191	526
35	619
286	550
339	711
263	407
123	309
449	748
47	71
585	666
45	212
172	336
234	704
487	717
591	667
274	415
339	472
282	457
302	559
35	148
274	455
226	269
559	597
192	258
230	301
105	266
70	389
489	718
311	467
18	528
368	588
38	110
513	668
83	661
273	407
369	523
84	211
138	464
101	320
187	480
425	739
41	86
633	694
153	649
87	182
457	564
442	562
458	661
466	698
161	677
170	547
17	114
177	720
11	443
357	532
240	746
87	110
730	735
146	552
235	431
31	552
215	576
432	676
512	644
229	732
306	554
426	749
466	599
386	541
70	560
36	385
165	305
407	535
68	627
366	737
379	486
19	538
431	663
90	668
136	586
73	156
466	474
560	606
437	608
35	269
279	744
174	730
97	489
595	695
466	662
0	375
12	158
196	376
181	464
339	343
268	482
0	476
341	623
222	686
393	468
425	699
144	399
237	738
66	543
310	486
51	619
111	700
309	633
403	719
241	380
152	437
141	157
429	734
15	159
616	623
485	630
288	708
601	703
130	399
200	219
516	523
97	435
317	545
505	526
685	717
123	262
729	740
366	432
413	674
57	614
488	692
23	363
171	316
300	581
41	254
517	749
288	737
368	498
133	449
318	561
143	417
105	136
673	680
242	624
360	490
220	262
192	453
28	124
177	256
426	467
415	585
506	690
219	490
333	581
154	748
392	473
408	429
525	744
175	397
536	605
671	742
168	564
77	93
19	679
6	462
183	706
539	648
237	371
4	291
348	490
11	668
242	347
510	714
269	286
356	637
197	561
474	587
87	315
38	61
27	126
83	619
337	484
611	699
56	604
65	598
443	706
1	469
248	701
358	587
130	553
494	605
275	708
83	172
25	587
118	214
391	729
373	657
140	746
525	695
646	657
502	635
301	699
204	393
52	618
181	439
204	523
166	566
349	564
30	528
248	477
123	476
54	649
223	405
319	659
309	575
203	666
52	327
168	556
192	485
380	456
102	144
230	294
234	588
552	553
385	713
404	443
169	575
641	714
113	125
204	325
202	501
57	479
383	409
473	519
146	513
608	682
380	521
315	656
291	349
374	385
121	548
270	526
389	552
300	664
499	562
140	405
241	416
490	737
96	617
416	662
442	456
315	592
179	607
49	366
105	483
103	319
343	600
398	424
213	505
507	670
345	450
278	292
21	513
150	503
229	738
223	253
6	696
178	258
669	722
548	722
408	626
217	657
279	340
386	485
256	343
151	228
476	492
125	159
223	554
467	625
195	363
105	620
413	639
412	685
161	460
126	611
263	637
70	261
455	741
64	629
47	534
12	371
37	237
497	532
109	545
233	331
320	684
43	469
372	744
131	704
86	726
194	328
245	630
166	363
544	656
279	541
107	740
146	199
100	153
463	491
266	338
48	668
142	578
10	568
78	229
490	743
193	352
306	399
267	527
595	654
145	381
27	494
46	329
53	608
166	635
656	736
694	723
28	289
148	494
40	260
78	188
227	238
237	504
354	653
138	330
20	237
111	484
542	625
102	387
102	149
20	255
395	749
71	460
295	519
72	326
94	482
51	96
227	389
125	289
301	477
480	572
252	367
209	243
306	536
290	291
294	458
262	460
130	587
92	206
44	142
39	747
417	530
428	700
214	669
99	641
124	445
29	673
290	452
102	638
422	445
73	570
252	420
143	543
452	677
7	104
30	154
277	730
178	619
387	603
220	310
48	619
491	738
553	606
73	525
530	532
426	672
223	245
59	208
349	642
451	589
46	630
164	237
162	200
179	467
139	631
425	686
212	686
154	339
50	443
352	598
529	669
157	619
22	58
617	718
66	548
24	609
599	713
37	727
83	296
252	714
267	730
364	486
166	625
573	586
289	663
166	501
450	483
109	287
389	748
277	300
58	116
642	728
484	562
395	480
161	608
324	483
372	640
160	242
340	621
284	510
468	677
123	547
317	544
211	386
283	584
203	477
23	645
132	356
131	556
65	80
238	430
209	339
111	451
41	58
687	701
581	683
192	549
40	272
323	439
232	620
295	644
458	625
249	437
175	230
48	725
222	335
98	332
55	687
282	735
93	609
608	642
600	629
30	294
238	643
169	230
281	677
46	568
238	333
199	281
236	746
502	647
46	278
35	218
609	614
56	739
234	718
196	202
1	537
131	562
177	591
24	341
483	686
88	505
583	738
95	539
331	468
477	564
120	399
554	707
216	369
136	213
361	548
200	483
273	637
82	174
533	717
4	738
127	201
491	534
282	542
504	604
135	381
187	692
4	607
81	321
233	722
77	128
130	304
588	668
140	494
673	749
689	700
91	462
277	343
366	555
102	208
0	273
230	709
352	517
243	367
349	560
182	367
66	392
366	719
48	676
731	736
224	352
163	683
489	713
287	721
95	505
56	196
16	292
102	389
1	448
189	624
126	164
138	392
274	460
15	704
225	632
363	485
31	232
585	684
393	591
281	490
422	488
53	455
106	498
287	687
85	351
178	740
75	107
299	463
47	224
169	735
10	313
607	720
210	347
485	747
67	602
467	592
97	734
259	565
69	298
388	478
261	621
65	227
301	703
218	671
311	394
496	695
298	611
168	340
650	695
83	718
16	216
298	476
351	581
139	508
459	632
221	368
267	459
77	666
50	686
578	601
210	337
94	451
489	682
581	691
487	529
105	576
292	671
577	593
168	356
672	748
420	630
220	592
217	318
555	733
409	693
618	716
255	673
88	733
211	391
116	717
26	633
565	747
35	678
369	709
202	664
29	580
187	734
21	474
116	295
268	594
154	745
291	639
574	696
472	628
6	235
0	496
330	740
97	293
473	701
376	561
125	169
139	482
208	298
444	511
185	382
373	613
111	640
56	418
78	504
283	541
148	384
69	226
566	596
568	576
162	311
404	480
429	439
47	123
104	580
493	637
112	494
442	693
236	663
536	626
136	699
203	613
330	575
132	133
270	387
28	158
382	414
61	85
33	113
92	419
148	195
378	404
436	729
303	355
209	224
9	84
138	326
18	693
576	706
191	685
379	381
238	704
692	742
52	742
240	269
514	687
373	678
391	562
283	588
574	706
201	218
483	640
297	736
184	378
589	740
405	704
242	282
205	346
329	633
240	536
307	611
2	531
163	521
183	716
35	129
380	564
99	284
202	254
162	264
156	260
384	595
278	666
384	627
168	442
590	703
591	715
6	411
293	343
80	368
96	158
0	281
327	711
46	471
30	403
400	568
158	574
283	678
517	695
95	430
33	710
213	444
688	718
320	405
215	278
225	382
474	556
132	213
37	642
313	490
187	552
106	611
413	451
433	538
206	356
119	503
363	431
191	650
16	538
31	159
124	225
434	650
97	191
8	579
236	417
73	106
356	390
246	489
45	160
461	738
113	638
157	608
209	673
528	738
515	645
64	478
223	509
142	609
34	470
1	508
584	662
212	224
197	415
196	470
545	589
668	726
401	561
535	623
101	376
155	548
99	350
350	511
140	376
120	525
32	506
207	707
21	546
163	355
138	479
427	503
342	345
565	685
48	327
130	380
73	686
139	207
627	725
403	576
309	700
108	742
225	674
185	521
477	626
434	560
41	739
163	290
196	486
460	508
112	742
236	438
276	433
381	507
417	515
68	416
368	565
311	463
458	471
487	581
409	427
29	498
193	283
17	484
90	325
585	725
667	693
184	450
196	670
472	619
285	353
249	281
61	672
314	633
280	319
695	729
364	648
378	580
202	572
132	487
113	658
414	553
302	515
3	701
330	746
135	460
426	428
471	662
103	662
586	733
258	649
332	617
66	510
505	545
419	567
115	548
499	585
46	404
64	394
33	366
506	707
164	509
430	723
152	196
161	707
56	616
220	722
407	542
243	749
520	628
29	46
57	449
35	44
276	680
21	628
607	654
144	676
378	616
368	524
529	548
83	279
301	304
317	392
332	748
502	588
105	222
87	612
187	252
512	697
98	141
508	684
51	604
141	574
426	474
268	742
48	194
277	320
173	314
147	303
40	107
323	441
228	683
305	339
551	677
373	395
104	188
296	624
204	649
217	519
118	433
67	465
540	699
130	299
662	723
361	581
188	352
310	471
195	338
430	688
233	748
242	738
61	543
185	201
73	731
385	718
134	301
37	731
582	735
84	729
303	517
158	268
516	707
61	349
361	535
294	662
435	742
25	146
84	655
621	653
498	734
68	273
11	323
213	342
713	723
163	398
192	677
121	482
76	330
14	382
94	216
604	619
310	654
381	539
92	739
324	350
221	455
2	440
581	738
211	463
126	154
472	693
281	566
109	183
388	708
168	420
290	440
539	585
35	428
64	389
45	552
2	732
421	486
70	747
393	578
376	492
53	716
453	550
390	628
124	230
395	664
149	596
254	405
285	661
68	207
370	415
109	486
2	435
260	594
271	365
414	525
377	579
6	678
399	591
379	588
576	592
373	486
0	306
695	746
126	454
310	376
93	471
41	211
255	620
446	688
143	160
678	721
241	672
256	378
112	137
168	288
267	600
181	333
68	565
160	313
192	251
18	446
497	671
294	741
408	499
547	658
265	532
384	673
334	396
169	729
132	529
224	706
569	579
31	412
41	152
326	396
31	150
393	741
474	560
415	466
82	563
93	138
429	739
134	218
129	203
54	507
146	475
306	460
87	625
214	358
222	411
29	422
9	748
619	649
232	707
144	328
512	740
63	703
166	472
436	593
201	451
256	720
253	505
1	666
569	618
145	165
517	588
236	283
226	613
376	724
200	331
196	506
142	649
369	626
69	97
51	109
437	558
45	381
221	552
597	667
551	745
456	520
497	586
0	179
7	86
368	729
49	496
85	244
40	361
675	676
315	356
84	150
463	521
126	643
246	646
606	639
377	530
205	601
221	364
55	340
46	511
82	406
9	676
347	725
502	582
698	702
452	511
77	670
488	549
55	598
30	532
123	696
163	181
506	589
369	397
429	552
367	540
369	412
6	540
258	512
75	438
257	422
597	710
600	743
210	604
312	721
646	699
150	442
460	647
226	521
331	628
533	688
531	640
211	530
544	618
143	371
337	374
102	596
50	112
443	586
29	225
303	715
299	474
332	743
28	476
341	542
231	733
455	582
584	741
102	570
253	569
28	441
364	464
111	129
537	674
290	408
616	645
136	718
230	302
3	703
357	555
441	474
163	426
568	697
270	337
155	256
42	552
543	699
53	173
180	691
284	397
151	567
118	332
309	662
469	532
70	700
179	691
162	688
380	571
498	592
402	505
43	346
220	495
7	58
282	366
101	677
239	339
82	227
312	732
479	537
96	416
358	518
101	344
389	562
133	264
164	430
194	344
285	616
170	341
343	382
312	629
124	220
350	693
383	517
149	494
29	408
26	557
387	673
545	624
174	541
67	706
413	615
420	739
383	676
199	586
167	522
5	302
91	630
366	430
183	548
539	584
525	570
90	611
216	723
228	650
104	531
286	500
19	552
499	645
36	160
519	639
137	348
290	516
102	549
115	522
4	526
588	628
98	212
428	444
530	733
242	440
176	670
580	737
202	242
69	377
130	647
245	521
21	457
648	740
640	742
176	581
253	296
282	367
487	564
20	623
318	429
154	418
295	563
282	460
414	625
627	717
352	564
236	694
332	342
373	482
270	292
242	471
328	646
541	667
100	252
134	254
73	280
0	181
222	510
36	495
23	187
297	636
147	674
29	572
366	678
134	611
97	251
259	461
425	651
306	654
266	419
37	356
304	422
360	599
400	700
13	738
421	481
518	652
242	314
156	487
276	598
181	501
401	612
341	440
350	393
6	514
165	735
399	708
113	268
633	635
365	522
52	537
156	174
146	706
457	613
449	727
248	517
200	525
42	108
409	564
23	659
464	508
462	619
363	401
49	599
190	722
143	245
515	624
69	691
363	504
442	669
103	414
227	569
420	594
131	303
203	650
298	600
201	489
136	535
23	143
270	706
35	447
12	521
54	465
365	394
45	659
331	660
232	536
149	721
95	111
96	743
513	514
221	613
95	500
243	352
149	717
491	697
84	124
208	442
495	735
347	579
397	573
182	319
549	748
659	670
540	690
130	598
336	534
391	740
442	498
30	324
184	596
218	643
366	412
343	618
234	359
82	290
291	452
92	699
370	609
38	296
172	624
308	633
359	574
575	702
589	714
70	316
48	54
92	408
336	516
400	473
137	142
269	731
352	360
110	648
7	404
92	366
403	707
474	741
52	72
288	416
385	465
306	679
408	705
121	194
433	586
372	579
84	657
200	281
46	149
9	504
531	614
58	371
331	388
68	646
199	383
138	748
188	580
478	634
289	551
533	604
185	271
117	659
367	470
102	454
510	663
514	551
101	583
96	377
621	663
325	555
184	410
236	500
554	739
107	363
282	523
92	427
299	461
473	585
483	551
111	266
57	213
560	685
166	288
440	458
183	292
463	481
97	731
210	324
370	582
31	364
283	648
58	119
430	546
129	439
19	688
607	623
159	517
533	680
300	385
271	401
77	569
340	355
509	537
439	552
36	174
331	647
20	497
106	554
35	365
599	679
161	333
161	710
705	749
623	652
47	520
365	746
385	391
310	369
187	451
380	570
89	519
128	712
96	328
373	504
40	651
220	654
89	467
207	705
143	745
313	516
39	323
46	240
386	714
44	533
93	578
115	346
388	585
95	367
246	490
72	190
522	562
176	242
374	378
103	566
127	295
36	457
182	457
42	79
554	574
599	605
202	298
61	225
9	457
272	282
208	531
164	428
403	738
28	432
515	710
252	524
319	363
2	246
44	381
87	253
139	403
711	721
28	346
294	628
359	362
435	456
450	533
179	305
58	244
94	571
220	419
307	670
143	618
88	422
13	708
162	713
188	439
53	300
299	475
300	635
74	120
428	563
82	200
42	672
713	732
247	497
359	696
141	714
24	531
31	501
310	403
223	526
70	113
259	540
476	692
34	453
320	369
325	644
424	462
14	198
69	646
106	536
254	537
40	613
632	640
0	533
623	644
392	465
444	647
241	314
419	533
220	667
619	714
245	614
234	256
417	727
318	540
99	267
487	714
141	706
131	499
150	698
257	521
160	369
62	582
513	609
465	547
131	456
397	505
7	332
359	456
379	678
376	519
317	360
120	476
506	597
166	337
73	428
385	625
416	485
565	595
508	539
617	666
571	636
217	640
59	447
276	434
527	706
133	744
22	32
339	504
274	286
313	477
212	697
125	324
349	464
518	624
173	471
255	722
500	742
308	674
285	579
620	684
114	484
147	378
29	247
198	552
50	288
300	359
78	743
21	126
639	672
6	538
130	616
341	717
317	675
216	340
224	241
638	732
518	675
298	721
389	691
13	675
35	512
578	690
430	550
57	143
112	176
58	654
241	459
69	720
520	646
392	658
329	473
311	366
180	407
154	310
180	698
44	214
717	725
292	456
397	433
556	718
468	592
196	464
392	707
102	505
241	528
318	628
69	276
263	450
58	214
293	531
23	608
129	675
611	731
66	252
380	748
311	684
177	569
373	564
302	692
105	122
58	569
625	652
92	322
133	218
456	475
94	544
348	364
204	718
298	519
114	297
308	341
41	88
335	595
251	532
157	321
278	570
405	436
212	571
39	267
171	717
276	303
157	655
169	172
77	399
144	722
365	448
108	494
50	489
396	502
116	476
229	549
143	588
187	709
311	651
22	47
261	366
298	705
168	558
481	483
269	392
386	556
47	332
137	715
69	448
15	342
117	464
363	497
392	564
394	416
263	715
391	471
104	722
438	494
87	394
316	513
440	739
199	749
34	297
35	81
452	638
271	361
470	731
174	626
210	747
266	356
131	601
613	724
96	696
324	572
154	401
14	363
416	629
388	710
161	701
97	120
292	603
313	451
250	373
249	550
163	610
89	446
138	161
366	548
113	672
615	696
368	388
289	435
60	256
229	525
170	504
11	477
201	309
26	133
293	479
186	531
376	463
576	747
287	538
284	371
173	500
363	410
146	524
639	711
148	357
88	538
107	151
120	356
193	523
405	556
83	238
250	257
300	650
55	540
180	537
61	467
377	643
604	658
128	176
307	638
235	447
431	629
303	520
8	18
381	527
49	577
219	589
165	427
132	178
552	613
483	565
33	360
298	426
382	561
215	445
355	718
392	538
20	59
315	459
223	386
109	529
132	579
372	398
103	578
108	611
64	293
272	534
318	572
179	235
91	735
72	215
102	709
341	694
286	416
243	408
118	137
103	377
26	172
328	349
17	152
568	605
36	360
196	467
712	726
308	534
212	585
446	715
68	259
158	701
190	731
340	475
473	636
165	249
187	343
221	670
103	525
29	128
24	418
250	432
511	516
46	212
296	355
107	427
206	422
141	637
36	560
293	481
51	527
603	701
221	315
273	434
571	628
265	608
342	611
10	559
37	348
143	446
137	587
147	437
454	520
284	549
364	469
429	704
306	472
259	508
238	255
451	512
384	500
347	650
134	256
453	673
94	621
371	427
166	302
361	603
498	679
291	470
320	585
128	259
490	557
350	507
112	522
110	343
551	581
46	706
277	627
557	618
292	739
129	614
28	683
255	287
82	276
153	188
473	737
280	510
262	297
364	709
372	515
503	675
352	497
265	308
206	220
142	686
229	688
604	625
103	410
541	722
603	729
372	487
16	713
142	703
279	549
136	429
308	559
133	149
278	335
24	475
315	724
536	676
20	66
222	257
160	165
253	292
467	532
383	712
430	641
137	578
665	696
2	212
490	649
666	695
163	608
417	604
386	572
175	327
292	357
209	605
25	649
484	558
88	209
239	314
578	720
240	496
341	679
109	554
161	623
5	97
61	406
131	602
68	674
95	714
109	641
260	643
44	540
360	412
250	749
657	696
258	390
246	264
218	370
352	457
326	722
330	471
36	511
407	579
210	294
93	150
210	622
608	667
139	526
322	437
318	336
448	542
398	408
464	466
34	61
395	522
251	322
498	571
309	737
331	426
266	281
365	666
233	318
383	402
275	409
174	703
45	94
9	677
405	609
85	101
597	608
71	497
166	454
100	371
561	645
138	537
59	203
286	724
105	554
469	678
650	684
203	349
114	474
208	463
148	425
639	666
326	558
561	701
103	638
288	520
674	692
160	401
23	497
6	173
135	430
501	747
72	329
183	627
420	651
89	470
381	583
209	274
11	326
202	265
579	712
13	304
47	735
61	556
455	624
218	447
148	624
235	248
449	732
429	494
107	465
172	174
367	733
493	541
84	694
603	624
35	431
439	448
101	454
77	653
46	222
442	746
358	741
108	452
317	494
102	462
490	642
309	601
389	566
77	97
166	343
373	557
173	245
61	593
389	423
422	462
220	335
391	579
79	535
2	178
303	569
55	518
370	464
680	694
332	550
89	337
445	724
81	354
263	490
46	647
45	405
413	718
378	538
195	499
221	423
458	571
11	228
564	583
135	536
116	159
599	638
202	220
155	365
5	415
363	532
256	483
81	464
134	723
162	723
288	408
41	83
125	353
139	412
289	594
122	496
202	626
99	225
98	747
18	518
99	236
339	533
248	311
561	569
26	474
644	685
149	163
125	329
273	319
283	644
137	225
98	695
426	484
117	309
69	369
2	342
149	440
502	591
336	656
372	621
250	265
639	712
238	245
77	658
3	702
40	740
11	215
214	460
79	577
45	522
170	496
211	239
238	561
11	213
25	676
147	339
162	559
500	725
103	330
547	664
203	446
200	234
171	213
207	295
91	329
583	701
142	389
430	670
50	169
342	358
164	362
559	664
576	740
86	372
431	726
351	675
670	701
86	424
121	240
321	589
133	712
44	143
192	631
219	473
423	650
65	720
160	320
187	502
169	309
105	413
459	493
15	324
583	688
448	727
346	508
49	476
363	590
290	327
316	542
713	745
37	369
117	339
173	578
293	444
203	236
94	718
329	368
101	425
366	449
242	398
56	384
46	405
169	570
210	580
134	376
368	402
532	565
214	630
35	131
133	250
481	637
575	664
256	399
31	370
291	443
186	599
136	381
617	681
460	657
102	702
354	671
109	663
253	587
96	395
69	376
194	351
4	261
261	310
335	582
315	514
127	560
144	680
236	348
130	446
192	506
184	547
519	638
506	569
210	261
267	737
22	464
0	142
90	206
49	286
279	672
346	575
38	643
170	355
530	739
345	444
416	506
120	688
249	643
475	504
111	529
172	196
238	331
685	723
38	337
308	356
109	340
47	261
150	159
348	498
691	745
237	447
258	350
98	676
75	122
534	548
185	687
393	651
120	717
91	424
676	696
149	182
58	396
499	596
393	575
114	727
88	332
109	128
287	302
180	745
373	530
67	232
444	674
229	495
41	405
303	593
340	578
151	398
456	647
96	383
67	297
169	533
86	454
161	176
18	347
319	408
43	384
148	532
149	617
408	414
81	239
139	655
618	720
241	431
187	574
132	239
436	670
243	391
209	242
40	59
95	252
250	505
354	666
42	45
141	485
254	531
217	523
135	146
406	679
142	648
194	649
592	648
63	401
133	585
187	418
330	661
248	624
204	641
182	471
3	426
213	341
497	662
158	411
170	596
517	617
287	415
359	613
137	736
497	655
86	447
265	701
454	505
582	716
176	727
217	549
82	571
516	517
29	585
350	696
318	500
217	354
241	581
129	242
163	719
190	726
333	599
95	739
460	659
441	504
124	718
156	748
23	475
239	433
545	726
106	512
68	186
554	681
503	530
546	578
19	726
221	553
608	683
25	335
217	332
122	488
75	203
9	345
212	644
205	416
417	505
306	498
501	732
0	651
142	371
129	434
281	616
142	602
51	701
117	509
379	529
322	394
224	718
156	684
97	683
199	358
164	260
190	353
509	577
103	289
34	74
539	732
185	416
187	572
136	249
13	301
165	372
573	741
631	678
46	208
242	473
272	723
345	685
244	642
321	397
154	629
356	582
348	532
426	641
708	733
472	640
271	538
252	499
58	549
63	240
86	361
0	293
86	373
376	455
4	364
117	150
194	599
19	486
45	358
221	529
313	552
254	704
132	438
12	97
164	641
149	417
324	348
278	726
544	691
435	491
335	544
486	730
580	587
287	597
49	488
269	408
475	491
220	729
63	520
232	412
61	220
411	516
69	686
493	514
356	435
9	454
366	464
497	627
607	699
415	528
527	725
88	162
67	648
347	394
88	573
122	261
352	686
280	730
20	105
20	127
496	644
6	495
314	383
556	662
168	190
235	252
125	614
38	189
259	699
276	659
209	626
456	535
137	454
185	292
329	492
139	660
169	321
567	735
56	722
277	704
686	689
636	720
1	129
43	692
129	397
275	279
485	710
108	427
126	416
61	676
149	607
168	572
123	181
211	563
191	362
135	461
160	204
148	270
102	715
268	525
196	422
382	625
74	730
282	631
87	177
135	319
453	687
113	312
136	540
65	98
581	682
500	699
504	732
243	422
97	336
426	615
465	739
394	639
3	477
194	291
245	640
545	749
248	712
572	579
36	233
271	689
654	705
48	730
518	585
459	695
154	157
79	252
459	665
300	614
529	723
389	572
247	443
215	734
228	600
214	514
293	574
253	558
267	405
346	655
712	747
342	471
318	440
227	671
509	712
93	206
162	524
294	730
118	393
120	222
115	404
72	397
553	566
577	673
192	697
57	421
102	478
304	586
467	616
257	354
25	78
204	333
11	494
30	173
12	314
281	635
113	643
258	516
73	74
303	700
179	728
154	243
180	215
99	206
151	595
401	438
328	495
316	474
3	18
433	454
639	718
118	652
123	660
110	197
106	719
496	693
106	263
175	489
47	381
674	704
634	743
169	444
197	666
282	561
43	606
594	646
557	607
39	345
95	641
421	582
44	565
514	553
316	320
191	202
382	508
479	523
242	402
110	170
75	276
390	734
262	438
276	578
137	592
426	490
98	120
529	676
533	575
234	714
68	568
239	495
164	741
387	457
276	539
487	650
401	722
534	723
264	415
13	659
171	673
358	659
214	498
6	314
19	589
54	739
126	631
329	371
85	708
152	477
158	416
474	604
150	738
182	728
197	332
56	178
250	413
99	610
183	690
447	621
383	559
634	737
468	509
528	599
51	231
44	203
18	474
348	354
309	382
10	294
298	517
398	723
555	604
138	193
24	113
513	585
404	455
301	644
105	705
115	322
355	599
88	499
31	709
42	451
249	346
7	245
376	739
640	654
240	274
327	508
597	735
240	407
273	485
456	660
209	690
129	455
211	599
540	578
339	342
21	749
176	531
274	550
28	317
33	325
52	407
368	557
55	234
54	324
146	583
243	462
210	635
508	674
149	531
293	690
617	723
554	611
103	147
363	443
419	725
131	283
9	183
268	644
408	734
461	636
142	397
367	411
42	75
8	547
378	513
296	579
217	296
378	488
198	511
156	356
310	525
81	335
200	303
211	279
17	594
412	656
350	439
171	297
183	196
326	350
429	740
213	367
409	443
244	683
181	369
373	376
719	740
561	717
67	447
285	660
98	313
235	507
540	685
83	201
103	374
575	662
298	490
478	652
728	744
316	697
347	526
360	459
84	726
108	641
211	552
355	414
34	44
184	675
349	748
71	501
362	519
428	539
10	558
19	692
26	36
128	569
22	726
119	635
208	512
533	713
327	575
8	62
357	505
25	285
330	493
219	590
358	485
6	55
419	707
158	423
407	670
145	722
357	570
233	260
521	649
20	65
27	637
373	489
35	139
505	689
21	736
414	486
370	745
213	699
1	203
62	289
247	730
253	407
612	693
408	582
147	468
580	598
97	481
4	351
177	418
390	556
330	658
56	263
6	479
201	582
29	183
52	447
259	650
36	644
219	369
431	503
81	421
390	644
45	335
134	259
370	668
181	620
320	660
211	650
59	726
37	80
488	714
463	510
140	741
235	347
275	592
554	680
324	622
96	592
67	712
171	516
289	680
201	499
448	699
345	366
76	474
278	381
175	689
200	654
611	658
273	606
96	233
197	487
269	491
305	461
267	581
267	307
221	676
155	331
162	446
526	725
153	174
82	274
533	659
348	520
110	565
167	512
665	702
86	376
25	340
159	164
430	509
399	739
111	680
489	495
18	492
430	731
7	381
63	726
59	345
66	295
181	210
183	416
575	612
117	205
457	640
112	133
6	684
220	467
86	611
365	682
219	374
256	261
221	240
21	701
117	662
206	600
516	606
237	356
65	747
1	223
211	708
45	494
165	201
121	472
111	137
43	133
434	447
119	547
38	672
555	562
45	181
26	231
572	644
456	664
148	691
685	714
319	463
342	639
126	288
232	481
194	705
163	430
90	122
17	49
4	238
280	714
99	734
46	150
61	282
375	692
82	398
274	617
269	669
573	620
584	636
127	245
87	381
180	661
242	544
454	566
59	294
95	138
643	651
52	529
289	296
124	733
166	523
387	468
250	384
352	596
170	287
134	255
64	624
562	661
91	573
574	741
459	594
33	706
229	482
159	355
699	715
192	265
441	642
388	474
188	436
362	470
368	716
58	257
378	694
152	433
221	669
267	417
264	411
409	565
78	641
209	600
424	433
687	736
584	597
68	153
46	160
92	442
509	521
40	119
531	586
48	70
65	401
237	245
206	614
426	725
200	315
616	696
78	667
54	250
89	670
78	737
106	241
644	748
546	690
410	732
119	287
471	489
380	601
609	682
302	656
59	181
193	612
296	725
189	433
488	730
4	253
342	459
91	220
466	600
630	712
215	475
708	734
399	646
220	345
345	564
14	21
609	717
183	253
8	27
318	730
120	692
19	207
475	588
488	504
212	427
316	463
222	503
661	742
300	471
35	49
382	560
129	523
14	726
631	747
330	599
30	102
252	275
394	438
323	486
727	741
520	696
191	244
50	491
439	452
62	320
19	693
587	680
385	548
177	555
55	732
181	648
433	514
600	642
589	747
108	238
340	398
223	541
207	600
383	617
113	357
44	559
74	492
113	656
134	398
298	388
357	704
294	704
485	690
104	391
50	727
561	659
523	644
38	388
125	542
54	407
19	269
156	522
101	356
396	732
186	737
15	60
306	375
331	571
424	688
197	451
540	702
311	429
155	340
262	527
97	436
5	242
254	560
207	287
30	241
141	392
84	155
252	471
10	715
176	374
168	600
56	280
65	202
419	670
336	428
449	730
152	455
318	362
387	480
303	501
332	384
212	215
409	476
485	541
127	200
547	739
328	382
136	636
389	449
39	412
199	645
84	644
331	567
271	493
212	237
15	591
223	456
112	471
18	62
430	639
129	453
378	677
269	624
454	743
154	514
153	344
84	168
148	475
291	671
403	652
24	194
118	435
157	319
76	233
456	700
164	621
461	708
32	317
63	723
210	732
652	724
246	659
155	544
732	733
421	591
179	668
518	549
168	449
30	609
377	724
201	567
593	648
189	544
349	711
7	335
59	477
249	596
487	722
122	739
246	462
292	490
510	748
509	655
33	668
141	633
68	596
254	739
273	366
153	615
205	470
153	166
430	547
235	727
166	459
74	525
424	459
131	298
5	485
635	637
47	97
326	612
48	273
123	427
215	657
240	506
542	690
17	584
265	521
628	636
356	368
313	485
346	724
570	746
294	355
241	656
164	729
166	365
130	674
673	696
68	218
315	546
220	702
163	267
560	643
241	290
529	550
606	731
253	568
599	745
375	477
250	550
42	106
692	741
303	724
9	540
562	634
346	577
45	342
295	480
221	352
666	736
177	733
513	723
287	746
157	550
583	630
102	533
29	630
551	571
41	683
458	652
437	482
82	451
491	681
84	236
248	326
244	599
53	385
247	416
385	655
117	251
17	85
59	82
0	280
225	254
564	588
325	595
330	687
522	689
326	734
169	177
603	652
401	671
384	528
600	616
385	400
24	258
553	712
455	570
272	679
159	481
582	683
657	661
196	708
140	716
115	130
24	173
75	728
470	626
383	729
94	308
218	735
0	178
123	649
446	718
150	411
428	479
146	251
184	274
207	604
603	613
169	312
297	344
149	604
649	686
88	214
328	394
224	438
86	226
90	346
173	237
158	592
717	726
257	263
94	504
4	420
149	453
353	689
230	648
13	47
203	486
319	631
412	613
229	748
229	699
485	539
68	179
153	364
386	630
7	18
590	659
289	737
396	557
203	515
103	371
284	345
36	178
355	673
604	699
7	151
380	639
611	697
558	578
699	721
119	150
64	475
45	346
387	464
15	213
160	273
278	429
556	697
441	612
331	482
158	628
353	618
13	237
98	654
156	360
304	363
394	402
244	484
154	540
81	428
111	165
186	310
410	742
8	402
274	563
360	439
179	538
584	588
276	647
410	499
139	298
181	275
401	630
469	512
2	523
527	713
173	516
72	613
379	713
88	414
8	663
146	629
17	510
99	488
304	519
130	198
103	607
481	660
118	377
32	462
171	427
194	477
319	337
243	379
262	701
496	650
303	312
160	318
212	260
557	659
132	614
102	563
530	732
153	646
161	586
260	281
163	202
162	633
139	174
528	668
36	369
234	370
112	237
243	376
214	605
324	641
431	693
39	644
54	245
587	635
61	633
255	698
261	549
206	471
635	686
115	492
471	554
474	522
67	709
385	643
381	443
3	531
102	430
316	509
401	614
205	253
412	576
110	522
403	495
191	229
430	632
6	65
226	559
466	665
38	350
481	530
109	547
324	527
33	432
309	514
116	231
188	553
79	173
495	678
98	501
240	559
534	662
7	219
222	446
132	567
387	551
222	635
316	437
111	152
223	683
160	331
113	628
78	162
25	576
45	742
100	117
314	477
313	738
51	438
17	715
104	499
357	645
369	434
265	438
225	226
0	96
405	566
255	479
97	156
391	710
56	671
36	631
225	555
48	313
311	445
296	521
602	628
170	521
491	652
123	277
123	623
92	557
113	612
434	554
67	612
280	551
3	141
545	648
19	539
341	567
174	444
587	657
544	625
488	719
46	522
14	397
319	469
189	285
244	557
193	465
329	690
423	434
343	730
284	533
391	598
312	441
55	742
246	690
263	738
66	685
432	462
14	606
342	520
294	664
166	642
451	726
621	745
481	714
63	197
35	40
92	327
87	599
109	356
270	477
277	368
125	511
345	605
205	512
461	710
518	539
139	230
213	270
37	480
526	686
77	190
26	130
488	732
97	540
51	741
605	652
236	330
408	595
86	257
364	645
115	681
5	727
63	644
298	489
641	718
568	621
189	339
350	412
165	494
255	529
9	474
378	592
130	394
184	362
423	520
190	527
211	254
221	600
142	479
68	633
667	703
84	183
320	596
587	733
274	349
391	738
522	531
404	470
46	455
100	652
89	331
382	430
5	304
51	315
530	645
118	420
72	194
594	688
0	388
663	721
92	258
126	551
124	316
240	487
286	571
54	605
100	622
363	571
566	661
247	558
59	377
285	502
138	256
129	618
104	470
84	133
143	616
103	561
29	310
364	415
90	248
206	259
537	684
114	355
99	144
13	254
279	636
186	631
689	727
70	298
375	503
409	708
216	357
437	443
242	326
12	459
449	459
179	625
495	530
139	561
385	501
150	221
296	437
277	287
581	724
38	96
131	213
183	739
157	162
303	499
167	244
359	706
80	509
229	313
101	267
250	440
164	504
187	672
378	556
651	707
4	223
51	364
568	686
490	748
62	747
1	331
523	708
170	221
143	566
32	646
190	659
46	353
117	119
65	657
281	460
247	739
114	263
397	696
351	745
125	653
266	505
128	467
128	622
383	541
70	441
94	590
50	485
7	481
215	451
77	469
545	590
53	401
369	507
22	688
6	430
471	681
504	721
383	533
488	631
61	234
126	282
110	138
144	605
53	389
276	628
435	652
73	114
153	647
33	94
338	430
293	520
147	497
64	650
422	617
219	317
114	434
217	632
599	630
202	510
42	593
285	740
271	631
22	504
275	676
83	171
278	409
402	409
82	692
307	398
367	650
396	669
398	548
545	685
12	24
391	559
207	456
278	740
592	667
87	567
331	344
169	325
336	651
274	678
40	590
546	589
125	706
50	295
584	617
193	343
92	382
64	295
329	529
19	159
486	597
415	510
45	383
80	611
333	640
98	185
302	389
584	642
580	676
306	357
434	522
13	61
32	446
208	609
53	225
535	547
82	691
423	660
12	655
83	590
60	698
497	594
399	444
426	551
386	510
623	716
155	673
12	385
214	741
439	725
52	189
415	426
115	668
237	383
509	695
347	689
256	608
662	717
634	644
108	568
296	356
283	577
253	610
477	595
448	482
101	275
169	574
157	198
222	315
79	636
372	481
556	589
457	645
25	697
330	419
115	719
151	518
147	262
39	327
266	655
14	61
49	395
366	655
19	20
95	290
70	621
580	602
115	202
71	107
485	604
24	154
4	44
109	707
90	258
592	699
310	444
397	604
150	167
619	716
539	582
507	509
50	353
67	319
489	501
366	407
103	583
87	221
37	620
189	729
117	148
196	530
383	543
314	462
319	451
265	272
201	447
65	155
445	520
336	511
120	584
528	593
262	309
236	370
547	633
79	152
40	93
182	722
64	433
723	728
421	742
54	363
88	514
79	732
402	577
540	739
390	397
389	644
4	231
153	426
271	487
406	570
126	326
108	127
678	684
106	338
486	587
156	296
556	628
282	416
174	619
453	592
320	400
359	659
708	732
2	369
13	185
139	396
279	656
100	378
301	594
332	682
42	81
133	368
245	557
643	649
221	326
256	422
610	620
610	622
426	595
640	748
674	744
79	260
146	685
107	369
474	643
129	170
280	749
545	606
23	313
384	742
180	317
188	438
437	552
48	651
446	527
407	676
687	726
369	500
596	641
200	486
457	677
32	225
222	267
236	369
194	663
349	532
51	597
16	228
327	525
507	642
112	386
504	677
295	517
93	623
4	269
118	556
296	573
281	743
237	276
528	661
373	698
219	404
168	404
56	620
273	292
551	696
206	556
13	21
427	723
149	592
65	599
215	328
167	556
156	683
406	706
401	736
189	726
187	246
99	479
457	568
235	722
178	455
92	375
563	710
386	720
77	455
102	441
387	659
42	545
314	739
667	717
299	393
109	114
78	252
56	550
329	698
6	409
398	439
272	434
455	640
516	566
156	520
234	387
468	590
231	375
221	344
466	749
195	421
160	689
57	525
231	562
376	696
89	246
99	707
166	749
218	286
44	682
59	254
138	447
148	181
400	545
102	247
137	205
204	639
430	446
224	302
411	419
322	420
46	167
165	286
257	735
278	545
43	204
402	511
145	251
226	385
294	583
293	700
521	583
267	317
398	537
591	699
159	560
100	256
335	518
167	169
102	317
96	658
289	500
42	625
220	553
306	392
274	677
285	567
54	734
6	429
79	603
335	630
540	543
261	360
410	659
380	572
540	661
192	546
195	666
10	484
338	606
247	504
72	706
179	743
459	621
167	288
117	428
336	691
291	520
106	293
178	199
167	283
84	139
84	366
396	544
600	633
684	741
11	76
138	701
104	537
29	486
442	487
564	645
223	669
373	581
41	213
547	689
138	338
343	424
589	621
1	654
236	565
215	547
18	211
583	610
369	600
32	736
203	300
87	337
24	428
332	622
308	489
342	668
546	683
495	529
359	421
465	566
70	234
262	411
311	623
197	579
433	582
578	737
91	734
87	280
113	536
609	631
551	699
218	694
35	481
88	326
134	409
325	572
75	684
93	457
392	468
510	697
96	132
19	357
368	723
243	495
230	440
123	664
81	157
393	481
174	742
688	725
88	588
406	520
61	169
143	667
11	366
376	524
146	338
522	555
60	384
306	647
656	714
0	678
303	315
201	254
179	730
84	564
392	456
22	584
350	655
174	745
287	707
343	487
564	674
58	627
117	132
258	701
42	232
123	719
310	623
182	210
355	427
364	489
417	638
273	650
402	661
226	444
343	636
459	532
44	61
26	87
250	409
48	100
282	420
132	742
195	678
342	349
457	610
174	719
239	540
526	728
98	708
437	664
218	435
95	272
97	208
39	87
113	270
89	445
9	541
373	704
316	706
422	598
495	517
49	547
64	649
114	269
45	80
76	596
142	266
335	537
41	47
259	704
54	404
80	405
626	705
164	249
249	725
185	272
276	289
248	410
68	278
499	652
348	516
313	712
170	632
462	746
110	381
29	320
9	274
283	535
387	633
202	321
320	494
204	738
123	383
302	592
498	678
73	518
190	403
114	420
354	528
129	746
444	601
51	100
83	329
540	574
493	696
191	634
303	666
537	544
416	546
335	497
663	710
279	599
261	713
391	442
290	731
322	489
36	573
118	432
73	691
130	323
101	363
92	146
304	478
76	667
218	700
81	597
270	724
50	84
312	330
207	448
530	544
217	472
133	746
10	176
88	383
108	576
5	634
16	392
103	375
202	614
19	336
491	732
97	213
631	648
109	284
639	698
323	406
370	607
582	610
341	528
198	618
127	531
104	167
270	690
531	710
171	389
248	302
446	489
478	718
597	643
323	513
6	299
589	609
65	296
30	238
324	334
35	41
167	214
60	289
87	245
308	721
397	704
160	732
170	286
363	734
147	598
289	641
317	607
105	524
82	161
221	411
480	707
485	536
24	526
465	720
188	214
65	440
10	420
38	528
111	141
662	715
61	535
275	542
214	515
3	44
375	403
604	691
293	368
623	625
644	689
23	692
88	267
477	688
488	621
373	561
182	593
231	505
207	301
45	249
274	513
294	685
283	454
504	564
251	680
114	644
658	687
548	591
391	544
144	307
40	484
31	380
202	249
25	227
67	333
439	581
67	481
1	249
73	257
82	153
90	488
243	660
50	278
79	92
73	441
331	652
585	696
279	616
284	640
196	255
318	616
144	627
396	532
97	584
122	349
213	364
335	539
302	600
31	372
179	540
100	229
8	297
332	532
6	78
96	396
252	286
615	731
494	745
514	723
451	587
381	686
687	720
194	595
51	444
13	225
164	250
304	521
247	260
279	363
201	393
101	193
221	465
533	723
80	193
42	647
276	338
414	593
31	269
421	517
95	679
411	577
217	471
267	474
90	656
549	658
417	642
410	443
154	588
643	654
229	344
507	607
166	669
433	621
306	594
373	397
135	677
125	171
201	326
235	424
239	303
215	314
282	635
499	590
79	397
311	658
284	374
1	175
573	651
125	619
213	298
350	477
665	684
268	292
44	460
614	639
34	576
193	488
410	452
224	278
179	259
115	658
39	458
178	478
0	601
235	548
177	735
258	459
162	172
130	562
190	254
185	351
599	701
262	725
133	665
100	510
25	294
418	729
75	353
190	594
43	300
469	586
162	631
492	612
414	738
181	219
215	310
144	402
324	711
253	503
238	435
97	300
103	344
153	343
287	358
321	333
326	440
371	561
181	335
381	695
431	522
6	689
364	731
69	688
93	118
20	247
94	485
435	703
198	571
320	404
96	137
618	668
708	738
299	541
128	711
683	716
47	744
339	737
432	505
197	459
157	325
714	739
324	444
611	711
173	541
253	486
41	575
581	685
77	572
264	284
200	547
491	665
29	568
98	690
88	321
128	583
88	103
421	422
113	517
393	479
297	472
236	396
131	334
221	450
11	158
52	663
310	551
205	688
387	624
264	317
16	602
348	425
402	490
409	580
389	683
228	663
445	654
93	539
359	538
201	648
400	595
59	492
65	410
675	718
34	189
39	494
281	606
159	695
210	697
112	466
190	290
85	498
13	591
87	581
423	637
233	526
152	460
94	618
9	322
303	506
638	645
190	676
180	389
458	744
19	619
317	669
136	652
298	327
616	724
54	186
550	573
603	722
223	402
378	441
290	422
127	178
116	467
727	746
353	569
577	630
36	395
264	421
288	698
232	367
180	524
316	549
228	435
189	441
84	414
18	685
8	401
474	654
9	427
184	260
356	365
337	515
40	175
140	592
266	708
137	518
529	622
533	702
427	516
13	107
480	485
343	537
627	706
126	740
189	532
170	172
73	550
177	414
69	434
48	703
304	689
203	434
499	571
342	343
46	376
52	164
81	137
447	732
589	639
11	693
56	112
188	636
273	741
289	683
262	651
279	308
257	349
352	711
266	494
1	164
170	301
62	493
122	724
410	519
13	714
301	633
28	161
12	83
497	509
159	571
697	745
164	502
261	590
124	222
278	605
34	147
264	592
416	730
205	748
270	290
675	735
123	540
294	601
71	305
264	288
447	470
287	697
77	500
340	394
696	740
3	484
11	245
228	634
73	125
354	434
191	710
38	270
407	674
181	421
318	490
461	529
545	718
101	524
291	748
76	472
378	678
189	707
100	188
703	711
30	245
479	701
127	139
206	522
333	504
498	640
609	729
351	494
415	548
139	506
159	529
17	544
417	685
582	669
574	643
63	419
508	520
10	361
353	479
88	712
145	733
279	585
109	385
17	418
39	271
541	668
25	179
355	610
48	157
365	489
642	720
138	344
106	581
173	265
310	657
327	478
645	653
196	508
91	611
45	271
509	681
301	479
677	708
348	385
24	149
618	742
134	622
318	439
443	451
529	645
368	403
393	663
106	459
565	600
167	404
381	662
177	653
355	512
302	582
470	718
216	570
440	705
200	663
80	527
13	683
497	743
192	538
235	710
465	678
478	550
667	727
253	304
294	308
495	738
253	356
199	462
215	301
194	530
339	391
378	696
61	230
389	667
364	518
196	553
285	472
148	246
100	611
73	384
472	577
253	446
308	555
17	267
142	548
483	615
33	576
287	611
514	546
372	564
214	414
57	237
556	723
356	402
340	674
159	604
339	486
168	444
16	366
385	421
99	558
135	257
381	744
162	537
346	698
193	691
247	465
308	648
130	262
553	572
269	695
532	553
183	186
318	474
82	446
161	527
200	432
282	357
166	295
603	629
115	204
85	473
12	15
317	567
44	695
583	670
248	566
371	554
122	539
71	195
164	629
344	447
15	492
617	693
399	438
232	475
634	677
456	643
119	678
474	682
233	617
506	562
109	665
613	674
115	648
185	432
384	466
115	374
185	426
84	662
151	202
148	480
467	696
137	527
6	345
453	726
376	424
73	747
633	667
37	698
488	668
453	619
58	162
79	623
116	403
314	343
110	596
116	361
206	323
150	686
743	749
164	299
30	392
91	170
42	432
382	603
79	146
107	442
370	514
47	105
158	280
46	297
647	722
81	571
24	91
122	437
454	643
248	612
30	157
185	206
126	274
496	604
208	266
446	537
242	397
7	290
446	464
292	620
184	332
236	476
247	354
339	600
261	520
130	484
453	538
255	279
505	574
34	667
8	585
121	665
272	553
45	55
45	224
547	710
58	152
191	591
396	454
122	187
134	178
234	655
91	653
275	341
636	671
350	469
173	370
262	552
320	368
560	565
62	235
16	731
57	699
352	620
53	93
28	57
92	660
430	536
530	551
195	549
611	703
259	562
217	428
574	742
79	186
134	469
37	487
220	644
105	153
437	464
300	598
148	533
307	601
96	210
333	523
17	657
532	539
135	603
328	671
386	582
223	661
363	561
135	417
192	672
4	83
384	583
70	367
194	298
186	202
257	642
425	528
118	245
578	749
279	345
370	634
131	749
275	457
221	235
97	506
482	684
56	463
69	446
267	697
294	554
489	666
93	141
53	574
65	300
49	490
98	588
191	686
311	702
349	635
406	534
192	346
509	676
251	644
6	632
105	596
190	360
216	506
373	642
157	736
367	522
296	333
190	320
43	639
41	407
349	614
518	579
263	463
542	741
339	459
664	690
335	668
29	552
75	444
217	499
475	507
125	129
519	706
214	546
112	532
5	511
168	336
350	407
442	512
465	518
339	481
138	521
171	543
76	304
451	497
110	678
110	519
500	731
27	726
261	654
336	718
92	388
197	718
554	678
84	432
571	683
600	706
315	530
275	442
380	592
192	627
580	624
135	574
13	467
425	734
0	240
49	563
595	648
88	231
36	404
44	357
38	380
250	453
196	319
32	350
309	378
500	646
89	280
34	518
318	594
390	725
269	377
221	518
25	539
34	143
4	27
220	490
148	485
310	679
275	354
290	738
111	630
14	304
166	741
219	306
200	289
264	613
250	707
120	355
650	735
427	636
113	272
519	525
306	582
106	695
125	612
260	559
57	118
42	638
224	317
565	684
191	274
266	347
19	254
187	673
252	648
326	464
175	606
230	245
116	424
407	729
22	373
62	626
428	493
554	562
48	139
288	434
48	500
476	576
232	344
593	736
41	679
32	216
129	550
577	719
241	428
53	556
331	552
152	618
38	82
36	538
285	497
99	172
201	365
440	510
429	649
437	531
198	726
555	565
19	647
15	556
350	518
10	218
369	624
184	271
275	407
169	550
121	355
64	177
190	563
360	383
34	314
299	555
425	745
712	728
199	312
137	255
35	618
67	70
507	721
197	232
33	184
482	681
26	713
603	706
294	401
271	701
269	543
332	650
206	547
314	349
0	593
330	523
145	727
92	99
54	68
24	493
410	556
307	621
112	550
8	59
182	546
105	688
104	245
59	329
27	70
638	700
111	353
239	622
350	359
445	677
79	323
3	459
35	292
417	697
105	217
1	623
132	643
21	338
169	331
18	702
54	588
472	723
126	348
90	209
407	592
292	366
246	394
239	440
41	84
313	586
207	568
203	618
353	611
441	551
141	482
31	384
46	283
715	716
90	189
550	611
19	480
53	637
246	427
169	529
195	540
292	424
193	391
233	362
505	594
266	466
209	685
231	630
89	287
459	520
163	272
117	222
38	183
25	717
452	648
85	503
467	649
96	274
222	739
211	348
252	501
362	578
243	544
245	339
146	236
272	603
139	562
156	328
217	272
133	723
460	482
342	491
67	207
256	521
18	461
36	136
271	610
353	464
68	190
219	629
142	564
343	450
50	747
115	125
289	321
642	746
401	501
368	439
476	603
164	457
140	584
393	506
205	232
479	577
255	569
469	669
168	199
50	440
328	602
351	574
15	494
162	737
529	546
51	64
203	206
266	589
176	270
425	575
205	716
108	119
199	357
392	448
143	267
447	663
32	719
74	143
244	267
230	502
68	294
212	431
91	96
195	442
374	654
81	243
214	711
110	510
205	437
536	737
564	744
214	234
19	441
27	622
448	468
430	652
249	504
58	271
143	525
563	564
386	571
316	332
231	598
47	601
311	420
194	594
83	601
297	654
95	321
239	286
107	383
342	601
51	706
480	709
277	372
720	729
142	597
262	563
370	491
475	575
661	730
99	417
154	443
324	699
100	267
204	311
131	349
78	312
128	188
87	709
413	467
182	312
290	409
60	553
27	743
144	390
230	409
239	642
155	216
193	503
234	569
574	578
486	610
110	605
323	464
600	737
337	715
562	726
206	554
555	566
112	210
354	391
347	595
288	360
25	672
652	683
156	243
482	509
19	653
181	416
467	664
105	617
343	499
393	557
302	508
340	648
594	731
207	366
100	427
451	465
133	479
549	576
665	723
424	603
372	654
233	367
226	391
175	222
370	531
244	292
8	63
182	243
205	325
89	509
17	143
112	456
279	556
145	188
80	286
193	414
69	427
134	529
322	725
140	288
131	564
185	463
139	280
25	475
240	573
67	83
90	673
62	117
309	701
293	462
79	573
79	498
384	643
82	229
145	735
210	716
157	730
418	672
39	63
450	703
606	614
114	461
14	365
446	475
271	353
171	327
347	456
116	712
340	433
142	691
469	710
341	363
341	532
120	543
123	598
552	718
452	550
228	450
291	556
291	464
137	373
181	536
186	545
624	699
175	690
216	745
97	116
26	295
489	505
334	686
106	700
61	125
328	463
154	716
528	561
47	473
235	671
565	688
115	632
445	476
284	424
86	664
145	260
480	745
191	553
411	743
669	674
375	489
19	301
578	680
221	667
264	269
53	382
126	648
201	320
557	702
309	369
14	452
258	319
23	294
465	496
489	521
29	435
114	600
89	581
52	105
341	597
411	569
25	48
221	717
437	638
282	293
178	656
433	627
524	728
35	636
77	710
474	608
213	214
517	715
462	726
92	208
73	320
94	490
554	703
501	579
415	448
274	469
301	429
140	331
310	566
131	333
0	2
277	434
99	145
379	595
341	477
206	661
485	639
16	326
710	748
6	308
635	716
183	232
73	582
122	603
229	298
346	586
6	682
112	129
430	673
211	358
148	419
61	328
280	375
118	498
164	361
187	748
183	447
347	744
456	480
331	549
238	625
418	577
299	319
21	679
139	385
419	529
125	743
688	713
515	704
50	719
415	542
9	115
11	397
448	645
125	593
83	286
46	368
168	478
27	164
84	265
466	557
432	474
119	449
271	678
128	399
92	470
37	221
502	546
540	701
31	171
116	328
47	300
157	669
279	341
284	486
218	503
244	739
0	117
87	439
531	576
120	351
128	378
153	582
243	642
295	306
311	362
523	660
521	695
429	579
243	335
614	736
211	214
38	302
98	382
91	522
304	452
36	187
1	344
46	66
95	562
217	237
512	718
52	514
214	296
370	570
398	541
355	724
415	687
166	395
31	456
558	572
154	581
273	300
104	689
367	573
211	632
204	561
69	592
96	353
409	710
316	609
62	432
99	714
141	202
446	671
87	341
463	591
500	718
62	503
3	611
440	442
203	219
214	305
153	407
191	513
137	501
205	292
416	461
322	596
58	318
266	583
601	626
429	510
121	157
74	97
469	653
18	577
582	700
105	134
466	539
82	287
340	453
551	599
84	480
654	726
393	453
15	743
268	584
24	281
435	473
2	522
364	617
297	482
317	463
40	493
29	77
384	704
115	518
279	625
10	302
374	530
20	106
491	551
458	470
447	702
109	420
142	322
252	361
109	703
197	337
91	295
340	659
19	256
247	419
152	461
744	747
212	536
146	619
80	410
16	289
15	40
454	508
141	653
129	405
364	678
219	615
38	736
146	150
325	694
117	176
475	676
230	695
87	578
400	654
233	719
16	249
512	665
429	483
700	739
309	496
339	434
448	577
234	536
321	605
93	347
30	592
154	176
223	446
3	340
379	464
435	736
512	681
59	720
117	633
119	314
563	617
233	665
680	700
299	682
1	330
311	552
70	480
54	94
48	467
173	597
18	31
18	466
167	621
263	506
148	707
99	130
502	523
440	648
72	552
214	624
148	626
156	333
64	622
446	553
293	649
415	645
736	737
553	688
518	653
421	563
211	301
208	459
405	517
49	150
266	433
101	723
324	578
60	133
434	495
60	234
79	604
657	725
46	346
183	356
250	490
71	611
198	684
298	353
54	230
487	636
66	706
327	543
34	658
349	662
415	503
63	110
382	556
314	679
15	749
15	150
538	649
320	401
532	707
14	546
441	526
181	562
197	709
72	673
1	299
4	530
142	170
405	493
262	551
32	603
89	112
261	682
282	603
62	319
296	316
113	140
220	602
117	138
6	575
433	709
250	582
81	236
87	660
323	658
363	506
409	445
49	125
366	404
74	96
175	422
306	418
477	529
357	630
510	610
560	620
136	628
399	644
79	313
181	706
435	622
138	290
456	629
34	713
444	710
424	648
34	295
610	664
246	358
174	696
16	530
232	490
269	505
74	325
191	405
277	470
226	641
230	687
7	329
428	673
547	653
9	124
410	635
251	567
596	746
31	712
284	501
60	267
200	201
206	266
681	721
445	684
633	647
54	166
116	659
197	237
596	714
618	657
406	446
342	735
165	459
79	502
151	633
161	213
206	306
14	624
359	567
443	506
312	735
314	632
146	356
153	707
361	672
144	268
141	680
227	236
498	544
16	335
229	276
453	653
346	397
551	682
119	452
286	644
507	551
10	740
1	509
301	476
329	630
578	684
75	213
122	344
50	132
12	549
45	484
297	365
462	645
62	299
405	668
468	716
183	400
129	244
288	514
151	601
657	742
596	691
130	742
455	531
101	294
203	612
8	459
195	215
33	548
148	225
161	257
522	538
244	425
62	96
216	374
270	463
466	613
186	724
183	466
412	703
197	533
284	615
251	378
345	674
342	493
54	301
396	524
112	257
154	476
45	198
101	643
375	422
302	500
379	510
605	709
345	611
430	667
597	668
4	587
213	301
59	100
416	576
127	742
70	683
198	696
65	652
328	459
2	587
140	242
458	509
126	400
71	334
320	641
95	643
138	260
40	52
374	410
110	194
427	599
487	570
147	462
123	515
328	740
334	713
67	291
26	234
427	480
179	555
181	281
171	515
121	192
703	722
297	529
334	382
57	465
265	696
207	552
588	724
489	576
214	443
273	364
309	502
148	315
68	526
377	490
234	545
195	228
169	223
464	710
168	737
293	376
30	246
252	670
290	448
278	326
244	631
145	229
213	674
598	687
352	551
35	522
248	317
44	417
360	366
391	731
178	268
54	718
475	742
14	263
194	434
88	593
527	545
125	172
482	524
338	675
61	713
23	49
454	515
270	331
58	504
3	140
110	465
251	302
237	713
224	730
405	625
233	463
277	566
408	570
335	463
99	596
328	415
219	673
467	728
258	563
140	213
624	741
188	520
609	665
626	683
257	725
100	185
190	309
605	705
723	739
73	451
237	442
492	661
284	669
197	653
507	593
40	313
248	523
503	528
299	652
159	502
637	669
494	591
422	554
151	696
427	665
565	729
215	640
187	553
365	641
7	568
459	617
345	717
560	704
415	518
196	482
392	703
204	697
291	302
578	674
315	474
59	397
309	641
60	397
369	611
353	638
448	621
170	312
431	450
513	643
3	317
119	644
135	298
201	628
604	736
584	705
371	429
219	606
168	228
200	319
349	435
246	484
236	454
185	715
116	720
122	375
131	598
372	704
4	138
169	597
97	611
105	482
143	614
50	631
18	696
204	603
41	57
570	674
226	551
413	739
166	498
58	528
362	510
75	352
553	586
135	427
156	742
329	627
145	484
381	500
429	624
483	703
302	476
265	396
222	429
141	640
106	726
386	744
167	517
495	740
152	681
144	296
355	745
228	694
441	478
4	481
240	718
389	640
514	579
19	372
98	482
199	741
556	613
359	682
282	453
406	696
615	719
319	728
249	517
98	273
279	653
15	438
568	658
124	622
697	724
39	236
647	659
148	472
341	526
631	679
297	544
29	731
514	620
25	461
276	287
189	292
472	749
30	601
356	612
67	499
449	516
443	478
680	715
110	375
658	723
204	463
76	530
592	716
431	440
246	458
668	703
263	652
43	141
492	668
66	580
120	630
200	527
95	540
352	408
43	455
349	677
233	673
347	560
84	433
203	205
7	261
72	365
322	403
85	569
102	588
103	137
522	694
501	642
274	549
318	484
325	500
309	362
208	364
205	510
560	709
342	585
276	339
106	313
9	272
248	370
18	723
255	367
172	390
208	635
463	709
334	530
9	683
606	624
418	485
220	229
27	29
267	708
59	224
315	487
104	619
25	699
410	576
129	172
11	560
163	403
563	735
205	605
25	592
98	375
267	692
34	608
141	461
693	745
511	542
625	721
258	728
124	257
531	645
71	157
632	676
79	187
45	267
539	652
224	525
526	612
71	246
94	409
144	274
29	80
530	586
4	59
124	699
16	76
143	152
128	585
208	426
27	426
2	145
269	465
89	365
130	199
167	356
172	463
317	466
161	530
6	278
66	438
88	324
48	537
273	617
484	637
66	557
2	609
65	195
384	659
392	657
422	611
212	559
240	715
260	611
370	379
30	265
24	140
204	467
128	300
27	250
491	708
89	325
164	553
527	601
38	344
429	567
381	654
34	220
631	739
70	191
439	563
0	713
547	588
284	494
48	496
84	121
109	142
172	220
591	632
593	731
172	255
562	656
7	319
33	457
21	535
92	390
260	557
397	509
186	264
140	576
368	617
488	582
25	734
250	341
251	500
284	469
112	194
414	707
227	659
177	360
311	534
430	496
231	579
516	735
73	338
30	467
576	667
369	667
424	474
145	472
214	692
244	527
62	618
310	662
24	452
56	269
410	419
148	150
626	706
519	608
336	509
634	661
151	561
429	469
633	651
222	705
738	743
341	473
144	429
213	664
44	124
266	595
485	547
403	552
593	679
62	470
118	440
439	715
160	622
22	119
213	397
323	436
26	622
26	412
540	665
1	78
87	308
118	187
192	347
291	377
103	544
196	411
28	730
567	669
210	272
532	684
103	278
344	435
272	687
242	597
111	467
10	470
416	561
406	698
380	397
324	329
271	342
294	316
144	611
299	422
65	601
85	192
241	259
348	383
262	484
248	637
229	690
152	719
263	406
654	695
117	461
268	492
660	667
333	367
204	732
25	513
559	709
179	705
83	336
557	576
67	634
39	237
173	185
177	715
406	537
618	671
635	698
473	496
458	705
417	535
108	444
451	461
615	749
185	602
247	695
56	522
51	425
6	618
181	480
200	207
61	130
275	631
519	698
140	601
65	239
236	567
369	418
640	681
255	595
293	500
619	745
565	712
35	208
228	403
327	371
709	738
325	737
314	636
365	447
292	507
18	432
412	538
51	297
325	392
386	419
91	369
185	209
143	692
172	554
196	208
548	561
8	731
579	603
215	584
492	698
208	313
610	685
625	688
23	58
124	514
373	462
233	544
392	580
438	478
97	368
198	436
227	430
389	651
150	589
491	689
231	480
3	213
228	319
130	227
10	449
158	217
160	643
207	479
318	515
650	668
169	681
425	741
369	457
88	426
127	348
44	268
313	387
80	680
460	708
6	535
0	118
47	723
32	391
280	400
65	700
292	398
561	582
380	491
262	362
584	681
159	401
216	387
22	235
171	450
19	300
154	292
269	461
178	730
649	738
226	403
42	718
372	580
178	522
358	512
612	669
234	600
101	109
434	544
82	377
529	747
213	560
124	435
61	284
683	698
184	570
444	686
377	683
154	343
76	447
221	233
104	540
189	647
120	528
618	740
305	409
46	499
193	619
134	739
343	582
194	561
183	533
435	733
276	564
175	412
382	517
31	195
25	617
77	145
152	741
654	717
152	591
313	341
313	414
220	694
304	465
190	716
20	456
31	402
170	642
449	489
351	622
548	685
375	402
79	94
342	469
153	596
579	586
213	237
91	473
280	688
311	489
200	681
78	631
40	219
363	579
374	673
61	268
72	304
74	225
230	664
368	562
181	385
187	362
23	664
504	595
275	711
161	395
621	633
58	224
601	677
374	675
618	734
499	689
274	714
523	625
244	318
354	734
149	698
34	610
366	673
144	724
35	261
449	677
204	400
206	364
306	474
218	419
400	674
206	366
63	598
113	210
33	475
26	545
126	394
469	503
34	128
445	569
603	688
265	299
62	496
204	490
316	399
1	288
37	193
147	330
25	65
366	580
135	168
123	241
268	544
54	470
400	664
120	738
150	648
196	493
471	537
98	471
8	393
443	650
60	303
3	491
127	515
156	281
297	540
570	730
59	232
181	383
288	419
693	711
255	407
499	601
91	103
154	585
183	495
37	294
152	733
93	560
138	689
38	234
232	468
517	563
102	577
55	170
77	332
340	423
285	338
499	540
277	355
218	277
133	343
309	508
232	414
204	291
87	537
62	205
3	78
313	512
229	404
254	367
183	419
402	601
658	746
38	606
183	396
79	239
165	542
8	458
355	728
416	494
49	154
433	600
0	629
120	569
311	612
327	372
187	334
545	701
31	623
28	280
390	584
609	612
308	690
144	603
489	712
301	317
501	733
124	265
424	657
198	555
182	269
307	332
311	411
206	605
376	664
259	389
383	424
300	355
687	724
19	588
549	674
343	371
469	546
313	404
15	161
442	447
626	670
238	286
9	528
304	624
199	728
505	583
20	414
192	615
240	270
151	691
334	504
109	669
607	734
41	691
196	266
302	409
387	635
32	40
284	451
364	638
21	239
87	184
435	465
37	278
48	358
26	228
120	501
200	392
397	488
508	580
174	665
41	317
194	648
358	713
267	589
152	532
227	681
289	308
326	442
608	640
158	546
154	191
131	632
134	396
425	580
203	699
158	405
227	744
244	390
287	673
18	600
151	305
21	488
257	282
57	157
341	390
155	485
448	507
69	558
347	551
143	638
301	649
206	639
406	462
418	496
3	418
38	339
95	469
425	496
455	653
167	478
64	530
493	587
38	466
229	480
538	693
188	687
230	747
421	426
468	519
85	671
295	557
451	527
408	691
211	670
452	526
236	515
343	669
84	360
145	374
431	435
195	663
309	356
519	678
30	168
378	552
500	525
265	346
356	672
237	272
238	620
567	686
121	144
193	709
259	691
61	102
247	656
299	351
278	282
298	485
50	70
159	281
401	560
208	526
482	619
1	473
135	303
529	664
403	533
515	516
282	365
317	356
426	468
76	272
608	687
219	321
329	486
39	512
274	369
219	232
131	604
64	116
120	325
304	400
86	538
209	237
295	646
274	571
0	66
431	708
251	624
100	716
66	289
161	188
153	730
14	176
368	420
318	692
588	673
530	546
97	98
495	506
446	479
383	475
399	491
39	497
189	518
611	659
229	623
26	617
483	527
307	530
515	587
488	622
156	184
191	354
248	745
234	391
669	696
330	646
366	493
133	203
552	615
25	444
511	605
402	430
118	490
514	747
8	478
258	522
251	719
91	124
40	286
90	364
359	481
658	683
464	588
206	566
42	133
197	731
103	311
5	140
140	278
27	741
231	358
67	661
48	637
263	400
11	312
210	237
280	685
384	633
266	295
382	621
240	483
405	513
48	53
353	454
240	603
116	202
4	684
485	662
348	547
48	654
121	204
412	580
92	120
189	573
537	716
302	538
177	193
426	671
155	268
206	468
246	697
574	591
109	647
513	584
62	456
566	683
412	457
81	462
579	610
396	443
61	727
6	662
21	207
23	237
6	343
45	644
188	435
142	494
292	638
401	499
81	578
