348	560
29	447
253	315
91	161
54	319
277	677
262	273
44	695
484	675
120	441
88	743
347	524
60	652
282	303
292	623
445	545
37	787
402	662
453	525
235	338
160	375
130	555
398	491
74	136
112	462
119	477
16	46
7	416
8	537
147	743
387	788
458	505
117	608
118	251
318	758
72	738
151	657
326	580
262	697
420	535
173	467
69	717
352	705
189	243
101	641
423	780
68	314
716	723
22	357
371	605
536	765
653	719
267	467
97	331
88	363
130	725
21	498
357	797
286	641
551	690
71	134
530	665
404	586
362	384
650	792
28	353
245	249
110	541
262	525
94	459
111	717
271	623
177	378
271	716
235	741
586	593
113	157
78	558
216	758
440	675
155	645
508	629
315	475
190	433
606	641
98	632
478	741
67	229
339	591
281	702
77	481
101	778
584	763
189	512
373	660
115	472
91	213
2	353
34	580
178	334
115	582
348	669
238	290
160	716
362	573
54	694
262	328
22	789
274	559
290	675
193	260
517	750
232	672
270	443
214	702
126	600
145	552
305	713
193	248
77	120
146	702
26	185
143	219
57	272
535	650
294	616
194	248
488	769
135	728
296	726
247	324
724	789
53	643
323	692
186	574
444	555
446	695
57	171
137	784
34	477
382	479
200	358
452	605
180	211
38	586
19	551
392	426
364	485
516	617
23	562
262	415
141	608
736	751
103	112
553	618
388	770
218	399
111	560
157	629
615	636
175	417
595	736
124	786
271	535
51	510
240	374
420	627
127	463
726	767
184	652
618	679
323	468
321	641
186	380
654	693
322	756
98	567
107	534
149	662
662	777
293	438
212	659
76	570
293	380
469	554
97	98
276	632
98	549
326	406
214	216
323	620
296	528
721	755
62	161
298	406
215	511
162	386
229	287
88	211
140	500
53	722
247	789
277	355
77	517
28	149
768	799
440	499
271	722
177	661
151	331
601	683
277	461
41	122
104	558
589	753
256	578
575	707
135	623
102	106
303	670
32	281
29	610
39	266
4	165
199	274
17	530
13	642
22	612
479	689
146	672
457	460
284	578
345	529
270	717
240	381
324	396
207	507
402	533
364	557
325	707
286	758
213	420
101	564
367	456
426	730
1	307
580	775
29	304
572	794
152	155
719	789
553	620
171	275
419	780
564	614
196	338
237	483
56	742
469	710
307	670
106	525
77	323
239	678
17	151
339	555
144	643
308	346
33	754
307	345
187	531
211	281
54	181
529	690
610	775
36	264
504	745
140	468
172	597
154	243
445	744
364	624
315	538
388	545
594	656
22	312
8	759
105	351
17	237
67	260
500	733
116	433
334	783
10	781
269	753
156	175
68	665
12	730
477	693
53	169
91	415
158	764
178	708
171	378
256	393
610	627
356	683
500	746
175	463
312	636
336	654
286	551
383	489
3	720
359	665
417	531
36	686
168	319
66	396
208	363
449	737
13	85
279	773
152	533
82	618
122	183
606	765
50	420
100	635
282	484
68	469
352	380
273	306
181	442
218	388
116	335
158	645
201	479
267	611
181	184
117	570
726	781
31	365
366	389
100	179
245	424
371	544
66	398
353	678
145	602
47	270
282	667
608	707
59	707
106	404
225	466
76	611
115	465
86	179
209	486
533	758
177	503
184	687
204	795
300	645
9	230
306	658
57	463
389	564
486	566
110	246
309	677
11	490
413	654
6	706
271	361
6	76
243	613
294	456
137	625
266	276
685	746
338	794
203	778
393	757
76	527
21	548
1	790
603	763
498	671
405	432
83	731
187	777
66	770
518	791
633	647
109	214
431	682
411	496
246	796
480	683
345	506
12	582
347	361
557	768
257	589
272	293
552	713
322	567
242	467
216	664
96	721
202	656
491	707
467	551
91	190
381	409
561	778
249	338
678	754
82	159
606	731
119	379
45	461
54	499
475	759
96	508
133	322
5	436
221	240
52	542
26	456
245	419
35	392
158	603
535	757
90	639
141	444
599	699
573	580
680	772
223	581
279	323
16	200
249	768
403	699
180	789
22	654
156	301
50	586
575	597
87	225
472	711
19	70
5	360
138	243
317	764
162	752
29	772
238	622
258	688
258	584
158	666
46	746
229	732
131	322
258	597
440	538
634	671
748	788
72	502
252	298
150	371
73	107
163	393
75	96
109	430
22	675
292	499
114	387
435	677
305	366
265	429
177	739
283	550
513	627
285	541
324	752
315	346
44	567
155	692
201	724
343	536
345	792
421	761
40	204
304	502
104	536
243	761
447	727
63	526
309	442
110	332
176	689
261	398
529	773
283	490
93	271
81	721
187	210
51	530
601	626
330	569
414	453
534	730
24	503
110	489
61	491
569	605
64	130
275	489
12	379
342	527
89	565
306	478
159	547
543	740
22	639
178	181
154	708
36	661
299	716
300	553
680	784
351	743
401	512
314	430
563	759
32	326
31	156
2	524
538	592
272	290
17	758
312	786
561	761
390	410
210	277
33	255
422	433
134	667
397	793
44	196
271	588
77	213
369	730
211	577
542	670
288	617
120	292
437	558
486	663
509	514
446	568
280	409
86	517
104	570
44	716
146	632
468	604
369	446
143	296
31	157
289	657
77	659
94	203
353	619
234	296
144	474
4	58
366	367
431	783
165	503
60	291
655	736
502	556
96	646
349	570
92	352
661	684
258	429
14	346
76	559
350	736
242	457
125	790
52	300
612	628
515	713
21	608
492	747
201	351
592	783
223	707
201	420
147	783
106	643
171	550
180	405
243	425
58	432
522	647
658	765
777	791
370	598
393	549
82	104
89	160
258	433
55	281
93	587
355	428
10	202
313	674
644	747
269	628
54	665
251	340
549	733
177	189
164	420
141	441
39	264
49	63
574	666
395	719
33	547
293	504
261	277
91	547
51	529
185	334
586	697
7	604
394	553
722	778
271	788
180	351
2	687
399	437
318	585
338	646
576	759
521	797
256	696
471	508
660	683
116	721
206	686
119	336
163	246
449	702
59	279
378	468
488	653
557	638
359	689
288	608
24	453
31	131
352	423
80	386
444	605
58	603
166	557
25	58
566	693
394	710
206	768
415	782
398	517
191	544
316	744
514	778
303	701
481	743
534	679
391	746
30	460
160	684
264	760
413	736
668	743
478	522
426	706
86	149
187	586
603	701
107	565
112	259
579	727
168	264
217	314
642	713
111	411
11	24
422	757
31	608
88	575
50	781
467	628
169	469
174	500
151	790
302	441
175	480
319	707
280	796
326	444
145	548
462	771
668	792
245	551
451	462
82	751
438	694
551	752
47	175
243	750
503	704
586	742
308	673
741	790
115	213
365	370
227	550
74	206
387	434
169	210
61	205
168	751
138	509
336	706
712	764
32	380
15	157
162	657
276	363
201	532
352	361
288	709
51	300
195	529
227	410
298	678
706	769
61	86
738	743
36	109
260	707
115	438
272	439
35	548
178	659
94	514
714	769
129	778
39	487
215	681
225	710
79	611
112	323
16	572
472	690
725	791
391	601
733	772
82	780
534	720
152	741
665	771
218	301
20	566
699	755
221	310
393	736
489	593
60	790
16	137
365	595
66	601
433	757
127	317
1	391
109	154
127	770
206	763
592	710
342	385
364	524
202	794
311	773
41	56
672	793
477	598
349	713
451	594
95	114
87	731
180	780
341	748
53	692
79	592
39	105
23	278
5	670
210	347
211	419
672	766
59	100
394	456
633	792
103	205
66	376
236	496
93	159
74	227
51	280
468	577
106	258
439	747
181	690
168	381
143	227
675	740
70	631
58	180
16	364
185	757
394	687
229	555
5	720
133	255
640	642
333	503
325	477
136	168
40	405
97	258
393	412
110	682
171	448
357	538
186	611
174	559
204	377
588	699
240	785
54	102
613	640
496	661
53	437
12	513
123	738
304	625
298	543
307	724
725	746
31	350
709	710
287	697
489	589
23	578
644	791
282	404
127	554
657	733
360	502
170	553
573	609
203	682
59	795
359	516
425	714
231	377
52	653
105	109
369	531
717	753
87	450
182	221
309	662
196	437
43	744
152	769
244	645
84	676
309	590
247	518
235	468
320	480
169	268
160	368
701	716
221	465
67	400
236	596
108	594
284	608
11	601
153	445
420	448
240	595
337	344
62	311
378	607
550	590
151	776
314	549
51	743
351	609
306	368
382	722
247	679
67	430
195	771
404	687
9	48
10	514
466	589
444	655
403	425
150	736
450	662
361	529
600	665
434	636
11	753
123	608
248	362
289	301
37	686
216	257
84	508
495	733
412	736
573	698
112	173
162	219
128	599
386	726
305	789
118	280
256	572
91	315
25	135
574	718
93	645
7	39
445	611
272	331
295	372
533	572
135	784
161	512
487	590
40	617
96	560
583	596
245	772
134	694
23	187
94	421
151	725
437	646
326	380
169	776
21	190
32	400
396	724
205	365
63	73
320	543
92	682
599	754
44	380
625	628
165	362
133	485
79	153
185	319
97	524
104	734
349	573
478	689
561	766
129	797
303	732
139	431
84	464
333	613
218	748
696	782
283	757
227	600
129	494
99	505
376	514
478	501
341	725
26	776
19	301
70	387
386	466
215	737
32	669
257	462
87	176
327	499
433	796
467	634
385	408
9	312
252	515
92	241
207	460
244	560
721	757
186	727
283	416
181	508
692	793
295	303
180	625
83	421
185	707
361	496
26	643
176	303
431	712
269	290
259	576
150	725
243	746
142	671
191	570
28	772
24	754
531	653
120	127
309	322
270	554
637	696
216	730
338	537
142	201
331	613
545	573
82	223
7	244
385	437
273	628
104	657
0	557
211	242
549	721
340	637
117	545
709	724
375	796
117	555
174	780
247	753
39	376
288	505
388	704
194	662
424	559
129	172
271	366
179	646
447	669
80	128
435	556
443	603
329	556
275	578
118	472
508	614
119	319
114	411
207	480
241	792
195	461
554	568
558	754
70	370
658	768
239	271
86	167
7	524
310	491
318	324
219	320
379	578
188	425
305	352
358	777
39	746
356	474
395	506
20	146
642	778
259	549
389	434
228	296
3	735
55	583
119	610
118	339
714	733
51	735
138	435
373	743
76	188
272	648
29	625
387	676
310	535
44	366
230	237
96	645
565	584
627	656
113	513
90	433
18	649
95	567
73	159
401	701
50	625
287	310
50	194
57	770
164	653
227	730
612	774
114	365
436	486
260	322
52	142
414	672
363	388
11	412
521	769
638	671
143	272
276	730
333	577
19	39
255	532
355	487
347	603
287	337
124	724
249	714
465	500
163	180
259	536
296	758
6	182
351	450
152	440
124	384
131	308
25	66
410	494
315	478
22	598
108	232
459	783
127	465
11	423
510	689
390	434
186	793
33	117
94	340
110	577
393	620
219	778
90	446
107	512
119	780
333	730
389	507
76	322
113	211
6	26
360	630
213	617
282	420
294	617
80	247
215	638
369	513
349	723
634	782
324	621
628	745
211	393
108	481
90	171
155	732
1	6
686	783
229	766
555	620
438	680
210	488
119	675
388	775
19	254
251	391
122	602
7	187
296	765
641	786
218	507
204	760
207	240
490	727
602	775
371	674
241	333
402	751
209	388
288	441
50	174
125	163
289	778
260	453
188	414
189	717
178	231
423	473
133	285
367	631
625	767
32	658
78	600
123	603
341	586
99	430
139	680
213	323
546	717
214	628
299	455
356	390
130	357
150	686
537	715
736	769
16	759
15	182
557	607
593	765
293	490
295	616
5	640
366	470
69	594
49	715
206	790
155	624
544	791
567	721
488	506
161	490
736	799
270	728
218	464
140	281
439	742
74	285
585	610
201	786
36	344
156	381
22	246
517	576
416	577
272	724
275	285
325	406
256	751
33	396
595	613
698	726
371	399
454	462
248	487
306	546
255	790
319	569
193	444
294	713
328	502
58	725
281	303
132	135
5	394
531	542
157	368
205	252
109	680
117	504
3	246
339	469
62	285
588	676
575	629
99	545
47	726
8	475
514	735
164	366
356	404
247	308
332	629
160	646
596	667
670	779
679	680
281	342
655	662
31	571
304	436
282	318
92	372
85	386
250	794
184	527
81	432
114	226
312	597
53	331
542	649
237	789
271	717
327	794
175	476
169	646
101	644
296	477
68	80
364	567
28	763
221	326
15	404
50	80
93	267
384	495
189	761
207	288
18	611
50	164
460	666
172	729
583	593
320	420
369	442
181	457
92	745
349	418
274	643
83	635
8	291
83	632
505	506
457	638
116	160
409	525
464	702
400	614
3	713
150	533
361	483
291	383
428	456
209	768
16	479
95	530
29	400
40	228
285	697
524	664
760	762
220	685
282	736
294	497
192	474
222	662
263	329
469	624
189	288
596	703
367	443
105	472
192	358
644	646
191	345
684	688
574	742
369	774
35	383
162	322
146	747
651	746
6	360
480	545
140	778
27	224
86	136
118	449
378	405
61	640
335	385
238	666
102	701
636	780
205	306
101	364
302	445
54	657
35	411
149	502
229	436
103	347
186	328
63	76
0	767
143	558
110	521
150	266
68	69
65	562
156	460
410	703
626	778
326	733
287	379
269	370
64	223
425	791
213	697
95	790
70	106
123	485
640	740
469	680
718	797
197	557
66	179
63	84
257	423
572	771
63	152
120	186
76	208
378	404
189	574
227	298
105	110
587	632
200	584
8	589
205	469
171	528
7	312
144	584
321	679
268	296
135	136
306	459
578	746
333	468
423	441
108	575
607	750
186	767
427	615
264	313
527	601
144	280
16	430
62	95
21	223
125	604
253	476
254	315
400	501
599	797
13	361
376	719
122	562
576	797
375	588
409	736
367	451
65	622
448	616
98	156
130	577
112	344
11	419
321	666
39	344
147	716
65	179
186	606
410	751
264	765
42	431
212	673
266	465
211	279
284	700
196	363
356	681
213	611
445	647
641	734
660	735
88	287
58	729
297	623
44	722
6	644
410	437
173	480
51	741
587	709
264	668
16	475
81	698
322	607
70	144
409	704
506	767
325	754
322	775
181	617
347	392
118	207
12	238
184	320
197	607
95	376
189	647
644	676
407	445
35	728
192	603
163	769
491	668
36	146
64	561
580	733
659	795
256	491
114	643
234	519
212	736
411	576
51	669
379	452
9	693
121	432
77	329
56	512
153	275
120	680
176	458
217	353
143	489
615	622
662	759
181	653
102	363
306	335
224	297
216	240
249	296
292	629
5	740
345	648
578	783
142	355
398	436
252	768
15	114
129	500
399	693
174	407
644	686
302	577
57	323
257	419
81	588
354	388
394	554
98	378
245	487
229	277
63	752
514	589
30	33
90	208
324	491
161	437
153	541
155	566
220	342
453	550
423	644
171	248
132	554
473	520
272	727
2	753
495	652
667	749
561	793
0	238
61	138
468	728
319	694
18	493
474	743
321	437
525	724
6	709
54	347
479	744
599	657
55	222
455	469
3	574
158	700
360	753
169	378
438	746
42	125
279	795
58	392
345	514
355	790
98	276
496	579
505	589
361	655
26	156
268	639
171	231
212	530
139	534
390	468
7	770
749	758
146	367
485	584
145	547
254	363
251	512
93	529
12	363
148	379
287	594
66	734
572	629
616	672
175	498
65	581
303	657
157	486
30	519
166	629
13	300
267	287
95	308
322	790
6	716
422	704
562	618
262	461
209	392
421	594
23	792
105	531
182	741
46	592
32	661
70	411
49	432
263	334
81	387
123	719
108	578
435	608
209	574
80	108
46	786
259	776
338	593
695	736
47	614
51	473
95	651
541	574
354	515
159	481
557	780
320	733
547	672
225	654
31	100
433	514
82	493
267	528
321	692
20	219
500	688
161	707
284	702
317	416
250	418
389	671
219	317
210	596
44	508
11	231
509	626
62	786
439	501
340	589
338	428
577	729
180	716
596	780
386	606
416	674
168	374
309	612
283	462
284	452
163	694
84	480
27	209
408	627
195	670
13	390
246	512
5	652
679	795
103	239
11	327
170	535
35	641
483	628
187	329
102	764
587	639
607	654
29	788
181	742
93	121
6	325
18	226
227	265
165	220
551	729
91	333
275	510
410	491
116	386
471	748
524	536
552	557
445	728
477	762
88	194
157	293
424	791
412	597
453	510
202	300
276	415
287	380
683	769
19	423
263	327
372	648
500	779
371	638
22	589
470	510
622	689
234	467
268	605
689	754
571	691
186	446
422	773
54	172
593	632
154	672
101	561
288	519
403	565
402	614
100	333
5	62
527	562
479	481
636	706
167	350
126	423
377	390
19	555
336	357
571	644
169	788
18	727
580	760
346	480
230	537
224	598
213	325
137	209
61	261
513	729
112	732
373	746
121	619
637	677
190	432
236	700
136	245
223	251
255	693
205	510
417	639
22	51
638	659
319	481
105	275
151	699
2	657
164	273
586	725
392	714
58	456
8	146
517	618
195	451
427	539
325	656
336	449
43	281
354	542
310	694
86	527
549	666
559	608
368	625
654	793
669	744
456	740
92	179
163	330
528	723
62	781
231	776
240	413
723	746
423	762
19	292
475	571
102	339
110	140
147	324
220	696
603	633
61	452
172	625
423	488
525	539
171	688
155	469
304	410
408	598
644	677
87	191
145	437
88	608
205	318
195	462
220	418
206	518
189	253
390	502
63	748
343	759
421	583
275	543
155	710
51	795
177	577
572	585
56	405
392	619
21	358
200	608
527	559
228	284
259	590
432	439
4	504
340	729
503	770
578	681
20	564
16	611
437	767
11	398
267	601
459	793
23	203
355	527
456	580
89	790
81	458
140	359
227	757
213	233
596	771
446	630
159	314
524	653
292	418
200	675
203	568
349	549
615	720
228	740
656	687
7	241
550	717
255	666
445	601
473	543
528	784
26	300
65	492
625	708
334	530
416	531
254	675
508	585
105	456
148	207
73	582
97	628
195	747
260	461
106	583
136	714
65	522
141	650
411	573
137	503
456	531
554	799
436	578
148	528
201	674
135	657
123	475
90	259
492	538
345	730
203	692
570	619
251	566
30	386
127	311
193	274
26	660
216	493
616	690
199	626
517	630
114	657
449	743
56	431
19	191
25	608
115	277
385	584
163	470
158	703
371	496
565	797
447	575
18	629
130	472
146	456
7	210
751	755
408	469
789	790
437	672
588	745
504	797
184	340
63	378
398	567
410	625
208	462
218	276
295	523
204	756
34	157
103	460
33	406
31	326
34	423
1	131
53	88
108	311
206	739
216	579
66	357
162	480
2	136
202	354
166	240
434	595
74	728
484	709
375	461
38	642
324	350
173	304
62	155
310	468
423	457
164	784
11	527
354	573
174	738
117	475
98	678
428	752
30	638
117	125
101	567
242	733
14	290
6	51
523	549
207	243
59	296
76	177
79	264
62	351
260	513
169	265
434	527
258	320
594	658
524	636
628	743
34	462
501	790
44	674
11	160
365	534
406	521
335	702
2	244
405	763
234	665
218	687
770	793
347	497
218	601
5	477
45	298
541	775
153	209
160	214
1	288
318	710
240	494
671	735
253	624
109	614
128	385
220	306
189	718
239	323
298	758
284	539
293	739
206	789
539	682
372	659
114	248
220	674
251	508
94	616
272	679
137	660
240	712
118	228
72	292
411	788
14	406
37	700
88	463
288	774
244	673
137	594
343	584
708	710
695	748
142	145
16	505
24	365
101	410
227	529
92	476
36	433
355	563
524	608
8	667
15	611
486	707
611	692
117	169
546	695
124	196
189	576
327	382
316	402
112	402
180	359
571	778
605	689
156	597
171	514
24	282
424	586
602	781
254	718
224	756
432	770
163	605
68	774
692	734
14	208
366	609
684	717
487	682
29	648
49	180
224	612
83	122
113	703
195	430
332	423
453	477
474	619
79	265
292	645
468	628
416	742
509	646
581	675
319	690
550	684
393	486
169	224
51	56
13	21
588	688
100	770
115	686
92	271
211	494
257	529
97	379
98	510
243	416
79	365
80	173
143	767
551	573
65	466
733	742
65	159
395	565
169	722
211	695
55	580
76	613
62	766
235	605
26	519
445	765
187	278
663	696
230	714
111	302
236	398
568	727
432	562
146	230
186	275
150	477
207	446
451	798
352	799
589	789
105	537
665	694
315	643
184	261
364	421
451	463
238	393
155	683
226	799
345	479
284	534
248	413
288	698
144	185
330	457
64	675
701	735
752	794
482	792
55	266
320	456
402	586
247	523
261	282
163	721
123	576
274	721
445	491
687	714
369	624
623	770
9	793
657	663
143	340
174	366
447	786
587	674
42	391
743	747
777	778
75	585
190	794
190	312
64	388
565	590
183	554
37	459
381	476
464	682
571	791
165	314
588	666
511	666
396	445
409	710
59	191
168	305
43	508
126	520
116	653
109	514
223	354
233	288
47	272
91	755
291	683
463	778
229	404
579	609
305	493
469	492
557	736
69	340
184	647
81	631
265	622
423	559
468	773
672	755
469	695
557	653
112	480
1	482
381	547
17	147
384	487
61	244
539	743
590	641
566	771
312	735
65	796
56	343
108	436
691	693
214	673
370	389
266	423
197	526
73	652
294	622
451	601
29	138
354	560
238	674
92	402
212	340
459	610
81	609
292	300
298	307
104	466
277	358
619	765
303	693
157	364
393	556
240	266
452	594
205	682
61	216
448	502
197	632
201	303
72	120
644	712
414	750
140	725
301	608
218	754
44	472
611	762
493	668
250	648
138	538
20	773
329	636
111	231
41	446
742	787
244	692
37	263
47	758
297	597
154	797
418	609
164	746
131	453
545	625
248	703
278	639
237	643
153	447
21	269
2	384
483	617
100	668
183	318
132	216
97	363
45	786
339	622
218	653
34	415
124	682
3	783
28	452
137	746
327	476
551	650
0	5
588	668
20	395
24	520
269	510
26	393
109	720
101	794
135	541
221	612
142	337
139	737
273	719
347	736
135	219
248	388
689	792
357	548
208	430
662	783
114	630
71	147
122	559
107	426
49	77
236	627
419	720
33	185
529	728
387	604
30	396
93	94
552	606
581	669
165	785
94	188
416	492
372	406
598	613
568	770
338	730
533	638
644	664
131	626
65	85
209	743
531	737
73	251
540	633
163	524
88	133
47	778
414	626
0	106
37	358
175	312
363	509
159	726
478	594
507	668
333	337
413	512
537	607
176	193
53	344
582	768
326	518
280	643
222	332
202	583
546	783
246	444
748	796
268	659
51	405
63	470
566	739
357	386
8	390
115	295
525	792
163	477
32	731
522	618
408	538
584	594
181	464
218	699
169	254
586	797
72	96
283	675
236	640
236	386
116	705
45	72
237	550
184	266
5	155
493	662
237	591
68	731
325	739
36	245
737	739
298	634
20	214
57	654
16	599
27	468
402	714
45	746
69	437
328	593
590	743
10	296
204	641
368	487
176	786
596	644
356	461
324	501
578	718
232	546
516	553
163	648
376	746
13	477
283	414
359	740
79	712
205	315
42	507
341	743
177	556
234	666
90	342
210	483
200	633
434	711
28	669
450	620
437	633
73	308
143	681
214	326
487	741
172	182
36	348
96	237
511	543
63	438
733	775
200	646
386	768
460	597
38	202
588	796
358	589
237	798
334	448
445	703
339	405
116	609
77	436
260	585
146	451
173	720
178	346
106	780
130	261
7	534
770	776
19	442
91	622
112	411
258	518
236	631
273	296
308	493
164	498
159	536
274	417
590	658
40	122
379	746
23	206
148	522
646	752
183	273
130	148
274	690
332	360
247	253
235	442
147	228
281	579
154	774
202	486
52	228
190	398
4	115
34	113
482	609
744	786
51	436
88	714
376	442
103	786
61	184
383	466
235	623
285	447
565	688
563	728
455	772
313	499
231	494
102	790
293	429
109	740
216	775
179	471
39	466
107	262
93	96
395	490
216	268
326	547
489	694
449	668
301	774
206	618
302	486
156	392
138	426
293	516
257	707
414	593
42	103
42	185
217	561
125	334
235	244
6	160
168	244
9	701
679	707
758	793
12	473
369	574
520	658
478	573
447	617
204	354
27	632
93	580
103	705
408	464
585	715
315	343
177	786
112	334
411	543
594	747
94	246
370	475
98	250
170	229
351	528
523	770
175	799
319	590
544	646
68	527
337	784
187	191
421	483
221	596
549	570
152	190
175	239
1	275
252	309
31	572
153	343
33	226
511	796
428	500
237	783
685	727
73	660
93	379
166	222
526	779
14	227
466	704
610	733
547	794
219	439
81	263
222	293
133	676
124	534
66	304
570	585
128	788
246	266
239	340
231	294
260	327
45	156
109	668
33	425
475	644
1	117
448	799
764	773
360	751
80	186
135	309
464	611
399	777
222	773
137	362
90	291
229	414
328	663
28	278
345	450
70	751
51	451
331	667
18	208
262	320
382	444
76	456
175	627
464	636
121	484
257	606
371	483
43	191
308	563
358	449
481	531
245	435
747	795
259	473
460	479
104	501
532	671
200	322
207	405
428	571
249	359
515	526
147	299
201	793
105	694
101	325
575	790
347	428
114	613
103	771
199	379
104	353
82	319
243	304
84	198
350	378
114	446
214	623
200	328
614	730
163	718
80	744
145	286
527	570
124	788
558	723
601	615
427	587
27	202
55	621
71	417
401	631
500	751
125	290
248	399
373	614
152	798
742	771
164	728
36	162
230	262
24	291
215	646
659	746
323	551
141	633
276	462
121	215
321	338
197	497
277	325
269	383
315	460
364	460
173	517
143	392
404	715
245	731
0	660
51	514
279	637
420	508
592	627
57	623
554	590
145	245
365	724
235	767
106	688
118	326
406	565
221	246
743	765
271	520
372	773
448	759
639	704
252	486
298	541
443	687
389	542
585	747
333	384
526	730
279	661
41	532
63	532
339	799
42	63
136	639
14	493
186	644
87	230
356	465
325	480
504	650
287	392
227	615
90	212
62	75
604	707
398	532
438	664
75	629
521	723
273	420
169	751
362	677
345	439
58	286
75	176
442	604
179	629
265	340
773	799
202	492
207	449
102	330
265	307
431	569
90	241
514	728
409	621
147	786
168	628
509	771
589	787
47	592
359	443
658	786
38	707
175	501
406	799
161	543
199	431
272	401
133	679
641	783
255	798
405	485
303	681
118	497
481	588
231	525
146	407
400	774
71	395
574	592
310	752
487	547
14	38
29	165
174	233
609	748
0	118
35	644
717	720
40	315
351	793
214	409
205	585
409	467
275	645
220	431
377	707
16	439
73	132
473	747
514	642
270	349
56	81
17	753
468	749
364	641
320	413
305	406
66	480
63	640
274	706
455	652
227	779
257	492
483	501
663	680
280	468
327	441
36	72
432	724
493	626
64	189
600	664
584	716
511	645
76	89
93	322
114	492
432	740
91	218
174	354
271	317
482	709
377	685
132	757
47	55
635	754
258	553
230	452
58	532
189	279
447	664
359	486
83	433
78	250
255	344
163	617
219	785
531	544
452	677
614	664
32	291
619	708
53	526
80	221
316	784
274	476
407	482
331	465
422	665
31	300
251	454
114	166
484	687
403	461
281	791
445	455
572	574
298	727
21	768
71	737
203	567
633	711
182	422
531	749
319	597
62	235
14	318
406	592
341	576
278	591
19	311
474	729
234	575
522	527
93	505
34	407
1	781
163	259
167	580
65	507
202	319
149	556
1	101
41	577
205	429
669	720
605	739
205	604
430	449
11	787
7	559
193	551
309	675
274	430
76	156
638	723
103	443
534	676
120	183
97	455
187	668
279	346
86	270
583	650
603	767
132	738
21	131
274	343
97	365
48	578
80	716
269	573
730	788
175	352
507	670
667	687
742	782
103	201
105	494
246	548
543	661
58	362
203	397
596	757
427	597
186	704
222	573
52	683
316	712
125	154
580	728
213	752
528	697
239	655
515	717
256	507
52	384
354	752
697	723
34	732
342	431
274	572
6	279
125	237
177	491
297	577
327	713
188	791
158	432
419	501
176	569
171	225
255	466
280	689
334	479
275	336
656	744
142	443
114	169
186	327
124	625
192	352
149	184
753	762
20	647
630	764
159	506
332	698
365	568
441	485
17	194
50	571
355	459
270	434
170	513
752	780
334	578
35	591
106	448
293	482
114	309
382	455
372	739
540	772
250	397
43	704
518	784
91	156
243	556
128	302
493	728
368	771
583	695
470	514
302	402
50	298
197	774
47	220
177	268
110	165
2	427
575	776
592	638
130	756
230	702
45	567
422	793
175	190
428	541
132	772
271	277
21	523
59	766
40	250
45	233
189	502
119	628
547	784
215	781
575	663
251	271
338	395
232	431
157	697
540	545
5	371
380	762
21	200
281	304
554	563
582	604
192	462
702	720
387	442
17	168
289	459
595	628
571	781
227	369
247	699
470	471
404	502
317	333
632	673
282	408
253	714
124	721
423	785
210	566
117	175
66	137
660	681
243	743
258	734
63	590
24	95
210	446
537	763
216	290
25	756
217	500
324	405
414	564
405	785
111	483
260	508
64	309
51	400
62	125
461	684
684	751
601	708
49	333
411	500
653	782
181	509
315	471
357	547
405	498
71	620
510	550
525	572
112	573
209	642
105	632
18	285
435	578
107	500
312	536
329	747
482	646
165	665
566	610
305	543
75	537
609	662
166	366
189	633
654	701
173	635
325	735
385	469
352	723
215	218
370	716
448	568
1	52
553	673
313	637
203	763
45	469
710	769
176	749
457	632
199	608
471	578
40	756
270	442
267	708
364	739
80	271
57	382
518	537
360	710
673	710
187	328
180	773
497	685
62	214
92	613
156	286
155	420
124	775
486	791
294	728
497	637
358	421
537	717
279	547
60	519
481	768
100	731
48	591
661	702
175	261
329	388
251	353
38	362
490	549
188	754
244	550
69	705
70	86
121	196
24	328
7	536
139	369
89	249
298	388
87	518
372	414
4	411
10	58
50	114
402	774
641	753
127	796
5	364
449	646
127	535
58	430
78	333
171	742
574	662
215	359
158	248
69	772
623	637
202	672
189	345
360	558
456	696
403	644
370	595
717	793
717	731
270	764
122	468
147	548
326	791
410	683
181	320
336	509
144	608
336	567
353	634
481	769
69	716
75	733
84	360
244	284
25	306
391	408
115	511
141	602
393	700
185	229
48	289
142	268
267	342
100	783
221	590
292	529
268	433
447	743
128	620
51	778
115	580
12	467
493	593
434	615
364	727
55	456
166	766
177	629
211	226
548	672
602	678
313	491
50	779
459	765
208	415
151	175
689	722
707	798
207	283
78	662
44	325
121	327
103	157
558	668
187	684
108	744
235	773
195	485
589	601
58	525
464	747
266	600
213	755
155	546
188	593
51	301
55	270
251	798
353	778
88	325
373	729
298	401
194	211
397	748
12	360
410	607
516	709
658	793
32	128
0	43
94	515
421	736
498	711
81	147
254	433
85	484
34	481
171	709
534	783
274	767
124	736
150	610
63	339
50	292
565	681
54	303
69	215
580	680
313	394
178	677
257	297
526	549
70	406
541	654
260	694
650	700
304	711
214	358
71	421
496	653
37	122
384	608
75	780
481	556
268	305
147	598
308	349
117	495
54	572
461	760
59	240
396	772
669	704
25	99
218	407
78	105
70	306
291	596
170	545
114	364
124	289
228	753
235	661
110	631
581	791
488	621
321	654
480	743
175	374
641	752
257	725
180	393
34	577
221	514
314	692
185	672
28	416
343	730
351	365
61	144
264	428
68	336
365	498
401	403
408	720
372	702
63	215
400	661
329	429
63	218
239	295
192	594
188	313
72	582
294	399
29	691
468	613
177	483
719	720
31	160
16	328
152	336
70	388
183	659
97	774
455	798
324	648
55	417
295	788
416	574
110	263
25	689
76	497
573	614
643	747
87	106
561	617
117	688
136	378
83	420
115	165
101	386
307	609
69	510
5	626
216	379
428	471
591	713
344	639
428	796
371	473
715	795
114	510
426	760
32	646
29	184
461	748
40	562
300	761
146	444
172	793
438	722
198	499
75	425
258	285
273	615
13	705
149	304
51	609
235	398
221	272
548	760
208	790
412	442
304	647
164	716
295	596
85	220
47	224
219	282
10	37
364	736
691	764
25	382
456	658
108	535
91	499
476	743
85	353
541	787
300	760
300	597
95	498
335	698
71	85
26	88
233	755
526	621
363	537
507	698
450	636
594	773
157	775
74	283
428	660
480	643
447	737
678	755
258	607
244	370
216	289
240	724
172	340
147	556
79	729
267	490
82	773
493	736
239	695
19	676
380	447
103	575
8	256
297	582
47	465
267	311
656	716
133	734
179	639
317	466
449	623
535	569
223	316
56	132
475	719
249	313
399	435
635	662
96	367
129	156
91	589
311	636
198	346
285	619
190	717
81	466
519	687
477	609
405	527
314	739
403	407
237	288
44	735
144	331
188	373
267	623
58	726
40	298
89	257
464	568
165	381
243	767
580	590
109	650
331	607
392	449
87	455
221	580
269	545
676	795
178	179
358	408
64	401
31	473
459	570
331	500
200	391
7	79
603	671
179	224
32	132
578	628
77	79
611	676
586	762
121	696
44	148
5	667
225	545
12	399
250	796
155	615
154	369
245	688
242	726
205	669
293	613
41	692
48	143
141	328
377	684
526	605
392	759
80	457
75	592
364	585
84	755
464	729
573	625
486	563
44	104
40	300
196	593
59	667
524	593
263	606
523	764
230	704
17	709
76	565
483	531
490	786
603	692
298	356
159	399
84	564
9	653
419	581
80	525
285	733
136	678
371	441
598	686
551	593
332	339
476	597
140	635
477	716
245	275
366	538
44	761
247	469
216	267
519	601
28	764
16	366
72	483
303	759
277	286
244	294
224	434
293	762
193	554
27	537
453	674
35	203
20	472
576	699
548	723
295	684
99	637
195	763
240	667
279	338
647	742
545	547
49	116
361	699
226	244
34	211
343	559
42	241
418	534
338	476
456	545
453	660
197	200
0	622
86	693
723	727
451	684
92	662
462	682
166	221
182	710
177	561
600	683
242	331
170	230
130	647
455	591
453	740
109	489
151	465
344	712
325	652
461	612
248	476
63	647
333	747
98	736
158	482
74	218
477	772
606	678
599	742
204	295
779	795
335	641
224	468
288	714
401	658
735	762
489	548
43	400
85	278
144	447
54	597
428	487
484	492
69	281
214	533
185	228
409	452
657	732
278	788
641	797
341	744
183	747
279	391
102	433
8	588
138	178
376	738
663	754
493	533
391	590
196	585
273	282
84	626
126	425
265	536
112	388
405	642
396	473
265	373
53	160
259	327
122	749
15	430
108	581
48	242
310	451
185	765
121	448
266	330
226	623
225	579
308	500
595	774
78	407
369	570
272	759
263	492
247	561
303	313
551	557
740	760
89	303
0	53
410	787
187	401
629	701
287	776
248	531
282	477
434	665
677	717
165	636
146	668
92	538
578	735
500	591
455	692
490	681
72	729
312	484
83	437
135	373
156	185
259	657
1	277
41	766
633	743
504	666
134	291
302	315
33	96
369	453
189	571
440	504
346	726
144	716
487	504
183	655
541	712
484	794
189	403
544	563
21	155
117	476
268	398
253	701
250	773
609	771
138	704
79	201
36	153
58	780
140	797
302	443
73	262
353	447
417	537
156	426
41	398
176	389
612	696
196	634
77	454
83	436
56	594
611	640
172	455
10	501
47	271
80	252
118	411
129	652
184	607
216	311
80	455
604	680
188	404
440	575
252	313
694	794
226	583
284	783
379	382
227	661
110	397
560	771
221	589
242	720
112	783
247	378
441	502
418	490
309	690
404	429
175	665
558	644
16	753
244	298
442	599
530	603
127	283
702	767
553	763
583	777
80	743
152	314
7	783
33	106
193	506
431	474
54	64
21	629
690	691
168	388
423	588
39	559
540	693
367	594
457	652
340	348
228	273
464	475
77	245
612	630
581	702
52	178
35	181
530	799
321	780
336	703
520	656
15	58
597	741
150	354
27	252
107	238
97	177
435	514
208	411
148	476
515	630
235	392
44	474
304	670
47	654
438	511
136	536
514	681
403	550
84	460
393	443
251	780
148	275
292	519
255	744
478	758
152	495
553	784
72	251
116	687
39	522
533	785
6	365
257	380
232	308
58	368
375	529
260	294
17	73
4	565
141	647
242	602
12	396
582	769
433	465
32	322
100	317
1	670
71	402
274	662
308	358
79	124
15	591
146	770
384	485
519	775
415	625
188	605
483	797
372	725
140	225
105	699
99	642
85	614
96	746
720	724
58	752
279	740
258	411
149	424
251	549
226	701
563	610
364	614
285	761
248	351
497	557
31	451
79	711
546	559
100	155
280	688
442	651
284	408
70	503
650	786
548	737
28	587
636	668
222	466
386	722
371	694
145	706
100	340
39	776
753	798
103	635
84	665
329	687
157	687
201	608
245	328
132	623
200	324
273	446
18	133
381	563
281	629
261	600
136	418
373	574
210	508
279	610
560	782
147	463
510	644
200	254
148	325
447	607
614	662
507	614
393	400
176	796
215	364
239	366
284	710
383	735
285	551
527	592
669	795
3	19
147	449
220	310
15	672
179	462
20	211
213	226
513	645
184	254
95	108
319	374
253	345
524	716
16	216
195	586
382	676
78	188
97	704
199	634
40	787
62	202
313	512
539	783
344	538
735	750
132	327
356	671
218	758
57	406
715	741
300	465
226	346
152	264
7	343
66	776
273	361
46	255
59	203
281	411
109	476
443	646
123	665
363	409
666	712
25	712
15	578
87	232
474	612
372	698
563	591
565	653
201	549
13	411
320	775
537	658
410	489
48	601
11	565
258	527
34	387
422	766
156	262
203	254
2	604
341	792
295	796
285	452
138	677
29	245
489	798
681	783
353	636
277	783
607	739
285	469
253	725
229	756
512	629
695	703
272	325
201	209
536	777
284	761
338	529
449	710
196	765
387	445
119	382
27	320
64	365
424	664
746	793
63	371
240	298
123	673
521	725
300	691
97	247
344	384
182	284
224	532
234	326
329	361
352	459
186	386
381	399
56	397
597	761
105	153
109	644
245	277
67	155
6	580
347	674
25	343
51	324
218	412
499	762
738	774
585	683
519	665
185	543
186	547
238	734
504	619
69	557
614	752
140	226
358	526
12	351
107	650
32	139
349	741
271	736
444	573
488	707
498	523
158	232
283	387
460	519
301	670
237	422
325	756
235	701
132	654
449	567
474	772
591	694
73	683
413	625
266	466
111	374
393	579
29	754
618	788
133	377
356	527
51	635
329	418
256	450
364	372
224	444
58	395
245	713
127	386
672	675
42	161
137	275
230	318
522	738
245	515
459	760
147	545
473	482
464	692
586	778
458	489
202	677
287	289
312	469
149	717
321	708
200	373
288	776
441	742
412	441
103	444
94	124
222	486
563	638
237	750
551	783
653	663
143	507
361	480
23	116
333	674
356	777
409	560
125	770
199	621
173	723
260	371
66	634
35	505
253	299
22	469
3	62
146	216
47	278
10	237
218	757
600	744
231	395
134	546
39	597
316	607
154	461
283	561
25	71
344	380
173	748
460	476
58	531
49	718
287	312
170	534
220	436
461	768
571	593
419	751
597	768
13	223
72	762
137	753
149	618
276	399
8	403
150	568
456	617
154	767
95	570
34	605
15	91
84	634
206	614
146	270
149	684
396	754
57	335
8	273
535	761
434	721
608	647
662	795
32	741
26	408
107	695
138	706
47	545
154	193
248	650
167	449
395	592
207	604
351	499
70	507
199	644
245	438
25	91
27	337
344	746
338	719
276	630
435	778
99	412
168	771
546	748
452	767
10	272
297	672
415	664
684	765
54	563
622	709
36	536
187	794
189	674
34	763
479	747
542	781
108	510
29	379
48	510
367	645
36	590
66	654
73	289
208	753
69	109
181	735
288	582
148	673
86	233
138	527
384	590
700	785
501	676
153	675
57	345
401	721
466	682
279	668
446	703
52	632
10	56
499	770
333	617
480	571
336	591
123	788
182	328
42	340
130	579
590	609
19	419
355	732
151	169
162	761
69	723
80	498
164	662
352	792
310	390
271	507
529	548
143	150
79	548
25	125
442	443
204	499
209	476
205	209
7	399
663	775
89	412
124	701
38	651
178	226
463	610
608	761
128	154
372	543
414	775
486	645
306	560
7	511
552	743
694	740
181	353
500	608
454	516
33	459
49	655
540	614
129	525
334	562
100	191
181	282
52	504
91	508
362	600
29	764
11	104
111	188
335	362
22	736
296	393
142	162
156	227
131	566
3	230
78	298
152	212
396	745
379	517
128	722
72	422
170	648
196	752
127	137
383	470
224	571
379	581
420	795
207	216
71	779
181	358
524	589
425	641
161	279
122	638
28	568
176	431
97	616
222	392
363	638
426	665
198	629
207	513
74	134
353	589
487	574
21	295
95	219
523	586
576	755
68	106
461	646
198	421
150	414
138	154
177	790
295	755
724	763
640	729
67	377
155	530
171	445
606	774
411	759
21	51
619	691
170	174
463	635
478	496
156	744
21	741
256	340
90	437
391	492
550	628
63	701
394	459
413	590
395	625
324	723
435	637
514	654
248	566
330	429
288	460
87	201
604	605
85	691
459	615
221	728
160	419
502	701
156	743
72	705
33	205
220	225
138	472
233	611
319	377
257	550
533	692
202	580
31	286
17	637
469	763
410	640
366	768
542	779
242	570
82	292
211	366
257	335
304	725
112	115
125	310
364	494
214	593
47	237
222	447
35	767
328	654
187	249
1	472
95	485
54	628
175	253
19	247
61	582
221	599
556	646
404	710
213	463
212	220
253	401
10	373
378	747
143	221
542	665
570	590
736	764
49	310
65	640
142	661
81	221
435	605
182	425
8	310
552	626
39	788
335	337
58	417
106	773
676	698
276	439
70	480
239	572
485	523
602	777
28	563
246	495
127	335
558	694
457	493
101	787
373	583
199	556
340	511
7	670
38	99
186	229
442	501
6	421
99	470
273	315
226	663
87	290
681	750
621	749
23	288
202	757
107	192
19	432
400	578
161	739
190	475
174	592
341	343
390	422
303	304
30	96
19	686
264	369
104	212
225	241
50	411
295	353
245	529
129	163
50	562
19	447
303	450
351	637
617	752
640	651
193	717
558	719
224	378
449	739
453	705
293	416
242	414
11	33
151	525
285	402
82	398
187	526
344	371
93	149
21	314
57	775
318	412
425	440
272	616
220	249
17	701
173	606
42	652
444	453
137	309
18	265
583	792
129	158
667	739
396	715
63	710
21	751
358	697
172	341
316	793
620	692
12	543
271	781
490	560
184	712
211	216
23	743
164	628
290	524
92	423
525	725
266	394
556	609
433	546
471	704
141	251
191	448
296	781
221	435
187	566
67	446
399	469
310	317
102	254
105	227
74	744
421	487
600	762
257	722
595	763
274	456
642	681
239	411
330	540
363	531
132	402
283	449
96	320
291	719
392	786
314	344
568	649
126	591
628	645
490	767
407	459
137	458
58	383
505	570
15	273
424	630
146	247
130	630
402	639
55	700
358	370
122	560
405	680
284	326
561	651
452	546
287	570
497	787
213	449
466	699
12	631
264	792
476	486
115	118
567	782
477	697
256	325
292	368
301	693
200	452
360	533
387	605
208	454
78	373
163	323
25	707
179	617
97	631
259	470
366	388
120	498
187	297
573	716
212	567
431	579
599	612
294	448
268	667
288	738
15	160
56	452
10	605
128	258
74	481
10	681
48	660
81	393
107	675
35	596
32	300
553	631
140	450
465	513
18	609
738	763
743	776
41	250
144	476
75	165
721	727
170	493
79	413
163	397
31	270
143	164
180	593
57	794
322	364
104	594
729	747
53	788
165	755
27	689
237	774
37	794
678	715
464	787
17	104
137	725
147	170
414	728
94	184
220	591
246	552
84	324
558	573
647	673
41	421
99	244
235	388
625	670
440	717
364	371
431	553
114	234
131	276
5	627
404	549
111	787
379	570
265	409
288	480
255	723
206	539
376	485
665	669
486	532
339	650
87	431
77	180
154	519
125	789
493	579
425	539
299	547
709	774
549	716
88	612
159	738
198	348
209	518
57	745
209	549
121	439
2	777
304	413
151	688
75	476
183	609
144	479
207	441
489	688
128	765
663	735
153	498
117	731
297	754
529	633
47	206
135	496
135	292
284	792
41	572
357	521
578	708
501	574
93	460
348	506
217	645
564	690
308	438
511	717
16	306
13	475
13	88
122	302
13	463
148	441
317	757
538	707
154	570
223	520
473	783
141	238
369	443
381	488
8	12
549	745
101	190
72	233
659	724
33	477
56	285
275	541
186	654
128	622
316	636
256	708
562	714
85	170
20	555
300	574
613	702
85	408
263	786
271	464
88	772
27	51
18	381
604	762
58	388
123	765
509	686
315	454
113	172
166	244
387	588
179	443
429	544
8	536
443	701
453	612
374	579
24	602
435	528
271	550
58	209
4	16
369	725
653	777
156	682
117	561
81	163
451	614
223	269
92	326
485	630
377	719
388	598
453	637
123	236
358	706
43	157
161	472
20	203
458	786
119	693
309	707
562	595
25	537
320	566
693	788
47	522
419	528
383	725
206	679
628	737
81	84
548	553
147	621
591	672
390	581
75	189
91	751
0	705
14	151
404	441
300	637
438	525
483	573
390	446
221	454
332	505
50	640
43	214
4	555
277	485
50	736
153	218
98	109
137	357
172	284
19	690
393	485
261	304
33	229
604	750
307	652
423	553
363	775
106	202
170	438
94	291
134	646
151	289
410	473
422	455
561	798
487	509
713	742
227	555
275	608
446	708
408	531
354	731
276	697
242	615
445	571
76	228
24	436
669	784
179	658
187	796
140	527
243	362
171	176
680	759
211	593
170	312
53	269
276	669
183	338
39	687
382	666
118	541
308	695
135	289
717	721
428	665
578	740
307	631
387	714
501	750
674	719
482	739
326	500
195	516
203	757
587	725
124	380
234	507
132	351
227	477
40	334
377	501
230	671
148	429
341	422
317	340
112	640
31	448
382	688
99	433
183	399
68	110
86	220
201	371
315	622
467	472
202	442
131	329
166	236
569	770
289	732
396	564
120	483
149	598
61	119
131	686
279	737
301	565
1	634
37	781
9	78
285	744
116	332
280	318
476	745
656	768
130	745
28	590
510	620
69	635
121	284
747	798
515	552
368	541
105	404
234	762
772	799
290	513
157	198
273	452
293	563
44	274
358	479
293	303
481	660
169	526
56	514
122	667
208	305
76	147
546	789
100	645
301	433
420	543
586	771
196	598
237	479
155	307
412	719
188	437
166	797
125	296
279	703
20	255
316	418
80	698
218	604
44	113
282	692
226	697
265	642
287	686
423	474
455	651
183	698
595	679
448	515
39	158
224	483
217	768
541	702
40	669
441	699
21	100
666	721
35	702
215	477
568	621
210	480
218	360
326	589
107	572
38	357
15	512
65	694
272	625
90	686
37	130
435	512
725	727
304	317
183	363
582	725
536	574
314	637
92	650
346	507
213	231
61	334
92	198
90	311
312	533
146	310
27	555
385	395
290	694
279	756
57	301
529	724
520	640
461	470
97	105
97	118
211	656
30	634
501	641
181	229
440	561
443	660
40	768
86	522
146	551
229	292
567	744
224	439
163	586
493	597
76	644
74	608
175	462
58	570
514	527
634	648
388	722
117	735
218	247
90	774
113	760
313	377
69	151
155	713
356	764
241	651
151	227
300	795
247	745
375	706
202	261
232	729
238	733
264	359
83	647
75	187
542	546
329	726
226	566
51	176
122	605
475	747
626	783
84	272
254	521
679	757
313	525
360	775
267	694
118	161
530	713
126	491
265	267
33	103
190	715
441	756
731	750
714	721
566	579
169	401
54	369
89	768
145	382
396	472
544	719
263	672
511	716
282	518
308	524
286	711
97	134
617	690
10	39
86	476
268	785
117	396
149	166
592	789
165	348
64	409
591	799
440	539
464	562
567	749
333	364
254	625
168	515
0	260
414	583
117	270
673	740
260	365
205	779
735	794
105	683
306	754
380	537
189	473
334	490
56	598
393	687
446	509
164	264
371	460
107	178
45	472
52	789
703	739
531	645
330	579
463	690
475	483
365	399
323	355
185	461
335	581
222	281
93	647
495	660
287	327
389	589
231	459
124	739
213	727
184	316
36	693
116	652
102	152
117	647
31	191
214	749
69	170
429	447
462	563
572	683
120	407
443	480
593	656
235	631
94	680
231	666
195	465
321	390
112	750
360	741
163	527
159	649
111	457
80	479
389	773
721	767
16	291
655	705
76	189
50	373
227	647
566	770
313	543
33	111
0	661
57	620
581	631
471	630
100	288
325	372
310	609
330	717
237	317
200	259
418	481
46	218
232	614
488	650
193	635
82	97
296	370
253	760
65	455
110	737
17	496
234	661
411	697
52	728
36	541
336	792
299	753
621	799
167	735
138	493
637	779
232	766
168	585
16	739
37	238
195	298
631	744
229	439
70	600
75	518
292	745
432	798
221	256
60	639
285	720
755	784
196	257
11	263
67	751
430	705
257	773
459	559
412	528
54	494
336	637
170	423
47	789
480	687
96	736
157	469
565	777
112	327
476	776
242	514
101	313
354	480
410	478
67	616
444	772
481	656
284	509
114	210
627	652
153	200
127	256
364	670
186	792
513	713
184	772
590	696
221	684
579	799
184	586
466	551
96	370
457	592
466	554
143	147
228	660
332	369
96	689
353	762
33	94
130	724
218	237
93	417
224	268
276	692
295	532
234	529
48	106
34	691
410	753
322	481
462	662
638	764
35	363
432	590
575	673
94	434
525	716
250	422
282	722
641	762
546	778
256	273
538	771
65	735
47	431
61	641
545	783
573	781
37	614
163	177
255	751
201	730
30	190
121	749
180	615
95	608
484	587
397	541
210	577
434	475
269	494
161	475
37	39
171	587
11	142
19	420
280	453
115	334
367	458
121	629
243	704
311	763
143	731
69	141
281	481
233	253
249	636
151	377
175	206
511	700
126	194
639	659
35	601
567	750
81	349
682	786
537	704
147	325
613	695
144	382
364	675
357	606
428	535
470	721
682	717
245	252
540	607
374	583
136	733
384	712
106	489
20	787
244	787
441	563
302	718
73	589
31	620
190	764
121	485
120	254
23	56
234	278
242	254
8	743
69	509
347	391
44	253
68	561
472	492
58	169
524	598
462	596
27	745
41	533
493	587
323	750
68	172
379	716
184	764
56	690
230	394
116	773
60	510
9	688
12	125
429	701
49	767
393	529
412	509
250	394
62	256
662	786
417	583
161	301
233	544
532	742
348	635
412	531
153	373
26	682
489	636
198	576
216	275
308	446
355	582
118	603
50	582
464	546
94	350
108	285
276	788
206	795
30	145
312	586
269	701
126	508
52	315
116	154
367	669
312	526
130	612
469	643
302	742
380	681
100	566
62	461
383	552
5	266
529	798
653	766
186	587
525	650
178	718
44	77
49	57
368	700
203	700
327	395
150	470
151	385
147	425
93	497
177	624
284	296
190	241
67	255
210	742
158	690
232	326
306	463
324	793
432	460
111	245
522	750
168	668
351	728
638	715
106	355
72	631
10	125
434	622
103	403
437	649
447	501
233	659
361	661
366	643
100	722
141	205
501	506
67	799
315	426
525	582
48	689
570	703
95	209
170	722
61	295
693	708
66	518
151	749
244	624
700	772
55	254
537	545
171	702
109	379
204	401
7	95
104	399
321	713
35	703
610	746
101	105
34	599
18	144
542	786
186	494
143	435
295	337
60	655
417	542
43	677
66	597
188	604
305	565
2	297
75	714
404	503
176	541
384	533
9	563
84	387
271	626
314	533
71	400
52	498
74	799
181	411
155	434
146	753
187	301
117	669
263	376
412	437
304	782
500	531
513	746
393	682
133	386
274	300
442	753
183	236
3	58
419	734
55	701
274	587
276	349
207	650
79	682
712	716
162	211
421	769
441	783
291	470
467	769
395	574
37	518
442	736
166	687
405	487
522	733
76	755
65	540
227	754
390	599
89	116
508	559
460	574
59	146
88	621
371	522
79	344
4	459
63	452
577	615
160	378
505	617
298	440
187	774
49	336
216	508
447	731
55	115
508	596
27	401
0	796
129	142
63	433
12	458
640	688
28	207
278	372
309	486
125	572
76	649
11	498
453	764
431	585
471	712
7	34
416	615
64	457
634	768
90	716
436	663
428	758
436	668
154	401
197	608
283	766
73	798
174	252
371	697
448	477
291	640
120	279
466	732
515	663
292	317
157	267
241	329
128	408
41	84
176	263
10	717
11	15
256	752
230	505
297	483
219	679
42	352
305	365
504	737
201	257
396	751
200	486
101	437
313	401
241	412
330	635
17	472
165	240
22	146
615	717
78	429
263	439
291	651
103	355
581	635
246	344
140	306
307	573
49	628
225	333
254	791
367	478
318	533
302	308
216	558
439	524
65	271
293	388
273	566
161	493
320	411
178	462
58	492
435	725
195	559
137	149
452	745
266	350
284	497
297	494
77	87
91	517
344	490
3	56
53	248
94	512
683	759
53	547
545	583
258	490
259	565
498	768
696	727
479	623
523	643
165	585
530	711
254	682
191	268
8	230
380	445
80	359
205	607
509	783
138	787
375	476
179	669
294	666
46	739
68	274
426	614
153	774
109	399
131	683
394	471
422	562
30	163
99	681
145	354
256	503
117	424
234	335
209	481
90	403
433	455
209	729
81	593
141	762
123	564
52	585
384	721
558	592
190	411
56	502
140	258
157	259
164	173
516	627
338	480
651	687
289	428
48	164
165	552
124	212
72	599
174	490
413	629
581	642
17	227
404	512
279	372
246	393
321	789
235	683
478	772
34	749
278	758
319	614
144	650
8	137
265	366
474	653
319	499
297	748
227	795
6	641
92	211
310	682
312	397
101	266
575	742
312	405
408	542
435	589
243	429
402	446
180	786
459	511
139	503
136	589
133	192
251	411
105	354
386	420
511	769
229	266
496	708
493	509
406	522
53	452
613	657
394	663
363	703
435	701
288	484
145	474
456	791
347	729
75	479
499	558
355	728
81	714
65	308
375	609
0	154
471	771
245	374
66	225
318	334
78	241
368	641
583	649
436	625
75	364
558	789
177	439
83	126
23	755
121	518
667	726
381	637
395	465
404	644
119	247
46	790
141	479
420	544
308	711
324	748
74	557
230	362
16	228
293	436
48	357
441	656
111	702
85	390
212	293
642	689
25	736
299	479
6	428
307	768
113	452
103	550
97	583
9	99
184	314
202	289
209	722
150	799
423	575
722	771
143	620
64	758
77	634
486	722
529	597
119	121
22	731
62	388
40	112
544	735
341	583
20	108
396	736
44	338
422	438
121	125
442	502
250	645
398	500
53	148
331	521
319	791
139	622
146	326
249	616
223	239
63	330
132	696
351	766
190	272
311	318
99	363
19	536
98	286
429	626
175	592
103	481
95	769
69	315
92	132
110	512
136	421
27	502
102	309
402	737
79	721
91	748
58	187
144	504
45	287
473	760
510	725
138	593
389	481
367	548
723	741
727	799
97	364
333	580
510	613
145	184
560	795
574	709
90	739
338	718
412	664
315	544
430	472
185	235
231	259
620	779
298	376
627	641
395	654
734	742
181	781
7	209
264	744
545	673
228	526
242	332
468	764
42	692
508	649
195	624
511	668
90	391
508	715
126	289
589	669
162	207
226	480
146	371
76	135
594	766
392	530
12	410
341	533
473	611
27	724
621	722
396	499
357	779
392	791
62	71
622	685
99	125
459	664
40	645
263	639
398	528
178	477
353	455
242	432
81	649
121	443
175	337
290	460
432	620
222	258
160	383
50	659
19	470
316	383
96	263
52	395
197	736
201	770
54	514
31	143
229	392
490	708
3	747
12	276
574	797
580	768
86	237
437	528
378	586
322	647
247	705
358	631
362	761
549	682
248	558
745	775
272	451
71	476
470	567
372	596
444	485
498	666
112	629
483	489
141	295
109	352
592	599
196	312
179	576
510	649
342	366
16	456
527	742
622	735
132	437
84	348
179	348
271	508
240	644
41	636
317	686
600	621
193	667
665	759
117	352
137	758
239	336
47	244
524	656
408	639
0	421
50	247
242	596
597	660
496	647
138	739
341	389
149	630
387	528
31	244
403	476
123	289
174	654
20	413
281	620
318	522
387	482
336	697
594	678
173	511
476	713
696	729
203	228
578	763
89	219
265	720
41	771
262	738
365	532
398	572
666	788
368	581
394	655
233	647
222	339
272	758
317	654
477	685
751	767
523	608
262	568
92	209
181	581
391	451
51	559
572	653
93	651
269	692
224	689
414	748
3	588
170	284
391	439
646	751
503	778
65	143
708	789
507	593
365	510
32	623
633	662
327	649
755	772
206	227
221	233
397	719
405	503
81	141
521	698
165	544
630	661
152	387
402	563
341	459
418	464
217	527
555	670
111	299
270	397
114	274
39	736
284	451
174	525
218	332
762	791
498	643
302	536
106	442
520	528
514	645
130	519
503	583
336	443
125	404
476	718
324	710
608	725
156	602
683	789
462	526
374	595
233	506
7	260
679	767
170	537
132	530
105	381
324	785
290	509
381	626
205	796
291	341
625	672
78	376
209	600
41	201
427	641
278	793
20	289
104	640
680	758
525	558
66	567
542	794
469	538
278	450
63	254
388	633
162	229
217	469
80	436
342	665
322	358
515	606
636	723
23	264
716	771
364	392
16	233
641	732
522	715
13	661
372	486
52	128
374	539
80	437
475	524
32	298
293	655
269	453
8	744
264	508
337	445
521	528
6	472
607	767
500	563
428	667
202	306
619	681
456	604
168	606
3	9
25	324
623	699
512	697
119	729
117	375
40	587
388	670
211	590
90	791
422	534
36	250
446	539
256	500
94	220
50	148
544	651
537	773
24	341
420	644
164	302
98	342
89	365
646	756
567	760
118	601
275	523
245	565
153	629
124	686
181	423
246	677
342	625
430	702
535	752
275	668
533	696
276	638
646	761
499	589
636	788
502	640
758	779
514	515
570	575
518	519
205	375
335	742
205	674
12	703
339	717
150	712
278	576
613	726
553	762
492	735
513	586
315	526
263	438
168	637
421	711
387	599
28	536
152	792
63	558
163	782
307	347
133	711
130	673
46	476
454	774
270	453
519	627
633	712
226	456
169	342
32	352
119	403
316	743
430	758
76	174
312	768
229	645
372	733
157	304
62	730
64	496
173	644
62	150
36	273
333	790
459	579
543	590
124	792
184	658
381	653
526	737
174	457
265	579
403	499
605	782
121	516
556	765
503	774
379	438
333	656
554	691
177	535
248	532
560	673
152	674
488	635
541	778
491	705
666	744
441	670
450	494
590	671
184	406
398	571
2	241
286	531
255	518
30	277
17	615
330	471
115	375
62	526
176	304
50	624
550	664
359	416
29	75
138	555
25	67
539	633
123	753
109	746
472	485
373	679
144	305
231	633
50	515
340	689
483	726
134	384
172	549
42	299
495	625
53	740
148	620
505	560
609	770
524	539
295	354
196	728
420	481
300	491
213	379
86	463
162	744
129	750
544	788
152	448
668	786
194	655
553	712
255	322
212	505
397	587
480	513
268	771
67	632
305	781
239	293
306	562
234	738
322	758
213	298
87	432
452	487
209	261
638	651
69	656
22	206
387	738
710	726
657	728
105	627
655	671
180	487
153	673
0	21
279	670
169	447
309	711
633	725
108	658
327	533
47	301
43	468
69	157
296	746
455	510
216	424
116	680
158	765
161	638
665	742
186	359
22	594
66	203
361	678
573	676
244	786
237	672
617	749
85	500
250	706
54	68
597	648
162	513
192	237
598	693
202	441
146	417
502	675
60	759
72	575
122	703
384	509
153	488
81	306
154	313
1	591
250	678
31	750
124	190
26	334
309	353
17	101
111	307
491	742
188	267
245	312
319	702
324	438
519	617
169	275
435	451
13	156
30	593
159	392
502	707
103	604
105	206
51	575
150	433
187	398
481	702
501	517
219	745
242	258
265	553
298	687
132	552
38	471
579	635
199	734
211	516
378	447
370	726
290	748
417	762
200	495
147	289
506	651
295	673
36	223
148	716
138	776
143	284
19	241
136	766
14	398
435	699
331	693
511	768
512	547
309	575
56	670
202	276
267	444
11	437
226	286
443	564
682	759
595	666
96	152
573	675
97	420
7	237
83	734
463	602
585	611
302	525
124	633
396	555
714	729
127	484
211	231
80	522
400	664
262	456
669	741
677	788
307	432
587	792
78	630
74	780
30	123
397	499
758	795
16	381
104	739
574	707
528	777
183	642
221	409
264	728
153	653
190	434
471	667
39	680
72	728
55	781
154	762
91	130
126	331
13	309
20	666
485	754
369	516
445	592
59	714
723	783
111	178
694	738
302	477
110	405
294	484
74	235
58	750
241	774
88	533
179	403
259	695
135	550
107	665
442	652
38	272
326	425
445	776
33	173
414	659
332	441
295	506
549	623
300	784
240	417
490	765
561	695
522	536
170	234
186	518
382	698
140	190
71	799
331	648
204	672
281	384
103	120
280	488
253	556
448	495
453	461
270	473
502	762
172	219
577	780
339	590
40	726
217	769
467	553
222	677
108	127
484	566
322	421
452	572
229	743
172	462
420	554
317	552
464	771
1	433
168	726
60	752
186	355
322	651
109	435
248	597
97	724
151	545
275	546
765	789
109	722
30	733
306	760
78	125
444	542
225	686
141	656
266	769
106	228
513	682
176	599
16	281
155	169
116	462
706	762
289	787
4	442
237	785
56	565
610	662
299	401
25	628
176	791
325	536
163	436
185	506
394	747
555	571
172	668
18	160
42	78
449	467
78	147
193	231
461	647
58	202
596	669
189	339
575	582
64	362
404	494
199	343
707	768
107	530
220	289
122	329
4	480
97	300
94	260
452	461
130	149
185	267
266	551
270	705
175	732
110	796
331	571
428	662
83	629
372	466
249	318
469	537
526	742
243	481
478	665
139	452
57	341
383	691
575	598
194	735
364	647
260	691
159	316
142	779
207	752
207	552
362	711
197	419
674	705
87	524
247	354
316	769
219	662
586	764
444	727
475	518
3	499
501	561
63	570
689	746
432	684
221	653
535	555
75	320
178	436
106	295
398	435
361	583
667	796
190	536
355	481
176	245
22	341
182	668
218	733
280	391
413	733
80	519
413	708
135	519
52	389
2	437
319	358
699	712
81	137
331	626
472	520
322	324
404	725
26	470
295	726
214	569
57	604
437	499
513	553
470	795
7	453
419	795
202	513
503	730
281	599
426	789
127	347
433	440
5	373
9	783
202	451
202	395
182	679
62	527
80	710
27	524
238	475
457	538
489	633
64	307
643	774
588	781
218	289
98	769
92	459
523	541
601	720
144	498
166	736
277	341
147	760
299	489
426	507
221	593
276	396
241	585
311	458
434	564
189	197
377	471
290	590
122	673
149	401
534	633
223	649
107	138
130	542
151	759
463	585
52	194
85	295
220	768
238	319
522	564
133	415
363	571
657	668
238	440
203	212
122	347
709	727
369	790
293	392
347	435
41	402
221	342
96	366
81	705
208	246
256	664
429	558
13	401
343	413
487	604
385	488
233	482
173	589
345	352
153	690
168	485
262	384
368	525
533	666
12	136
131	642
129	782
498	619
338	350
25	390
375	497
262	728
214	753
419	725
393	760
9	456
79	658
192	752
193	778
71	527
266	785
284	582
79	328
626	627
454	558
225	613
506	596
51	66
140	504
594	735
416	568
651	781
205	341
62	467
499	772
114	714
228	569
1	18
401	602
246	403
213	653
44	340
295	358
688	791
247	578
259	599
475	699
355	373
365	381
46	531
109	555
359	688
235	584
667	696
224	321
394	727
118	443
251	555
730	772
356	423
73	694
52	248
135	555
697	718
169	775
133	597
506	683
227	543
115	290
714	781
346	409
451	772
70	213
109	449
312	478
104	210
351	589
74	183
0	295
338	493
158	461
332	453
25	798
113	258
5	438
52	326
2	277
182	601
769	790
158	756
105	199
349	750
159	442
673	686
193	488
309	355
181	192
404	781
89	334
123	743
85	456
37	492
74	156
406	576
43	274
71	483
251	392
43	268
401	717
287	496
14	293
18	275
84	459
333	446
177	279
343	507
400	454
172	556
214	506
200	637
207	350
326	609
118	415
295	331
332	523
314	354
97	361
154	344
138	378
379	385
391	725
85	768
137	183
471	750
363	395
107	155
61	599
62	405
225	253
43	165
27	358
524	592
500	672
187	603
399	571
38	332
369	646
56	98
342	371
192	549
393	440
169	752
334	616
200	377
176	568
158	430
150	783
461	541
245	330
48	664
669	713
403	627
387	461
19	457
186	332
261	268
36	613
128	534
131	392
393	414
425	709
39	313
171	271
339	589
38	442
597	649
377	666
137	228
49	207
139	358
153	440
93	162
112	373
176	614
114	314
642	732
269	504
49	692
85	548
562	771
334	774
28	408
54	305
163	671
15	687
516	655
22	395
175	249
205	480
403	764
311	377
389	634
34	358
409	504
368	425
188	612
495	769
227	380
584	593
711	757
306	592
406	674
248	503
0	739
106	176
253	670
20	476
606	739
140	193
356	666
51	576
547	599
93	380
64	164
242	481
60	201
326	756
19	511
267	512
449	611
174	642
128	644
241	457
302	509
90	488
232	533
181	326
525	659
307	388
126	320
208	719
215	344
49	465
386	499
184	617
551	731
493	688
440	638
515	558
430	558
82	786
418	498
296	535
472	512
468	594
271	545
723	773
217	256
101	135
714	717
110	438
235	240
13	364
297	746
82	437
625	705
335	537
280	392
536	605
205	455
453	560
260	360
166	555
576	666
380	639
209	497
103	328
392	464
205	386
513	533
245	644
162	350
380	396
503	738
68	364
311	448
52	193
155	377
76	665
18	502
221	662
9	85
316	500
9	186
118	737
157	681
218	268
672	783
328	665
432	560
256	683
176	251
300	460
469	527
303	424
380	627
337	619
199	309
611	709
248	489
14	676
368	749
411	793
30	81
613	663
56	605
439	566
390	609
107	719
119	249
347	516
115	508
36	608
307	766
440	731
43	673
299	778
431	717
411	564
223	319
424	502
297	485
554	680
470	586
53	631
328	472
206	588
196	679
390	551
156	429
167	185
83	158
47	728
148	328
169	654
22	494
256	731
626	754
189	278
26	725
181	374
39	230
258	540
282	287
754	797
275	393
174	757
244	308
633	774
400	740
30	712
394	431
330	452
107	390
70	354
149	246
250	340
363	666
642	754
170	440
262	443
104	303
690	725
19	68
165	214
150	444
38	400
488	551
81	795
13	252
237	671
142	474
196	408
363	378
465	704
275	587
535	537
177	482
151	209
221	329
49	732
73	780
124	631
230	430
331	771
210	443
636	751
8	528
165	457
262	498
252	494
337	657
712	742
14	629
581	639
52	138
147	306
128	230
335	775
244	794
232	293
528	591
122	151
334	398
63	437
447	696
485	714
125	210
94	708
365	546
249	431
212	436
223	637
87	275
141	160
197	640
507	520
192	610
366	705
375	456
535	603
7	392
376	702
431	543
327	766
125	232
60	463
532	686
100	172
390	654
436	637
14	444
262	668
334	539
376	750
583	648
108	126
91	335
16	181
90	445
169	584
40	244
443	747
77	471
214	708
143	495
33	506
153	796
459	764
447	654
85	637
576	611
172	681
147	462
418	564
623	660
261	663
136	228
485	619
35	676
42	104
65	478
312	552
628	651
280	784
535	784
265	766
78	581
425	672
532	758
2	93
314	559
141	641
225	574
102	125
403	638
64	593
75	400
120	295
22	230
436	539
181	235
651	749
103	504
94	418
186	640
129	384
131	656
2	792
42	389
308	570
196	712
594	631
232	763
50	508
322	474
175	653
166	301
582	611
382	689
110	780
205	368
508	553
163	715
375	559
259	562
129	514
459	627
488	665
590	770
112	787
393	728
530	532
246	292
169	725
434	639
330	549
418	543
757	789
714	768
43	545
571	751
235	276
183	569
29	668
132	563
675	733
207	792
35	232
70	618
31	94
609	629
692	714
64	266
281	740
17	243
104	127
318	711
249	555
297	390
282	317
242	782
276	353
77	390
256	769
380	731
74	673
85	660
497	507
177	747
507	644
579	674
61	613
361	474
279	721
412	615
320	634
449	660
458	765
195	780
439	466
584	714
275	717
120	778
349	764
352	587
117	702
25	335
63	419
417	633
373	542
399	521
344	705
352	790
318	756
63	194
462	734
50	673
299	560
259	436
415	438
95	644
419	781
538	752
7	369
102	794
240	261
108	141
87	261
152	328
350	438
577	719
196	789
82	442
79	258
87	161
288	593
134	181
407	663
165	530
178	786
292	511
451	646
248	564
589	770
17	479
663	671
173	765
82	604
128	606
464	731
31	360
179	527
364	530
166	413
238	522
251	600
117	598
266	642
43	93
229	342
749	772
643	690
173	337
249	575
122	314
511	743
207	209
14	82
501	512
31	677
80	539
344	655
55	509
422	713
106	179
183	514
168	482
92	714
22	57
47	149
425	631
110	132
73	260
615	647
53	542
139	716
19	708
12	15
432	479
378	399
599	619
224	256
594	784
477	533
436	660
771	797
161	211
104	601
85	105
413	524
252	404
95	479
354	375
332	343
47	755
198	296
297	449
102	409
444	645
251	578
377	653
34	244
396	757
228	431
510	770
263	532
350	660
3	398
113	468
125	165
46	403
331	458
183	681
168	430
141	358
365	719
599	639
417	511
327	328
122	738
470	788
108	345
286	501
116	564
112	456
136	445
303	781
670	753
163	285
113	208
303	717
111	570
146	217
350	409
134	366
483	496
317	447
7	325
391	694
194	230
209	212
373	760
336	740
225	689
647	652
429	725
419	560
361	653
146	155
45	450
277	798
482	660
351	571
135	685
206	664
9	583
252	412
352	620
604	735
184	517
512	615
142	303
153	509
304	592
328	425
239	451
318	427
118	255
709	798
351	670
459	762
141	395
353	367
585	661
207	583
410	669
78	529
23	729
269	530
20	101
177	708
27	684
697	715
293	480
48	546
107	430
129	225
84	167
108	389
202	586
145	449
231	496
234	256
101	637
162	522
559	773
20	478
323	616
376	744
307	401
352	696
116	573
445	799
399	747
54	722
52	736
80	155
207	692
691	758
423	519
564	639
166	416
20	429
26	285
139	670
242	412
205	754
121	596
612	777
371	633
61	443
425	528
45	451
151	765
275	408
265	515
66	631
83	749
76	525
208	444
74	513
49	297
195	330
281	436
309	544
228	786
61	501
440	670
239	563
317	500
140	611
204	358
712	779
488	793
331	602
508	619
604	765
290	625
141	482
10	467
346	718
121	182
227	392
352	728
388	658
110	494
660	689
463	706
270	294
146	505
123	224
637	697
311	449
293	393
379	574
163	673
142	318
201	264
80	88
63	633
186	189
661	712
214	340
345	654
211	358
61	386
636	779
330	584
591	786
44	663
191	772
17	426
74	492
32	80
53	84
204	350
353	399
85	610
156	482
102	234
107	183
21	245
15	694
66	90
225	671
3	177
422	664
652	778
483	753
177	363
124	583
226	677
52	341
245	274
635	751
461	578
358	765
77	455
297	319
12	63
201	538
127	257
316	430
308	451
279	302
581	701
326	759
395	508
16	755
26	117
762	780
352	626
319	727
9	415
301	685
225	512
167	668
154	537
425	566
250	515
197	267
260	797
723	738
8	609
459	638
30	775
259	419
297	670
600	773
264	470
56	348
38	204
215	230
561	626
61	542
121	330
27	307
132	594
425	516
192	682
280	406
299	557
97	734
47	688
527	610
172	742
309	498
432	580
526	660
346	504
147	793
269	501
201	700
158	353
162	624
2	417
124	194
156	228
643	788
182	656
158	620
71	174
307	360
469	487
384	707
89	737
88	314
131	526
461	722
276	565
17	767
266	736
362	453
122	317
596	724
317	621
321	385
32	787
353	674
593	639
517	636
407	758
156	237
332	524
235	744
138	288
171	341
241	359
532	549
81	86
26	489
194	207
459	603
421	467
182	242
136	460
129	735
168	421
228	749
185	353
36	280
119	419
283	746
112	451
225	651
95	270
255	585
619	642
412	584
728	795
44	461
595	608
510	720
351	406
393	681
89	273
15	453
347	409
349	749
219	698
391	533
82	480
258	721
535	601
94	104
333	447
5	473
1	342
248	438
260	274
176	676
375	519
283	531
176	632
30	254
119	353
90	448
63	496
596	774
126	660
99	481
220	253
301	512
254	344
456	560
174	191
290	493
495	700
15	656
607	783
3	308
474	665
282	773
538	643
272	456
222	716
729	765
373	640
354	606
749	798
396	600
256	462
392	627
61	751
96	544
402	555
606	690
198	217
472	712
123	469
98	574
181	796
326	719
12	169
269	608
44	608
57	282
88	311
613	626
352	521
23	791
60	259
134	172
255	345
66	685
157	769
459	491
39	109
390	775
557	709
38	123
550	622
237	441
9	219
109	549
135	688
599	712
49	374
490	499
142	417
423	692
4	197
421	527
232	767
275	709
205	678
524	599
227	772
268	520
498	761
578	753
400	707
735	742
510	694
273	376
304	601
416	570
273	565
86	177
617	736
161	230
284	555
183	637
320	742
281	362
37	690
205	572
336	674
1	17
9	323
474	494
118	325
580	704
94	720
190	307
185	779
317	556
288	509
435	745
315	419
436	560
278	769
35	239
370	379
131	407
553	585
277	528
255	404
206	383
231	684
75	456
189	458
165	386
772	781
420	753
313	549
251	628
345	517
114	237
186	684
468	758
85	370
24	299
135	357
392	491
634	668
67	330
7	658
10	799
276	574
86	112
407	439
540	549
204	304
162	785
446	783
180	441
214	605
557	680
165	206
271	751
66	716
780	796
696	734
506	770
449	709
335	408
166	771
517	620
278	726
151	557
103	343
294	344
308	408
55	507
101	762
445	582
653	710
20	617
257	437
36	789
284	328
261	640
336	521
441	682
244	759
339	698
20	320
317	656
24	539
185	642
103	413
684	774
448	631
328	637
120	447
209	457
86	281
34	249
98	382
522	617
91	524
328	483
669	756
150	306
22	487
288	705
363	758
527	637
116	716
237	522
357	540
567	662
496	571
249	706
316	621
397	642
99	158
1	769
238	518
76	87
498	744
126	587
180	551
626	673
289	492
103	321
269	452
80	152
227	426
41	748
166	257
220	551
67	546
202	341
10	220
57	267
313	424
108	266
453	596
97	451
152	302
738	799
301	438
390	406
194	564
177	370
235	632
223	798
538	597
99	414
469	737
40	367
264	451
132	592
739	752
67	146
115	795
578	604
45	402
138	695
201	366
375	413
295	304
191	543
495	684
462	584
190	276
565	648
176	208
709	794
66	723
71	418
178	377
438	625
34	255
509	518
220	479
565	778
231	559
242	573
341	568
14	777
28	305
221	523
369	679
447	571
127	349
185	655
566	763
88	182
461	744
540	648
341	562
28	507
590	694
602	658
352	741
286	310
642	659
33	108
43	394
218	420
264	422
380	532
174	555
326	391
296	583
283	768
408	569
305	548
25	607
29	208
139	207
317	359
179	782
134	350
288	555
153	650
328	634
35	501
309	548
358	789
199	708
124	580
360	682
409	790
175	572
173	381
616	797
141	336
116	566
23	174
353	693
64	641
288	752
35	662
440	532
378	663
125	130
381	621
217	267
497	621
124	255
67	122
583	756
543	649
329	414
94	495
495	736
92	789
206	346
312	431
37	575
382	422
51	64
4	185
6	53
121	722
177	775
180	582
189	790
85	700
342	624
283	333
587	690
198	634
780	793
45	737
339	413
31	370
407	574
37	631
237	539
384	664
549	688
373	393
284	771
638	765
171	756
37	390
377	734
188	415
341	723
110	624
13	560
40	413
336	714
357	543
152	541
202	379
439	669
163	646
55	755
251	648
352	465
200	364
646	737
309	494
455	546
314	329
102	361
457	571
395	482
332	651
137	669
631	748
255	462
462	475
161	292
237	586
510	534
385	645
42	714
146	759
156	509
214	458
213	311
292	457
86	642
496	722
10	413
592	658
256	532
311	472
101	602
381	438
53	698
56	720
423	536
289	759
242	628
26	184
371	479
28	388
144	402
144	439
210	406
358	766
86	681
572	773
231	772
17	714
18	644
698	730
265	571
263	560
239	427
137	230
563	769
216	334
16	399
499	522
117	133
427	485
292	427
6	610
54	667
6	503
258	723
309	541
514	687
491	708
338	386
168	195
364	534
32	495
16	241
270	576
133	140
422	668
590	780
359	512
64	689
389	767
174	364
239	589
171	588
766	783
453	459
119	248
355	521
278	437
516	582
332	338
324	634
670	688
17	125
325	738
390	650
128	668
283	391
263	695
82	628
484	631
600	620
227	660
411	546
39	421
11	165
628	781
24	440
625	699
411	580
265	318
218	472
358	749
421	511
558	737
76	363
21	609
6	42
496	525
281	757
35	357
10	323
120	503
178	779
49	194
218	681
336	720
15	479
102	444
205	459
519	704
84	365
488	592
301	797
277	514
9	298
6	690
99	115
258	573
254	674
247	646
459	744
235	799
394	659
475	582
161	340
391	471
50	168
127	281
54	790
321	670
48	600
93	759
553	764
532	695
270	448
306	431
417	613
292	312
622	711
39	45
122	177
467	522
127	142
436	634
388	423
554	633
30	566
313	695
90	527
312	618
56	638
697	794
143	450
97	783
132	778
426	673
414	555
384	735
197	748
203	572
659	769
378	418
669	723
186	633
291	655
196	654
141	681
357	720
190	191
310	784
354	556
128	149
22	407
21	164
401	458
321	591
17	482
645	647
113	174
487	698
59	164
177	325
131	532
568	714
169	434
256	557
386	730
485	514
297	614
50	564
358	637
343	520
186	420
468	534
294	342
196	498
101	736
501	529
51	384
76	551
33	737
245	331
104	779
151	197
182	658
471	770
360	792
635	755
174	224
119	260
499	692
59	388
6	437
565	748
133	698
271	666
7	270
174	604
575	626
67	235
240	732
173	552
436	711
126	788
320	567
506	693
459	634
629	664
324	692
280	487
64	201
12	377
309	324
507	621
496	593
304	522
345	612
564	777
329	515
141	217
28	584
21	631
187	344
275	287
490	735
185	514
220	539
26	791
553	710
42	141
102	326
218	527
418	682
28	631
241	529
508	738
366	673
2	675
356	736
100	148
157	440
25	378
236	626
259	728
102	783
575	606
318	392
301	371
560	690
531	782
288	406
212	338
196	281
605	716
288	753
21	588
429	631
20	618
229	708
52	399
96	389
171	463
482	719
143	608
20	265
344	683
91	139
177	542
401	583
1	638
183	206
224	651
192	547
431	662
458	692
115	171
107	235
445	790
165	614
93	129
505	689
320	727
501	565
43	381
117	277
412	777
274	383
658	799
109	721
283	565
141	317
14	251
441	491
712	735
504	710
584	609
483	584
219	730
23	573
170	175
637	783
201	734
681	712
288	432
11	317
158	644
321	404
50	239
393	499
244	466
93	701
51	551
303	661
25	601
123	544
71	129
15	677
75	498
370	440
79	641
108	211
124	512
133	594
5	784
257	466
275	718
129	396
128	728
247	257
426	429
45	643
658	677
397	670
176	453
146	549
290	557
610	667
134	675
119	712
331	565
150	282
214	280
88	703
528	691
297	504
236	241
547	646
241	252
4	613
149	564
158	543
223	285
32	162
40	302
89	98
80	732
223	565
57	216
498	583
164	640
320	774
52	407
205	543
333	354
52	779
246	676
549	788
12	293
4	567
492	549
317	449
115	439
12	555
639	671
41	489
166	659
111	509
18	508
254	496
348	473
150	695
200	542
65	418
462	677
342	789
245	532
93	672
53	305
190	657
505	510
14	539
20	132
339	626
355	647
71	196
86	189
223	634
20	657
111	333
208	410
236	296
137	236
572	665
329	745
704	756
336	616
251	590
683	715
557	621
110	531
59	732
495	636
550	625
334	500
20	317
181	283
514	568
579	652
440	489
531	789
463	797
243	768
144	416
79	477
0	20
478	792
422	445
64	787
302	324
358	729
296	688
48	608
46	183
119	215
161	586
86	668
306	758
103	728
21	95
81	209
415	720
41	387
291	548
305	730
317	336
79	794
250	507
192	460
62	689
239	409
577	776
255	551
14	786
669	729
77	381
603	760
370	627
48	426
564	649
163	326
205	788
202	272
110	308
496	749
34	559
249	702
211	545
24	165
196	714
426	676
188	592
46	549
380	562
62	697
497	779
420	579
448	645
446	618
67	791
501	522
56	409
516	769
123	563
237	634
46	722
250	663
351	733
163	446
363	722
30	224
237	302
32	269
287	460
303	687
44	297
157	691
408	540
541	598
315	617
154	747
129	177
673	709
200	239
19	687
693	771
182	648
104	694
386	796
670	792
325	696
603	622
448	587
84	389
569	746
40	127
449	713
1	358
347	741
607	677
215	754
290	418
93	250
156	311
118	189
324	661
250	528
459	555
427	770
13	662
690	724
19	331
10	384
390	742
193	665
148	190
167	339
91	146
599	636
270	422
688	795
643	656
146	527
44	536
277	660
207	766
741	772
193	411
59	604
680	762
317	563
513	593
459	717
160	345
81	613
259	312
268	671
460	646
24	30
194	451
15	793
703	778
100	452
108	782
332	762
254	793
242	430
453	541
437	642
459	552
556	675
313	485
566	595
521	578
407	488
144	256
190	487
186	244
487	755
526	642
124	264
603	615
107	652
79	607
380	758
439	672
706	757
84	200
271	523
434	581
59	67
613	655
53	354
451	566
406	566
43	311
93	208
208	700
280	446
201	455
18	406
25	195
85	618
203	745
168	619
513	551
285	597
246	514
232	336
241	504
24	443
193	517
131	279
249	384
167	287
132	576
43	507
49	375
353	401
614	744
120	685
163	528
469	599
45	391
593	715
232	373
124	592
109	274
261	558
266	781
166	192
342	744
207	703
79	320
118	789
267	306
161	331
54	634
102	291
102	222
278	496
153	327
50	150
103	624
230	399
331	404
177	572
387	743
313	596
206	235
321	730
22	575
43	312
419	709
166	761
513	757
492	745
408	511
191	470
290	695
520	651
427	551
185	539
291	534
360	491
311	326
206	301
110	244
648	667
444	578
610	645
36	722
77	316
203	591
332	546
572	692
40	218
523	737
574	626
309	360
56	123
543	582
45	449
171	461
28	304
34	120
100	347
323	627
489	554
253	736
141	234
438	686
345	692
359	694
131	615
99	655
267	332
21	783
69	286
42	475
535	724
244	579
531	568
419	479
132	253
325	435
56	559
134	387
78	127
41	156
266	430
579	626
128	796
436	515
305	617
609	765
88	226
138	668
447	521
456	593
167	199
389	414
223	662
311	765
205	269
513	730
9	692
125	192
479	601
352	396
114	296
133	397
278	587
250	402
513	784
85	476
195	724
453	627
158	514
530	697
40	432
302	544
522	537
131	398
55	326
337	734
207	675
642	714
419	634
374	378
483	543
52	720
69	613
545	776
205	373
324	695
277	669
52	724
665	740
335	769
193	349
87	613
391	470
50	173
43	233
59	338
240	629
22	103
457	590
82	590
57	667
202	565
119	749
139	426
363	635
166	780
45	583
127	684
34	467
585	728
492	658
598	707
631	730
131	307
403	449
69	272
281	340
272	339
129	339
279	728
201	653
202	458
213	730
155	435
67	143
283	403
293	378
202	218
198	307
405	714
222	553
639	677
588	797
513	619
134	762
614	760
102	566
290	717
208	212
127	540
151	433
79	179
149	753
482	704
249	486
279	450
443	539
316	754
30	487
311	362
225	280
157	291
409	731
675	778
768	769
456	562
90	564
14	529
14	473
37	152
414	538
422	464
282	645
131	294
399	547
245	442
271	359
35	628
135	275
263	475
109	203
228	312
249	464
13	436
8	131
268	320
299	562
256	339
4	207
366	510
228	415
210	765
176	331
8	372
375	546
260	339
530	569
80	701
506	715
387	420
225	418
220	427
372	784
147	186
169	762
50	438
264	300
184	258
101	607
383	495
691	697
427	462
519	532
227	526
407	651
501	699
128	507
142	249
95	771
49	178
37	524
292	765
475	640
299	517
193	422
250	369
482	785
549	750
343	686
184	630
668	756
26	263
64	426
146	477
40	264
496	542
72	302
278	600
127	400
620	702
41	664
323	391
441	716
342	519
253	453
109	620
10	222
216	665
197	326
234	617
163	449
98	421
371	374
85	178
155	173
241	621
358	609
471	491
75	336
291	686
29	749
3	714
513	768
166	754
703	789
147	762
449	536
264	635
51	496
214	718
337	494
67	642
33	175
611	681
319	589
439	654
219	441
276	460
10	393
289	748
75	562
174	360
43	762
77	784
23	356
135	661
422	645
54	608
63	185
218	487
94	790
59	125
302	606
221	250
299	735
222	736
438	558
416	672
309	568
146	695
172	473
251	689
333	517
519	720
434	718
638	692
96	590
492	700
396	696
212	657
429	612
201	647
327	603
43	542
255	680
126	227
89	204
149	295
160	633
249	590
606	758
416	752
1	650
364	520
420	499
65	458
237	389
128	612
76	670
654	700
104	406
256	673
232	663
153	684
362	416
221	742
603	774
294	397
301	514
44	144
177	360
586	700
622	693
75	275
350	362
36	136
326	656
534	541
32	301
168	517
149	640
504	781
61	789
135	611
329	653
386	511
577	633
722	743
78	120
325	725
197	255
612	751
104	565
427	639
211	368
570	633
559	678
0	66
238	263
22	771
431	665
99	219
149	535
596	740
55	500
720	746
187	701
541	588
197	398
606	654
525	567
157	532
556	721
629	692
95	447
299	667
166	772
506	604
62	265
187	452
483	597
581	722
388	630
342	529
283	454
355	578
580	620
211	666
732	798
140	560
191	381
12	296
55	671
128	398
412	594
163	670
333	662
34	45
453	494
138	231
283	400
38	643
188	340
85	684
61	725
179	692
9	163
473	559
266	786
616	741
404	657
71	720
288	454
131	344
120	256
36	90
128	681
419	621
608	700
411	653
34	538
272	434
38	255
425	562
136	170
58	334
717	758
373	549
273	581
345	378
392	442
74	731
201	299
117	730
348	687
184	702
1	176
258	739
121	583
55	110
260	268
442	512
146	559
80	179
169	517
11	260
531	632
576	767
526	533
15	210
276	705
83	468
142	731
245	563
323	336
236	273
691	699
543	699
112	325
172	540
356	735
45	346
140	156
414	455
62	113
153	356
423	492
482	781
94	637
194	353
160	409
327	438
178	372
47	176
43	143
222	581
451	491
75	584
263	748
388	489
144	704
296	498
212	584
456	737
129	701
213	441
363	412
184	771
242	443
275	304
64	646
177	185
370	503
225	522
715	761
220	468
438	742
291	591
509	524
323	553
93	432
623	689
345	639
347	375
355	506
241	428
60	693
156	717
193	293
21	28
500	562
5	264
238	749
28	597
742	745
642	764
182	413
183	778
662	705
478	623
473	587
271	293
281	528
623	655
229	368
605	618
298	305
344	471
496	540
287	621
47	570
593	620
537	579
121	265
512	790
5	588
33	709
9	340
112	430
78	251
93	169
355	649
175	654
159	772
16	483
226	375
511	584
86	706
264	505
136	708
50	413
741	791
225	799
17	599
413	709
516	733
43	721
89	178
687	732
696	763
257	796
45	386
722	765
131	152
360	575
251	626
232	616
45	656
307	646
358	626
637	784
681	723
479	785
211	297
118	190
191	452
307	340
521	657
136	534
298	316
3	251
279	283
322	426
272	282
205	504
538	635
308	384
190	283
83	295
306	571
156	739
108	496
236	620
343	648
115	261
330	397
246	607
220	688
441	776
255	426
456	766
48	516
15	464
182	762
562	743
346	471
553	643
88	392
27	189
476	538
366	596
181	188
205	363
35	370
54	443
349	632
316	679
307	387
175	701
263	332
215	777
314	570
156	653
71	92
624	776
439	797
300	577
60	751
87	519
81	167
345	752
294	561
432	706
54	559
61	485
318	568
619	769
384	685
241	765
276	745
404	626
626	688
117	127
126	192
206	295
241	677
707	790
358	547
238	283
391	556
31	635
283	372
189	614
287	723
106	689
698	758
204	253
171	717
7	387
24	442
58	553
380	386
97	337
492	584
595	797
480	693
21	23
518	622
577	676
52	403
120	597
590	604
51	614
8	722
92	747
31	142
226	310
403	543
443	655
492	639
788	798
225	427
174	656
648	715
30	750
372	688
114	247
478	782
256	395
65	594
158	398
428	433
92	529
462	730
17	791
205	665
524	613
80	389
0	692
374	791
288	772
253	425
74	484
254	472
366	492
372	510
452	472
265	560
302	335
346	458
261	536
4	481
433	633
255	424
224	286
47	275
404	679
149	330
150	594
510	724
634	783
239	545
268	308
351	662
165	673
519	688
133	355
550	705
339	526
286	560
70	149
139	663
653	701
293	461
161	183
257	726
89	454
261	766
102	690
104	596
227	245
615	728
240	447
527	548
495	499
610	750
22	559
447	695
389	442
60	455
261	794
504	548
102	303
527	589
8	658
33	55
303	753
372	421
322	370
271	425
474	767
224	325
189	331
690	773
630	703
337	430
71	296
281	724
220	600
111	481
112	438
351	689
396	707
75	387
145	475
55	321
324	561
296	482
333	402
433	736
591	635
307	713
221	274
75	434
731	770
341	493
127	475
448	790
457	466
225	758
150	234
384	469
142	483
266	549
415	717
479	581
264	532
368	649
160	462
408	766
339	667
205	548
371	593
242	375
102	390
165	522
21	578
141	201
189	481
535	675
410	656
57	571
310	591
158	411
106	756
392	685
44	692
184	371
453	617
376	594
311	624
26	596
106	169
85	263
36	460
234	721
235	533
455	620
620	674
255	712
323	366
437	666
128	418
263	584
192	597
55	486
14	427
48	179
149	519
536	740
458	523
85	307
8	594
0	432
553	626
174	175
244	623
396	489
159	749
205	207
421	576
106	797
202	538
0	447
467	761
347	704
329	661
78	235
320	638
191	643
148	153
112	267
259	477
332	542
260	350
233	582
163	523
342	424
173	221
20	522
76	249
189	711
14	97
257	395
485	758
572	671
569	764
513	727
62	164
382	775
89	771
81	239
224	427
412	637
155	167
388	757
248	327
625	638
641	767
523	603
329	717
149	310
85	504
140	438
183	616
113	226
306	499
351	691
99	431
216	460
97	166
122	760
72	621
425	512
87	575
531	549
421	645
499	596
556	711
90	605
321	380
234	558
677	697
209	461
375	753
107	757
132	659
271	318
686	725
430	463
98	135
214	471
139	309
503	712
552	688
141	192
268	775
106	615
46	244
30	217
414	424
757	776
171	440
69	363
15	439
629	796
249	257
112	513
110	348
340	394
353	690
342	727
72	639
50	265
251	729
576	757
157	468
116	128
507	746
275	468
148	404
265	541
89	661
515	778
266	344
349	633
421	606
101	750
316	642
135	679
129	495
200	601
260	660
308	480
146	267
75	464
63	583
467	632
240	769
329	630
166	788
413	723
261	359
222	430
220	713
597	743
545	746
54	738
45	611
613	706
104	382
414	761
402	496
31	162
404	671
56	519
289	535
428	726
574	749
252	746
31	504
202	246
301	644
461	630
370	549
83	419
68	635
437	726
188	535
80	633
46	89
140	240
401	470
73	529
178	388
121	463
124	684
156	470
118	267
151	721
481	492
56	257
60	737
360	680
563	785
412	629
185	251
126	410
330	335
292	749
72	689
37	141
35	170
82	169
592	768
647	719
301	373
377	442
191	252
583	733
297	643
579	596
303	556
440	671
210	425
635	743
309	535
2	197
450	726
147	756
454	771
42	543
289	585
20	422
240	308
200	548
148	609
73	96
541	627
419	472
388	532
56	613
22	388
208	720
247	629
78	751
139	766
317	672
232	322
61	557
238	726
490	776
241	498
48	274
70	580
371	426
292	676
129	189
222	667
91	217
62	196
127	343
405	565
565	693
102	595
113	425
525	740
191	530
706	780
34	503
308	492
381	503
598	620
442	578
249	418
6	395
610	647
151	427
4	325
150	632
43	599
321	739
89	582
487	711
636	682
275	373
360	528
415	769
710	711
570	627
207	702
145	638
483	716
325	421
496	641
621	661
99	472
439	446
50	642
22	261
196	414
65	157
74	568
290	375
74	577
297	329
292	799
549	563
365	785
20	487
189	254
158	687
101	376
579	761
217	784
364	544
293	671
127	536
403	471
481	483
37	361
501	596
485	719
678	762
219	374
726	789
367	783
126	393
324	346
69	396
526	712
413	446
177	660
623	669
354	549
20	423
549	680
653	765
55	739
413	582
18	289
266	777
321	551
330	399
246	373
268	677
352	607
349	415
129	436
562	671
49	708
778	790
649	740
220	398
251	475
332	753
36	359
287	722
205	539
203	248
319	773
179	450
293	778
378	743
33	394
254	611
292	741
84	332
28	558
101	761
132	781
475	715
429	542
363	486
256	383
91	475
182	669
334	680
99	322
92	615
397	417
329	680
10	155
313	671
371	667
157	273
116	607
345	593
49	249
579	642
430	796
225	239
381	532
492	778
552	687
301	588
67	142
7	124
143	695
613	651
260	652
251	361
188	510
566	653
276	480
251	535
184	382
380	790
150	452
75	659
262	754
82	592
196	253
295	595
103	229
490	629
76	639
149	638
236	734
196	772
339	682
198	556
467	544
202	225
36	270
435	500
212	386
252	461
5	247
70	186
321	495
112	235
686	744
44	687
244	425
86	394
343	608
259	326
504	771
114	473
146	619
179	220
434	567
272	539
35	544
59	395
444	577
296	387
336	652
191	651
376	499
111	195
118	230
3	427
310	749
209	464
296	617
118	301
433	768
86	292
439	494
156	794
475	706
618	779
371	425
374	507
326	357
147	791
404	678
35	565
132	502
320	397
729	771
523	544
97	614
706	712
252	703
173	349
306	664
402	574
105	134
147	438
622	710
278	300
348	780
264	472
353	408
594	754
365	391
202	758
282	712
414	665
210	269
230	400
371	581
333	741
387	522
699	749
168	599
497	575
499	556
310	617
335	424
701	773
153	283
91	94
105	338
349	728
436	659
9	778
239	245
232	399
10	578
544	776
318	678
550	743
113	602
399	670
73	786
61	464
176	601
75	468
197	646
668	736
585	793
278	383
562	596
307	332
29	701
48	226
62	263
353	732
493	581
72	258
499	787
340	386
492	697
459	481
42	506
225	293
198	581
748	791
51	256
234	669
320	537
35	274
555	762
337	540
546	764
625	789
420	581
76	222
180	210
363	777
582	675
268	797
317	380
389	565
269	604
40	686
163	663
80	735
344	629
309	478
785	793
69	578
328	491
448	450
381	487
111	608
286	724
355	510
701	789
96	771
50	531
27	761
170	206
435	739
334	543
54	558
130	280
33	373
729	735
669	727
163	341
141	784
456	635
251	700
384	524
517	539
273	343
736	791
223	706
198	474
694	770
245	458
541	733
375	517
451	592
66	735
111	341
187	554
603	770
570	777
568	573
188	411
386	743
285	604
643	695
204	682
586	667
213	286
487	601
386	798
263	467
258	284
211	380
568	664
0	483
294	581
115	394
229	382
197	513
74	361
417	697
63	728
185	332
113	709
0	164
364	575
489	781
566	742
390	603
577	608
54	517
23	667
119	263
432	722
453	544
142	315
353	605
255	671
185	222
15	318
292	766
72	391
102	539
555	611
34	758
407	599
146	735
272	788
263	491
194	367
164	418
593	692
78	430
538	591
592	780
5	688
158	665
610	781
88	295
241	566
267	798
546	722
153	490
261	552
88	766
400	535
46	396
352	466
260	759
23	346
509	594
715	722
337	708
107	335
180	634
327	333
187	767
228	700
185	735
312	604
194	796
479	709
158	243
389	502
46	736
219	355
134	719
292	669
67	434
529	789
336	396
97	472
12	79
499	505
5	407
321	498
205	565
546	765
295	382
144	459
64	330
201	447
217	331
698	767
117	153
233	708
116	590
235	421
737	769
316	693
370	467
105	280
30	287
150	314
381	784
146	469
442	592
320	710
332	554
501	551
97	725
384	391
233	496
598	731
170	382
169	324
199	432
56	204
631	777
282	384
336	405
60	565
113	144
255	547
285	684
255	268
132	660
667	695
392	542
18	722
286	620
61	783
528	543
200	559
504	767
104	354
319	341
16	431
374	621
40	725
483	596
398	640
2	433
72	218
16	69
708	756
33	568
200	660
84	215
17	254
210	666
57	242
319	454
664	706
713	736
141	390
227	618
125	510
214	528
314	574
361	733
361	716
165	241
115	228
58	664
43	343
556	668
84	438
510	753
102	756
325	449
476	523
253	342
710	779
418	470
356	411
170	491
394	398
268	532
245	268
103	767
435	710
184	615
267	556
185	280
418	540
31	782
51	594
241	304
345	528
57	616
289	781
75	111
729	737
241	351
217	728
366	559
192	495
166	194
460	699
74	573
479	670
315	344
376	493
407	504
143	396
540	637
138	277
155	402
734	791
421	763
291	717
706	760
591	718
459	521
63	358
176	416
27	377
487	622
469	488
85	611
282	493
241	533
176	687
513	573
120	205
26	669
514	752
178	610
350	567
354	420
408	439
98	258
397	544
324	499
171	404
61	576
451	557
86	535
660	773
418	424
83	125
40	383
153	298
113	432
341	348
266	692
0	69
475	655
29	207
232	696
60	781
204	213
23	457
576	786
2	735
45	446
618	642
86	191
263	710
542	784
67	598
138	213
623	793
100	249
91	725
104	282
331	697
30	426
490	775
55	788
63	757
260	503
20	776
117	335
89	203
298	661
194	523
291	593
310	359
84	706
475	543
14	301
249	396
146	653
100	626
134	724
125	606
444	692
329	383
163	537
114	552
55	379
589	654
620	696
263	273
20	496
134	768
455	572
398	496
83	277
19	259
43	131
471	518
19	778
320	663
18	253
44	175
319	449
533	663
513	688
397	622
92	521
177	456
279	288
328	661
114	525
82	723
155	451
175	604
88	252
276	417
457	517
326	666
54	649
56	447
94	406
152	436
624	682
436	606
306	610
130	251
430	713
791	798
5	422
579	792
190	292
640	772
518	656
254	689
74	378
25	684
243	567
377	798
169	313
197	759
508	537
417	572
204	205
219	511
24	616
163	304
67	698
193	365
98	590
551	627
109	464
263	601
676	752
289	359
149	272
518	781
188	640
320	528
448	706
506	522
290	475
393	594
445	530
196	214
340	643
246	735
103	677
257	376
142	279
381	628
300	353
43	94
329	350
90	398
473	488
630	690
314	734
32	660
201	233
32	393
47	229
295	449
229	290
239	335
141	322
289	531
183	366
135	430
281	480
25	619
257	264
358	596
138	245
190	354
129	463
47	795
199	741
88	242
318	349
249	678
268	379
81	769
187	221
105	182
260	330
53	574
74	247
383	616
11	493
283	735
128	139
427	740
533	612
136	323
246	307
78	352
345	456
415	492
61	172
57	120
0	733
42	175
151	701
285	652
143	420
113	126
146	222
154	642
229	675
490	793
622	754
402	768
170	689
37	645
657	783
417	646
320	489
308	478
32	236
304	589
295	675
515	642
34	118
485	676
426	486
121	274
344	478
99	384
421	520
263	575
217	476
633	705
414	621
399	487
488	567
92	543
122	153
126	470
12	45
88	790
151	242
123	157
315	746
171	496
160	781
95	696
194	512
179	365
591	619
534	646
180	660
301	461
9	672
466	514
326	328
677	735
65	236
305	564
206	567
228	268
151	606
167	780
262	534
291	463
70	777
150	776
117	455
293	559
259	511
376	452
367	445
478	643
214	443
274	472
18	219
513	667
342	359
121	637
432	525
317	747
105	408
88	570
336	774
136	727
252	794
47	408
364	609
376	390
217	342
314	578
261	560
427	619
351	605
5	657
579	794
405	613
440	593
634	663
84	695
27	186
297	757
402	696
327	578
242	608
16	174
423	687
273	390
197	645
105	193
305	609
223	352
67	731
97	178
159	662
287	430
317	532
293	793
404	418
208	359
36	499
299	612
486	706
725	766
292	445
180	727
400	642
229	788
5	363
80	380
36	218
109	699
21	261
711	776
46	182
219	375
37	349
62	521
121	316
455	778
401	656
90	301
279	570
362	790
293	642
16	18
108	174
208	328
10	103
303	758
230	567
311	325
261	579
496	595
406	703
490	704
147	518
389	569
50	714
165	602
133	458
209	238
32	111
97	127
13	681
315	655
429	437
400	735
105	423
179	780
632	660
320	778
464	686
205	556
54	387
338	409
2	157
456	744
129	724
604	780
108	350
300	461
476	684
228	782
34	659
10	632
114	262
255	625
114	583
71	587
81	178
493	539
78	151
65	229
241	393
188	202
217	719
174	308
439	518
627	723
400	780
175	573
459	730
186	444
197	665
28	419
383	741
466	642
518	594
218	372
176	531
135	331
561	572
286	332
50	295
439	457
365	405
273	526
84	675
160	778
30	439
34	119
620	797
173	586
200	314
345	549
603	732
469	760
104	726
456	710
369	472
152	754
36	346
426	702
127	701
5	261
377	758
101	129
72	392
444	778
409	516
52	331
20	455
235	550
248	695
368	659
573	760
43	561
211	724
277	299
113	508
719	770
110	342
43	534
489	615
116	389
278	491
152	179
187	236
322	373
99	690
266	758
60	412
419	585
33	595
498	621
125	677
332	392
257	266
460	691
254	614
687	759
80	406
91	702
123	281
143	701
79	623
23	370
384	500
240	591
421	726
29	375
589	704
279	423
365	685
97	480
125	522
531	783
110	491
517	705
159	617
197	399
275	301
147	377
442	516
243	507
229	627
324	591
193	306
498	792
32	511
34	497
106	297
202	244
478	654
239	689
109	376
432	746
180	257
147	792
321	554
352	752
198	388
98	221
249	747
40	317
195	276
177	722
68	647
382	613
73	255
82	746
347	413
213	564
66	222
76	145
616	719
66	349
14	538
442	749
243	560
98	172
175	629
43	160
0	36
154	375
114	584
33	472
372	772
264	696
227	455
69	537
317	691
38	609
436	546
188	679
241	390
262	488
461	553
5	9
22	674
323	788
475	487
220	421
412	603
65	741
184	565
133	630
298	779
73	778
145	758
598	766
322	715
583	656
226	631
63	324
241	459
10	382
397	413
404	550
124	343
0	595
643	667
146	276
457	797
315	393
107	776
617	680
266	340
86	303
82	211
3	32
373	723
40	337
14	571
345	737
218	620
249	358
9	650
259	277
64	115
670	693
22	542
109	564
108	738
527	674
388	576
678	765
313	669
66	698
157	457
80	243
467	786
315	333
389	709
27	732
167	566
335	579
366	607
389	614
65	182
24	360
383	536
781	786
124	495
140	265
16	509
269	649
322	747
191	559
173	738
278	723
596	790
531	658
201	210
213	413
157	464
382	498
90	464
497	596
504	774
75	436
458	615
168	584
551	697
368	563
234	630
329	759
85	348
345	428
285	774
301	337
21	439
486	739
121	524
263	420
605	651
182	733
36	615
377	529
222	475
484	507
448	692
83	547
307	473
537	591
139	563
56	332
202	291
263	477
158	259
188	368
133	766
17	629
275	416
200	500
379	788
443	605
53	752
220	515
406	732
294	514
234	376
155	708
627	788
368	682
35	305
81	557
66	96
597	764
272	433
369	396
31	667
66	455
94	715
297	782
160	251
457	564
367	729
20	593
82	606
255	484
108	428
430	564
219	242
202	739
213	336
14	452
53	723
50	263
11	777
53	202
215	487
555	701
267	354
55	717
156	327
367	391
356	468
235	390
417	430
35	650
201	742
250	371
301	480
310	696
76	713
33	355
422	468
707	783
177	455
291	456
377	438
217	243
136	725
104	174
54	201
353	715
41	543
214	218
448	765
154	356
614	720
314	651
296	430
195	295
161	612
0	379
237	581
723	768
415	618
22	93
119	318
186	737
37	561
294	412
26	98
244	615
343	517
252	696
26	425
148	586
416	516
283	330
583	717
154	422
172	765
739	751
689	738
449	753
294	696
81	201
60	227
322	457
139	202
81	88
135	259
324	764
70	241
358	624
120	543
49	578
99	452
706	784
264	570
240	342
37	634
387	586
268	411
400	645
56	186
712	754
459	623
316	775
573	778
58	307
325	581
58	313
626	669
151	664
169	685
466	546
245	630
607	779
432	633
138	162
138	648
185	682
555	674
480	640
151	487
12	80
303	632
324	780
216	234
641	662
115	311
190	420
395	546
180	528
67	796
89	695
151	240
376	638
266	658
66	385
113	771
234	535
654	792
87	434
216	391
83	147
425	734
396	642
104	746
281	710
128	645
99	312
271	641
131	480
94	550
2	659
253	283
531	562
386	445
481	635
7	141
97	111
529	766
148	350
349	381
450	771
299	486
477	515
277	439
20	704
86	240
659	706
333	383
166	571
233	612
161	212
575	763
66	483
586	709
312	346
395	733
433	787
281	426
130	458
255	731
174	751
233	275
614	733
49	447
34	167
573	748
306	413
176	664
42	731
321	435
472	656
171	752
189	772
217	525
226	251
58	194
545	717
288	607
118	745
170	597
463	553
441	647
142	328
423	424
316	363
117	333
290	550
37	144
23	199
244	555
699	732
423	623
183	584
431	760
111	274
126	661
177	499
20	502
223	650
142	375
215	507
290	392
242	637
406	512
551	672
148	254
53	264
25	271
35	649
14	565
111	564
100	769
642	797
123	145
387	723
244	295
292	516
211	622
237	370
246	288
247	461
408	786
39	600
387	546
98	536
65	196
127	212
37	721
271	309
754	798
448	627
140	199
27	124
89	140
112	641
268	793
267	635
113	517
24	583
177	539
514	733
667	762
202	253
134	419
556	704
633	694
295	555
119	735
414	787
221	238
159	499
238	616
658	684
274	486
1	715
300	412
113	680
32	303
346	638
398	530
383	432
500	613
189	496
186	702
301	709
28	354
9	597
73	732
329	618
215	329
583	720
268	427
189	419
449	542
336	529
420	505
30	535
22	495
84	551
67	781
28	797
368	562
81	713
216	390
15	585
44	430
423	461
99	656
26	645
314	607
524	620
112	530
39	358
163	458
266	462
93	534
42	172
417	619
228	419
397	732
44	282
36	742
114	508
146	463
583	738
311	600
265	493
196	788
376	426
48	791
376	458
651	697
322	753
360	462
141	550
248	512
428	432
151	773
87	654
19	80
76	330
88	768
105	582
487	680
257	439
26	199
362	603
553	795
571	790
101	402
127	581
126	275
262	677
39	747
111	512
95	194
535	659
389	662
304	623
560	632
662	668
485	788
28	463
75	604
235	638
495	604
31	327
24	420
471	535
43	641
38	505
243	526
225	766
198	654
530	557
79	476
362	394
267	396
202	262
455	550
81	371
495	663
530	545
324	337
494	782
350	525
166	675
305	380
450	779
238	545
3	295
304	713
89	261
130	661
192	461
530	778
224	372
297	663
4	387
86	798
33	335
129	580
77	559
446	560
99	548
64	244
26	591
652	700
258	365
644	756
207	540
7	331
321	753
354	693
191	244
129	317
249	385
424	677
155	717
256	600
39	778
572	604
608	723
419	615
33	120
12	192
84	768
86	352
251	696
464	716
3	613
611	733
282	705
396	492
175	347
181	687
512	551
383	557
217	630
301	622
146	219
585	724
627	696
70	531
225	251
301	642
36	326
124	403
49	271
350	641
479	696
241	569
304	560
220	301
80	487
208	741
335	626
50	788
267	289
447	690
37	287
171	553
35	607
471	587
318	762
444	525
123	456
56	125
331	636
293	603
270	640
57	695
89	516
411	594
179	325
221	614
64	281
72	756
176	768
12	110
79	588
134	177
294	799
42	52
67	93
223	454
116	139
155	565
105	434
12	218
379	776
331	615
180	590
465	617
224	755
135	569
24	138
457	561
150	595
218	438
34	709
31	124
127	218
371	453
419	557
70	711
8	417
283	316
506	717
277	524
247	724
26	298
504	593
266	317
211	469
457	656
416	668
631	787
41	635
132	191
42	227
189	578
166	396
356	534
339	415
337	418
571	573
26	739
639	728
67	664
236	607
635	773
140	487
8	288
503	664
178	676
75	112
218	466
242	759
369	571
32	353
361	744
314	542
128	461
32	689
397	532
228	338
19	139
35	785
79	110
228	438
337	527
162	237
276	308
370	644
28	376
357	446
148	296
339	488
406	411
67	746
92	758
82	192
288	557
444	618
51	490
28	743
150	774
307	686
245	792
113	190
332	447
51	254
136	294
27	669
205	309
336	726
94	440
240	344
4	634
150	327
340	398
139	789
226	486
305	639
8	614
7	736
419	545
145	778
235	669
145	614
8	450
196	755
156	769
24	142
81	614
664	767
388	481
64	158
84	471
608	714
758	780
308	715
177	690
2	199
118	294
80	427
191	540
400	494
405	691
127	776
531	559
619	623
194	660
11	46
37	272
314	601
104	328
38	444
70	489
477	627
17	153
188	591
228	259
134	322
202	685
325	503
236	295
610	613
86	769
24	61
269	595
411	492
506	513
97	641
19	746
327	349
409	547
122	471
163	491
517	738
134	511
710	732
445	572
667	734
136	243
42	328
67	356
385	600
682	690
15	92
275	586
275	576
158	733
256	541
596	718
233	466
61	419
172	533
418	502
156	772
53	779
628	720
105	629
222	495
461	601
52	472
59	309
79	149
138	465
215	423
294	574
5	133
85	526
426	720
45	735
204	496
306	400
377	546
393	459
621	748
82	257
485	547
24	499
187	654
118	558
470	563
530	723
624	777
683	738
155	588
580	651
278	705
331	675
286	746
131	147
190	363
330	789
372	386
525	535
53	447
187	609
16	193
549	791
27	733
197	558
143	487
272	560
741	779
518	655
344	650
654	671
394	523
229	264
177	406
75	177
97	505
48	722
431	714
233	504
27	500
280	734
171	635
570	692
67	253
421	739
226	628
313	598
60	505
102	686
34	368
716	737
229	780
86	569
148	582
64	268
214	478
289	717
201	454
130	250
300	402
484	540
149	700
213	394
4	11
643	778
502	796
218	577
551	771
356	593
387	575
195	655
345	613
357	567
473	678
277	537
268	522
138	707
616	707
131	372
421	688
134	173
312	711
263	636
32	437
122	469
226	634
468	484
69	505
190	500
449	784
294	311
15	232
218	242
417	476
204	226
283	790
91	483
66	95
513	563
35	287
90	408
63	316
27	792
102	411
210	598
466	516
62	758
149	369
24	686
547	698
249	609
600	658
309	475
16	452
333	634
309	681
394	470
357	791
42	459
308	382
281	283
317	628
23	506
163	347
248	533
67	301
607	611
424	778
227	386
116	622
344	622
5	377
295	481
449	571
691	748
517	647
43	251
193	196
433	655
192	709
158	554
151	761
272	782
30	365
516	729
95	149
216	426
104	370
404	782
435	619
64	296
397	640
202	518
65	377
237	279
239	494
348	509
398	672
116	629
378	583
466	669
188	770
355	673
378	749
564	712
509	523
201	567
509	608
423	483
433	791
75	471
151	279
244	551
124	727
18	314
187	192
499	733
357	472
420	761
67	772
667	794
69	712
0	624
268	772
280	622
639	724
202	643
135	783
550	731
294	782
283	798
130	584
404	560
692	736
98	145
516	602
537	622
35	58
206	236
411	659
242	605
183	350
153	732
114	287
3	187
501	717
233	409
443	607
282	376
20	777
14	491
220	297
207	364
60	675
121	212
87	165
212	327
44	688
126	605
102	184
399	498
86	595
82	301
733	789
23	391
138	629
456	728
1	194
174	617
290	599
167	382
135	437
190	501
68	520
94	723
612	796
13	515
439	757
347	678
4	430
704	779
323	645
68	171
24	501
163	249
29	782
597	603
609	650
243	642
250	769
508	667
123	326
14	377
92	256
409	729
290	445
24	166
236	288
229	677
501	637
372	431
545	581
552	637
486	797
64	727
184	490
582	704
23	608
537	772
279	794
398	795
421	618
308	540
296	475
223	234
29	747
228	482
44	598
164	409
733	766
83	290
99	788
289	500
389	534
146	376
181	362
204	432
351	694
289	387
320	678
115	693
399	620
359	465
398	545
276	758
445	709
305	642
537	643
70	320
94	746
237	252
379	689
200	308
131	646
469	564
302	552
13	93
28	545
6	248
757	767
251	430
180	389
120	759
361	651
74	164
255	365
330	371
353	582
70	738
546	575
297	320
171	617
41	573
59	168
73	229
465	498
273	288
235	391
253	440
101	199
346	406
391	463
314	429
346	606
73	495
146	586
209	356
412	536
386	737
557	593
295	621
409	703
471	493
70	763
124	761
545	791
307	472
92	528
288	645
303	309
406	419
32	180
123	401
54	417
582	672
186	326
349	506
203	348
514	776
300	610
558	571
71	143
96	342
57	580
247	270
439	455
40	114
126	327
312	430
86	192
490	695
17	525
207	663
28	249
128	561
274	454
287	538
24	80
58	243
379	583
388	716
421	631
336	741
49	72
66	599
280	459
26	301
24	580
102	317
44	226
56	754
99	380
91	286
235	351
24	660
171	181
126	411
244	464
279	689
223	320
224	344
394	638
52	157
86	702
98	617
88	739
45	271
251	471
270	725
449	533
573	720
485	517
301	528
335	472
627	700
652	798
174	598
102	145
224	419
384	644
247	344
186	462
381	591
123	416
133	653
470	630
462	539
257	729
557	751
75	149
128	231
10	552
140	612
182	652
669	746
176	754
562	593
216	652
153	738
566	631
331	633
302	383
450	718
378	675
250	370
170	317
577	744
146	480
124	300
245	278
132	231
423	736
299	646
445	477
260	297
84	164
111	313
665	791
411	544
546	576
51	86
448	739
183	745
380	411
470	505
249	779
699	754
346	503
595	663
167	197
413	471
134	289
361	647
329	442
94	563
294	749
96	337
167	336
229	552
189	443
626	722
96	232
258	524
197	658
52	296
370	612
114	641
463	668
138	606
37	596
581	630
288	622
305	385
185	207
599	677
159	274
202	331
76	321
148	401
70	565
543	719
478	577
184	542
124	254
7	84
31	606
402	570
63	93
613	703
413	438
339	791
1	215
70	132
227	576
543	563
17	334
413	463
131	331
346	580
567	650
627	735
230	256
281	367
543	772
312	496
159	797
448	577
573	601
14	242
161	392
70	404
375	548
201	424
147	370
123	502
5	142
520	581
219	769
179	644
253	582
241	278
468	507
167	328
517	678
63	342
684	720
75	782
102	255
684	775
587	608
84	238
77	603
219	475
23	731
214	347
115	219
343	478
383	518
686	778
208	398
239	277
97	404
517	591
653	660
121	789
27	77
593	655
73	405
322	410
216	616
625	770
197	624
82	737
2	479
19	109
318	648
385	482
504	509
393	417
59	704
321	798
464	559
84	130
317	452
127	235
521	602
0	285
22	71
284	311
360	573
584	772
107	211
88	462
500	590
154	501
331	454
151	499
435	708
383	609
479	677
102	532
166	279
462	608
605	632
139	306
100	453
543	702
620	746
397	517
652	796
95	642
578	670
641	685
572	652
392	456
41	452
99	314
196	793
16	197
31	425
603	785
150	486
291	331
62	159
55	324
381	693
435	650
371	465
490	676
245	296
330	797
271	467
101	225
76	523
79	208
245	260
355	758
72	410
2	78
250	747
396	484
37	693
176	253
152	193
146	334
164	336
7	31
192	728
464	488
405	558
426	574
43	759
336	527
195	718
513	664
115	318
30	95
215	401
532	745
316	351
41	202
651	674
139	491
105	268
219	611
272	497
206	528
47	542
189	541
194	639
195	426
35	618
12	688
361	540
229	338
57	389
422	495
346	713
45	352
110	529
133	495
249	402
340	741
65	178
130	576
282	786
398	535
15	772
235	314
322	361
150	156
50	740
365	371
39	521
297	538
283	596
89	150
364	655
5	205
338	474
331	578
425	543
100	723
608	666
237	644
610	783
172	539
139	339
512	619
69	518
483	782
547	568
228	582
89	300
204	564
236	709
212	547
108	611
211	331
520	722
137	399
139	548
617	708
260	552
457	678
168	483
31	655
193	699
197	799
327	662
249	478
621	742
507	796
293	491
205	605
95	529
40	85
489	788
238	459
194	769
164	197
81	193
54	564
236	461
294	520
94	480
97	184
363	785
657	680
376	589
198	766
170	394
252	406
223	494
320	478
501	555
461	592
621	713
115	585
371	651
224	316
627	667
67	584
507	562
432	646
368	461
663	770
12	635
362	526
162	655
278	487
200	580
256	354
104	704
703	721
55	439
142	583
234	481
197	501
32	209
285	413
121	732
133	751
505	754
26	760
208	728
73	692
135	779
344	581
605	681
398	548
288	465
172	584
644	776
168	450
395	522
141	383
162	175
400	553
61	712
19	37
384	493
438	570
10	729
190	712
320	560
43	366
233	422
57	101
221	297
90	771
193	257
514	679
236	459
141	754
22	464
614	675
175	786
403	647
766	790
225	349
450	539
7	761
424	710
369	609
514	617
598	635
191	585
202	210
390	538
53	703
207	678
158	566
524	798
680	709
349	485
297	415
116	579
301	494
296	434
3	260
45	576
41	46
233	249
137	432
74	391
492	654
219	617
265	525
375	591
23	688
165	345
176	265
642	792
38	57
674	686
153	501
146	564
8	421
121	166
223	501
335	386
75	216
85	86
439	770
246	570
463	708
313	430
469	668
190	462
66	515
534	709
438	787
495	709
195	402
492	727
303	534
16	514
171	426
163	508
156	540
472	700
429	555
512	755
195	699
220	757
5	58
103	703
29	535
150	753
114	648
59	674
54	147
596	725
414	503
589	745
15	88
272	690
268	716
93	629
243	490
304	598
264	496
32	461
175	527
66	702
494	635
72	559
371	723
277	621
37	267
148	469
538	695
79	789
389	660
532	548
85	101
39	240
297	479
418	629
49	163
462	641
333	725
185	730
88	279
290	531
650	796
133	242
218	545
88	217
457	773
254	395
446	736
522	543
361	519
264	417
495	560
61	702
148	396
246	608
199	214
473	779
49	253
159	203
20	707
651	688
159	548
341	742
692	719
139	266
482	644
120	288
664	777
101	343
169	558
259	612
123	655
472	489
630	708
15	333
130	376
203	231
266	798
89	711
403	735
286	646
139	186
86	258
596	672
386	489
344	631
82	467
38	727
422	721
608	766
648	731
79	467
304	769
219	717
114	410
432	712
305	368
34	767
241	324
215	601
201	319
419	433
247	599
271	486
462	474
196	522
555	602
134	553
262	276
220	759
131	574
369	623
199	781
377	779
328	416
388	488
606	717
175	466
21	326
60	110
232	644
595	784
408	543
65	501
42	441
658	718
230	719
119	203
398	648
211	630
381	780
0	446
262	611
136	388
81	244
518	560
173	782
113	579
65	180
77	228
34	260
454	544
540	774
181	288
521	663
130	227
304	353
245	363
734	735
296	422
655	768
140	449
374	484
401	451
385	599
296	785
427	533
172	338
480	690
43	573
275	542
619	779
174	764
524	690
679	790
51	281
432	733
21	229
446	749
132	169
338	784
154	379
558	566
68	414
324	746
187	428
249	558
291	397
138	232
192	739
343	476
57	160
381	522
188	669
115	176
393	591
206	762
206	612
486	581
8	639
604	714
540	729
55	230
13	109
109	453
118	144
505	623
263	795
213	291
375	670
420	488
785	791
301	382
27	775
477	593
538	785
474	753
109	380
66	352
400	430
178	225
584	631
367	744
117	539
509	768
266	793
681	700
357	394
323	636
162	332
75	373
269	721
329	481
4	305
373	389
79	531
369	475
349	523
58	768
26	704
144	673
225	691
96	397
197	570
312	388
1	481
470	627
391	682
287	665
434	702
46	798
68	488
103	302
685	687
56	61
107	638
497	646
241	319
508	659
474	706
124	442
35	798
79	148
328	688
154	431
17	396
573	628
653	670
225	733
203	647
611	632
456	758
27	393
73	382
213	452
18	389
151	748
340	459
220	616
57	704
122	357
89	514
531	539
98	381
285	381
402	772
146	565
340	542
674	711
38	430
196	384
149	585
146	725
322	706
130	710
517	783
324	380
181	238
735	740
328	664
159	457
242	299
657	746
482	557
565	675
184	291
38	475
400	480
68	86
612	766
577	765
363	473
140	598
282	402
11	774
181	402
121	711
123	764
5	176
69	427
279	358
263	782
173	568
465	674
102	314
322	472
147	452
20	460
217	563
758	799
4	725
306	786
160	173
214	324
280	620
238	428
660	662
399	402
29	650
365	384
25	436
41	108
369	698
300	672
582	687
320	653
343	752
310	482
158	226
220	296
125	556
548	685
40	261
437	592
381	475
74	229
141	260
20	202
689	775
223	385
14	688
565	647
4	227
210	702
621	755
428	508
374	778
235	503
114	494
540	615
694	772
367	426
8	91
496	505
123	697
192	363
228	325
252	414
70	389
12	551
107	219
14	394
187	665
450	650
279	589
171	313
285	477
586	589
431	439
259	464
611	745
141	235
71	509
239	703
286	731
187	271
395	760
4	603
333	441
673	739
465	534
570	687
9	362
175	511
408	419
174	394
103	457
34	107
360	719
494	606
5	63
369	746
27	318
57	482
384	443
528	605
102	781
162	647
342	591
158	474
25	150
296	332
74	544
141	778
221	282
146	669
409	773
414	495
188	525
9	271
200	703
394	744
584	630
576	706
391	508
27	456
295	539
255	487
458	773
178	450
124	165
71	309
325	578
101	592
292	555
38	772
64	431
510	608
319	685
346	496
439	709
101	732
77	661
26	490
60	428
505	683
469	711
259	344
368	379
103	290
56	294
302	739
282	731
117	346
448	520
652	756
10	751
230	778
618	726
314	773
153	582
526	633
535	558
82	540
69	651
329	512
38	153
51	733
71	360
228	662
248	345
750	764
153	623
281	773
5	569
343	653
5	276
134	777
297	478
17	716
328	675
180	377
116	494
463	712
224	251
252	567
565	581
231	578
25	465
447	537
188	769
257	393
385	460
267	488
394	519
481	619
394	688
495	546
207	584
177	203
279	653
312	488
523	709
69	544
520	621
324	498
152	276
67	597
160	456
488	760
332	487
738	750
202	732
175	178
126	698
16	240
763	768
42	94
188	441
425	761
125	642
288	416
412	709
21	638
548	771
259	332
24	50
238	565
226	320
100	725
329	665
110	217
134	405
337	746
11	647
258	777
275	681
426	617
68	91
576	597
254	777
73	555
66	712
250	436
64	317
192	277
492	551
320	570
217	776
30	533
21	239
289	499
181	369
271	528
271	585
290	703
569	752
287	587
47	150
311	313
118	727
267	535
12	655
636	656
296	522
402	734
487	544
86	201
246	637
261	662
453	621
297	515
59	74
149	622
330	440
502	572
93	511
74	478
19	99
156	722
631	751
75	535
155	209
145	357
239	481
103	354
158	479
65	95
526	785
122	723
666	674
42	749
340	680
145	397
7	653
0	789
0	65
311	629
88	729
201	270
217	616
391	553
303	391
227	558
590	593
464	638
29	168
618	684
495	519
1	72
53	515
408	447
3	448
93	384
650	733
387	635
448	636
275	431
68	578
509	563
204	420
238	288
323	354
251	313
366	385
20	93
425	551
51	145
48	755
38	658
310	602
28	579
447	498
397	570
385	695
425	786
251	759
721	740
476	681
224	287
216	692
590	617
219	312
115	323
314	411
398	695
508	532
126	475
61	554
77	453
32	190
10	11
117	632
234	697
368	515
555	760
602	708
558	777
57	435
426	499
99	455
247	531
251	750
384	636
389	759
407	513
506	725
209	434
244	532
48	400
215	552
115	474
283	609
68	215
402	675
338	478
569	619
184	775
43	480
505	713
120	400
300	401
68	658
68	142
464	665
330	761
219	395
51	313
199	349
130	218
190	394
395	717
303	330
225	620
78	759
411	541
142	237
61	508
363	631
164	236
432	493
604	768
112	273
487	497
362	422
126	755
5	56
467	503
300	370
216	439
23	24
138	431
201	797
137	164
101	176
261	635
140	763
313	509
287	596
391	645
612	667
85	727
413	541
112	754
304	714
305	708
87	420
399	766
318	636
306	469
272	706
81	98
208	233
345	417
211	345
341	540
238	588
472	561
323	496
223	470
358	487
110	258
35	90
474	668
59	689
172	690
581	725
273	685
454	591
96	541
488	559
60	345
171	183
582	715
215	390
564	589
368	765
54	616
10	615
25	396
290	543
106	522
341	507
387	697
328	780
29	39
677	769
377	770
49	91
136	142
216	319
255	683
166	630
612	704
168	460
667	720
141	741
118	677
283	364
157	705
228	723
610	712
301	428
471	678
6	492
270	747
10	292
232	566
207	661
178	538
170	604
145	581
220	654
105	253
310	454
95	628
22	778
481	577
227	294
108	468
65	473
354	441
10	182
354	544
10	358
164	379
424	471
316	337
143	567
4	495
568	652
0	485
285	398
148	167
477	575
51	769
208	689
60	785
239	528
773	790
285	752
160	615
43	595
327	751
189	511
264	321
46	75
396	507
264	297
28	162
55	566
585	750
82	553
708	758
296	514
523	763
530	534
538	692
175	301
389	783
618	664
297	606
319	459
47	590
461	771
392	455
139	463
493	714
63	692
97	649
692	790
456	780
107	350
301	651
105	781
508	713
201	387
476	700
551	560
47	644
179	735
278	298
60	452
65	485
121	147
29	74
15	370
433	719
269	668
415	448
20	786
287	418
423	491
253	596
247	385
101	606
90	628
300	318
83	490
424	725
647	741
360	416
326	473
263	402
162	449
53	203
166	679
401	508
270	341
305	498
254	382
401	786
51	710
135	651
451	508
26	148
498	772
629	793
110	213
596	715
5	386
113	392
26	218
71	605
192	370
723	793
434	515
63	389
266	690
8	406
226	296
554	732
131	226
8	121
166	777
603	718
20	371
144	502
233	598
34	617
59	770
182	448
396	612
536	749
388	596
276	645
26	442
127	331
152	633
351	666
256	318
224	765
567	752
167	214
231	723
170	687
136	638
349	385
575	774
167	660
346	766
209	262
157	289
104	430
102	275
41	257
126	450
365	491
675	751
128	292
178	637
318	745
6	375
235	337
55	501
121	545
635	780
280	592
121	694
133	324
579	618
322	605
453	620
274	377
44	438
275	454
287	374
359	365
222	521
516	701
48	710
668	672
430	491
323	716
488	686
455	595
105	406
326	595
67	389
712	719
198	355
444	715
142	269
569	714
107	452
317	588
507	790
416	464
219	485
90	178
160	745
92	552
11	254
103	654
196	699
75	731
51	95
432	474
265	448
174	619
206	596
251	401
296	657
45	300
13	204
482	658
335	464
260	446
56	252
272	588
236	731
645	707
132	295
417	726
57	124
418	604
186	410
191	246
436	570
568	570
484	571
410	745
536	761
163	361
272	618
25	110
170	589
92	376
105	515
211	754
174	779
259	489
24	451
289	702
491	509
280	504
356	709
186	660
255	630
414	605
187	790
18	667
94	235
170	218
226	618
89	724
305	489
62	115
197	506
200	760
14	128
106	422
200	380
377	494
306	417
107	283
371	609
109	608
228	417
767	775
47	630
337	496
125	687
23	57
151	244
132	573
340	628
268	339
400	503
167	750
238	704
51	278
577	684
210	726
427	626
50	647
111	662
74	253
784	788
332	759
323	427
94	245
17	754
279	669
368	707
45	518
30	54
249	534
111	559
63	206
308	633
502	770
124	313
12	370
215	524
61	399
539	764
152	589
26	105
654	726
98	256
121	510
12	749
257	430
557	573
109	543
322	406
291	559
548	777
366	527
212	766
52	105
739	777
84	185
715	752
95	463
29	574
299	300
197	212
666	791
288	464
54	575
404	663
283	530
438	538
216	669
93	644
293	310
579	720
49	357
5	13
55	176
650	774
1	718
458	679
415	566
515	758
548	690
52	540
225	393
295	469
14	781
39	276
20	336
143	307
419	616
386	565
236	723
56	89
312	599
111	604
705	783
96	650
70	615
251	602
292	583
580	586
55	173
59	342
454	762
534	638
571	759
14	747
425	430
489	745
98	782
328	598
343	707
491	689
26	599
154	791
161	361
163	475
399	730
112	366
641	645
573	582
55	524
585	772
301	796
364	708
308	371
57	73
2	425
511	711
339	393
135	246
554	787
151	398
169	377
421	692
599	633
199	767
192	758
242	509
275	729
372	459
387	685
360	425
35	120
601	680
256	453
187	661
102	120
74	497
142	761
319	537
161	435
121	573
411	488
375	603
436	549
546	663
34	638
22	426
402	752
288	676
100	640
458	729
455	573
671	728
308	668
208	710
14	734
406	436
257	768
185	344
320	389
14	359
491	741
233	480
154	605
45	91
260	588
134	391
13	248
151	315
457	557
270	698
403	570
88	131
42	378
89	370
82	537
375	512
20	399
189	312
631	653
186	649
214	272
192	669
417	705
151	567
49	279
29	484
377	476
35	159
158	260
83	161
232	712
76	731
508	756
298	550
600	603
155	716
608	769
76	566
266	424
223	623
283	345
444	758
159	313
439	653
663	747
467	501
655	704
424	772
40	571
421	672
518	692
378	622
269	637
381	682
84	232
634	790
96	486
89	783
50	381
187	646
241	466
283	515
36	683
305	666
359	692
545	654
616	663
156	372
336	731
19	333
189	781
52	368
2	504
265	358
80	546
2	122
325	777
79	439
182	421
53	312
95	425
214	275
113	662
11	257
563	755
336	712
21	26
328	573
457	729
46	452
45	288
138	188
357	460
463	511
55	286
182	607
57	621
30	739
58	475
197	206
170	357
282	707
374	740
7	667
126	343
394	741
202	771
6	724
622	624
543	574
441	791
259	368
404	761
441	599
249	522
407	585
315	579
438	464
117	238
29	51
225	684
236	528
469	499
368	446
80	94
20	697
447	485
96	128
187	217
112	636
97	647
85	437
67	233
474	560
18	472
39	730
618	747
70	207
201	399
192	244
387	498
479	756
319	367
199	278
595	598
142	451
391	476
77	96
328	639
163	487
278	760
188	307
324	470
470	766
296	497
236	412
280	587
279	759
156	702
241	388
60	71
25	558
45	49
343	392
11	532
134	156
250	467
76	757
532	711
180	470
304	578
24	236
411	795
41	765
586	754
245	570
268	513
261	580
110	459
269	795
450	707
101	484
238	631
63	651
499	737
707	776
4	592
22	370
177	536
305	482
350	661
165	363
85	458
388	586
121	320
381	692
18	600
376	529
468	781
244	379
88	467
473	493
309	381
439	756
704	789
273	561
210	378
529	752
620	683
141	268
569	625
93	427
435	457
223	224
35	165
224	309
230	516
548	739
88	737
285	377
104	285
274	556
267	292
341	675
543	556
312	631
117	289
369	370
185	670
96	287
198	465
85	358
443	549
486	523
4	627
275	588
636	733
24	202
22	545
636	688
507	598
13	318
19	417
39	435
270	773
462	501
492	698
14	397
341	400
616	628
262	797
215	425
263	483
277	654
222	413
363	491
124	422
146	176
19	488
85	143
209	694
322	799
106	771
268	416
473	568
74	788
46	455
306	639
93	766
41	394
201	485
195	244
99	139
167	638
574	603
54	696
555	773
400	436
158	585
213	710
352	691
415	709
30	587
148	240
154	295
153	701
220	333
128	294
75	252
689	727
489	681
75	593
661	758
254	325
6	765
144	334
426	580
13	220
510	514
422	630
132	138
51	235
123	713
513	683
260	420
261	572
73	720
102	424
231	644
368	684
308	667
504	505
553	624
315	487
503	763
328	589
298	564
547	730
192	397
105	684
546	725
21	363
259	514
52	554
273	421
251	274
562	777
369	682
165	309
295	617
293	673
163	425
171	725
139	414
165	697
483	525
467	680
219	233
415	431
274	640
478	596
48	122
68	185
28	150
237	355
557	665
107	559
353	597
563	766
139	275
567	789
108	215
154	591
155	439
513	570
264	304
235	323
242	527
141	439
428	774
661	697
411	714
576	647
499	789
87	285
377	731
494	621
54	600
394	668
152	776
16	486
270	711
419	740
283	507
180	372
188	394
95	120
275	749
142	432
40	229
0	176
636	649
381	612
279	466
495	631
16	295
221	387
539	601
116	557
450	573
11	702
210	625
62	754
47	744
194	635
206	314
354	719
43	320
284	737
293	689
547	657
265	391
15	556
492	535
354	431
451	710
79	605
466	696
377	696
692	735
94	312
322	692
248	609
11	633
306	696
67	68
117	218
771	792
132	486
420	723
56	299
133	327
452	651
126	740
515	551
123	140
209	355
7	755
182	694
5	343
29	273
449	752
227	233
524	526
4	174
77	571
447	586
286	326
107	623
7	11
315	367
310	599
118	453
562	770
328	591
522	768
597	616
339	508
34	642
246	708
423	680
65	699
52	539
364	422
26	65
369	510
15	418
193	584
45	797
552	757
280	710
133	166
18	362
444	694
304	791
239	537
301	549
235	527
115	690
241	693
19	556
74	732
257	750
177	573
400	746
118	342
100	571
160	444
87	695
369	738
326	704
204	431
45	489
181	541
30	658
349	772
338	443
33	380
245	397
53	139
208	532
214	426
105	347
36	624
33	582
250	643
187	375
153	763
492	633
215	315
113	532
768	797
358	772
12	682
196	584
486	655
227	384
552	570
162	264
18	443
107	474
257	286
271	313
705	711
158	505
153	670
295	701
465	746
591	712
523	614
208	250
435	674
120	720
164	713
738	748
136	255
97	318
180	498
620	638
205	443
401	758
155	718
383	554
232	790
62	774
391	778
167	543
749	781
393	712
291	761
359	786
152	366
213	269
565	751
376	671
367	760
41	65
475	704
222	580
393	749
203	777
2	138
196	402
365	388
19	615
497	742
605	640
300	468
58	284
180	473
84	210
247	732
104	572
304	555
169	694
105	705
64	736
212	257
167	469
178	240
76	793
113	224
131	636
56	709
99	464
273	449
322	583
430	786
64	450
568	574
224	429
28	318
264	518
68	292
33	85
393	743
345	478
79	221
52	120
455	479
249	310
9	573
68	785
254	638
741	743
267	489
257	627
542	562
318	414
158	655
284	517
57	351
87	497
92	462
337	552
378	398
320	571
127	316
173	195
84	732
154	410
54	218
512	758
119	197
45	70
424	775
409	735
456	460
700	729
106	600
515	572
581	759
506	659
18	567
375	505
141	359
453	652
469	749
177	795
222	375
36	490
128	518
127	785
131	665
407	761
318	783
288	628
157	252
465	621
404	435
243	427
296	690
131	415
60	441
423	509
187	718
165	476
33	262
645	721
541	773
275	734
86	98
74	540
570	659
371	788
512	617
28	622
123	409
612	781
473	756
588	613
18	500
588	737
10	530
336	617
208	703
226	622
178	204
326	366
88	395
17	375
139	265
385	655
57	158
13	659
220	281
9	139
257	519
134	341
231	292
554	570
98	216
20	63
425	579
562	648
115	450
495	732
18	122
76	171
285	464
159	612
278	375
42	641
100	363
0	168
265	548
573	603
180	623
210	575
504	794
3	191
200	749
434	444
484	547
54	786
108	679
133	265
25	285
171	505
777	789
399	743
395	598
425	580
195	727
36	521
769	776
404	641
247	304
288	436
397	412
14	415
105	787
144	633
63	731
503	519
117	283
177	445
156	371
406	417
199	465
628	689
460	682
341	514
28	645
196	344
361	440
9	357
463	738
328	392
450	665
404	467
16	574
297	496
283	617
255	375
307	565
364	752
503	751
408	662
392	595
406	704
617	652
387	753
403	518
99	409
187	540
110	660
3	419
80	612
126	671
307	775
22	538
287	783
97	400
659	712
85	110
419	792
236	437
526	595
583	690
48	498
266	581
151	705
548	606
98	398
16	603
114	354
349	539
204	207
316	338
87	116
83	714
662	664
63	110
96	405
414	487
214	452
110	475
477	770
11	280
690	722
3	307
581	689
238	775
116	244
149	382
479	726
476	758
362	481
331	496
55	494
5	599
229	636
78	93
140	415
68	463
22	565
32	737
489	779
238	386
52	564
503	701
588	704
95	554
232	455
212	420
244	422
161	239
206	455
59	260
535	745
213	573
207	606
301	484
488	597
643	662
198	699
84	388
207	732
608	795
202	687
613	704
416	620
618	631
148	765
330	528
335	423
160	306
513	670
143	266
489	733
416	524
401	744
78	672
105	487
572	780
111	515
245	427
153	622
328	594
57	472
641	696
192	724
22	460
700	708
268	739
76	693
17	27
543	746
564	763
28	368
424	501
151	298
318	574
203	622
306	388
133	696
165	781
130	167
159	235
11	642
58	799
210	216
311	349
432	496
669	724
546	672
180	717
286	600
333	458
16	581
387	759
97	713
298	542
316	467
103	656
200	577
667	721
253	555
345	676
368	556
531	596
699	723
95	426
171	525
5	270
28	268
347	373
172	719
377	652
109	672
188	589
37	696
621	718
581	724
166	368
181	745
287	317
162	360
74	454
188	242
152	669
343	634
441	523
436	437
367	610
240	329
504	515
258	265
457	459
65	716
226	437
34	650
221	485
358	587
139	301
69	728
46	650
587	731
418	761
278	313
258	462
22	562
329	705
77	786
311	506
474	519
226	790
689	712
231	527
17	22
189	316
291	455
117	369
159	664
104	455
98	282
78	770
46	553
46	581
268	426
122	291
426	642
300	431
382	570
208	385
51	578
48	651
314	488
338	666
81	351
35	575
267	353
97	306
260	439
724	794
441	624
335	610
268	385
335	649
383	538
1	443
179	710
160	311
48	157
557	721
111	722
144	712
608	752
309	364
384	445
320	576
727	757
19	436
520	605
346	725
345	622
338	767
77	768
5	672
496	497
220	574
107	759
179	519
281	445
383	701
314	405
35	386
167	186
358	641
263	790
135	273
50	354
21	281
73	566
118	556
390	598
566	584
443	653
41	494
140	717
467	473
550	686
132	408
240	728
589	703
450	743
176	762
79	707
416	482
705	741
280	419
724	729
311	610
116	534
232	266
445	523
622	664
634	766
164	351
83	118
107	239
441	549
245	351
63	546
453	675
200	424
151	497
285	393
147	267
294	568
415	564
460	768
494	642
720	766
37	254
131	795
186	263
406	790
574	634
234	466
394	423
186	523
379	528
91	297
147	260
213	220
118	473
460	473
528	641
213	521
208	482
363	545
149	282
139	787
422	695
275	389
144	266
156	416
522	679
278	606
586	657
16	138
405	423
34	446
242	490
498	548
406	546
398	699
524	725
678	727
457	478
60	466
76	410
106	158
18	625
186	300
47	88
503	533
357	414
478	566
658	742
320	766
227	272
14	425
90	547
455	535
39	628
193	786
323	714
38	263
13	257
130	771
142	657
132	302
147	741
214	636
102	240
157	450
405	577
253	678
683	710
95	297
285	714
94	391
21	232
551	754
572	719
62	304
458	695
321	672
234	599
162	500
360	548
259	679
40	588
297	728
205	798
22	82
205	683
214	676
275	396
145	335
555	654
581	690
66	728
61	186
654	738
206	540
13	118
725	737
111	544
82	315
146	449
347	561
719	769
283	408
33	383
42	350
213	258
513	745
349	797
262	784
645	701
47	685
445	658
333	561
116	728
1	422
148	336
32	748
271	690
273	724
411	716
133	560
461	776
205	278
489	525
46	52
525	559
352	497
89	609
264	599
188	557
434	626
49	566
324	539
259	455
467	794
287	354
392	741
46	64
66	724
326	544
512	565
92	776
96	616
312	409
522	594
7	589
70	609
343	770
449	516
63	229
292	494
452	712
235	359
713	797
160	743
376	724
306	780
76	334
320	347
151	712
174	309
228	630
164	551
528	699
300	516
190	416
11	287
94	270
161	372
128	576
194	575
272	432
543	698
38	111
57	296
328	674
235	749
519	725
53	652
59	322
260	482
278	777
285	456
59	238
133	194
25	536
15	44
518	667
194	499
143	441
264	737
147	519
456	732
477	787
627	797
155	325
644	769
68	500
289	496
685	688
6	545
168	670
109	697
113	455
329	583
686	785
146	436
70	619
261	289
510	549
301	439
460	764
345	785
60	562
187	795
248	768
612	626
300	421
183	505
283	783
446	467
189	726
296	610
10	267
30	176
25	252
501	731
10	63
147	774
39	496
105	739
485	686
106	336
257	789
240	659
671	702
148	224
364	410
352	571
82	216
105	799
359	372
439	725
470	775
252	694
28	474
560	568
64	651
150	467
204	500
37	603
3	213
67	121
608	670
199	323
315	435
473	672
87	325
203	741
135	676
594	601
518	706
19	136
28	686
364	430
642	744
583	744
135	763
261	704
181	242
50	504
284	586
239	381
54	437
59	330
311	464
417	433
540	588
138	383
233	491
456	622
32	282
75	676
43	216
559	588
167	629
20	332
46	399
576	714
202	755
106	507
144	505
228	606
186	799
500	738
225	557
387	663
204	485
726	741
385	522
46	246
70	236
392	563
395	774
401	440
726	772
107	384
159	794
450	487
217	408
291	373
76	121
524	554
50	137
228	344
154	288
7	43
6	697
291	561
145	720
208	248
62	105
311	518
250	617
407	685
389	688
32	717
196	476
316	523
502	563
33	310
150	160
337	356
309	748
212	790
75	660
404	566
93	725
365	739
49	479
133	685
149	317
130	345
71	351
243	573
534	666
270	610
265	555
9	207
284	494
196	659
387	530
96	753
309	775
12	106
136	296
366	531
222	542
8	423
38	293
53	657
506	771
73	88
404	595
59	737
553	644
418	707
433	464
34	794
776	785
138	390
12	326
102	211
63	455
423	685
486	679
61	486
367	681
335	658
467	787
88	238
160	172
519	696
273	790
287	746
75	245
419	688
552	756
72	362
10	157
182	395
341	465
49	79
243	388
144	631
268	509
443	498
38	696
38	311
186	231
292	590
208	502
234	687
422	736
34	355
340	579
232	743
453	712
101	110
241	258
166	677
613	675
151	755
668	702
247	417
198	701
221	499
543	647
455	723
84	117
112	190
164	721
465	681
566	672
243	785
479	551
126	668
558	620
572	682
15	408
60	667
273	357
219	274
358	531
147	292
531	592
5	775
119	462
686	692
136	711
62	475
122	585
447	532
85	205
97	421
140	375
359	713
187	367
285	502
466	500
497	607
119	787
225	707
234	546
31	263
257	670
356	696
104	680
26	198
70	604
370	709
424	482
456	643
34	232
453	520
425	678
14	413
141	797
253	470
106	611
193	229
123	370
698	705
5	429
405	419
226	477
551	586
85	176
492	787
394	731
154	612
34	647
258	396
280	617
265	670
236	434
288	763
445	660
555	578
301	597
178	449
36	428
33	684
373	693
215	428
24	218
278	681
634	691
18	126
48	409
257	408
20	515
180	777
157	359
44	512
236	555
574	620
445	464
331	760
110	518
238	771
407	690
73	353
131	335
230	418
147	167
224	226
233	519
550	606
215	760
207	795
351	436
313	630
111	285
374	675
371	619
601	682
76	647
112	768
222	657
448	459
424	752
600	711
2	261
303	486
255	685
282	472
590	697
38	712
149	393
282	695
377	557
533	545
168	173
170	757
211	555
69	240
102	430
377	677
127	162
64	132
251	613
300	444
229	795
77	389
613	784
413	417
542	735
278	719
178	263
27	528
68	139
129	653
291	737
79	535
240	241
66	764
166	456
221	578
260	444
433	587
215	393
104	582
407	680
382	785
196	364
109	433
323	455
391	490
151	552
294	533
625	674
559	787
282	422
157	321
462	500
180	526
197	659
72	768
16	82
546	561
102	310
388	740
94	186
291	450
541	769
231	348
513	706
155	431
90	442
258	474
6	170
119	178
100	728
421	554
0	672
102	718
157	696
51	555
236	739
361	476
238	360
287	631
188	410
331	779
56	145
524	708
211	471
97	443
678	719
19	679
628	718
26	46
730	740
161	611
322	739
41	538
117	227
335	620
281	645
107	424
279	406
352	389
273	702
244	453
123	737
194	554
512	626
214	282
398	566
48	211
42	585
153	226
641	678
159	540
376	383
281	619
113	658
502	617
236	652
116	393
132	457
56	479
31	271
342	745
62	529
12	726
230	233
692	745
98	400
96	138
136	647
77	670
403	718
482	502
308	747
159	513
92	636
635	738
51	226
69	468
135	423
295	795
67	327
226	683
258	662
33	686
35	523
583	685
39	700
147	530
547	570
7	23
23	47
402	486
425	429
377	472
509	718
224	590
155	363
354	411
308	470
556	775
362	746
198	510
57	607
734	776
319	544
220	294
648	730
133	282
345	684
309	474
450	754
65	115
712	791
168	725
8	269
282	320
121	617
287	478
430	633
311	676
75	210
480	700
546	743
227	575
200	630
674	798
203	204
766	786
150	408
64	102
154	574
424	524
388	449
74	705
363	731
408	535
150	268
120	155
149	229
378	608
707	762
202	256
386	392
15	641
82	214
32	87
375	624
121	397
10	75
510	702
637	739
283	529
572	691
185	767
303	463
157	274
33	316
529	758
351	585
8	497
102	415
429	625
597	778
51	762
104	797
137	553
402	462
133	776
394	463
355	420
129	534
241	744
400	532
484	581
298	791
153	513
203	298
541	666
398	660
78	253
292	736
18	749
275	695
431	745
15	67
233	388
0	104
134	450
189	734
57	235
749	789
261	699
219	631
283	300
17	592
375	789
161	179
587	593
439	717
32	440
133	705
590	652
420	607
131	159
298	552
223	787
414	563
68	682
260	388
23	383
485	665
162	575
209	424
21	356
437	545
210	519
539	689
72	384
129	321
399	643
174	731
129	457
311	428
5	333
398	600
59	96
294	564
180	783
40	339
478	584
53	376
124	635
62	296
142	589
226	673
467	657
168	570
170	196
16	52
243	264
141	373
275	540
367	642
191	781
217	223
644	742
36	167
551	759
148	700
317	427
5	200
335	522
452	718
305	634
274	570
362	659
195	322
84	767
125	288
229	550
28	685
159	318
122	691
228	597
524	655
92	100
57	719
198	538
49	481
69	620
168	653
7	649
150	424
285	315
625	724
111	282
491	662
490	789
550	598
103	325
444	789
324	630
206	426
171	552
123	769
571	782
506	761
116	567
135	672
280	786
592	681
397	609
660	770
40	267
72	489
449	581
283	423
516	725
442	455
143	690
15	284
202	564
23	268
20	64
121	221
44	202
273	717
429	769
135	718
10	408
84	119
504	542
8	627
179	665
495	686
26	195
30	425
203	649
299	609
320	752
2	529
258	535
602	666
461	528
595	771
358	428
231	352
121	400
152	679
299	361
120	638
155	446
304	321
573	589
690	791
223	254
316	761
171	578
27	762
169	408
65	264
44	184
227	689
584	644
283	728
250	608
218	418
322	495
537	652
371	513
182	405
310	558
105	698
69	105
34	429
369	432
494	557
612	618
138	591
259	668
98	124
98	213
324	756
189	658
163	210
83	791
393	557
113	555
631	789
501	738
200	489
150	397
584	742
299	564
208	642
287	702
480	747
266	416
19	236
63	244
107	696
743	749
231	687
632	647
230	316
84	638
563	637
410	667
107	291
568	637
353	449
283	360
47	412
176	507
466	746
3	468
361	398
297	567
660	790
133	722
360	550
227	532
279	641
177	183
649	796
8	107
378	430
78	283
539	597
346	505
322	443
23	544
223	574
473	567
141	292
482	615
101	468
311	360
630	713
777	779
365	605
97	241
283	513
491	519
239	329
1	108
78	193
468	488
67	735
147	797
72	503
68	797
692	797
371	675
220	590
286	697
239	516
440	496
522	555
313	688
186	791
475	650
216	453
383	660
395	695
240	293
222	760
567	695
189	476
449	481
518	588
453	778
112	376
271	573
184	616
239	630
255	603
430	454
557	669
515	604
344	766
239	581
215	285
259	706
28	198
43	473
29	549
371	554
64	444
234	619
58	216
367	662
288	695
362	561
486	769
185	732
64	694
68	536
367	564
213	319
300	775
172	301
298	349
643	734
221	517
283	737
148	496
149	596
452	545
167	708
29	80
60	309
78	734
204	748
648	676
663	709
428	686
194	288
139	746
126	585
508	789
443	490
46	326
209	699
69	522
310	709
169	719
464	656
659	792
164	528
168	411
323	403
373	420
681	794
230	566
222	253
177	732
115	513
109	723
105	337
642	784
398	608
434	569
84	293
41	136
365	710
211	575
445	731
198	522
489	669
239	378
191	727
288	589
318	514
294	761
67	234
514	582
582	598
530	685
140	648
354	503
155	176
348	498
177	290
222	672
89	729
7	201
316	365
369	561
171	381
429	497
11	669
43	146
446	461
308	708
244	608
538	632
15	231
173	432
114	437
506	550
62	571
99	238
295	461
202	216
99	743
341	693
98	455
42	359
82	725
116	659
90	763
718	787
50	115
219	636
170	402
37	112
171	699
255	413
286	308
564	657
39	84
331	472
397	400
421	502
24	87
204	233
270	372
255	488
292	776
207	404
583	654
669	763
473	686
280	474
127	600
299	622
322	402
12	317
339	356
157	172
7	358
397	768
44	217
183	538
113	718
148	263
190	379
290	744
215	641
386	454
476	518
476	716
308	434
85	129
287	544
319	388
28	63
382	705
521	695
113	739
452	735
273	366
54	237
213	284
32	681
316	718
211	302
7	521
440	734
40	395
594	700
258	520
102	225
203	593
212	762
91	779
38	428
240	432
176	774
249	782
4	663
691	744
271	458
771	784
417	573
39	302
312	355
190	199
256	316
310	370
250	513
166	324
62	193
339	434
260	713
100	122
470	697
558	560
400	630
643	752
245	474
372	463
547	627
194	465
7	725
103	212
357	549
440	508
470	536
197	775
669	693
183	595
499	714
198	250
448	630
33	275
27	139
278	688
264	517
219	773
690	785
472	515
57	342
422	787
624	729
534	708
35	142
5	447
28	272
466	484
608	706
103	320
400	615
66	383
432	573
317	322
337	550
239	568
280	579
303	568
60	756
139	166
584	681
162	276
526	757
607	740
36	457
136	439
94	642
69	294
733	787
66	494
199	252
295	637
343	766
21	226
62	649
103	611
323	723
14	365
165	393
105	619
407	720
179	425
100	154
641	780
27	681
501	597
345	677
579	763
137	402
213	736
143	646
455	566
237	670
97	478
343	553
701	736
480	628
68	614
445	480
555	642
201	453
119	717
289	726
462	674
246	317
133	612
242	273
389	647
501	521
551	755
352	659
136	232
406	495
13	214
308	339
84	208
152	446
353	653
132	725
154	246
196	469
522	692
378	710
325	496
242	737
71	715
493	577
146	671
162	419
274	628
73	651
700	738
545	714
460	584
2	665
59	247
168	709
483	508
91	794
9	121
76	699
47	610
244	459
247	725
465	740
178	535
174	478
355	788
474	596
357	376
116	601
160	414
322	478
277	777
148	480
158	747
216	598
290	484
103	250
406	724
184	537
571	777
19	106
549	677
109	394
237	579
423	684
36	576
226	327
45	705
226	711
289	688
177	756
523	653
175	779
417	758
70	538
518	636
501	740
213	505
661	748
651	708
344	726
310	644
710	737
329	433
168	735
111	549
422	746
242	714
482	495
476	759
123	411
275	660
139	325
113	120
241	795
256	365
38	740
141	150
41	121
192	472
259	408
373	535
76	635
282	664
152	456
288	682
55	140
426	659
74	677
350	670
390	790
137	689
614	789
196	352
420	557
90	106
430	708
99	566
18	781
155	505
21	396
304	707
16	657
124	641
20	152
736	737
32	106
20	187
400	585
208	611
179	632
59	666
181	591
93	470
162	176
181	708
222	556
112	341
13	538
159	351
143	530
400	733
595	731
212	783
279	324
394	702
349	397
5	32
96	361
276	732
281	637
14	204
159	725
118	549
5	263
710	722
317	584
3	279
339	366
157	433
80	171
51	457
197	543
395	477
36	341
131	648
20	176
259	779
193	695
435	568
29	684
222	517
275	283
339	397
484	677
273	703
18	276
37	654
1	697
340	791
149	740
409	603
80	797
265	387
176	701
94	120
392	401
646	722
84	738
102	168
316	687
172	774
63	768
144	477
262	650
70	564
126	311
130	412
96	657
129	776
275	744
156	400
190	402
197	595
374	798
198	468
121	148
299	365
225	254
213	214
127	198
235	367
385	530
216	226
271	673
190	713
503	659
555	726
257	639
494	793
662	796
51	321
630	688
395	689
4	568
284	553
462	513
314	332
583	681
462	754
270	756
318	512
197	623
202	260
506	552
13	400
586	640
317	408
346	629
445	568
71	778
94	533
569	750
239	549
607	674
560	664
96	286
294	481
244	317
285	718
205	575
80	514
51	479
637	757
315	773
241	617
522	611
354	705
29	641
126	575
374	692
116	715
633	703
366	424
39	201
342	451
445	481
472	650
160	262
409	534
51	177
47	332
320	587
47	559
249	577
118	777
562	650
142	699
146	174
14	135
542	577
415	601
174	356
139	380
187	443
197	519
166	638
244	273
651	706
90	263
611	761
1	58
83	665
36	784
528	788
276	350
198	432
362	656
294	662
131	300
125	720
697	783
600	777
475	536
297	769
64	748
477	753
553	721
483	612
435	797
242	391
33	574
304	359
19	584
483	754
214	222
474	656
32	593
167	325
286	462
262	426
118	695
667	697
398	663
197	335
393	753
164	207
234	399
282	441
13	490
255	265
80	303
32	672
540	654
239	765
610	711
56	696
388	699
22	522
12	654
520	789
461	699
3	274
319	443
382	763
195	534
411	705
657	794
213	796
387	641
411	775
5	295
407	632
296	517
642	791
193	570
194	320
456	575
164	432
213	340
70	155
342	788
231	401
88	122
249	427
44	710
188	359
13	288
264	350
136	352
58	401
406	763
704	793
313	795
448	479
234	300
188	272
18	261
326	361
327	644
546	587
156	439
616	700
307	778
195	383
582	635
98	99
98	116
15	194
377	574
148	670
590	619
206	701
190	555
243	576
314	684
297	671
223	449
442	544
200	786
449	480
105	178
175	179
257	616
486	704
499	631
456	754
9	79
172	570
462	467
754	796
235	571
70	772
387	778
52	306
186	338
247	514
218	637
405	463
311	427
26	568
461	692
47	732
490	722
290	533
20	482
338	502
223	640
643	666
45	143
265	519
569	617
78	469
168	265
487	724
244	540
518	593
190	743
607	622
254	569
297	448
56	620
51	241
50	464
318	744
486	656
65	155
413	441
117	354
484	603
446	492
382	663
272	753
332	658
379	679
162	700
241	661
335	705
34	338
105	511
49	144
12	255
492	764
216	724
139	609
68	290
306	374
103	531
120	131
79	672
322	563
545	641
711	792
752	769
756	763
556	639
311	526
406	671
46	641
149	392
82	397
147	475
303	650
154	544
147	155
354	603
315	322
365	543
3	220
240	444
139	513
279	722
328	349
191	449
58	663
33	742
493	649
535	606
75	486
19	148
141	376
470	637
782	791
468	626
507	690
388	669
65	709
335	575
306	581
170	186
392	484
210	620
231	386
425	659
361	674
519	559
422	732
273	755
142	513
280	343
82	526
336	645
299	475
369	621
437	710
283	614
237	297
129	149
5	453
298	343
340	625
28	510
308	727
293	449
9	587
389	600
335	460
293	539
14	795
568	607
212	251
168	222
117	273
24	312
267	316
261	386
38	729
138	181
668	753
21	678
279	342
197	742
580	610
542	581
77	122
42	204
128	647
597	640
182	774
93	583
37	216
612	788
38	781
227	527
427	457
43	536
771	796
196	202
108	234
64	704
583	726
105	550
352	655
309	667
17	785
50	133
250	725
332	687
692	777
215	647
42	105
449	470
390	548
88	667
224	627
179	614
25	478
574	798
54	645
329	390
85	705
125	126
250	595
353	354
389	686
634	702
190	771
465	618
710	752
57	606
225	719
201	508
355	628
32	299
182	647
84	110
245	641
29	133
286	544
244	661
459	733
59	644
555	711
46	708
71	413
325	453
359	517
223	371
140	686
195	355
4	534
94	253
643	658
145	256
194	419
748	781
281	738
22	209
285	791
242	515
397	487
200	789
53	595
521	779
25	675
20	532
99	634
64	152
104	233
385	596
466	607
174	333
218	529
697	726
227	276
36	500
193	507
323	796
605	773
65	516
294	431
335	662
233	406
320	495
79	756
329	729
8	433
382	681
168	228
102	523
207	421
173	776
163	483
108	426
205	237
323	443
205	427
478	602
186	515
716	759
223	468
292	786
372	514
45	214
317	361
474	742
115	454
267	387
446	476
611	684
295	328
254	762
134	505
554	747
182	402
709	762
17	622
130	284
164	168
193	605
761	776
348	470
352	382
205	415
622	695
579	662
684	723
428	497
226	522
156	308
107	543
404	793
177	551
192	440
549	601
158	743
668	765
128	466
634	726
47	535
306	709
45	636
38	636
4	515
441	765
36	311
151	513
547	716
244	354
54	315
433	669
125	411
195	491
328	373
15	69
101	245
365	487
135	768
196	464
322	755
262	315
11	568
93	664
169	535
234	482
654	790
582	763
130	139
518	740
128	667
203	717
152	629
18	224
596	711
83	589
105	184
183	475
345	491
152	189
233	518
121	774
283	623
469	759
67	341
424	792
346	519
501	531
202	428
526	673
96	722
159	446
432	772
152	597
69	589
370	385
225	227
270	412
70	181
309	697
369	564
434	644
332	564
372	580
547	664
282	673
407	727
211	391
674	699
179	683
265	644
504	640
186	232
69	92
236	245
644	654
38	570
665	778
85	728
51	624
48	435
194	665
96	395
147	369
504	639
360	730
199	208
77	538
85	621
693	723
603	713
484	665
55	465
92	417
539	777
50	450
78	792
312	335
609	706
489	647
586	646
665	786
510	697
539	796
11	590
151	359
298	383
18	364
395	757
259	286
151	609
92	401
135	305
697	772
515	607
245	776
410	711
42	594
240	441
353	421
361	547
66	154
286	574
47	233
169	604
38	791
307	627
189	311
476	497
153	686
312	612
381	459
42	775
231	651
214	264
273	618
389	461
25	139
198	304
85	300
72	416
18	771
32	59
231	287
229	613
520	570
119	714
506	664
83	695
379	611
244	580
93	329
172	330
221	254
290	585
114	526
261	402
175	502
110	727
270	336
26	554
128	423
84	416
371	537
140	723
264	393
135	654
25	605
135	216
189	277
205	253
321	548
463	636
178	419
367	590
360	639
747	794
300	407
188	561
118	313
77	84
197	734
0	73
378	403
20	757
111	192
453	468
528	673
103	509
76	217
237	629
373	748
585	749
119	740
679	737
175	597
191	355
84	752
559	761
128	729
162	221
190	464
80	653
237	465
603	620
289	697
517	646
137	264
413	601
90	654
54	637
289	661
477	595
552	724
289	776
531	570
216	685
137	232
234	327
189	415
575	703
141	320
649	726
608	679
195	541
27	148
472	590
123	335
128	460
158	439
209	646
16	17
165	569
504	604
65	218
76	772
161	417
74	209
633	765
22	408
412	795
178	203
571	584
69	798
123	340
111	675
391	409
243	536
191	608
392	727
162	376
75	734
335	559
21	274
286	565
542	606
600	709
48	279
374	536
453	666
383	396
551	592
28	681
225	429
240	452
283	309
65	148
226	311
317	454
516	778
167	649
24	759
509	736
235	633
172	725
263	506
89	464
70	510
91	569
309	670
612	681
481	757
298	608
130	438
9	95
275	716
198	223
624	662
12	495
521	791
13	531
250	561
77	690
58	507
659	673
148	445
324	775
476	636
110	519
32	544
591	767
176	782
35	590
103	564
569	639
68	466
173	659
305	417
18	766
640	746
39	514
193	226
88	186
276	317
95	720
524	768
232	602
121	499
237	695
399	700
498	751
143	744
248	511
297	465
148	696
276	662
305	353
372	474
247	708
144	455
405	424
103	179
283	714
298	741
398	556
6	242
103	503
171	510
117	728
483	747
695	749
337	787
303	319
378	484
424	505
471	474
85	520
295	491
108	329
301	358
318	532
26	202
120	182
322	387
483	616
203	641
188	315
140	144
429	434
157	770
26	123
725	755
299	664
399	444
359	582
127	507
217	273
3	155
412	450
428	685
111	527
3	444
420	766
725	761
20	468
146	383
93	307
580	724
323	781
128	309
80	458
42	140
69	751
455	511
58	105
56	90
115	363
519	555
567	587
254	398
86	467
367	489
415	795
68	705
119	286
585	696
68	327
266	297
172	723
41	111
72	440
669	737
334	630
568	778
153	395
47	379
191	635
424	537
151	708
222	279
16	419
714	777
418	738
590	624
639	769
675	798
5	85
179	215
481	754
3	162
380	452
258	476
355	640
92	735
416	702
221	527
352	456
62	492
605	718
117	501
399	497
369	717
182	434
44	436
138	193
229	568
290	402
188	420
289	392
334	727
662	790
465	714
79	676
8	334
363	444
41	209
449	765
109	283
94	315
144	405
644	697
15	352
382	532
181	488
269	689
184	324
61	577
383	677
92	705
406	496
570	793
10	61
297	592
586	706
327	634
688	775
95	248
260	684
12	52
148	453
275	771
152	567
140	693
182	528
137	523
613	648
87	539
113	793
605	635
268	543
232	363
97	268
29	680
644	796
525	646
348	529
268	361
123	589
12	369
288	726
13	737
186	678
309	740
118	320
265	565
54	623
335	569
15	155
179	290
112	518
147	534
2	689
292	326
230	532
539	789
101	487
255	541
571	692
375	402
524	695
347	475
264	557
434	655
582	742
33	608
552	784
188	199
220	412
450	739
248	441
79	246
29	473
82	259
299	359
113	656
39	607
384	390
80	616
428	628
221	715
113	652
306	397
126	347
316	434
356	451
390	776
618	632
47	257
22	367
126	322
130	711
536	612
165	318
191	661
585	592
141	756
245	756
628	657
87	609
724	755
113	170
43	289
196	387
620	711
204	619
156	700
136	411
565	753
518	534
661	677
135	480
173	495
321	478
234	595
520	578
96	432
74	269
198	706
163	409
256	405
377	409
77	240
348	751
267	433
709	725
150	326
731	744
266	425
292	662
195	580
210	771
221	574
302	716
401	699
127	715
387	471
250	604
155	533
151	619
573	637
151	537
230	282
573	584
67	270
561	764
21	489
34	406
404	510
100	152
436	443
192	679
539	785
337	470
232	262
624	686
155	304
536	643
520	791
56	290
270	392
369	631
155	418
81	650
127	555
376	755
156	217
736	774
542	787
89	532
537	581
206	673
38	127
273	794
85	541
123	526
283	501
60	234
23	716
140	551
303	750
371	792
474	785
704	782
168	513
258	618
139	509
69	342
640	691
222	703
458	742
478	712
508	714
93	589
507	551
142	167
20	720
113	412
208	238
16	58
34	41
439	484
653	775
389	452
151	231
131	371
537	634
306	503
378	434
102	679
206	693
38	50
516	579
127	277
509	677
422	696
63	621
220	728
86	457
489	637
207	509
553	753
93	741
113	535
299	651
127	666
392	503
218	411
142	367
105	777
23	189
222	649
339	676
685	778
23	629
44	681
271	387
305	414
228	243
508	520
428	703
307	690
190	580
201	347
415	444
467	768
431	713
297	565
700	709
328	578
67	180
207	322
154	256
272	299
66	375
249	514
364	785
214	248
285	504
270	775
416	766
733	752
316	767
48	738
708	725
22	482
79	375
252	443
46	355
488	785
417	443
304	466
19	797
250	455
52	584
106	201
195	523
277	768
92	785
193	648
309	391
178	381
369	414
712	729
589	637
36	649
360	407
363	679
267	504
105	504
351	630
1	752
226	748
345	454
123	779
471	661
75	578
443	617
309	540
239	797
90	226
341	721
283	613
66	585
262	399
294	650
224	708
396	582
18	387
387	620
343	619
618	791
12	49
20	106
84	787
99	750
455	675
695	702
77	591
122	348
132	145
193	328
55	147
297	477
90	631
272	344
16	101
397	638
524	582
602	679
192	568
121	760
49	711
105	457
169	660
628	760
469	511
25	671
2	303
56	157
583	747
456	660
348	432
447	540
43	422
123	435
384	646
497	661
92	444
178	580
356	433
211	532
261	543
7	743
350	694
724	783
116	316
195	632
59	683
169	245
328	704
729	761
106	653
491	542
155	798
83	625
232	532
26	459
8	363
226	553
315	376
2	200
93	715
155	638
421	476
82	380
217	543
217	620
192	281
278	585
407	669
130	425
439	641
247	289
631	793
283	608
136	247
45	632
493	656
392	537
50	509
279	634
61	552
10	505
352	448
184	419
37	166
631	761
631	734
497	649
39	395
566	661
66	718
144	501
13	554
274	590
373	434
352	411
387	654
475	770
11	392
85	735
160	200
247	333
444	500
301	668
112	586
673	690
597	728
111	476
164	451
512	672
539	550
343	473
15	547
105	503
97	341
190	413
412	580
76	419
493	658
90	430
37	685
185	498
265	738
325	525
110	152
401	538
600	780
337	415
18	479
183	589
537	698
234	776
276	529
408	641
246	624
120	463
711	754
165	592
584	622
115	634
468	790
68	543
426	640
148	437
564	580
120	361
130	605
610	776
30	42
232	242
99	748
308	736
110	532
419	748
623	680
162	177
252	692
253	538
540	757
176	680
245	390
428	469
636	786
577	597
237	663
52	201
478	582
137	685
357	740
37	239
475	512
87	713
51	341
507	659
437	682
641	692
586	704
185	507
325	444
375	525
413	681
394	498
196	656
123	617
199	471
271	642
137	416
109	467
138	381
106	196
428	648
290	508
341	605
648	737
226	771
148	462
7	167
53	603
625	759
87	371
446	518
393	680
75	90
105	296
360	627
135	622
324	444
533	729
290	305
635	776
41	591
96	116
128	652
164	645
65	689
361	533
99	112
108	161
107	488
162	383
225	268
76	104
272	333
195	674
595	743
502	508
68	656
399	650
120	180
336	608
474	796
490	508
174	777
217	389
235	455
514	650
6	741
203	312
239	400
103	449
638	686
23	353
87	788
299	729
416	596
81	763
154	471
346	611
293	728
84	534
195	225
307	600
628	679
175	329
280	737
200	604
243	329
202	751
576	700
347	476
343	791
570	755
7	305
483	594
309	610
40	518
152	282
286	292
193	412
379	409
131	234
204	282
82	778
253	787
119	141
338	750
253	408
218	408
104	333
112	254
16	204
246	654
74	137
47	569
32	455
303	479
189	723
32	773
141	280
547	656
222	796
6	653
25	617
285	308
29	65
38	703
49	338
572	737
54	641
493	518
192	384
45	783
155	767
205	383
170	337
3	628
675	744
300	447
87	652
373	566
521	734
65	200
275	623
280	562
318	552
488	528
128	320
372	788
133	550
219	325
227	496
103	184
452	519
378	646
492	744
13	298
58	646
226	281
352	433
23	246
12	772
3	517
64	109
207	440
45	172
742	756
89	555
173	698
541	571
601	647
147	639
184	623
323	480
549	767
334	541
417	675
236	389
83	572
507	743
122	628
373	378
432	465
659	690
489	785
305	760
425	722
14	677
254	427
94	537
345	662
198	539
508	631
204	288
412	419
7	68
434	754
486	775
61	590
47	66
624	713
491	702
488	547
98	174
211	472
5	69
362	780
358	538
29	657
310	418
297	373
347	763
537	599
688	742
333	355
563	625
375	776
75	438
546	692
381	666
435	462
343	448
324	659
477	670
468	760
112	548
125	399
168	419
546	586
146	159
600	613
15	359
1	31
49	497
296	532
535	762
371	618
375	608
19	477
515	786
423	601
203	703
288	596
654	660
76	247
279	623
59	799
639	649
600	627
24	369
253	778
594	792
550	758
558	612
661	729
345	798
182	552
335	558
127	628
109	331
201	604
203	278
266	287
431	554
539	703
176	367
356	438
40	615
10	770
79	748
192	595
80	601
615	779
236	244
12	557
166	635
359	445
303	305
566	711
183	263
139	151
653	795
338	676
202	211
237	363
234	423
171	471
494	636
298	375
134	562
322	405
82	256
116	765
426	459
160	297
455	725
44	275
232	288
78	445
467	793
285	487
20	523
481	539
301	482
37	526
296	432
277	344
22	253
236	682
446	755
441	770
120	563
256	760
127	159
111	428
52	775
779	790
376	745
43	244
27	507
385	678
145	626
103	715
105	244
143	294
155	194
481	677
131	190
620	706
508	611
20	121
560	699
68	494
114	318
137	268
385	453
112	427
112	680
161	213
1	607
281	542
310	578
186	698
434	539
360	396
77	412
253	296
123	376
93	466
115	431
24	647
266	597
298	355
118	545
648	738
539	583
210	339
371	515
489	546
74	605
351	782
454	685
361	442
16	48
10	728
238	511
4	108
99	696
270	300
237	350
153	635
126	252
395	425
410	515
261	489
284	418
235	579
3	466
245	577
74	475
524	561
6	22
225	291
584	640
455	752
200	498
54	358
313	625
160	305
264	361
46	343
130	415
17	66
223	781
564	592
231	491
61	145
117	795
10	329
442	758
27	95
177	216
273	518
500	628
39	137
27	465
94	230
6	96
49	523
340	383
318	389
0	156
25	461
241	350
45	222
373	744
594	638
143	545
336	346
54	579
8	597
96	783
31	484
30	672
219	740
316	645
535	639
555	647
707	722
690	788
297	608
482	777
115	586
56	680
247	641
194	212
203	680
318	588
294	601
93	367
161	541
530	758
570	788
234	720
472	697
70	646
476	614
541	684
19	543
516	529
580	634
105	349
265	296
89	367
462	710
630	765
486	774
143	168
660	684
254	513
377	599
48	316
384	600
467	683
138	223
163	170
98	150
72	632
143	696
253	690
60	797
339	742
346	727
436	689
185	246
621	652
68	453
482	731
595	600
340	504
132	619
160	287
63	635
255	476
140	305
75	168
386	516
486	514
398	443
184	707
88	795
21	287
315	397
13	38
528	625
382	650
82	544
97	498
159	732
56	284
117	635
395	742
95	115
86	206
426	635
492	631
353	584
25	347
695	708
576	683
506	657
243	410
39	372
396	534
418	635
606	699
50	184
33	605
597	620
246	711
226	227
333	455
158	631
354	407
146	440
191	754
390	781
49	283
354	608
145	763
38	517
657	719
184	570
305	668
128	594
357	491
578	745
32	287
79	420
304	728
4	514
208	698
185	786
572	724
235	320
214	731
314	758
445	620
40	503
330	651
582	654
47	226
492	725
161	528
324	772
191	610
443	759
537	741
255	598
40	105
29	714
325	650
76	758
550	747
278	417
516	656
55	125
401	543
223	276
49	168
278	433
410	606
24	47
240	278
280	479
136	436
337	366
49	203
290	688
203	364
62	489
7	223
111	587
331	707
106	607
208	434
242	269
31	506
383	514
467	740
344	348
387	480
236	617
215	705
111	730
141	605
111	220
364	412
5	225
319	409
376	440
26	118
595	789
21	383
184	310
151	186
46	528
229	580
64	270
690	765
390	783
448	705
674	692
85	574
277	542
297	473
293	704
274	700
473	577
69	543
300	791
614	626
121	721
436	582
507	663
435	480
60	465
134	332
136	675
131	286
219	524
655	685
119	716
149	747
90	336
495	538
634	784
207	451
616	783
10	544
383	799
350	410
147	693
239	544
357	651
467	645
612	671
98	745
176	356
188	381
413	592
94	207
617	621
477	733
87	372
447	619
640	713
148	698
154	352
186	306
558	742
199	534
196	652
26	47
497	776
229	653
7	182
5	148
142	306
277	490
34	197
165	367
214	406
290	435
109	271
278	335
328	581
252	630
78	485
710	799
158	189
123	732
95	755
93	211
65	216
81	762
37	608
183	360
630	794
143	242
477	580
55	726
312	748
83	503
204	542
149	333
108	560
29	575
367	551
236	750
128	133
190	244
534	555
72	742
597	630
602	649
378	556
245	572
297	460
554	596
115	260
367	708
236	728
154	698
54	177
486	634
48	714
372	632
7	283
241	783
324	715
47	64
413	724
99	436
423	788
27	417
56	354
77	343
72	361
171	551
499	753
365	660
166	678
65	84
300	578
52	512
220	642
205	689
376	542
46	195
176	618
286	781
249	595
628	648
260	618
503	727
87	294
545	691
240	502
83	159
741	777
345	697
0	294
85	749
453	642
516	683
698	790
185	520
400	460
137	697
131	144
662	685
459	767
395	619
621	772
30	573
592	785
192	726
63	642
337	517
268	746
235	248
111	409
542	773
446	709
564	667
565	741
295	715
136	610
652	799
165	212
178	757
71	651
10	498
349	641
71	415
164	669
30	676
326	628
516	583
338	711
117	451
708	729
356	750
417	627
55	735
339	479
135	456
380	754
135	330
134	601
57	220
266	784
301	587
361	448
138	616
13	540
605	666
720	731
202	517
410	623
323	338
407	493
184	553
3	597
63	681
205	592
481	663
321	651
122	436
85	89
179	464
189	352
47	624
48	687
365	530
722	724
133	193
355	707
46	409
113	607
71	142
72	429
471	659
97	603
1	57
3	124
226	402
133	580
113	204
552	776
458	643
319	627
493	505
21	572
8	496
223	496
268	714
338	693
123	796
30	403
394	609
250	761
188	231
362	798
145	175
603	792
365	713
339	588
29	555
531	746
204	727
141	335
315	540
212	724
643	791
119	619
261	448
52	179
320	338
268	690
626	684
82	321
310	527
118	559
65	160
46	145
416	465
254	276
246	664
354	780
448	682
110	628
178	567
63	576
269	292
333	481
72	242
160	603
59	601
66	434
195	609
314	330
213	390
571	717
237	433
469	738
22	68
80	289
380	437
570	604
158	776
677	790
240	476
252	628
551	645
77	705
519	743
416	749
46	84
538	601
106	195
618	635
355	479
168	780
78	225
132	777
224	250
91	302
410	561
205	767
303	409
662	747
425	523
27	184
225	236
527	751
496	632
137	140
286	726
39	767
275	577
93	193
101	569
496	750
196	516
166	454
428	503
96	788
80	263
518	759
117	429
113	117
199	681
39	610
173	607
418	636
348	778
670	708
379	542
556	732
86	793
419	537
284	595
90	514
97	242
260	448
644	721
561	730
399	679
5	557
542	604
14	127
264	398
425	693
561	636
372	413
113	304
16	87
381	417
370	472
597	794
568	628
634	640
79	599
513	655
491	685
34	74
41	506
236	405
16	628
69	385
476	521
187	317
124	753
238	772
60	492
254	468
196	526
338	429
231	756
448	756
334	385
615	775
146	580
61	661
25	763
162	188
75	688
266	705
350	435
88	304
31	678
118	159
56	185
135	251
343	792
362	506
251	767
27	385
482	745
301	508
372	699
327	768
219	368
527	671
163	526
198	549
583	630
406	422
31	665
62	241
241	645
180	584
425	617
140	232
56	678
202	550
47	135
0	383
173	609
140	471
109	741
211	755
402	557
88	648
227	769
527	574
209	795
510	717
195	682
157	518
643	780
490	633
466	590
386	628
270	588
94	375
362	374
50	357
320	513
169	188
353	567
395	638
71	641
576	736
150	721
295	364
349	394
61	131
119	695
308	700
174	648
302	484
201	569
491	526
230	609
169	594
51	196
14	375
118	405
15	496
157	732
433	498
16	416
335	492
402	481
512	703
262	532
532	537
636	653
394	410
78	641
5	548
144	783
424	750
175	192
616	667
91	279
134	593
629	640
145	409
136	756
34	735
522	656
59	557
12	518
699	789
58	438
183	367
440	623
2	743
92	232
455	642
679	799
319	434
61	326
228	733
318	336
280	517
463	711
51	191
208	340
539	654
83	789
54	69
611	753
635	799
485	626
59	559
304	650
327	376
133	534
284	670
614	615
63	739
213	407
584	733
398	467
77	254
195	438
249	614
480	581
294	567
283	663
168	288
257	405
439	523
411	517
361	390
110	611
185	531
19	524
6	184
556	697
6	173
99	629
29	90
128	485
327	366
293	296
505	698
479	640
291	649
376	546
34	395
103	217
165	681
21	580
15	647
52	665
469	728
606	737
510	738
15	603
698	796
137	563
635	794
343	382
53	735
420	569
574	672
149	212
17	603
534	630
302	593
133	536
24	756
123	316
345	394
311	663
404	491
103	541
365	502
222	732
554	600
131	408
139	227
304	641
222	525
438	556
48	167
107	171
500	535
411	436
1	182
128	511
277	707
119	138
198	372
535	685
564	609
177	200
176	469
50	382
452	681
298	526
545	693
378	508
127	128
358	636
15	345
396	441
13	759
54	797
443	635
626	629
109	772
240	338
157	277
397	439
368	586
435	724
751	765
29	674
117	181
315	756
602	795
340	793
76	545
6	383
364	535
69	163
526	739
160	319
545	733
548	568
358	427
429	591
647	676
124	184
436	624
313	559
190	492
2	424
136	407
400	640
65	373
29	91
40	113
389	717
321	365
470	584
610	741
41	49
32	259
521	654
105	651
75	437
22	776
309	657
238	503
311	409
344	617
187	495
124	340
52	579
208	347
72	109
2	79
156	508
228	287
507	526
419	756
24	581
445	702
465	633
138	602
285	748
55	630
570	787
119	728
317	581
120	141
36	449
483	702
137	284
354	651
117	711
451	640
317	559
221	783
441	772
373	485
561	672
29	582
199	452
17	18
455	476
38	450
649	722
626	738
38	135
577	783
17	747
272	637
66	732
347	444
28	538
450	775
156	169
202	711
512	777
142	680
102	245
354	700
90	126
63	192
361	750
342	647
487	609
226	340
226	561
508	797
230	655
268	396
331	634
76	349
176	217
364	587
113	779
136	512
82	176
119	406
222	659
446	753
246	776
714	765
129	147
212	246
296	749
258	772
385	471
210	473
162	310
668	746
54	512
133	174
215	706
269	324
113	254
316	508
126	333
52	678
228	696
7	115
321	329
217	246
301	488
139	196
271	715
503	541
34	202
424	699
569	590
124	574
5	78
261	519
693	778
60	333
647	648
186	378
450	705
5	87
588	764
462	714
733	734
76	658
19	46
83	568
462	709
371	520
512	514
138	318
78	365
242	576
196	778
6	687
159	470
360	565
92	282
364	696
216	256
264	584
120	650
571	638
293	497
313	503
127	682
39	611
12	69
570	617
275	388
293	768
112	765
28	76
27	302
214	698
397	628
37	701
260	321
42	415
42	534
208	254
330	482
192	592
372	708
356	578
132	791
646	787
53	384
188	739
639	747
368	777
228	346
452	680
435	444
262	635
386	403
520	786
716	719
43	79
131	374
1	436
155	382
46	450
125	681
493	499
59	665
570	586
99	111
21	586
208	735
293	625
161	622
409	565
143	798
103	135
412	652
284	461
35	319
348	508
194	513
31	670
559	601
329	396
65	92
333	534
522	637
246	618
442	513
322	351
578	726
318	485
104	448
337	690
352	673
51	747
80	590
218	677
122	514
286	339
265	599
72	364
314	398
84	521
125	783
29	596
617	660
241	557
1	569
203	391
211	636
323	505
344	432
497	616
121	521
360	668
311	407
292	539
45	62
350	351
308	761
235	649
93	530
199	677
44	156
71	437
310	562
54	262
354	552
130	774
63	764
331	370
273	666
85	745
697	714
33	190
657	761
712	761
71	208
325	690
130	766
340	684
568	751
475	507
6	68
427	484
140	398
682	779
132	553
279	395
476	685
36	605
381	565
401	433
268	545
446	512
593	619
97	566
69	515
489	516
143	720
287	636
118	171
412	662
314	639
42	257
277	670
510	633
311	587
360	675
755	770
501	746
134	494
331	445
71	371
643	723
74	355
551	776
207	533
29	373
102	281
223	380
171	418
176	753
56	205
49	352
515	755
71	424
408	724
170	257
333	720
0	398
280	762
145	282
144	615
276	688
79	398
326	386
42	397
174	692
72	401
186	668
489	715
171	559
492	519
389	751
448	536
256	791
133	399
27	739
450	582
402	691
70	312
2	135
214	240
91	106
404	405
107	165
412	640
267	768
173	673
578	606
402	689
73	280
127	707
235	554
191	330
202	511
430	440
168	639
237	324
112	698
256	282
683	766
184	495
129	660
113	727
409	792
86	536
80	138
245	473
318	598
546	639
442	498
449	573
498	638
525	612
686	765
474	768
398	594
496	731
81	796
605	771
55	678
195	248
403	631
99	323
580	676
459	778
224	516
160	263
400	451
128	345
339	756
308	635
65	412
5	605
522	631
425	628
148	718
334	425
198	331
61	600
508	626
290	715
137	226
17	366
353	459
30	341
99	288
501	562
123	286
299	552
27	764
622	627
292	706
221	538
200	562
149	283
104	650
165	434
541	657
53	463
341	781
217	615
222	663
99	502
129	698
525	690
7	396
168	572
370	621
251	379
106	125
175	394
186	499
701	778
386	460
171	253
261	618
267	339
106	463
83	628
306	540
140	522
437	484
107	536
6	549
411	581
319	678
310	607
433	722
728	763
134	323
547	729
95	213
549	550
258	741
474	640
83	732
31	140
497	526
619	785
159	341
341	417
243	466
96	712
178	461
320	323
562	722
327	632
105	376
618	717
444	564
55	273
516	714
110	601
225	761
84	496
62	500
225	354
26	435
428	680
176	615
620	739
110	197
72	220
359	456
62	393
157	537
417	664
73	164
156	760
29	437
31	247
188	696
726	732
95	629
187	772
17	70
342	465
84	692
455	704
139	493
672	757
431	629
509	709
37	65
193	571
337	551
96	461
151	679
82	698
443	788
84	286
484	689
354	580
697	766
672	697
61	364
198	599
72	480
142	398
217	248
563	750
160	789
101	774
543	763
52	398
392	656
168	268
6	401
565	706
447	776
729	740
118	359
452	465
145	640
525	794
250	351
64	526
105	185
116	448
35	80
470	568
665	745
148	639
153	613
413	664
532	643
77	461
105	763
92	317
469	516
717	761
120	359
375	727
66	623
157	336
120	655
589	696
128	305
233	573
165	246
420	541
344	703
594	750
308	645
590	600
23	443
189	367
271	414
337	484
330	705
405	480
516	635
386	484
125	457
445	502
360	457
196	457
128	611
56	272
52	216
141	529
36	791
710	761
174	181
379	766
658	673
188	761
611	689
76	309
638	789
156	423
126	673
130	696
382	456
482	759
271	415
380	422
616	718
335	571
294	302
639	714
296	613
246	705
238	729
721	785
510	539
537	700
496	543
250	611
697	720
196	763
532	708
163	626
143	491
381	596
331	566
245	751
67	241
23	261
271	322
305	428
157	517
335	420
294	623
173	216
187	543
137	681
136	658
633	779
543	679
478	790
94	580
21	68
724	740
236	316
191	193
484	611
134	314
222	727
223	289
561	587
185	204
228	776
28	571
242	544
101	148
425	651
332	580
480	591
146	690
11	432
604	742
155	727
156	611
46	146
27	93
214	308
246	421
424	702
167	787
390	460
317	329
226	366
109	768
317	491
485	655
258	761
494	548
182	786
284	470
4	157
294	512
332	767
33	650
20	420
208	273
40	412
527	664
445	532
215	770
294	733
213	500
523	752
698	709
268	712
189	786
406	777
336	718
13	370
84	736
369	371
63	97
492	699
230	297
45	413
97	586
754	764
661	766
248	601
93	385
175	734
219	564
122	792
156	380
211	491
359	680
84	174
1	143
328	749
581	753
145	618
89	434
85	576
76	94
142	574
385	458
174	578
124	175
61	260
217	473
400	506
396	698
190	389
740	753
83	94
277	723
298	759
181	485
326	642
220	285
516	784
4	45
507	635
400	462
376	691
437	588
304	456
7	718
520	723
293	412
304	442
74	284
457	553
562	769
442	487
281	536
36	494
40	500
389	391
97	675
188	569
68	575
323	426
259	656
77	546
340	597
1	486
258	503
365	770
262	289
666	793
587	643
282	582
170	265
13	670
251	556
580	644
275	459
302	440
286	693
782	797
382	442
437	541
118	647
107	124
197	227
14	176
165	394
513	597
119	607
435	510
566	598
434	465
98	433
96	530
415	556
58	435
99	223
449	638
10	487
466	507
33	634
75	512
39	391
474	609
238	299
357	580
413	685
171	668
125	433
42	703
235	796
340	588
87	407
474	669
357	640
444	562
465	626
505	545
110	561
189	285
252	284
278	339
345	458
350	402
405	666
714	752
241	345
348	688
182	261
20	362
173	247
328	772
266	491
2	62
256	300
559	759
176	545
40	161
389	428
727	791
22	327
539	638
157	676
568	769
15	791
217	344
55	720
157	242
583	589
574	589
188	332
189	255
500	566
37	344
271	503
222	326
162	167
35	569
46	466
283	685
227	427
470	641
30	112
449	675
226	235
425	781
321	678
98	656
221	449
179	335
315	737
38	65
268	450
440	454
438	774
64	371
270	541
293	354
21	316
335	693
137	145
50	750
59	166
261	670
629	632
415	620
99	205
232	378
136	268
549	747
286	373
155	186
144	747
205	700
474	778
40	620
158	594
344	435
146	301
171	486
156	557
170	462
281	580
227	659
399	495
685	760
75	255
438	727
439	553
26	662
655	703
249	360
390	754
150	731
109	231
83	549
187	195
83	455
121	660
424	682
425	642
442	795
318	526
76	155
45	511
105	657
277	471
238	443
221	460
350	571
226	733
124	463
183	617
38	659
111	550
554	654
668	670
549	735
82	512
563	722
164	584
289	393
519	536
340	604
475	786
148	200
419	762
73	270
241	757
534	657
229	782
383	733
141	156
654	735
6	44
447	472
294	580
45	617
198	572
106	767
291	607
41	338
432	674
114	221
191	515
267	533
161	449
280	693
297	549
279	428
117	526
783	789
40	630
625	700
28	543
187	663
214	217
129	334
431	597
76	776
77	458
618	776
42	106
327	764
275	332
457	627
454	784
402	428
24	766
181	470
52	776
449	758
580	691
178	729
385	417
613	700
467	715
501	523
89	633
53	136
257	416
52	219
680	742
174	703
340	671
90	184
0	699
215	662
123	584
182	368
333	710
238	422
211	520
457	471
609	654
1	21
246	749
199	361
678	767
388	640
617	724
446	490
82	148
450	747
163	649
306	399
385	775
458	491
60	375
422	726
222	670
207	227
236	494
400	636
181	558
54	766
77	244
94	772
382	508
78	748
111	720
298	350
331	682
635	652
447	644
37	737
476	689
22	178
464	521
9	212
557	707
229	289
342	428
310	618
614	736
63	296
293	470
397	651
266	547
421	780
183	340
9	100
162	451
73	496
15	542
117	777
126	174
202	515
256	287
415	425
304	327
237	426
334	582
474	620
36	728
221	546
541	706
539	656
182	628
220	588
114	443
481	776
183	534
285	722
442	590
495	572
691	762
531	638
695	704
253	414
286	719
326	565
342	777
63	283
356	594
329	483
479	645
85	97
223	768
82	364
190	558
553	660
403	510
190	378
576	599
304	424
548	574
571	687
81	454
130	351
202	534
115	497
9	567
190	671
18	592
110	145
723	778
350	512
398	678
276	541
19	406
375	510
380	723
13	323
236	563
181	621
169	477
449	574
299	306
51	511
187	520
92	436
642	666
415	634
60	462
287	532
291	780
382	713
158	450
387	662
10	160
295	610
66	354
8	578
155	188
167	446
623	737
62	559
269	500
82	206
87	643
411	647
393	738
196	341
8	207
253	524
66	619
688	709
255	571
388	735
436	575
248	646
70	550
162	292
73	471
467	775
265	588
416	771
189	334
395	651
617	697
525	538
103	746
23	161
58	763
279	622
518	736
75	792
73	392
77	178
313	415
204	399
241	643
406	548
518	570
620	642
277	282
603	619
167	362
598	781
30	383
672	786
10	518
183	342
400	416
120	603
93	734
782	795
284	688
157	350
555	606
35	593
179	463
203	521
697	709
719	794
301	600
213	468
559	594
192	783
41	238
32	91
280	492
183	559
120	576
50	307
335	486
341	367
188	746
168	216
445	483
128	578
103	371
361	662
152	595
402	414
263	545
37	173
328	531
376	549
366	628
302	311
421	775
280	346
196	688
103	345
266	523
213	466
657	725
460	689
254	587
246	682
289	503
227	708
356	519
317	675
242	469
198	718
315	681
90	145
50	213
11	593
477	775
152	191
145	701
591	739
28	665
628	754
243	781
311	466
506	682
536	547
520	667
216	245
53	101
453	502
568	756
232	576
160	714
75	427
82	498
32	371
586	628
331	351
209	326
211	578
349	486
4	466
326	546
264	348
404	797
92	163
71	422
316	473
217	628
40	238
652	782
235	333
253	349
93	174
547	766
69	690
121	205
451	523
243	270
7	697
23	565
128	370
395	575
133	508
49	488
183	725
31	490
470	620
61	769
237	576
82	666
57	336
190	439
30	364
30	225
88	756
114	484
481	792
642	677
704	797
80	103
414	618
33	357
680	736
529	759
615	734
266	275
45	749
205	681
149	609
482	582
9	525
530	686
107	206
701	772
590	732
711	797
294	419
46	295
374	608
215	355
67	556
35	646
160	254
695	762
148	687
450	702
104	186
98	602
183	269
162	361
177	516
429	691
51	236
519	766
9	743
571	741
146	660
58	479
2	561
141	541
206	766
342	543
24	205
499	590
423	587
74	142
6	341
381	772
131	537
246	520
248	746
361	605
2	638
257	710
284	712
62	746
385	592
285	337
308	409
246	737
129	704
370	778
27	566
237	377
276	552
46	737
407	673
199	792
142	732
72	123
485	739
262	486
100	395
415	675
223	307
444	557
598	747
187	748
138	296
467	709
200	262
322	492
274	407
421	523
363	468
11	771
662	698
378	715
272	395
281	739
152	722
470	686
40	468
262	437
109	636
274	743
33	385
294	376
28	108
356	555
221	623
700	786
91	437
229	373
261	342
81	118
399	599
48	505
157	280
455	518
263	373
160	546
52	132
58	70
131	353
578	580
47	584
249	632
25	167
246	554
133	669
177	473
115	732
356	761
85	433
538	539
485	680
378	421
68	169
107	745
213	474
626	763
133	660
83	85
100	454
538	583
30	401
725	726
294	452
676	689
85	436
650	718
163	794
129	671
430	562
429	595
195	774
306	643
443	560
224	310
282	406
35	667
59	284
0	386
127	202
238	487
442	469
181	274
649	754
345	499
21	170
329	672
138	618
363	630
342	572
304	315
311	348
397	615
269	410
368	746
526	773
44	120
13	676
452	670
449	711
225	615
4	34
54	179
61	135
539	667
296	591
698	729
92	122
409	708
272	352
347	419
533	596
136	165
334	520
67	483
464	655
382	622
288	625
520	760
303	495
292	412
480	796
303	561
117	533
286	345
5	113
557	565
62	616
16	168
231	324
164	693
192	688
288	787
154	587
19	388
169	527
498	665
173	667
254	372
169	298
199	337
276	535
357	551
474	590
237	257
273	762
446	649
161	401
318	458
167	559
404	694
54	441
585	756
35	698
105	187
357	492
275	281
346	540
202	650
128	375
69	607
431	750
5	230
250	568
328	686
191	502
430	615
46	586
462	766
509	543
711	756
118	696
354	548
468	726
29	262
710	731
123	282
366	663
675	677
206	632
14	506
277	367
77	428
69	618
31	216
559	597
534	760
351	520
231	658
3	473
156	438
750	786
47	406
80	738
66	562
30	316
669	687
448	635
327	454
201	294
115	781
22	427
125	763
303	697
579	678
270	664
228	677
162	769
459	704
413	493
54	769
468	685
72	97
63	267
26	212
545	795
345	710
164	218
171	590
412	556
195	257
106	431
13	628
603	668
137	231
282	397
635	701
56	570
114	717
168	738
595	738
69	730
72	349
115	799
32	295
30	656
62	530
532	544
198	676
93	557
44	176
437	609
716	785
367	675
371	389
289	786
152	168
29	351
262	683
584	600
183	403
294	438
86	406
767	785
208	705
217	329
38	775
133	428
204	601
551	563
2	272
174	607
577	723
92	602
89	751
78	311
388	663
561	735
180	466
62	257
38	674
163	688
276	783
47	178
475	565
536	790
63	380
376	434
294	641
23	149
12	534
331	742
479	486
176	675
736	780
127	556
313	701
105	286
89	587
104	418
117	785
447	599
277	689
370	505
67	516
525	727
581	650
0	301
317	412
407	525
131	444
516	711
331	459
195	575
143	546
218	731
20	39
420	444
710	776
345	350
379	443
28	768
354	391
416	468
182	570
465	620
241	735
257	645
302	674
326	705
468	474
50	209
143	513
92	389
97	327
521	605
318	480
421	794
371	601
32	794
36	327
615	694
85	524
381	727
287	328
240	765
505	555
560	684
245	690
371	659
1	516
211	487
297	749
248	382
72	281
238	637
198	747
160	668
448	548
169	599
18	753
476	515
298	382
13	429
307	339
245	602
340	385
604	651
224	621
514	775
564	643
163	467
208	588
65	627
333	566
161	225
782	787
139	324
6	577
364	379
188	396
413	526
166	688
102	462
117	296
68	229
149	168
52	741
196	547
413	420
338	396
173	527
360	612
127	524
64	447
255	325
208	570
293	468
348	607
254	402
739	762
91	673
421	714
629	777
144	238
288	606
516	712
273	725
15	146
355	610
149	180
726	777
237	262
13	227
555	589
166	318
348	367
617	771
277	584
420	565
238	247
38	159
558	683
144	230
370	453
418	632
631	794
386	754
477	654
337	786
140	508
162	523
281	790
395	739
469	794
395	768
131	637
459	737
179	787
69	433
589	671
164	204
22	359
49	256
243	624
243	407
384	417
173	269
117	537
400	409
291	693
240	572
584	748
96	790
46	601
220	378
339	610
25	180
30	773
126	692
584	638
23	368
37	581
54	716
8	415
537	691
132	377
548	696
367	641
412	661
18	690
173	389
372	419
136	573
48	658
493	739
131	682
708	719
343	414
247	715
215	743
319	645
656	775
202	452
16	194
256	509
359	379
76	457
209	352
518	598
239	421
343	609
129	475
103	779
413	490
32	519
605	763
169	521
85	302
29	728
136	377
106	580
82	614
335	776
200	545
190	744
57	286
570	773
35	709
392	465
486	537
591	663
121	278
218	574
176	657
71	781
305	723
655	728
163	697
95	369
507	736
558	762
465	781
403	475
47	482
527	700
319	532
559	778
89	703
76	550
158	675
304	447
181	259
369	425
23	214
578	637
344	549
81	758
181	325
10	84
25	402
113	617
72	499
46	328
118	666
33	208
203	218
65	204
50	119
327	351
26	108
417	732
242	455
444	620
437	663
519	686
602	793
92	784
377	645
576	717
307	438
594	768
175	708
73	100
607	715
386	774
102	375
87	441
185	284
89	718
53	268
65	401
697	769
166	781
363	430
193	578
222	407
436	762
355	796
365	517
122	613
106	395
2	748
95	361
247	249
160	673
432	615
159	240
113	168
207	662
141	159
648	705
587	795
639	662
52	131
123	761
60	487
512	540
424	729
55	116
377	604
720	755
43	515
410	778
96	511
566	664
273	301
103	717
44	627
111	797
76	605
143	517
81	768
580	713
447	478
203	441
133	762
38	673
399	473
297	787
142	646
528	566
174	488
40	288
143	321
565	724
404	748
469	520
146	591
94	501
573	777
118	235
314	391
155	414
165	475
170	567
507	691
636	784
182	210
303	460
299	438
395	746
390	591
339	692
230	774
317	351
282	609
167	219
275	305
704	731
84	660
70	773
65	521
498	615
506	600
157	462
622	682
427	430
753	780
144	351
197	455
249	392
382	692
371	682
216	410
372	402
262	309
731	796
319	682
193	608
48	742
366	796
116	235
149	663
84	148
704	777
37	788
391	567
434	618
223	761
233	269
380	539
84	202
104	347
60	771
389	556
522	711
238	293
110	756
90	160
131	715
61	707
304	495
284	567
310	540
266	682
62	247
0	408
160	576
544	714
207	257
284	420
36	265
473	671
69	183
266	358
23	663
443	625
228	468
185	446
34	109
156	451
77	365
441	673
9	272
513	749
402	681
172	504
44	57
230	322
678	694
367	368
94	261
171	664
124	603
322	729
297	610
529	717
414	742
180	336
267	714
10	453
67	565
405	795
247	343
143	274
734	752
589	639
377	560
565	632
217	442
51	736
618	709
431	692
93	106
139	799
259	613
389	704
54	779
239	741
332	557
608	758
214	637
402	507
120	523
39	585
215	567
45	98
29	710
299	320
140	495
25	282
33	496
200	213
573	677
47	376
220	359
30	629
128	581
38	117
243	470
29	316
734	773
397	492
251	598
440	608
25	703
302	501
181	736
46	363
441	554
339	635
225	443
181	638
339	460
212	375
417	549
364	388
81	208
193	469
238	300
437	798
267	540
126	290
165	315
90	343
191	577
398	705
53	239
21	740
170	753
226	573
37	747
446	668
354	602
196	744
18	312
629	775
497	537
289	557
88	700
362	730
318	677
198	560
450	619
349	470
235	729
314	635
605	785
447	678
727	749
139	649
204	225
28	409
421	626
16	747
470	548
624	646
283	754
12	448
359	575
190	251
386	497
722	756
236	268
488	611
56	301
490	687
229	497
177	244
463	687
382	511
545	773
631	749
468	623
27	547
64	395
144	344
159	516
157	279
104	270
400	663
314	636
42	739
271	674
484	627
41	457
618	685
608	733
435	463
410	686
67	733
4	53
209	418
5	415
214	376
206	243
365	484
3	107
350	744
184	307
58	66
213	761
92	300
447	458
339	386
446	675
437	506
4	264
131	176
188	299
80	547
222	767
61	176
286	377
165	675
351	516
328	652
418	742
175	688
58	360
433	550
453	707
141	533
235	430
390	697
1	356
83	616
171	182
304	611
369	663
110	414
312	315
205	391
439	575
135	399
159	225
397	498
325	332
20	96
594	614
199	777
208	388
265	438
28	202
267	625
608	632
556	606
272	707
46	677
252	489
309	678
525	633
131	211
241	691
600	614
255	622
140	682
431	758
178	750
230	467
382	568
651	673
156	635
314	424
227	584
152	427
323	525
517	779
433	544
60	67
272	745
263	653
397	647
0	665
90	759
485	784
16	40
57	591
537	718
164	460
520	653
235	415
141	716
24	309
167	182
34	669
121	755
15	741
314	543
15	731
17	165
178	469
638	751
140	605
675	703
151	166
414	708
6	272
111	721
251	585
170	374
135	766
112	711
384	473
376	613
55	713
76	620
166	429
479	779
545	743
104	202
21	46
231	391
737	795
422	489
171	490
159	342
10	141
547	625
348	629
266	472
237	708
472	746
143	560
443	761
155	320
313	611
124	460
3	290
288	402
281	558
55	163
72	667
731	735
472	760
85	460
282	291
398	506
765	798
79	736
104	793
496	568
66	448
507	729
578	613
143	397
10	224
457	695
209	310
341	747
422	672
237	557
335	338
326	388
407	750
170	504
357	686
324	342
190	661
459	526
93	381
719	730
18	76
142	566
112	418
154	459
691	785
352	773
675	684
37	627
406	781
76	411
233	531
23	533
153	160
95	656
232	633
46	661
185	737
456	504
374	528
69	89
72	275
320	790
519	609
410	510
271	793
15	93
156	266
170	512
564	699
712	784
314	735
458	637
653	681
68	264
452	530
110	497
152	263
474	635
581	776
167	343
210	759
563	792
232	612
4	107
98	106
311	514
333	668
305	400
560	780
445	482
102	610
73	690
626	643
170	626
139	328
481	608
183	625
527	705
746	760
195	566
33	714
58	177
136	494
365	580
109	714
346	789
640	671
364	493
116	133
618	720
75	347
154	712
238	331
48	666
27	535
311	730
21	486
346	473
240	404
15	508
89	197
553	640
520	753
24	635
1	190
180	327
155	338
402	466
282	794
519	593
141	455
464	522
340	622
185	746
415	558
70	715
19	335
189	346
253	301
52	227
160	640
30	278
166	738
165	733
295	736
409	662
18	679
581	707
191	242
13	142
109	689
57	729
122	773
278	316
263	479
442	607
191	336
400	672
411	769
139	267
404	783
148	178
277	378
28	658
442	678
269	411
119	680
559	757
19	766
78	658
227	554
745	765
28	65
143	186
182	294
232	246
172	702
260	534
446	689
85	698
345	572
126	136
515	641
17	139
404	425
116	201
182	192
678	730
391	688
115	372
125	667
101	400
57	64
318	400
146	429
354	525
483	751
9	265
366	659
307	769
407	564
219	634
469	799
570	757
545	670
249	283
404	597
262	306
165	690
455	574
272	318
18	209
103	297
266	511
8	596
174	785
228	512
9	209
431	446
98	117
427	669
254	598
189	532
293	651
29	300
118	683
634	695
154	238
56	628
98	606
611	721
423	723
119	147
32	88
184	704
174	638
368	667
28	179
474	759
151	234
217	219
73	730
144	582
449	484
56	378
375	470
454	511
8	340
470	794
103	387
741	798
4	753
22	154
287	708
270	653
30	720
3	288
465	609
5	260
364	732
136	504
287	777
76	505
630	781
174	659
42	540
399	426
40	495
197	338
342	479
160	369
249	452
167	512
48	774
161	293
99	542
178	661
516	620
92	447
418	457
169	559
145	243
477	540
187	429
36	435
380	793
66	676
192	248
252	723
214	735
277	495
81	709
75	705
61	281
639	763
60	717
8	327
274	765
44	145
192	429
37	214
34	565
27	70
277	646
136	172
66	459
303	760
105	536
20	26
10	123
433	559
204	694
502	767
467	733
282	290
174	261
144	171
612	757
57	497
364	418
231	581
37	318
273	274
245	724
290	489
97	375
428	782
99	703
445	795
604	674
449	559
223	238
670	731
75	449
183	212
321	344
353	389
88	359
622	792
657	670
247	277
326	405
243	400
391	676
285	397
249	502
205	424
153	169
443	552
24	426
76	148
164	583
38	693
491	557
391	542
383	506
8	358
319	436
175	272
174	653
540	604
65	431
310	689
30	350
497	668
492	668
532	764
477	549
676	732
661	794
436	471
420	652
213	585
120	350
77	725
6	192
112	674
173	255
380	546
64	510
32	641
460	566
734	785
172	258
117	263
51	476
359	717
327	343
341	397
97	515
636	661
196	661
241	670
52	621
95	632
294	319
453	553
16	763
326	433
331	577
9	796
42	128
366	691
35	659
404	664
310	598
44	388
212	608
336	398
554	735
254	589
22	216
72	442
418	566
120	129
418	561
195	658
295	498
436	453
90	318
51	726
159	518
257	586
183	661
208	561
351	434
412	757
93	700
27	381
502	629
609	621
346	628
150	454
326	699
34	381
224	408
502	741
21	389
63	738
326	437
324	411
343	353
411	623
349	443
377	468
102	344
336	765
215	408
14	181
333	602
84	740
352	760
527	722
410	783
485	723
120	786
3	667
631	674
50	678
147	413
59	79
115	507
420	770
284	613
585	660
200	237
492	676
307	729
747	765
546	660
50	483
182	246
329	536
109	259
302	363
31	420
318	765
616	795
338	748
31	715
244	721
180	339
439	547
554	639
412	759
52	134
273	407
561	574
214	259
14	561
490	601
554	592
155	715
247	426
584	752
41	350
39	670
141	255
62	270
286	533
308	615
430	698
293	527
86	262
313	395
346	483
158	722
263	641
120	203
112	268
261	546
109	123
352	537
656	782
196	577
434	740
144	589
521	671
496	780
108	379
245	775
463	654
462	650
374	788
167	220
226	763
19	659
150	377
104	659
507	583
227	774
409	739
469	528
1	289
462	503
37	658
263	732
302	452
66	501
141	500
353	784
562	782
180	517
175	297
169	733
223	375
152	200
339	639
490	717
146	459
200	248
505	557
477	661
301	584
409	779
138	346
91	490
522	725
109	715
458	623
559	584
127	565
75	183
11	511
95	686
161	522
429	628
318	382
403	421
570	625
38	752
438	793
610	795
413	465
338	495
222	533
148	562
108	321
520	783
444	490
11	337
43	379
118	650
82	440
648	677
345	355
108	416
278	647
27	50
77	499
0	747
3	321
62	325
155	602
221	758
35	254
611	690
555	625
371	422
199	204
505	523
393	423
205	446
388	782
184	597
571	622
125	343
302	698
180	392
1	375
210	252
25	755
631	769
133	474
95	135
85	149
64	612
13	231
200	639
53	194
286	423
486	522
159	182
135	542
61	248
200	346
128	471
65	755
220	397
73	574
560	573
517	795
714	775
130	375
307	352
603	740
2	661
523	739
91	425
253	298
20	397
311	416
79	387
15	120
370	703
287	356
176	607
304	796
130	231
266	722
466	663
359	533
9	505
97	773
542	778
262	406
254	501
296	669
144	283
141	418
522	747
160	166
7	606
16	660
159	595
660	749
374	622
181	635
198	440
395	430
33	387
430	501
401	799
550	783
96	664
164	338
263	417
208	533
129	697
420	433
378	729
412	530
209	467
596	786
294	629
278	449
256	460
267	574
329	731
214	713
150	177
77	337
297	677
141	628
0	643
261	599
190	503
176	346
205	432
136	657
349	403
32	227
480	719
322	388
316	548
387	495
335	372
440	568
432	771
649	749
198	315
28	169
13	386
450	614
369	542
444	626
225	504
132	702
517	714
260	361
412	533
155	600
270	689
554	796
102	204
216	500
144	233
3	690
116	513
186	223
673	754
762	792
250	659
271	688
271	496
181	222
222	587
380	549
238	476
534	754
332	562
501	681
323	540
376	550
409	505
511	514
401	750
85	492
341	386
548	587
747	789
394	585
12	782
420	618
372	645
346	648
140	572
94	189
101	295
184	603
137	515
130	557
485	528
568	791
300	364
58	150
345	457
409	593
692	701
30	372
27	722
199	729
284	541
470	488
217	358
117	540
273	573
402	429
538	678
73	447
84	122
329	701
33	495
534	656
248	478
287	709
300	603
324	740
52	424
609	641
144	236
139	443
299	396
69	706
164	638
111	455
689	739
427	748
31	389
169	607
56	681
239	546
80	606
50	727
272	403
469	698
106	443
634	649
104	665
275	756
245	598
434	551
65	184
342	567
175	464
642	748
100	164
25	88
270	459
535	646
199	766
72	276
37	395
557	594
472	557
486	496
279	351
324	583
391	592
94	99
704	791
157	210
88	484
311	521
200	306
545	665
383	516
499	707
200	652
272	426
220	336
41	304
130	320
290	576
52	180
398	569
63	197
327	618
277	757
647	661
482	503
531	616
285	542
103	486
25	160
549	691
294	570
240	252
19	452
407	735
79	526
186	780
280	654
324	796
226	625
191	262
90	569
592	721
390	789
115	221
136	286
234	526
400	435
146	503
384	728
125	717
522	610
41	549
220	308
335	482
36	538
211	621
190	702
358	718
179	446
84	670
15	276
296	372
174	518
177	701
39	70
90	179
325	589
56	318
294	341
10	553
54	477
269	746
40	747
599	766
86	327
217	590
15	456
305	394
615	679
160	634
364	762
311	524
341	587
253	347
13	797
53	605
469	653
29	679
328	611
204	580
81	182
309	552
78	265
285	338
11	424
188	369
288	643
342	610
45	696
42	345
117	326
8	524
134	442
88	527
19	723
517	569
228	230
38	453
78	322
590	707
113	299
420	453
373	694
547	569
114	607
419	603
520	611
85	298
188	230
54	607
199	477
96	343
440	627
427	477
407	660
221	716
182	724
418	594
14	81
125	622
208	211
624	649
310	513
201	302
98	340
198	524
207	654
268	486
162	462
0	91
73	515
107	213
297	737
447	709
20	615
434	461
327	625
20	495
361	722
150	586
423	790
530	578
50	101
469	546
552	629
235	757
119	495
515	770
459	508
53	170
155	357
249	544
427	572
73	195
772	783
389	744
129	504
79	422
265	732
487	696
367	553
123	221
264	309
509	797
226	487
87	666
203	488
672	785
146	448
265	650
533	742
628	735
44	587
349	623
252	650
230	360
168	270
153	267
195	350
77	541
762	797
50	565
289	330
581	614
149	692
244	757
53	118
437	644
58	353
39	131
227	501
250	300
391	673
648	699
42	691
0	777
12	62
688	695
104	795
332	712
110	296
108	442
116	599
792	795
176	332
94	397
210	609
214	221
66	167
327	409
326	531
133	564
6	544
729	783
113	448
81	339
437	547
125	293
89	311
117	161
335	497
427	736
672	707
362	763
121	130
211	743
150	716
659	751
680	775
172	394
95	746
12	714
5	465
125	612
479	480
493	624
435	577
475	540
376	462
102	166
76	586
20	738
334	769
434	514
297	342
521	598
188	701
94	331
285	623
154	636
115	526
6	468
553	718
376	766
62	352
58	344
298	379
68	83
3	790
475	728
79	84
576	589
185	568
156	620
422	780
91	116
372	389
107	694
263	503
518	533
158	372
303	685
142	304
310	472
108	618
291	345
187	703
141	352
101	117
72	176
39	553
291	495
129	201
42	582
38	101
51	424
185	294
181	321
376	420
53	177
47	652
518	673
61	694
10	32
40	453
525	590
536	675
564	572
71	589
14	576
391	549
124	767
330	458
6	634
219	443
85	434
410	757
361	710
94	205
206	692
20	124
186	315
319	391
515	726
72	562
605	778
28	596
636	797
24	742
125	377
270	673
512	699
0	31
309	651
376	634
36	357
331	365
306	336
525	760
326	475
758	772
235	375
110	418
473	722
112	474
776	780
225	261
23	367
47	551
379	601
254	736
189	607
98	330
131	755
182	569
631	651
610	638
135	397
208	558
252	280
509	521
353	631
536	783
187	486
748	794
340	613
173	676
584	616
431	596
16	482
317	704
368	407
303	432
525	549
268	765
117	467
52	607
83	185
513	557
497	765
44	46
145	183
101	670
660	736
67	194
325	680
30	124
207	669
286	742
311	519
183	202
0	776
331	603
320	764
73	695
35	173
249	646
457	663
47	687
130	325
88	742
15	50
299	666
14	321
58	102
53	695
196	466
205	241
561	583
331	727
518	720
290	574
154	719
645	798
424	600
162	741
135	646
240	439
614	790
304	365
32	396
151	613
187	400
41	99
381	598
157	555
60	92
294	454
623	673
30	362
364	506
329	658
184	539
458	660
321	432
497	638
137	434
64	724
211	614
131	310
45	188
56	237
10	244
489	542
220	530
65	372
178	724
272	664
387	491
0	596
63	161
395	732
61	649
278	434
159	473
3	235
187	441
135	628
267	366
50	621
278	341
246	280
476	555
506	769
255	515
442	545
356	409
47	405
436	525
195	454
751	783
181	234
288	373
2	207
455	785
73	285
246	577
53	337
20	94
126	452
132	714
50	197
172	665
22	587
463	629
254	490
512	519
64	308
380	688
138	268
276	728
66	317
495	778
141	308
182	384
68	381
219	734
142	595
558	725
629	667
188	478
211	794
323	582
586	662
103	279
612	723
264	442
350	591
146	644
739	797
60	732
37	469
195	735
426	494
153	580
484	560
294	488
75	93
22	171
209	248
572	711
580	639
13	466
125	157
420	534
592	707
543	548
231	457
372	732
221	481
215	223
271	657
37	325
631	681
11	368
7	338
12	36
179	742
134	710
292	700
147	470
366	776
204	518
388	780
374	711
42	663
1	14
473	615
214	631
203	530
278	781
292	383
102	113
144	732
401	474
624	696
11	299
424	580
363	564
432	585
358	727
20	191
103	777
423	631
211	557
69	430
48	201
298	417
50	317
604	654
377	404
310	772
615	672
532	761
37	303
580	623
335	525
664	689
459	470
318	567
107	222
187	371
211	318
93	738
356	759
160	506
445	768
92	279
126	777
374	764
230	465
74	734
1	326
142	608
391	637
488	608
185	711
341	525
112	278
237	684
99	199
25	705
266	527
114	558
96	418
210	729
171	226
421	536
131	600
87	670
388	765
40	260
270	309
53	219
351	500
87	621
335	792
414	509
3	21
251	272
366	610
189	755
80	267
513	564
244	704
231	495
69	221
186	688
37	116
709	716
58	222
522	699
41	649
588	609
60	449
209	791
293	306
104	300
140	462
246	428
345	452
513	626
432	440
285	565
627	768
241	300
306	637
211	434
55	677
227	776
95	560
130	649
8	297
180	491
228	446
10	240
630	698
323	608
273	356
142	745
511	724
234	660
184	346
116	149
114	514
373	508
421	663
259	651
551	603
101	404
238	743
254	774
407	792
655	739
166	531
70	761
335	437
56	153
670	709
531	612
36	101
63	456
226	260
507	606
167	410
524	631
254	373
418	497
537	720
111	574
327	516
103	375
188	402
196	632
163	435
36	738
105	541
109	726
20	783
156	246
15	785
432	775
121	309
179	182
31	307
664	769
37	329
119	351
120	470
399	482
366	727
73	76
296	509
11	249
170	599
0	500
158	292
79	703
235	511
229	638
48	573
375	498
610	742
103	194
230	686
265	564
346	399
583	752
16	296
435	754
123	332
94	372
447	491
453	663
517	794
737	754
295	522
149	768
168	385
386	747
36	210
282	523
260	535
40	104
218	737
300	492
378	459
612	644
535	616
230	659
95	662
265	595
304	718
233	260
336	387
46	387
490	548
388	433
360	635
379	454
393	745
514	678
374	708
552	736
50	232
93	576
329	580
292	665
527	544
12	570
52	646
90	733
733	744
286	587
328	415
655	723
79	170
125	275
658	710
557	583
451	472
175	591
278	714
623	693
378	662
468	578
90	444
180	394
185	671
234	239
19	324
138	265
254	269
27	137
27	705
219	358
360	391
193	440
77	196
69	549
536	728
424	628
341	623
416	661
348	507
71	300
485	742
568	666
152	428
9	196
148	478
538	569
349	527
364	404
614	700
50	668
611	788
327	691
365	382
12	349
294	392
20	318
169	606
171	196
116	369
139	471
279	401
98	646
204	259
114	556
631	745
662	768
64	599
366	586
0	696
643	779
109	111
295	309
328	770
567	604
468	703
176	317
444	518
475	751
284	518
393	643
275	288
264	681
206	636
433	547
401	698
401	562
287	424
7	694
40	782
393	458
140	337
26	673
232	302
351	580
415	609
586	659
442	750
250	474
243	453
478	614
35	714
463	787
83	569
370	492
45	495
469	504
68	263
271	603
235	496
292	752
467	792
62	775
362	512
190	533
255	506
114	151
87	237
63	644
264	345
67	456
276	434
207	360
383	395
172	499
191	194
11	340
114	740
226	302
131	420
144	726
222	409
324	620
672	723
145	630
81	129
302	738
57	531
233	548
87	259
138	204
288	626
297	560
483	773
420	494
251	517
8	98
164	530
153	759
0	173
318	698
305	326
53	159
37	356
61	537
143	428
618	793
64	258
436	547
112	223
267	785
111	629
167	416
83	326
349	795
301	389
141	355
33	668
184	728
246	313
102	752
315	546
142	231
19	198
304	521
325	365
530	614
158	589
71	304
407	704
320	706
62	346
457	608
550	663
92	126
315	666
18	35
415	774
60	146
298	716
409	659
387	700
513	620
38	522
75	474
417	728
229	244
472	758
357	527
302	456
37	249
585	735
698	704
327	449
52	639
39	738
199	638
360	580
23	270
125	731
207	479
295	371
257	679
299	568
3	4
67	694
514	786
555	634
563	587
185	245
440	530
80	625
334	599
63	662
22	54
394	601
286	390
179	753
155	224
174	736
412	576
191	657
423	781
47	280
213	561
125	246
132	484
293	636
544	626
540	558
298	368
413	670
91	215
89	491
722	752
38	540
321	371
17	115
320	328
256	585
102	146
500	710
161	527
234	478
2	614
476	687
347	582
153	479
198	505
5	147
77	573
393	416
193	597
31	277
138	612
56	794
178	603
384	746
509	595
366	679
183	421
216	220
325	575
323	533
396	426
72	407
45	703
579	748
26	670
134	275
589	636
611	637
520	773
35	209
471	747
185	238
86	247
190	425
52	543
15	170
146	292
50	290
70	623
33	738
437	493
396	621
153	297
50	574
110	602
269	735
181	409
548	709
404	579
163	481
335	632
103	616
658	685
94	211
541	605
64	577
48	378
306	751
41	646
517	757
288	668
54	582
592	666
30	788
517	693
158	521
450	457
213	549
164	442
157	774
38	230
166	605
503	526
442	594
128	488
438	735
205	311
169	371
756	796
609	729
74	226
108	647
416	523
47	113
86	430
201	278
404	697
584	744
3	673
21	549
98	787
408	524
137	623
362	560
521	702
599	680
48	641
374	618
241	655
256	377
442	565
468	710
290	677
438	485
197	377
135	642
249	787
358	595
504	655
38	349
59	104
116	303
167	484
633	729
113	524
363	697
229	388
583	667
170	446
666	748
33	315
59	253
178	282
533	534
354	666
50	580
20	313
88	546
179	551
379	691
264	564
396	666
36	347
101	133
183	517
203	640
265	496
318	477
430	578
595	744
223	471
738	747
214	352
316	694
123	496
293	660
430	785
231	610
528	791
264	283
63	133
618	681
215	333
37	438
403	789
23	222
126	584
456	624
184	471
161	755
284	525
260	530
148	726
199	789
223	243
157	733
382	534
368	741
8	473
422	591
387	777
330	443
431	624
374	588
50	161
338	635
162	473
81	266
109	150
10	746
94	316
566	798
178	194
534	627
297	534
380	637
187	776
65	599
96	512
61	75
163	292
630	729
213	742
172	361
213	415
147	414
247	525
283	448
148	596
288	735
369	452
11	251
170	227
690	793
589	594
454	533
42	145
297	601
145	246
256	330
182	346
73	577
318	547
227	650
270	729
517	529
393	606
10	137
624	651
337	338
466	575
291	325
8	193
152	539
241	734
444	530
343	487
76	547
299	514
15	259
184	420
573	680
42	253
530	705
120	671
23	86
211	337
375	562
478	756
229	695
109	505
206	312
480	777
355	703
355	446
147	295
202	574
386	579
2	295
419	448
63	91
462	745
53	466
65	589
437	571
139	596
327	419
135	653
745	789
722	791
490	576
534	575
55	58
491	692
37	253
228	436
484	491
124	741
90	719
80	782
181	799
83	672
109	344
182	186
172	320
605	746
514	621
401	477
73	569
275	455
60	778
612	736
209	394
109	257
184	738
367	720
288	664
690	739
183	452
532	632
10	208
24	573
500	767
203	528
458	684
0	149
428	459
264	330
566	578
278	771
672	690
403	519
165	742
241	644
48	731
35	308
33	513
326	703
202	394
223	373
186	207
94	180
63	477
302	524
45	99
476	651
490	698
111	391
404	755
378	603
383	665
225	316
459	592
430	517
21	419
104	332
236	742
375	655
532	790
362	701
357	555
253	284
628	774
241	307
106	130
441	457
366	646
245	353
121	476
145	517
561	734
156	359
10	40
135	566
147	694
464	553
391	766
379	510
330	387
59	422
115	545
218	638
248	570
533	778
33	333
79	100
215	755
491	643
682	689
32	82
306	645
164	515
526	716
532	585
349	489
448	782
367	746
177	736
138	581
18	227
89	216
103	215
192	322
156	641
162	454
678	789
26	155
560	756
252	642
25	144
146	420
312	759
6	546
317	655
428	711
40	380
304	318
8	244
249	260
140	189
406	775
205	728
636	787
305	403
415	567
30	251
214	532
550	776
131	237
158	199
219	704
192	687
249	627
200	644
376	596
288	786
229	412
84	135
117	356
96	499
632	737
57	618
0	650
634	699
1	217
154	285
459	675
64	74
120	312
210	681
98	396
466	797
56	480
698	782
500	647
485	688
523	627
21	679
8	533
44	316
523	765
94	756
435	615
193	400
420	630
183	777
224	692
76	553
190	733
13	796
418	499
7	686
453	780
105	491
453	489
33	593
17	732
732	764
405	713
493	648
81	521
444	748
690	730
25	93
19	733
73	377
15	451
433	566
644	793
312	343
440	745
525	613
167	463
535	633
68	244
65	96
213	345
54	732
256	762
90	486
47	302
17	37
74	485
220	721
65	278
113	534
183	599
179	477
369	666
368	745
19	102
262	639
149	182
9	436
475	505
410	456
514	694
112	147
5	303
10	169
397	461
163	600
223	416
170	315
255	637
381	646
137	593
76	143
159	743
53	167
597	736
690	697
103	508
33	240
276	566
55	68
392	494
184	424
57	302
432	513
412	446
259	786
552	795
350	371
212	329
192	742
488	675
192	767
380	706
110	390
200	634
343	464
217	551
428	524
211	712
53	242
502	623
5	41
311	779
504	738
81	309
478	742
43	393
340	456
245	499
486	611
166	609
267	628
38	491
152	153
534	621
240	399
70	398
589	720
249	791
332	444
242	661
437	745
360	638
92	728
64	234
501	503
391	414
140	658
221	378
51	568
271	635
590	719
563	617
183	434
30	248
392	544
180	217
427	678
484	502
337	518
636	670
289	772
232	478
69	564
419	589
401	497
45	243
43	176
11	617
35	354
49	610
332	602
280	341
450	514
233	595
484	699
474	480
584	682
8	416
171	299
225	476
153	787
36	184
437	676
43	102
264	410
87	573
89	510
319	407
456	647
474	780
58	230
327	486
354	577
105	120
40	524
336	500
71	207
409	527
141	494
365	732
155	711
392	663
739	742
272	658
78	89
11	256
75	150
745	756
21	366
206	469
77	402
286	505
370	461
260	674
157	249
338	595
39	582
107	380
280	772
153	591
480	792
192	569
440	502
352	589
622	671
498	586
462	550
367	745
33	252
94	724
155	637
575	761
157	686
19	705
400	760
9	60
433	640
54	518
105	741
41	173
259	584
80	269
12	166
378	674
598	630
408	494
15	168
533	754
110	183
178	691
14	268
127	255
430	693
400	433
158	282
15	33
319	606
432	726
27	431
279	697
200	754
319	506
521	531
487	636
199	589
46	398
449	487
330	503
198	669
92	99
287	791
311	705
49	793
350	473
105	249
132	578
489	529
216	696
415	607
401	446
204	587
71	79
478	760
37	353
192	271
159	788
6	605
117	415
196	792
497	617
264	344
263	679
243	680
568	788
65	168
30	611
167	510
265	477
9	333
294	531
154	439
203	662
151	290
567	614
509	565
222	402
65	291
126	497
646	782
303	471
291	766
80	575
71	217
314	406
765	795
257	406
9	53
24	510
17	286
116	297
192	719
208	524
343	398
387	755
534	636
416	741
559	582
27	373
148	684
390	678
413	794
558	647
89	533
590	637
465	783
352	557
471	760
183	383
361	693
304	649
22	72
424	723
688	716
241	577
352	681
750	798
123	284
12	620
104	153
46	181
117	433
179	739
413	426
206	741
101	255
78	415
448	566
123	783
536	596
190	668
475	556
630	638
291	529
102	527
110	574
115	357
269	736
499	705
447	792
78	394
127	296
10	189
90	249
25	762
521	594
6	449
76	697
69	502
240	330
484	629
131	705
265	277
219	396
683	700
124	487
622	769
181	208
406	567
43	709
98	456
94	689
669	710
299	428
591	629
159	192
336	462
173	273
191	303
151	466
108	779
235	660
569	739
500	611
620	764
366	415
95	500
593	624
230	577
166	566
357	369
398	754
343	480
339	593
407	430
94	598
106	226
114	232
42	312
714	784
365	480
319	335
77	560
78	335
48	313
128	215
218	679
52	226
77	501
73	774
33	416
391	575
151	517
87	463
91	114
229	317
638	768
114	172
137	464
252	765
344	761
418	669
357	632
510	597
6	726
491	499
49	235
425	552
193	326
395	668
467	735
193	372
45	275
159	405
226	793
180	192
320	777
257	516
251	322
286	500
355	735
130	794
557	794
480	597
79	567
462	656
257	704
205	544
277	762
399	699
265	527
415	426
134	487
546	553
399	728
214	570
48	366
218	243
505	765
503	663
141	270
41	655
154	192
162	598
576	676
61	696
279	587
326	670
346	578
94	529
327	776
748	798
72	102
208	760
233	310
14	322
125	543
553	741
522	753
167	264
350	650
13	50
14	149
219	327
135	630
508	600
485	493
230	444
133	258
137	315
2	352
380	691
26	72
685	799
631	635
111	583
63	314
83	713
308	583
455	463
94	673
173	192
152	580
191	417
302	438
47	409
652	707
410	713
164	320
23	660
171	542
412	617
158	191
658	729
136	774
344	364
324	601
166	351
263	677
345	376
21	374
572	636
3	506
198	324
237	414
552	730
325	719
623	747
146	571
198	434
467	523
334	571
560	746
119	490
195	315
226	237
553	616
753	784
58	151
160	703
168	663
363	414
252	760
350	500
233	234
28	58
273	382
194	339
74	451
526	745
238	782
98	452
121	346
358	463
242	454
488	504
212	496
309	578
501	706
442	515
283	417
159	706
306	716
695	796
314	731
454	757
303	343
336	682
432	576
407	527
396	611
488	730
662	697
477	788
6	269
325	607
128	158
494	658
396	427
161	418
195	533
337	507
555	643
449	569
658	717
205	725
112	394
181	221
143	784
184	496
517	527
204	742
301	629
41	443
108	774
279	387
392	738
125	342
426	670
100	102
309	326
282	634
715	730
401	490
188	342
112	684
363	649
116	366
382	615
469	716
61	415
66	80
688	731
168	329
701	738
707	758
89	284
110	172
157	479
84	556
56	118
316	455
9	261
292	616
455	698
202	258
190	756
686	689
75	402
237	373
385	493
95	374
334	586
298	323
99	210
150	258
63	746
252	784
732	779
476	608
250	328
214	544
137	139
85	173
157	628
454	788
123	461
551	702
68	166
3	586
378	631
207	786
257	479
90	777
599	724
295	682
103	281
208	442
269	586
34	636
315	661
390	482
134	650
118	262
82	687
232	595
391	427
4	276
160	596
532	741
17	67
318	604
212	526
372	763
471	692
212	527
291	609
139	149
49	126
471	648
238	626
94	600
2	499
258	532
169	358
65	552
437	700
94	126
232	541
207	649
562	631
503	515
231	297
436	697
73	494
608	636
302	631
567	698
70	130
310	318
321	337
585	603
265	581
599	605
74	346
109	122
108	741
417	586
15	788
447	502
37	730
166	685
621	790
164	575
81	645
134	397
137	572
57	792
362	519
271	402
466	587
273	284
252	342
118	679
411	736
188	390
50	394
16	404
191	223
428	570
217	340
590	725
142	421
271	474
424	651
165	275
285	700
68	529
148	395
138	143
39	55
200	581
27	790
329	787
376	735
256	565
463	669
205	777
288	723
265	288
5	413
368	535
431	723
330	422
111	698
125	396
439	578
220	375
669	728
15	34
58	397
160	534
468	638
201	645
270	425
639	790
343	627
163	432
175	541
607	614
292	664
381	704
110	452
617	761
73	274
143	551
326	564
128	671
164	743
519	562
362	554
107	493
95	362
221	675
12	182
383	752
190	381
751	784
322	347
585	627
535	788
300	726
415	467
96	221
10	738
274	365
395	687
56	482
199	260
114	417
199	492
511	785
541	760
311	347
515	714
375	407
398	585
77	476
251	774
341	790
598	685
405	688
129	596
76	666
61	780
506	561
0	19
389	401
131	699
399	696
25	745
547	622
304	604
220	726
242	360
185	697
271	426
520	561
58	229
17	543
97	518
209	332
152	248
79	358
160	387
388	422
56	115
339	392
694	718
90	394
270	788
21	571
471	580
145	609
213	660
413	777
171	594
441	748
759	780
33	649
46	748
189	203
127	722
483	516
139	693
514	520
10	472
208	614
503	673
10	607
231	374
216	337
334	688
159	231
218	696
668	796
498	501
303	782
141	446
136	252
462	791
185	584
105	797
295	705
528	564
73	429
188	713
47	289
373	713
25	266
52	104
539	664
671	790
342	514
137	734
471	477
180	416
93	378
62	383
604	632
253	483
98	383
144	193
263	522
164	725
455	491
264	266
283	458
298	468
626	654
265	449
156	393
186	460
342	459
260	734
305	755
695	752
342	686
90	512
227	429
483	686
211	321
560	611
532	702
9	82
301	346
232	553
545	656
215	260
385	780
533	792
562	643
299	395
89	223
282	364
570	675
462	535
54	609
166	545
60	294
93	600
66	268
250	657
6	506
44	204
564	658
175	625
71	169
97	354
378	527
284	664
570	738
108	554
270	597
290	404
410	722
189	462
42	269
82	188
448	742
356	693
94	234
460	604
406	445
45	455
521	679
720	799
487	577
335	582
69	498
719	755
139	150
474	567
107	795
126	780
606	620
226	303
32	473
131	605
407	742
19	692
76	140
107	602
471	654
351	515
194	649
7	300
2	260
567	724
334	392
488	633
82	147
17	373
678	787
25	329
79	494
16	35
484	619
282	587
73	799
159	176
470	776
157	184
379	412
237	354
457	719
385	479
323	398
102	708
344	754
75	672
539	741
508	733
214	545
138	661
353	742
237	319
141	247
177	305
311	528
448	612
78	592
22	783
517	768
368	605
458	707
72	455
771	793
184	369
99	321
164	726
158	515
148	259
5	307
235	347
244	257
192	465
250	674
22	350
238	600
407	539
448	723
95	206
94	389
361	410
170	510
48	787
221	390
241	484
353	722
237	494
332	430
14	289
56	712
73	90
173	746
88	478
180	686
658	738
491	723
199	753
432	725
289	318
278	442
556	573
190	751
140	485
116	356
290	595
196	530
564	775
245	396
447	785
189	387
105	161
420	698
52	784
296	793
226	314
1	366
97	344
86	250
61	324
262	517
158	553
556	784
219	260
260	746
339	751
54	639
308	594
160	682
27	36
246	627
511	569
364	484
15	246
9	108
324	794
60	486
167	208
24	591
26	417
341	572
18	163
305	566
196	768
40	60
533	748
333	657
441	482
88	368
98	555
420	578
348	482
254	481
91	567
63	696
409	585
46	264
305	373
440	687
147	581
332	614
127	624
151	263
56	321
22	95
111	710
186	343
416	680
86	289
611	699
12	763
645	680
27	612
174	635
81	386
59	620
648	772
449	627
66	290
22	443
358	726
150	798
664	684
115	717
260	421
530	684
171	272
622	726
33	484
2	769
607	716
576	653
627	688
762	788
341	606
48	245
557	578
176	695
172	452
527	642
566	700
318	503
286	789
329	681
216	404
146	710
363	672
623	799
526	680
197	354
326	606
281	299
35	105
4	242
93	527
158	239
200	423
426	714
277	487
271	483
408	541
99	673
161	226
207	486
76	184
38	364
46	408
14	388
23	399
274	539
27	590
419	604
25	548
18	650
147	378
153	696
638	681
438	504
299	715
233	725
337	577
264	400
474	597
83	205
687	751
229	385
223	491
527	550
249	596
453	530
86	95
377	585
393	683
330	658
138	233
34	405
517	638
25	175
470	657
405	528
350	737
661	663
4	698
71	214
353	670
510	765
211	637
253	322
370	567
281	310
314	616
205	453
269	620
481	489
229	628
625	633
269	302
150	411
594	643
84	506
283	318
430	712
372	378
139	259
121	488
148	407
242	433
329	674
414	744
98	754
353	359
564	618
4	617
461	675
384	799
62	440
578	719
669	779
387	600
376	574
266	717
446	627
172	386
12	290
322	732
220	609
53	114
16	566
292	352
87	391
116	789
58	380
435	570
578	634
121	292
224	469
86	653
71	474
203	415
210	688
136	138
353	629
96	240
381	699
253	364
31	599
440	660
353	655
125	409
396	752
37	143
408	557
482	674
512	782
65	659
350	695
98	492
414	560
634	688
638	687
646	665
24	159
53	304
575	669
302	451
455	717
37	597
549	597
62	572
119	400
77	479
75	686
174	791
93	688
258	795
74	238
466	468
87	572
434	459
741	749
3	762
118	583
100	338
495	795
108	282
203	616
656	737
415	436
91	630
457	785
495	610
85	750
365	615
15	224
196	465
90	637
127	717
431	641
538	666
753	765
237	283
355	488
15	799
290	312
156	666
331	588
300	765
97	158
203	267
204	670
514	591
241	445
423	541
81	594
479	653
80	122
149	278
324	433
545	768
633	637
13	385
320	770
137	700
88	278
644	779
191	583
164	481
388	457
129	395
438	515
502	759
68	358
390	437
427	578
265	731
131	241
255	468
92	695
556	640
645	694
378	651
239	585
418	546
18	279
14	335
4	766
229	259
237	776
149	696
91	208
232	279
205	326
116	341
13	146
643	715
109	617
682	732
333	396
189	787
126	217
311	701
0	110
469	552
125	459
617	781
488	617
449	615
522	593
228	717
180	669
210	274
106	401
220	679
139	650
41	550
214	498
9	27
410	610
30	318
106	363
239	370
37	226
241	721
60	515
237	700
570	580
100	792
183	380
101	215
431	564
356	633
580	793
89	580
116	502
105	155
350	788
4	656
293	699
658	760
76	308
243	672
198	366
0	591
236	327
349	680
408	530
198	614
481	527
326	655
66	230
121	192
122	608
271	504
588	771
210	375
264	501
254	698
23	405
376	396
293	407
268	383
272	614
195	206
144	573
270	389
67	150
347	553
213	289
347	782
405	668
220	390
26	586
423	636
720	774
376	762
384	755
411	459
323	715
87	642
378	442
207	784
121	191
465	471
457	770
172	414
449	712
532	604
315	394
400	701
73	444
246	774
547	565
25	293
365	657
17	130
89	509
185	764
401	404
109	777
305	411
238	530
659	723
735	743
282	554
25	148
429	444
225	573
62	327
432	663
554	648
303	644
273	639
45	259
299	719
7	380
384	680
177	640
137	439
509	699
203	357
210	775
603	694
262	382
264	311
128	368
254	566
64	314
87	209
60	72
250	304
343	658
85	425
148	172
407	477
679	721
440	661
240	382
328	389
278	377
529	558
329	423
297	514
400	510
9	590
143	536
691	717
150	255
691	795
188	416
582	629
372	681
77	477
250	289
265	502
82	183
101	236
94	771
13	358
150	541
76	626
0	172
28	385
147	770
61	770
265	343
139	214
58	508
30	245
602	771
173	736
227	371
106	735
47	337
111	774
210	462
68	288
217	409
78	289
460	538
303	331
2	133
642	776
525	586
51	487
52	122
338	477
120	402
2	20
47	293
73	554
141	375
357	506
235	459
232	309
123	531
181	231
109	351
405	665
111	478
190	333
61	778
317	744
603	647
291	613
328	751
133	181
39	579
278	791
126	201
189	263
239	783
473	497
18	747
431	483
735	755
353	572
422	467
332	394
466	639
398	407
640	764
567	612
312	501
234	487
237	375
138	635
326	708
26	315
73	201
461	751
138	512
317	395
163	545
448	736
178	565
90	636
293	623
329	676
46	427
18	601
160	598
26	322
325	464
756	761
305	686
424	513
2	702
274	683
651	745
377	489
401	785
197	786
343	642
252	365
329	742
112	644
171	753
246	745
313	739
462	681
738	768
15	760
309	520
153	259
335	381
192	379
181	363
696	774
262	593
334	549
9	746
439	732
183	612
40	508
75	270
203	515
146	285
516	600
254	665
219	287
402	431
254	299
12	510
696	715
66	335
81	255
77	673
124	439
27	350
248	389
84	585
200	632
630	715
690	723
638	721
83	214
8	541
634	798
460	541
30	253
50	620
0	314
270	556
129	472
263	378
589	784
296	360
40	165
98	111
253	320
96	294
33	286
532	602
274	726
245	288
296	361
204	445
21	452
3	728
219	586
533	641
159	378
104	178
258	756
75	185
307	487
570	624
19	112
308	637
413	433
241	730
322	535
343	732
237	759
118	248
375	595
85	264
140	406
202	558
175	240
168	520
61	102
263	550
104	470
21	490
399	625
28	739
185	282
397	610
654	662
332	643
470	764
575	769
457	585
270	299
138	734
230	319
552	684
262	667
328	572
600	734
313	763
612	638
60	228
51	329
617	640
181	252
472	756
116	338
200	792
86	725
108	293
382	419
490	565
537	787
193	628
164	402
134	453
205	380
91	288
237	509
530	689
105	685
117	297
519	541
357	605
179	618
98	451
50	326
448	488
271	549
611	759
323	474
281	412
94	263
134	651
22	156
80	366
141	246
148	432
645	673
413	770
101	209
486	677
187	449
511	794
295	416
199	430
178	347
108	556
97	216
415	773
6	161
289	607
268	435
91	585
222	596
199	751
107	199
183	436
112	246
619	689
41	680
301	418
352	525
369	384
432	631
31	42
260	431
33	299
625	736
56	105
457	472
78	645
194	196
218	382
454	598
131	321
359	594
34	713
530	722
392	435
24	193
456	558
205	364
573	691
30	719
383	720
192	665
498	692
142	693
114	430
331	664
161	637
390	690
92	254
354	436
241	686
96	744
115	373
720	761
159	598
318	345
227	652
5	649
362	638
638	650
240	257
46	266
56	129
132	540
452	484
179	323
69	568
6	531
320	331
501	794
213	504
84	220
302	455
705	796
512	592
217	589
151	648
32	312
75	712
17	488
206	291
135	609
377	748
344	505
103	606
38	749
3	616
412	502
80	194
647	660
181	679
303	348
333	338
63	237
23	392
33	502
550	668
68	272
277	483
147	199
385	652
426	436
234	623
327	721
426	638
360	428
369	594
691	715
114	165
107	151
78	699
78	91
39	633
190	572
153	216
161	495
224	361
18	434
278	700
354	541
570	684
232	249
15	452
346	424
45	133
124	173
66	672
120	214
155	332
264	489
223	325
121	381
214	290
88	656
159	189
18	695
87	226
442	464
29	433
374	543
82	443
41	415
524	576
373	607
535	562
236	609
3	291
513	651
54	707
173	451
606	657
186	601
301	305
89	241
411	627
391	710
199	220
432	586
577	580
375	543
51	414
199	253
7	82
578	741
1	98
265	688
65	487
14	669
366	763
263	569
276	283
298	445
19	790
54	134
185	491
380	610
552	609
341	633
488	530
578	618
273	633
318	627
314	390
464	508
141	497
130	670
571	602
399	666
199	603
374	576
247	457
204	531
259	486
706	734
103	439
459	516
111	779
120	140
85	555
501	773
410	530
30	799
77	169
96	759
43	557
307	633
501	507
327	468
414	444
286	438
347	367
181	579
194	719
230	472
126	182
23	175
24	709
419	440
125	764
439	465
391	465
466	698
81	321
296	544
136	320
334	768
139	669
125	254
22	474
149	192
35	674
36	143
421	771
241	272
92	146
116	613
103	308
14	113
384	736
108	223
118	535
507	615
91	92
434	485
700	723
53	744
63	712
280	311
644	672
119	650
582	791
419	487
508	562
239	388
197	325
124	639
98	529
319	709
303	683
305	671
166	394
311	420
335	638
89	450
324	606
582	722
298	308
475	687
255	728
24	781
388	454
128	711
56	122
182	577
134	218
154	585
124	513
414	549
226	365
69	415
258	424
229	719
190	632
136	171
282	793
304	417
382	664
639	793
602	778
192	215
180	732
464	502
267	573
71	497
326	790
336	737
283	349
242	595
682	750
10	492
113	797
129	361
443	700
87	502
129	554
121	178
596	696
153	731
246	536
670	742
335	660
81	144
29	179
209	440
555	799
190	301
369	401
483	680
600	670
169	207
131	621
366	443
119	594
264	745
370	552
255	392
460	608
571	676
66	91
586	644
58	278
404	468
483	709
206	358
17	516
78	772
249	299
415	546
76	625
191	493
380	776
646	779
326	476
693	699
32	425
380	636
415	542
645	742
64	693
242	480
147	688
289	310
269	385
410	645
136	299
91	274
214	360
60	572
36	550
227	516
22	255
25	218
47	660
118	451
396	523
75	501
197	300
63	210
331	668
425	711
119	526
231	318
169	322
521	634
369	633
95	505
327	489
359	481
29	402
291	404
55	542
280	563
624	693
123	684
161	634
17	536
263	694
82	401
407	425
220	477
194	574
147	522
171	644
188	762
46	288
314	717
142	334
47	786
262	662
472	597
59	528
199	282
442	476
198	280
240	276
310	313
104	473
550	669
120	401
383	422
413	639
188	258
454	503
259	751
306	449
122	672
9	254
665	774
297	405
130	694
178	542
224	501
372	452
322	362
154	376
140	657
708	721
325	352
248	312
240	627
420	450
88	151
105	672
315	697
2	726
149	348
57	96
476	789
123	730
413	775
142	786
205	576
100	718
430	759
252	288
408	713
80	301
632	757
165	351
118	528
70	174
468	762
157	651
327	518
610	664
227	360
21	156
164	224
217	724
223	394
18	394
263	412
483	695
267	578
173	344
316	404
23	48
273	525
114	463
467	667
338	775
142	396
212	593
286	348
309	606
268	722
107	116
425	772
86	283
106	503
281	416
48	239
215	244
258	404
685	782
132	411
2	181
522	774
95	295
284	770
655	790
51	389
93	446
226	514
6	273
1	565
85	98
538	798
24	377
287	634
234	352
291	739
658	794
110	283
65	409
104	392
414	687
87	744
25	365
69	644
304	419
121	793
428	729
16	501
265	352
455	748
335	541
377	729
1	559
8	746
370	602
180	330
162	485
298	300
241	738
72	679
47	475
281	782
589	668
94	625
133	769
222	469
402	796
41	799
29	180
485	653
510	698
540	778
612	798
126	354
597	669
425	582
418	476
13	107
399	548
601	785
127	377
226	304
163	412
5	414
512	601
31	255
55	196
340	760
135	717
102	668
67	350
107	111
438	792
57	700
481	723
572	793
508	571
327	781
511	602
146	696
271	617
486	545
280	748
493	742
277	673
255	439
5	108
95	185
576	769
179	554
576	656
128	381
307	599
22	75
169	583
755	793
131	548
90	515
198	607
11	608
566	630
16	121
8	62
708	776
289	760
165	692
59	724
17	31
51	119
113	682
7	664
196	719
291	787
357	788
294	417
227	460
141	772
448	730
21	677
106	783
567	788
420	638
201	735
112	496
93	563
198	713
573	699
421	463
158	426
178	683
13	230
444	608
11	780
52	456
304	652
530	734
170	220
218	636
186	729
30	153
440	639
165	482
168	685
369	656
168	313
63	360
39	495
0	183
49	517
521	707
285	295
64	186
211	560
118	689
286	750
347	495
127	595
39	541
150	640
589	733
143	797
642	676
168	781
485	519
508	575
436	550
344	382
242	410
118	701
356	510
264	539
123	648
166	265
14	279
403	654
384	592
19	320
160	408
254	541
209	277
589	778
600	741
139	660
447	497
592	782
576	796
364	775
482	549
11	479
143	301
179	745
510	645
472	714
522	793
295	786
57	774
129	465
204	348
293	366
71	726
183	239
315	610
176	751
581	590
4	628
88	505
75	250
535	730
0	795
254	593
312	398
150	495
460	725
206	428
141	301
383	734
4	429
594	772
219	273
194	437
170	420
634	703
423	435
129	265
31	73
361	713
392	515
339	575
18	258
159	684
21	570
8	447
456	713
51	163
6	28
646	659
286	623
764	797
91	713
192	574
347	646
112	229
371	653
336	762
356	599
175	585
369	547
28	55
184	305
479	783
340	443
383	608
260	649
421	782
342	712
131	232
155	361
101	248
586	675
378	562
610	709
225	257
567	732
320	330
22	764
4	797
567	792
292	570
333	394
410	430
53	533
426	518
94	348
406	700
262	739
3	423
206	592
548	787
542	655
84	476
626	694
268	521
194	289
7	33
716	745
134	375
143	368
590	595
624	728
415	792
212	457
434	786
603	783
33	695
339	705
14	594
553	754
186	497
21	798
392	568
744	788
318	702
237	730
266	739
306	630
339	573
222	444
274	600
371	604
55	67
494	647
622	793
83	180
420	625
43	109
257	798
50	367
47	741
427	798
184	788
547	594
142	670
641	749
550	759
512	791
413	558
454	580
520	537
41	751
202	468
43	661
532	721
90	692
47	211
778	792
128	200
302	623
389	745
247	337
392	413
245	631
38	303
12	388
221	735
442	508
403	531
123	377
192	459
138	266
306	730
17	762
48	251
107	782
17	668
551	637
119	734
121	436
400	607
241	379
279	509
77	509
186	476
537	786
546	603
338	365
73	404
193	790
45	73
183	205
281	314
112	205
150	756
208	389
544	705
292	490
261	316
275	456
251	482
28	357
327	780
309	798
5	509
378	561
29	523
611	682
1	130
629	647
89	714
545	695
105	117
159	195
45	241
490	719
473	608
36	444
314	456
63	564
530	579
344	786
622	715
266	512
219	535
186	379
72	243
648	767
42	458
84	611
1	252
129	612
175	553
153	651
209	463
476	477
320	577
115	602
364	558
85	688
262	407
329	334
233	678
13	249
446	500
288	467
37	370
9	696
180	474
72	494
525	777
27	786
134	484
527	554
86	232
150	451
130	503
297	381
245	728
85	716
506	788
421	477
50	129
367	565
241	413
35	609
680	706
149	450
323	689
8	366
36	413
579	633
362	420
339	632
39	794
225	767
234	576
5	679
42	662
459	496
347	529
452	755
426	696
89	356
148	204
144	279
582	670
53	625
475	678
351	660
205	218
154	361
278	391
34	235
433	556
408	711
70	203
420	667
595	702
27	83
316	530
72	358
64	91
366	650
36	675
158	291
442	460
416	688
28	105
602	773
167	545
133	621
629	749
29	633
451	499
71	626
73	647
345	714
459	556
423	538
256	641
44	177
194	478
98	663
71	358
27	387
121	157
261	276
129	507
15	501
306	541
320	324
660	664
661	675
67	487
30	453
113	441
752	772
351	620
145	355
84	764
50	349
15	255
30	642
449	720
496	517
82	239
618	756
207	332
422	577
52	63
602	625
237	320
367	388
430	625
480	784
532	757
272	606
446	763
497	669
602	680
693	786
1	354
508	764
198	550
461	519
48	611
45	630
286	695
170	329
19	502
276	300
565	610
563	565
267	511
259	499
242	274
16	570
87	728
409	588
610	692
81	318
446	664
238	272
521	729
140	623
222	464
501	748
452	790
69	206
388	414
404	455
121	731
521	697
72	360
597	713
605	667
274	735
1	431
157	796
414	656
188	428
615	736
442	462
46	729
25	732
130	161
439	795
11	270
106	280
399	438
310	448
149	276
197	724
376	437
62	85
688	747
310	770
130	760
459	505
6	696
101	527
427	491
162	618
324	526
255	779
139	778
137	736
20	752
162	474
186	356
256	554
20	491
471	500
183	194
191	320
90	275
311	473
400	732
483	619
386	559
257	708
562	775
704	766
10	640
291	567
326	761
98	427
219	568
91	323
159	503
294	726
2	645
272	493
244	258
89	295
205	396
262	473
255	687
504	633
77	361
215	216
122	419
426	739
299	322
108	180
244	543
127	757
293	644
507	799
153	585
83	316
326	453
432	499
35	464
228	235
392	700
136	166
477	722
703	764
543	799
354	680
283	292
73	619
107	666
286	529
48	408
6	746
395	540
21	395
477	571
283	420
53	764
451	632
469	548
179	218
304	380
74	293
347	779
36	309
4	83
17	398
227	714
373	613
79	370
117	623
12	662
50	537
573	709
156	647
270	750
476	502
526	602
236	683
526	558
413	616
181	416
67	397
206	366
418	782
204	382
470	670
33	739
670	723
164	666
638	711
125	355
201	328
451	627
131	501
7	429
267	397
65	399
60	417
259	512
181	211
212	253
466	674
599	666
121	189
256	560
572	788
0	495
232	573
357	542
23	159
58	679
133	333
177	553
49	384
16	746
126	636
513	640
84	327
318	611
87	796
238	781
455	694
86	547
264	559
194	617
120	130
187	412
173	706
328	690
288	613
129	640
22	530
160	694
223	360
20	772
93	657
211	313
347	616
650	754
321	362
349	781
451	559
123	615
255	288
22	628
170	260
598	633
71	105
151	590
42	660
404	788
180	462
284	373
215	653
43	329
104	235
406	619
350	471
136	473
289	351
196	770
593	595
472	524
597	691
434	687
375	601
92	108
337	650
579	623
11	554
37	703
31	731
95	648
163	395
327	770
653	672
221	446
246	441
214	369
302	784
191	231
351	382
270	627
308	786
536	711
496	734
59	502
178	506
702	741
9	537
131	657
600	672
182	718
67	773
542	691
74	494
103	587
663	695
427	617
162	584
317	531
246	298
89	497
238	553
235	265
458	698
409	491
167	433
244	454
407	506
70	264
310	567
660	718
31	296
322	465
113	499
383	405
415	763
90	108
255	456
112	662
254	265
730	768
249	308
551	695
256	763
354	739
507	696
160	628
246	731
118	621
159	229
569	668
35	429
690	703
365	376
19	693
679	798
229	532
250	697
349	411
222	308
121	707
307	420
582	694
486	736
301	443
561	671
438	588
621	736
200	782
142	555
168	788
100	714
233	555
549	607
571	609
220	623
265	361
638	743
310	439
179	592
323	663
477	617
249	633
30	659
115	638
168	629
55	758
193	631
702	718
453	602
115	567
290	469
482	504
75	259
382	463
42	61
129	727
59	754
320	491
214	224
100	377
249	419
215	234
413	414
240	501
42	129
354	733
554	742
340	621
66	637
100	230
154	732
315	490
69	247
465	785
80	227
81	712
55	198
285	712
286	631
506	514
664	718
25	532
15	24
313	474
626	711
120	143
446	593
167	245
648	654
319	488
228	674
472	510
553	782
76	390
129	211
26	428
398	729
147	742
58	710
380	400
546	605
583	606
44	225
106	360
156	385
51	180
67	293
43	521
317	774
222	263
599	700
270	785
357	597
618	783
621	781
418	588
30	798
279	662
551	651
122	458
277	348
482	530
186	623
42	393
325	542
200	673
387	481
53	212
10	209
113	731
79	541
37	537
422	649
711	730
322	710
598	691
74	638
329	378
655	710
295	563
375	589
667	753
255	726
451	613
60	115
286	754
227	412
104	761
106	670
630	787
261	425
522	760
264	687
131	726
157	579
682	687
4	661
166	374
317	417
283	348
23	542
132	163
548	613
515	764
39	385
85	282
82	268
48	68
154	695
90	775
235	294
66	579
385	776
144	222
378	789
119	226
120	757
374	751
250	356
168	229
494	787
203	404
126	694
7	648
53	317
53	111
257	302
189	605
80	272
74	710
65	346
123	726
567	697
293	384
433	536
250	264
520	756
127	522
225	567
530	740
224	687
235	539
325	626
174	178
164	642
5	764
457	784
83	443
208	375
228	556
372	650
169	337
175	542
141	645
89	548
303	720
341	724
200	715
285	350
55	193
222	640
243	709
146	655
58	647
39	375
7	162
462	756
424	511
13	347
13	444
75	390
461	705
382	766
208	261
23	238
618	761
203	435
432	670
398	734
379	709
161	185
52	400
300	501
60	595
138	487
59	288
93	362
188	796
404	771
128	761
11	164
59	122
524	625
43	224
241	260
279	533
16	246
156	485
332	613
98	299
239	793
533	541
296	410
131	323
220	321
106	371
38	68
377	778
130	455
89	126
92	421
425	510
559	745
479	681
186	418
515	754
133	779
223	237
485	746
21	532
487	710
197	221
735	779
301	594
71	137
579	764
244	769
251	753
59	62
209	425
534	682
273	691
710	760
263	531
96	364
524	686
503	773
560	580
123	253
89	712
337	530
153	657
379	678
181	582
228	667
114	236
477	771
323	374
718	759
184	483
508	552
275	559
365	664
60	439
69	475
185	521
78	621
57	199
78	281
555	728
584	656
253	634
324	356
243	594
447	781
72	288
176	194
205	476
44	83
74	246
228	453
251	431
44	235
45	219
119	797
501	712
30	280
613	769
594	639
523	716
34	408
162	311
87	358
291	353
577	795
683	724
661	666
470	605
295	494
52	59
5	758
344	751
385	402
644	797
519	606
540	554
425	604
72	181
333	714
606	617
360	511
338	642
372	504
36	395
343	764
107	332
309	596
489	539
109	627
481	775
16	248
194	356
142	444
374	509
381	681
52	605
120	558
328	527
0	340
606	713
464	767
242	243
212	546
208	455
86	323
65	785
151	615
56	384
74	567
516	593
10	744
60	518
23	566
10	173
290	310
690	763
475	482
311	548
607	749
517	583
152	280
250	297
130	429
97	622
697	754
253	536
237	593
465	755
589	769
192	692
299	343
585	771
413	674
121	674
367	495
276	562
47	288
17	612
428	690
348	368
550	710
109	775
392	719
421	600
739	798
185	614
206	421
151	754
531	740
12	185
443	728
295	520
145	375
232	685
116	347
25	469
470	663
2	409
10	563
259	309
507	543
342	795
279	581
259	438
112	542
453	631
366	660
156	568
27	624
337	409
257	305
516	517
43	639
367	661
133	269
33	715
461	575
127	608
602	695
119	280
46	158
285	347
34	165
86	279
564	676
348	471
200	497
90	161
163	360
43	152
452	714
94	271
174	557
154	449
204	379
313	789
228	788
288	355
654	663
121	690
642	718
122	525
96	194
224	679
609	617
205	411
266	651
279	367
7	645
567	686
491	589
248	741
289	421
269	401
383	618
150	624
421	791
459	538
166	339
343	733
633	675
182	455
1	22
420	421
268	664
93	164
133	247
304	333
408	753
7	487
188	308
69	734
213	261
13	756
435	751
40	642
522	635
341	447
373	447
47	745
8	39
470	617
103	795
246	401
74	249
194	664
229	386
359	580
391	608
178	355
18	612
123	599
257	381
351	639
220	484
179	406
67	709
554	629
312	634
133	148
49	78
30	353
71	591
97	291
224	635
335	400
38	137
565	792
84	522
661	779
96	169
153	652
444	584
256	310
547	554
326	657
5	528
300	667
277	728
518	756
163	740
520	771
290	582
195	297
53	663
174	256
199	437
232	716
641	718
727	736
483	641
320	795
150	405
290	412
151	189
419	646
562	591
526	557
613	778
147	403
229	500
559	798
214	413
279	356
503	648
701	741
449	494
30	293
135	329
381	452
482	643
2	497
81	598
212	595
673	794
623	709
17	571
532	586
73	504
187	765
442	661
298	341
409	536
56	270
376	479
591	750
128	678
126	750
374	381
7	394
434	556
118	327
156	178
41	390
390	777
176	512
380	658
205	640
99	782
186	794
704	726
489	556
370	384
463	710
217	218
123	678
520	627
90	286
82	282
293	481
213	629
442	681
268	378
444	678
409	545
234	375
171	306
599	610
432	678
287	662
170	409
460	638
72	277
240	397
321	583
642	790
146	343
39	575
29	126
171	645
218	403
645	758
120	357
19	163
5	350
224	296
379	616
264	771
254	420
346	601
618	797
435	479
495	651
97	752
13	255
67	514
334	424
68	759
590	751
538	693
106	415
26	548
40	733
228	309
45	169
537	731
248	781
78	329
527	549
314	351
149	604
113	582
332	783
79	470
30	49
39	474
596	746
581	648
77	713
72	616
131	376
390	392
137	638
19	399
491	629
115	654
290	476
311	664
11	560
431	686
158	556
61	465
95	150
768	770
365	403
230	687
352	594
166	423
583	639
355	562
333	684
307	671
150	443
3	112
7	766
8	333
503	795
126	614
446	572
322	400
445	628
216	381
157	384
126	737
300	770
56	728
30	125
304	785
330	638
624	683
607	711
326	378
512	717
332	532
206	527
221	351
73	290
265	638
744	765
389	731
442	560
217	693
302	408
5	40
144	409
351	608
394	571
266	332
409	594
337	509
161	266
189	385
665	679
538	646
327	689
692	729
17	699
64	100
501	612
144	390
389	762
354	660
184	783
239	510
181	642
501	767
503	721
217	403
236	760
416	795
8	373
547	644
190	652
17	596
252	789
345	589
261	720
414	607
177	487
329	475
25	771
133	260
473	640
81	518
616	641
164	393
18	566
211	649
217	386
175	748
462	626
165	659
69	794
453	628
129	174
47	448
344	373
174	177
23	347
232	730
175	233
117	126
303	739
166	548
227	692
302	768
630	731
394	462
245	721
80	220
45	666
186	635
200	241
390	542
74	477
467	790
512	515
302	776
46	419
289	472
773	795
447	797
89	789
200	458
172	257
776	781
284	643
79	595
290	779
423	657
671	783
408	453
198	369
302	403
261	307
213	775
342	525
594	664
279	515
228	571
221	392
108	523
36	524
423	469
15	438
472	547
369	763
8	251
311	713
391	635
270	783
177	260
141	559
167	334
318	417
215	676
384	613
208	733
673	744
247	352
476	773
468	531
213	324
296	382
433	554
26	136
547	750
9	445
651	782
17	560
298	464
233	719
338	555
459	777
46	372
531	725
43	223
316	447
13	290
640	652
414	753
350	491
283	305
330	631
672	744
550	621
502	545
141	445
591	636
82	507
354	770
124	285
188	726
234	435
474	497
96	175
446	795
11	293
114	468
170	270
86	122
707	796
644	794
293	744
228	255
153	639
60	382
555	651
148	569
129	285
284	340
495	699
175	689
568	742
568	728
62	87
513	572
573	757
209	346
120	589
45	776
635	768
214	470
45	547
150	441
408	519
359	633
328	548
66	789
243	647
467	758
58	240
20	456
561	678
6	384
107	352
150	583
581	686
279	371
447	653
521	585
343	527
458	554
4	303
633	664
249	277
406	580
179	267
382	756
461	597
9	193
686	701
175	647
376	482
134	198
47	92
289	331
238	295
17	674
353	799
330	762
150	181
231	567
275	652
401	579
196	247
121	211
112	124
404	443
116	596
467	596
602	785
137	143
414	629
321	576
140	557
168	266
89	732
411	656
258	303
600	608
69	547
200	638
331	793
487	728
492	640
237	253
29	435
648	724
432	485
381	385
46	151
386	582
736	744
472	674
151	538
111	310
358	668
491	645
25	460
50	679
102	603
190	446
153	743
535	734
677	750
175	581
113	270
276	313
654	681
242	610
234	677
136	399
185	613
120	771
365	439
193	211
52	61
278	553
465	624
165	484
517	747
367	387
233	512
47	365
227	605
391	443
28	224
126	480
348	597
58	746
528	554
190	228
48	650
135	452
58	740
97	642
216	671
104	716
101	333
144	227
440	644
318	530
162	469
243	555
546	760
224	649
289	396
443	758
201	630
571	654
359	742
11	709
81	545
175	193
688	717
173	558
10	539
307	629
705	789
7	561
148	744
319	420
210	579
369	764
181	315
106	598
71	369
217	339
87	545
220	445
221	771
491	730
45	111
331	662
158	727
397	486
726	752
353	679
92	226
230	367
324	694
109	199
115	525
176	688
270	782
276	696
273	746
696	750
76	316
138	389
618	704
61	539
5	245
583	628
155	779
12	187
312	553
54	332
152	648
216	597
393	708
530	595
162	178
6	243
94	759
549	673
100	136
529	712
199	666
314	724
128	437
342	766
26	241
71	717
241	766
14	203
18	515
323	754
241	477
244	708
214	635
314	749
323	785
688	705
225	464
5	623
404	534
183	354
500	581
375	418
384	388
408	743
129	715
349	648
4	544
5	779
233	425
213	539
432	539
451	460
213	446
369	430
154	571
81	465
203	724
634	673
20	664
12	668
309	517
133	310
39	272
9	165
306	736
123	523
284	421
89	411
36	313
43	663
27	742
518	719
388	756
225	462
234	387
197	396
17	82
26	600
23	31
667	787
761	797
57	403
41	264
414	731
80	715
118	348
192	727
686	687
210	642
193	230
290	563
165	325
189	745
347	775
215	361
309	725
254	355
187	190
203	606
286	543
728	764
221	415
681	690
56	685
2	422
310	389
6	208
587	680
375	382
348	588
427	592
152	743
78	729
141	219
94	798
112	784
349	419
99	728
331	757
24	563
103	252
202	608
740	764
183	471
115	477
70	134
83	347
608	686
40	330
122	216
507	620
8	493
226	357
629	674
277	704
735	768
507	539
297	725
437	795
17	274
299	480
483	678
411	781
417	725
135	472
444	474
289	312
129	527
206	606
51	788
106	741
216	777
294	593
45	195
497	512
307	356
201	503
87	509
24	710
356	539
112	419
390	701
406	448
145	767
524	794
320	441
426	600
84	160
1	445
101	559
101	287
224	391
186	657
64	78
493	780
132	571
183	737
615	754
484	527
686	733
357	558
383	699
59	789
42	127
256	284
116	696
320	387
544	557
165	767
139	594
355	593
200	590
419	718
225	627
488	799
53	707
201	283
707	757
24	67
171	316
132	343
3	166
91	306
67	111
188	724
9	794
54	222
216	620
209	775
663	713
32	292
100	113
443	787
412	567
12	60
653	708
391	757
151	283
80	695
346	777
178	421
70	662
184	529
158	229
63	391
452	716
340	402
424	440
32	484
56	387
287	543
115	502
175	438
88	427
307	451
661	705
47	101
111	430
232	799
618	754
77	618
527	557
66	197
483	582
570	632
65	652
340	439
448	483
79	236
555	774
433	727
325	710
616	714
151	206
170	198
140	724
103	551
48	306
137	396
626	657
326	468
541	742
238	250
647	777
545	741
595	729
729	789
409	575
357	609
734	790
605	628
211	431
50	306
300	512
178	633
43	549
68	220
5	220
111	473
70	224
170	557
360	489
145	413
63	374
126	465
620	639
17	242
257	632
255	330
92	284
22	268
320	590
314	677
552	699
443	772
255	549
118	197
264	586
122	658
238	492
703	748
59	618
12	627
43	158
266	574
215	289
340	497
371	736
454	646
601	758
470	485
147	451
420	637
119	713
203	454
34	125
578	610
440	655
288	348
3	140
245	485
211	595
381	541
111	149
36	373
570	589
215	341
451	609
126	794
264	540
448	481
304	382
377	480
17	634
409	725
42	644
34	145
366	487
287	304
130	506
484	697
229	633
117	379
138	200
24	398
205	212
24	597
208	377
61	348
131	399
80	144
201	650
77	175
174	534
104	502
501	556
344	602
40	540
171	748
169	502
254	797
24	69
661	772
304	614
383	754
101	558
100	487
358	513
481	555
252	398
38	270
355	787
27	194
504	584
463	644
206	653
641	774
275	380
402	438
388	738
107	367
437	781
59	109
43	198
197	431
57	258
679	788
4	194
140	221
208	510
172	319
261	553
190	392
164	293
125	778
303	689
189	708
113	416
425	452
197	459
145	553
124	362
299	334
35	583
438	561
23	140
48	785
426	669
280	371
221	227
312	317
256	322
326	610
255	352
294	611
54	436
223	430
321	477
209	759
67	744
95	368
497	509
319	771
241	405
5	7
195	333
113	618
321	389
317	677
138	301
123	212
200	578
170	195
327	651
348	574
536	664
284	491
156	656
129	751
290	670
276	534
239	341
140	436
43	672
509	629
146	178
140	293
393	632
370	742
124	147
324	782
531	693
205	662
485	785
227	339
253	789
550	654
568	602
236	402
724	771
619	727
361	755
121	391
566	608
286	635
250	393
195	514
134	631
377	590
346	567
171	586
105	262
152	543
115	145
312	633
39	265
2	600
77	142
336	432
31	249
264	568
88	558
186	458
110	776
174	471
301	788
73	381
407	584
95	247
81	623
9	453
630	706
132	208
84	151
249	417
262	267
228	614
174	479
10	111
1	283
379	777
450	677
262	541
64	494
123	629
256	492
82	202
222	639
296	575
503	506
166	748
250	665
287	324
91	525
516	648
469	755
54	188
302	458
329	343
154	263
242	404
527	720
42	248
696	795
595	609
27	670
52	557
4	704
442	799
449	618
59	630
711	748
197	518
225	518
251	762
445	507
57	735
337	469
446	594
87	751
210	685
344	417
125	614
399	677
437	610
285	670
422	643
321	607
12	525
173	780
296	496
155	766
510	799
117	380
718	726
657	747
259	616
155	705
552	577
178	593
36	551
300	771
114	573
242	789
587	791
385	500
49	232
108	597
217	345
764	790
228	709
194	417
205	236
86	496
218	350
307	425
339	638
64	80
588	650
242	446
319	552
119	445
238	650
352	581
651	764
303	631
228	649
155	610
665	743
271	453
523	591
215	422
83	550
219	469
85	203
332	746
1	723
46	578
393	567
556	604
42	478
54	113
446	525
473	558
151	222
506	541
632	787
192	311
642	723
203	489
76	795
433	562
545	582
112	522
150	633
314	364
52	469
613	745
30	559
230	579
343	769
102	531
378	786
99	395
222	364
529	746
638	690
326	688
213	317
774	779
542	796
343	708
29	296
28	188
340	423
315	614
317	753
171	340
554	676
410	493
51	268
203	495
469	563
16	432
93	418
17	106
204	220
356	374
195	692
651	761
23	144
659	750
127	153
276	430
551	572
239	266
49	742
244	327
220	738
776	794
133	208
463	637
33	711
475	648
67	277
102	715
23	373
273	593
391	555
109	112
235	462
43	86
224	463
19	110
573	798
322	637
125	221
70	453
68	597
331	430
62	410
182	492
76	205
269	277
321	553
352	461
381	540
317	339
232	424
482	586
443	795
193	784
373	462
3	504
518	768
255	720
77	396
366	517
27	741
393	584
117	494
278	693
32	252
247	505
383	531
69	704
375	502
268	478
505	604
372	705
45	144
182	609
338	438
171	714
478	785
486	497
376	389
81	470
198	230
17	691
43	185
195	494
583	587
81	301
409	555
705	758
52	164
209	678
241	288
11	187
201	673
185	691
415	499
336	502
42	91
588	799
57	718
377	526
413	799
291	628
105	467
119	266
33	520
107	233
69	88
19	707
315	674
430	547
411	540
479	656
113	155
480	594
625	775
60	573
114	454
247	589
444	592
581	756
228	585
252	548
435	784
145	204
147	469
74	789
266	608
117	377
228	673
271	567
239	704
42	99
83	702
688	752
181	424
48	624
353	547
27	576
491	554
119	381
156	749
351	631
642	761
56	772
298	377
136	605
290	360
102	509
218	309
630	749
181	468
286	795
25	73
485	507
333	505
215	245
576	692
272	527
460	499
560	725
111	214
144	425
135	669
78	799
533	698
58	88
464	594
204	508
95	261
277	361
342	679
26	333
176	214
512	604
354	368
230	550
570	573
751	772
124	249
237	622
58	498
7	477
278	292
581	681
17	600
49	259
33	165
577	602
152	649
417	588
256	755
71	388
547	726
675	724
322	521
283	711
606	722
179	587
52	195
132	445
337	645
465	486
415	677
4	517
373	772
59	280
72	506
240	460
79	566
390	439
143	775
134	589
6	215
39	312
305	308
177	403
5	190
45	54
267	739
265	279
209	611
414	454
20	599
82	334
314	754
116	547
52	798
511	629
352	623
24	797
392	730
20	283
271	288
267	723
179	764
58	602
19	710
585	605
87	377
197	340
91	788
256	319
648	735
72	563
513	669
16	401
53	105
395	686
556	590
559	668
49	145
181	276
85	787
265	455
237	668
100	115
289	383
181	790
514	767
653	678
10	228
31	567
224	771
153	278
336	711
627	766
239	669
727	728
325	339
412	626
263	311
73	699
498	764
348	736
7	574
562	756
716	744
296	376
434	528
174	603
85	514
260	331
90	635
655	782
606	794
62	124
285	339
273	410
141	172
72	545
434	524
614	792
605	630
74	280
400	442
18	198
290	794
50	726
546	630
61	605
701	747
183	768
252	685
302	434
137	765
77	268
59	646
215	491
147	229
112	434
198	587
39	377
459	646
386	542
308	689
396	514
66	344
488	647
33	88
5	458
303	408
39	499
146	390
167	572
59	784
146	521
383	707
222	370
68	289
245	434
225	692
86	450
13	37
402	537
136	515
23	478
71	321
388	431
516	663
306	561
500	649
107	762
274	420
675	734
57	716
408	493
334	367
31	768
500	637
367	556
616	734
155	355
333	472
414	569
568	772
11	55
69	561
425	629
502	522
476	496
323	502
162	587
238	264
165	595
261	697
61	572
8	278
275	725
229	770
105	615
284	556
126	513
22	643
238	372
354	793
167	625
427	596
175	439
468	525
495	581
284	676
226	689
471	488
59	499
214	454
12	59
208	514
23	488
201	789
17	83
62	567
257	310
57	136
488	796
303	530
84	520
244	559
94	202
294	478
81	783
173	175
9	248
116	677
573	620
284	364
391	467
85	445
61	785
260	496
185	365
134	429
240	603
117	237
249	386
90	412
176	649
286	683
299	759
518	675
358	569
54	194
64	248
117	284
325	665
238	654
55	108
217	269
413	447
383	745
336	744
33	246
560	749
160	553
488	735
766	784
659	716
252	334
470	551
259	432
466	715
480	559
196	351
261	327
286	465
346	738
363	562
270	760
627	668
104	489
371	670
382	385
174	516
148	540
209	397
176	789
104	698
242	505
485	779
9	169
312	410
210	509
110	229
139	478
76	580
181	606
269	678
134	635
381	698
210	260
382	764
276	583
59	349
577	798
546	618
634	764
438	497
112	797
232	263
113	608
14	331
64	310
420	473
504	714
95	186
254	259
56	764
194	254
15	431
150	367
35	225
286	785
226	468
217	760
342	676
430	511
137	419
129	241
227	505
166	367
426	539
130	206
181	410
334	406
238	421
322	752
547	697
280	590
341	388
484	639
12	144
465	627
77	115
43	204
465	793
0	228
35	648
59	752
8	199
139	173
165	193
366	550
271	559
394	695
139	331
391	497
636	675
111	376
235	254
346	422
41	66
86	635
81	413
326	446
0	152
59	251
219	401
435	704
328	761
373	606
237	594
36	401
483	792
104	311
393	783
301	462
356	494
72	194
399	577
241	346
77	781
258	667
175	795
89	589
71	341
405	462
413	609
21	53
243	778
240	675
97	292
71	637
154	649
175	765
602	635
383	485
489	772
206	304
31	149
230	689
517	614
329	578
254	506
124	210
189	319
564	722
313	758
234	380
71	693
435	525
13	792
293	459
114	611
189	626
59	699
98	187
52	545
126	254
411	494
81	238
575	770
497	511
310	504
375	577
69	435
155	396
180	647
385	787
238	391
314	709
36	217
419	482
200	696
374	464
228	383
85	771
466	612
190	553
381	445
551	588
601	634
347	397
245	566
662	708
158	462
489	544
48	458
498	605
365	424
149	468
234	545
395	769
553	787
99	767
111	648
288	585
320	334
559	731
158	699
16	715
317	755
169	618
265	797
128	592
179	627
466	472
147	188
604	665
58	404
528	655
104	491
205	374
44	124
39	153
170	321
155	417
266	269
197	755
225	415
635	775
681	701
282	499
566	748
137	414
101	323
23	305
118	211
355	404
359	480
85	469
310	465
613	628
100	292
61	173
302	571
340	670
273	462
462	542
223	322
134	273
35	527
301	489
222	613
211	438
359	735
68	521
140	260
40	714
204	535
142	614
578	602
303	563
60	537
491	764
126	561
41	651
103	113
43	110
28	390
482	509
3	457
26	454
655	678
73	586
320	768
432	614
599	778
473	483
487	745
405	690
306	698
333	787
299	581
215	544
145	424
188	289
98	309
219	455
105	164
503	696
504	665
110	725
5	317
110	225
252	270
308	350
268	293
753	791
350	701
166	683
519	604
618	708
410	599
24	696
333	420
252	384
498	620
203	370
366	407
318	558
13	56
309	557
18	34
637	748
241	685
150	401
307	726
182	610
157	756
493	653
163	391
41	750
477	658
273	734
52	697
45	228
317	730
61	509
276	304
207	564
152	485
41	595
188	363
338	752
184	223
119	458
289	667
272	379
23	150
552	781
222	652
538	730
132	281
196	460
106	551
177	408
385	529
444	460
138	292
548	727
188	338
660	700
392	740
161	720
14	457
94	695
433	584
634	713
89	722
89	201
477	564
23	574
354	769
569	629
177	336
95	272
235	435
675	743
34	727
51	764
72	492
589	713
613	614
493	757
453	472
21	321
241	446
96	531
58	439
66	708
277	729
21	659
552	753
218	478
231	556
457	712
487	697
468	563
329	728
62	770
213	252
334	421
49	784
87	746
639	692
377	513
372	554
279	501
89	590
279	500
180	454
179	231
435	582
125	505
199	658
96	347
326	333
155	503
352	707
38	670
614	770
69	208
55	797
420	733
205	719
53	162
313	481
535	740
216	485
114	331
107	265
12	21
450	624
104	701
41	113
531	786
317	737
671	764
431	747
701	775
214	235
63	115
57	442
126	149
73	304
310	587
414	557
222	747
42	438
575	797
305	477
13	458
186	569
533	678
435	729
126	437
52	414
476	661
10	375
110	372
532	763
211	282
123	266
175	246
131	133
569	616
353	696
86	218
203	480
87	356
200	793
380	666
439	621
210	343
52	250
176	565
165	735
421	599
570	796
540	550
73	275
483	548
474	592
339	384
136	272
570	612
147	737
291	625
22	590
174	318
227	475
419	639
120	718
195	694
464	707
435	459
453	519
200	688
198	243
201	739
554	763
333	504
677	736
289	479
61	620
110	179
187	239
612	755
217	478
18	64
119	395
135	439
368	558
103	471
616	767
272	284
92	101
223	458
520	608
192	280
270	793
256	333
699	730
343	546
52	777
265	686
229	270
59	283
21	296
207	593
279	519
291	444
619	710
281	615
606	763
114	160
601	707
11	339
403	630
47	254
404	636
363	594
521	661
385	639
140	269
193	282
380	477
30	468
249	423
93	424
129	665
690	779
40	100
406	786
339	776
64	135
396	420
86	561
208	724
2	291
408	656
146	403
13	608
301	475
126	168
225	274
409	762
139	613
115	452
234	671
488	595
510	737
12	123
597	774
418	513
279	281
696	786
97	402
181	263
98	310
8	793
46	358
240	563
55	597
464	752
464	614
669	733
216	773
27	152
146	729
311	725
152	444
56	751
282	702
341	628
11	103
244	569
61	377
73	513
283	551
103	365
58	661
558	627
141	569
95	344
0	625
383	586
376	557
119	736
324	461
30	441
185	299
111	344
172	652
510	650
528	729
130	283
397	778
22	618
468	629
27	304
368	632
215	449
373	604
377	382
216	786
519	764
135	773
62	495
359	784
122	157
240	262
180	734
286	409
704	729
351	392
341	758
591	736
241	568
270	387
39	76
230	442
4	574
451	578
620	784
170	476
589	656
10	98
4	160
585	753
446	451
490	724
242	721
275	692
6	334
44	94
705	752
146	691
6	377
51	438
76	404
12	556
486	781
369	704
106	430
594	607
417	461
20	693
411	462
338	710
590	773
332	513
84	790
66	439
565	674
597	641
243	284
517	598
115	216
344	579
347	493
257	447
407	519
52	630
374	491
87	304
382	475
44	326
457	697
136	196
435	783
568	739
82	348
49	595
80	428
293	549
105	189
454	671
150	717
6	762
37	160
297	785
110	581
7	114
37	768
337	351
749	787
445	626
61	122
24	645
155	541
200	292
3	722
68	499
287	451
527	737
524	763
71	339
726	774
221	655
117	359
136	192
33	171
248	360
504	789
319	616
164	525
301	735
461	645
241	598
299	717
516	673
27	660
100	330
88	178
296	300
28	72
2	538
537	600
218	530
323	491
132	731
687	733
594	727
479	502
160	626
192	588
337	443
245	494
191	722
240	489
622	784
17	521
544	721
346	474
488	636
362	413
365	718
42	597
210	238
418	510
648	768
432	795
20	112
685	763
229	588
440	619
118	514
14	632
310	497
116	616
319	794
110	306
245	251
251	397
238	791
11	573
70	355
330	521
493	683
201	329
130	769
86	302
27	134
576	726
370	652
145	756
498	652
189	232
219	578
72	424
238	252
259	596
491	624
365	420
696	755
110	528
11	789
83	532
221	676
596	760
425	542
490	721
266	730
246	417
417	799
503	550
114	538
134	311
40	208
463	683
438	710
7	619
247	511
624	692
1	347
296	305
445	595
36	644
191	341
149	476
451	650
2	534
149	613
64	465
224	642
32	573
217	239
660	710
514	524
356	552
692	711
377	619
529	595
320	369
30	423
529	533
75	481
177	182
470	761
308	591
271	547
203	242
135	585
71	659
288	313
59	711
340	568
46	711
402	505
306	737
447	494
368	624
300	573
290	762
103	173
305	780
348	654
73	797
376	388
305	336
339	419
13	266
383	698
18	98
209	311
360	784
88	231
447	570
400	618
73	465
640	679
313	786
637	713
609	772
90	748
521	571
187	453
89	170
61	403
478	731
95	760
712	717
205	292
245	453
731	799
159	244
31	213
645	674
649	677
422	727
402	702
547	648
215	239
207	736
519	781
157	169
151	256
261	548
313	422
95	144
91	402
48	148
502	729
168	250
311	351
383	669
80	768
196	628
452	747
625	779
39	516
36	753
222	578
540	548
255	703
330	514
558	579
183	445
293	683
347	445
602	653
572	709
406	753
363	646
471	720
152	488
93	491
10	418
81	516
298	656
94	783
140	325
310	612
56	659
209	315
94	758
95	199
121	527
9	454
94	281
31	478
271	697
263	481
204	234
311	677
283	366
447	704
405	453
386	646
83	756
635	641
168	392
418	565
228	508
351	539
32	538
239	287
298	319
89	97
274	585
12	621
124	181
112	125
75	505
73	517
557	670
323	576
25	27
45	580
182	437
334	703
159	426
247	484
249	406
492	775
138	662
250	592
105	132
57	609
251	420
303	640
83	358
180	743
50	271
192	560
70	97
324	732
213	732
690	702
162	384
226	550
297	797
23	136
35	342
93	133
490	666
100	441
375	798
526	711
584	756
133	517
296	573
389	683
389	499
130	453
89	167
1	385
4	222
511	655
37	790
440	448
161	535
329	662
429	793
353	434
600	792
554	715
488	596
49	161
142	792
22	788
676	692
38	200
30	188
39	762
103	659
427	717
472	687
137	336
506	544
47	454
413	442
22	690
109	681
227	315
136	538
422	771
105	468
63	559
267	774
528	646
489	719
355	721
4	453
206	336
121	264
56	771
162	338
320	664
89	266
120	660
57	535
133	500
167	634
382	644
775	778
112	576
140	304
199	386
392	673
345	466
26	347
525	638
287	530
397	633
112	448
250	466
249	684
520	703
33	469
23	113
506	687
303	719
278	599
398	712
161	443
320	449
297	349
58	75
495	763
265	556
662	753
115	505
68	471
314	657
45	790
263	433
13	197
255	435
60	786
217	793
103	455
179	724
356	497
234	496
53	718
20	36
433	551
492	670
18	260
53	315
274	714
159	291
423	444
243	358
299	501
471	522
404	769
549	770
523	754
369	755
601	665
541	793
186	531
57	675
77	399
15	614
416	610
180	546
216	569
293	515
190	569
339	505
36	511
183	593
258	452
330	410
99	185
433	790
23	43
79	101
263	671
26	396
249	475
57	457
104	738
512	676
187	424
326	429
173	214
108	697
275	700
651	718
149	636
186	428
300	565
70	498
138	155
102	681
307	522
334	776
418	526
43	162
151	203
344	580
124	752
380	640
63	678
630	643
440	487
85	123
365	723
138	609
83	270
300	682
226	679
516	560
220	469
128	168
419	476
355	776
613	770
481	537
245	290
163	505
253	653
94	791
168	793
353	446
470	621
76	114
122	663
137	352
273	504
462	580
263	600
57	375
56	773
64	781
27	447
13	448
149	583
651	730
293	712
402	518
254	576
255	753
57	677
458	631
65	151
409	772
76	292
88	383
286	319
373	580
164	512
264	507
458	493
387	646
117	189
46	258
309	639
244	478
53	157
222	400
50	166
215	607
66	83
230	586
269	772
581	778
76	353
49	771
326	690
172	731
344	411
409	743
75	761
430	613
55	426
236	301
75	126
477	611
108	388
339	604
183	255
223	357
387	585
30	620
472	654
614	763
24	550
73	421
623	671
231	629
44	190
380	767
268	437
300	423
199	332
422	517
194	302
205	488
326	499
191	710
81	99
249	271
102	112
163	707
255	482
436	574
151	607
145	562
383	477
221	345
386	422
167	179
345	516
340	749
345	530
623	736
491	666
263	674
49	141
176	523
313	679
133	614
90	769
196	569
36	797
779	786
231	671
134	608
13	372
183	710
122	375
523	760
206	334
120	146
303	776
119	618
564	619
86	650
418	695
279	319
276	502
508	795
518	686
435	599
128	634
166	620
64	221
195	325
90	198
46	359
57	61
18	475
54	203
238	606
126	665
245	508
331	358
325	632
404	790
453	710
11	748
554	702
183	608
53	321
490	750
359	496
23	38
55	588
81	271
162	166
349	395
17	766
122	507
139	558
181	500
589	655
546	632
244	680
168	588
224	471
784	789
452	660
432	546
431	797
31	179
15	195
153	154
217	399
199	499
230	799
25	639
25	83
736	761
373	678
368	523
428	547
200	329
261	333
173	428
58	565
52	62
225	397
316	577
512	653
126	779
35	193
94	517
17	48
106	471
36	405
161	483
299	631
105	414
92	757
334	597
225	749
131	432
120	548
257	552
374	560
550	585
228	450
329	470
383	482
191	508
150	723
371	582
102	582
352	669
0	135
93	771
100	713
190	721
237	486
33	420
247	564
332	710
352	373
599	694
116	770
406	696
218	457
559	674
32	191
38	721
80	158
539	744
140	755
584	658
108	733
49	450
327	517
298	585
58	140
307	626
276	615
85	780
665	720
331	593
234	695
283	491
120	536
153	502
281	435
78	620
249	353
443	767
655	771
23	713
72	263
183	449
399	722
386	693
49	781
272	689
152	188
430	672
636	648
180	418
771	785
617	651
334	524
424	452
106	488
355	742
266	592
346	734
310	373
380	659
198	688
210	551
279	362
148	299
328	585
236	463
247	583
114	423
217	315
27	113
646	661
294	315
45	624
281	672
683	756
251	476
36	625
527	726
403	661
270	414
312	421
269	644
142	166
182	636
375	622
690	749
143	753
30	552
726	748
221	557
338	652
27	108
43	772
249	720
116	166
36	294
187	331
177	606
64	412
141	290
302	502
493	689
575	674
108	166
12	390
113	593
110	339
45	757
78	112
23	657
9	663
598	627
325	423
730	733
78	255
362	434
126	782
249	474
442	621
22	338
344	576
332	649
158	614
316	669
365	696
702	794
528	713
255	600
166	704
36	654
7	557
282	584
78	346
603	790
94	676
154	545
107	440
199	356
41	50
97	661
635	664
249	642
154	334
392	634
80	618
18	346
499	729
41	597
450	536
2	609
180	713
206	251
361	738
154	787
5	6
98	189
5	687
0	718
480	689
359	706
26	373
11	386
209	243
290	470
403	452
230	790
284	337
416	520
26	140
44	215
428	728
264	520
8	573
524	792
202	666
133	618
598	611
609	708
300	504
422	529
151	775
128	412
142	627
617	777
218	747
195	725
43	175
256	299
212	558
339	658
418	685
391	776
54	713
32	682
384	569
297	377
47	631
692	760
520	744
108	113
334	667
733	764
90	618
60	743
579	620
337	742
123	207
6	201
288	623
172	196
222	249
518	788
85	429
111	487
412	568
339	689
62	100
686	745
50	360
168	462
167	529
10	436
529	652
182	352
88	280
64	210
242	323
158	586
452	522
314	439
385	499
277	497
32	243
234	717
314	750
248	756
432	748
193	285
22	583
20	349
240	593
192	791
425	657
192	645
468	612
305	354
95	450
593	773
72	278
138	679
632	663
69	308
114	462
541	681
58	283
42	591
320	796
381	441
298	353
321	566
527	645
452	592
72	517
319	691
430	532
370	444
471	511
275	565
203	499
637	754
289	475
152	731
156	373
277	432
520	741
228	798
257	481
234	454
298	433
213	639
22	740
158	356
139	167
550	568
589	694
249	789
298	584
528	672
213	547
72	781
277	498
245	569
107	503
231	475
115	140
282	312
71	438
83	601
539	651
405	700
37	62
472	560
41	90
121	613
272	633
111	553
64	551
234	516
147	689
245	609
399	484
699	722
300	310
611	748
108	320
413	743
213	757
330	780
298	327
195	273
244	697
92	172
285	379
157	286
726	744
370	488
519	737
657	767
111	614
155	287
114	622
189	722
133	737
311	484
84	108
747	787
256	439
195	764
539	713
324	455
347	604
24	382
376	403
516	753
442	679
259	538
494	784
502	794
259	261
223	510
80	191
508	776
304	468
426	627
41	309
61	310
483	634
196	597
87	142
49	799
173	236
486	698
110	555
239	671
365	655
242	590
212	281
560	614
643	769
295	612
538	759
170	419
60	181
152	325
88	522
187	594
450	615
356	421
169	194
119	448
25	113
466	508
118	655
12	237
704	750
47	731
388	742
35	188
512	651
63	279
72	229
312	567
473	621
95	398
87	348
318	589
404	630
476	507
345	348
67	752
577	662
357	579
183	329
72	542
303	443
374	482
470	511
47	185
133	413
171	653
15	483
300	592
143	269
134	658
393	679
488	502
276	303
180	659
352	485
109	643
117	683
28	235
415	458
352	590
100	428
570	709
137	433
37	527
195	786
198	316
476	623
5	579
399	714
147	282
79	552
468	619
705	727
223	757
223	507
297	480
129	420
31	518
233	240
1	65
291	329
206	671
258	406
298	707
167	407
34	248
234	351
446	711
363	652
530	738
560	670
264	465
359	583
193	585
372	424
348	698
438	693
59	230
53	765
112	383
87	533
462	618
486	489
445	459
399	573
35	697
148	375
201	787
147	656
584	689
301	592
176	277
353	645
233	622
291	501
199	798
174	358
193	581
368	789
234	522
420	528
292	597
290	444
86	722
172	593
598	653
154	230
29	486
516	562
92	161
688	773
205	503
367	439
475	522
217	390
283	616
242	501
31	115
68	677
250	668
212	448
716	782
200	594
96	305
623	691
395	706
531	641
14	465
188	198
43	234
127	590
242	493
78	173
201	338
143	624
556	728
300	462
77	233
281	444
453	647
283	619
136	267
11	455
290	529
195	779
185	723
334	747
663	742
536	684
166	595
351	557
142	165
364	666
430	742
497	574
116	706
582	700
348	476
190	304
766	776
326	739
350	577
176	283
661	786
580	780
128	235
485	583
449	792
195	440
33	79
261	401
115	183
384	628
638	763
160	405
290	772
135	172
215	692
466	781
180	706
306	443
378	519
349	655
349	432
461	742
767	774
243	492
375	771
575	618
729	793
211	447
85	238
3	480
40	373
239	686
11	741
285	595
311	605
368	614
4	365
96	304
508	518
286	763
708	713
91	686
353	753
281	703
447	648
530	533
117	772
304	585
409	582
514	671
618	696
431	503
43	453
50	554
275	678
285	484
60	403
168	242
374	682
85	379
290	535
739	757
353	479
133	539
122	668
247	441
432	749
444	788
81	531
34	190
303	540
371	419
632	766
360	513
81	772
429	463
355	364
637	716
224	570
528	665
2	733
13	682
76	524
173	519
163	186
614	619
438	762
201	614
400	597
760	780
423	698
694	717
478	780
317	778
700	770
15	325
789	792
316	770
336	772
466	742
636	646
19	449
171	736
86	604
76	618
423	758
217	653
398	498
728	750
46	420
118	519
403	733
402	513
67	690
485	543
500	781
76	499
350	684
86	784
335	636
424	466
102	213
305	603
666	768
226	752
303	712
132	265
177	614
65	604
159	642
22	351
580	679
130	331
456	542
90	215
104	771
2	626
27	386
388	585
188	708
255	760
361	579
324	515
208	477
724	765
289	799
110	415
44	558
450	770
69	724
121	129
596	691
222	386
149	579
265	319
197	577
578	725
261	416
37	484
28	713
16	665
187	269
286	589
257	682
153	691
20	678
223	699
587	705
282	619
335	344
25	497
98	358
14	265
265	760
286	577
406	672
91	380
499	735
187	709
534	593
155	397
487	795
398	690
31	690
438	646
453	751
292	362
22	366
255	799
167	575
64	720
382	527
129	402
160	559
75	234
427	541
490	739
235	727
42	169
106	556
296	798
236	264
156	274
51	291
126	489
268	693
362	635
426	552
18	290
135	169
347	390
205	733
489	777
157	244
114	115
556	739
240	639
354	396
131	622
126	203
442	479
6	362
190	545
224	510
521	658
341	773
475	619
529	639
335	360
551	614
148	389
108	530
268	674
662	719
600	719
708	796
136	695
57	289
288	429
408	742
33	57
99	723
232	514
9	569
716	766
386	496
442	601
130	524
356	402
183	344
214	521
116	479
379	667
159	310
38	125
425	572
36	108
53	408
149	484
215	790
253	558
3	312
448	704
76	307
614	718
4	12
366	738
229	286
127	379
38	171
140	439
453	699
158	662
11	450
516	715
20	758
381	687
243	687
278	513
175	437
522	646
668	709
299	624
560	631
210	586
103	467
357	467
275	407
428	496
192	423
228	260
669	694
216	762
67	637
408	770
228	293
139	342
227	351
332	371
121	758
205	545
466	733
242	683
132	148
256	508
316	594
83	283
195	630
86	684
199	237
63	650
322	705
238	693
192	207
273	458
229	505
204	722
309	483
347	554
532	771
45	359
380	406
296	720
251	748
166	674
468	506
92	679
320	385
441	496
95	400
453	626
399	746
37	798
364	518
66	377
319	346
230	312
355	436
9	228
360	597
233	738
517	679
472	734
557	629
189	333
316	445
86	546
129	454
188	484
321	788
209	541
510	741
181	356
96	146
457	675
378	797
209	581
49	327
99	687
28	326
76	173
543	724
260	347
75	397
470	662
270	671
87	133
208	707
583	623
276	476
246	343
452	646
290	768
366	707
336	799
520	648
120	202
172	780
18	27
367	721
772	796
101	192
456	494
43	593
209	471
77	491
114	323
578	667
399	706
162	296
278	729
45	731
193	710
399	678
163	763
7	762
536	780
23	718
248	524
237	241
648	673
334	371
198	245
159	474
289	618
387	626
128	779
164	214
256	490
209	501
141	399
371	557
253	658
425	755
113	244
577	746
18	646
108	155
279	788
147	206
88	356
186	503
359	432
491	498
296	403
160	532
66	797
433	709
718	765
56	460
72	443
66	316
284	757
146	593
469	743
586	752
512	533
31	477
23	64
771	789
33	172
349	449
160	468
616	727
555	586
136	456
354	456
44	553
158	744
331	354
433	521
128	797
18	506
480	709
191	787
413	437
488	591
136	744
44	721
174	406
83	737
39	673
34	743
22	41
7	336
357	619
90	504
63	549
183	614
33	662
231	733
249	703
143	505
439	461
173	181
315	589
409	485
306	641
493	773
316	353
7	221
419	791
66	725
431	685
429	620
399	541
177	285
226	228
15	746
80	488
186	247
577	663
67	228
158	760
205	701
6	371
282	425
694	695
20	350
357	758
439	759
235	412
241	399
284	501
473	748
176	444
280	746
10	246
516	641
98	224
415	736
319	720
118	525
193	427
50	524
474	707
89	539
426	692
472	749
743	767
165	615
212	266
133	186
702	773
562	736
399	453
128	480
257	274
530	793
282	284
278	706
257	610
306	764
493	580
569	654
111	597
100	493
574	731
233	370
334	787
504	681
57	624
511	674
585	655
1	478
227	557
180	452
329	734
487	639
135	376
17	39
127	748
632	791
38	732
106	174
441	677
201	556
340	642
330	343
82	368
628	661
112	228
16	669
494	770
122	409
387	796
300	376
196	500
196	389
31	410
23	242
319	607
324	604
237	599
95	480
381	448
529	532
91	603
65	543
424	739
10	731
23	722
383	512
290	643
80	730
136	739
247	560
500	517
624	636
191	750
222	374
445	737
300	687
528	767
302	573
109	632
402	404
264	299
164	303
100	576
442	588
335	634
132	371
226	356
558	656
442	636
61	654
437	749
48	130
401	486
331	380
613	679
46	170
225	729
331	737
391	602
189	783
58	387
27	329
53	546
109	520
453	715
204	662
51	308
424	496
161	221
300	450
351	757
18	421
442	609
317	683
145	461
285	495
0	309
330	414
183	652
387	396
393	460
559	662
267	529
158	583
96	176
173	400
424	644
417	485
390	531
2	758
53	780
159	632
491	540
408	704
91	289
349	375
103	315
578	593
229	486
481	651
332	516
455	799
476	708
605	776
399	684
252	340
183	414
105	283
510	596
319	453
62	314
572	707
65	469
312	578
535	741
182	349
198	377
723	729
298	373
545	634
102	219
376	666
6	470
335	669
369	600
397	707
449	642
438	531
119	485
235	763
434	563
460	647
191	285
164	206
467	480
399	626
457	764
185	433
131	722
366	635
13	65
484	656
329	501
234	419
622	699
767	788
420	457
115	483
298	579
494	643
32	146
136	173
246	338
145	271
649	737
366	695
276	379
701	718
160	197
377	483
181	418
210	364
314	392
101	401
586	713
261	562
234	758
195	489
70	356
73	775
663	751
17	246
424	690
135	589
30	682
387	636
328	340
413	486
555	709
117	324
31	774
315	412
38	151
473	753
124	738
519	655
473	531
264	445
498	571
312	358
185	268
105	688
463	480
458	565
561	718
536	620
486	661
13	472
559	645
410	677
34	419
170	297
196	410
213	393
222	779
486	588
385	431
460	590
36	62
534	596
161	393
143	726
299	416
19	235
123	350
460	485
428	689
580	666
261	607
737	766
84	778
20	644
274	542
17	40
100	381
375	464
1	223
29	735
284	739
193	281
192	452
155	177
208	382
108	620
6	394
103	152
755	765
188	645
252	377
276	759
188	392
71	336
117	258
510	750
345	786
50	436
229	697
496	709
2	449
38	405
778	796
282	682
201	411
603	775
683	763
53	474
388	412
48	753
3	106
433	572
156	589
635	753
348	691
229	549
57	568
430	701
332	468
386	488
118	517
310	409
295	780
202	531
368	708
369	791
103	522
234	756
73	674
675	705
141	209
207	334
113	124
436	611
299	795
430	436
277	681
172	268
92	111
557	627
147	480
5	89
257	777
133	562
65	337
451	471
209	228
218	721
574	738
362	510
104	222
646	749
449	607
417	604
148	349
387	651
95	167
603	697
52	238
159	496
623	624
19	43
118	252
182	616
21	379
234	433
231	484
641	758
3	659
469	788
591	684
557	715
199	532
1	405
144	216
287	318
549	670
340	405
440	703
132	503
84	798
545	585
22	336
369	467
584	749
111	326
309	536
101	465
84	644
484	663
212	710
243	498
126	486
302	553
253	583
524	650
468	533
143	627
83	302
177	355
105	756
85	488
520	724
143	252
247	644
225	583
142	325
145	568
85	138
56	768
169	546
548	703
376	398
119	212
182	474
212	716
132	420
10	693
276	343
285	513
152	468
313	322
132	134
154	512
144	152
205	312
198	443
532	691
495	757
480	739
333	769
708	717
59	368
543	669
139	321
385	444
542	777
39	428
652	737
356	762
258	748
374	413
539	644
247	473
200	698
50	76
54	311
123	542
122	175
214	424
136	177
108	142
211	510
408	410
209	749
197	270
611	771
201	223
231	416
88	690
342	576
285	478
179	277
186	268
136	176
100	442
205	751
60	754
92	220
213	607
145	659
570	720
86	307
62	358
45	206
590	730
50	787
34	791
13	271
4	33
227	263
131	593
192	501
491	686
162	381
368	524
106	440
124	567
323	428
161	702
58	718
188	225
410	490
453	454
116	229
221	626
535	571
305	379
224	465
255	610
263	578
81	757
584	695
344	628
151	621
161	529
541	724
54	210
281	678
344	684
78	478
109	440
496	701
68	550
150	253
416	497
87	553
32	306
424	543
51	581
80	468
52	237
569	679
10	248
347	356
547	658
119	748
51	717
364	443
372	552
197	580
242	394
108	269
260	381
134	193
151	789
459	580
130	498
130	656
486	617
62	323
191	478
101	253
110	464
456	652
278	610
299	507
255	627
317	781
610	758
289	325
248	520
163	716
103	754
193	195
621	756
197	566
547	775
407	713
97	513
38	265
11	680
393	394
90	664
148	693
501	664
107	629
82	278
142	448
737	738
126	358
591	744
304	323
112	705
478	642
189	202
541	579
140	553
84	612
118	456
347	700
67	607
99	301
63	707
69	659
230	585
9	604
180	447
82	143
17	182
596	637
312	568
61	459
313	383
464	697
524	772
636	741
498	565
525	732
531	617
178	613
508	616
285	334
10	186
778	799
441	741
209	210
525	776
242	584
142	645
9	544
287	600
462	543
21	417
298	303
106	493
222	503
333	575
282	325
337	729
603	744
434	608
237	329
395	533
288	765
364	757
39	346
218	781
296	377
212	297
188	658
497	539
422	581
119	183
18	470
45	167
107	334
26	384
26	350
133	449
200	283
96	547
208	593
478	562
668	747
280	561
198	345
13	368
41	128
197	469
77	675
168	380
430	684
170	700
240	384
5	109
307	798
9	789
115	782
3	709
340	583
473	535
279	285
541	630
268	405
336	570
57	347
264	463
347	364
228	540
108	283
328	489
385	767
228	460
191	749
596	683
311	612
402	610
436	685
250	638
118	652
206	307
426	597
206	226
173	240
6	213
53	484
104	742
50	594
153	514
372	385
69	319
308	724
158	322
679	773
440	524
163	654
206	638
217	369
220	706
297	442
218	392
165	301
0	63
90	489
3	53
437	556
750	757
469	514
95	130
82	756
292	718
233	785
127	222
364	487
406	559
316	730
214	525
20	391
73	737
623	789
14	492
380	511
405	754
113	125
105	447
50	791
55	711
237	778
4	263
277	579
321	749
242	773
130	749
346	771
300	644
80	520
229	451
440	544
357	710
703	763
545	784
144	752
231	611
59	202
206	490
196	670
13	320
619	726
38	290
20	79
149	473
382	726
357	741
674	680
638	742
226	798
95	132
591	614
38	667
235	552
191	546
13	649
255	792
34	663
184	621
120	468
433	641
65	459
303	389
232	323
1	4
167	698
87	457
31	119
182	713
294	324
110	295
5	38
3	294
505	666
409	512
445	775
508	782
28	201
182	539
103	436
66	737
166	767
189	191
194	765
102	556
87	544
183	491
662	667
557	620
274	508
244	321
467	604
395	414
297	553
39	353
29	217
114	193
197	358
374	521
433	515
27	138
137	637
72	247
30	589
579	766
124	706
176	189
783	793
161	480
151	601
369	619
500	723
156	552
492	590
296	628
458	517
321	506
284	598
522	761
669	790
123	227
445	676
87	297
248	271
38	245
567	594
5	60
45	496
173	433
187	431
275	702
342	395
132	441
294	655
409	484
115	157
91	576
295	713
207	580
732	794
73	693
334	697
21	208
238	783
12	142
52	513
214	534
231	403
121	482
583	783
301	479
59	538
651	772
299	307
45	295
135	265
294	387
3	59
24	538
395	543
270	577
228	799
755	762
398	689
132	581
378	605
316	749
334	682
48	430
193	750
435	455
151	738
183	724
167	770
229	447
223	652
366	568
443	704
669	738
257	515
262	732
171	482
555	706
383	588
618	768
112	319
210	748
34	373
77	242
325	488
388	758
277	784
156	523
209	737
215	688
215	628
259	736
36	540
204	664
271	556
235	389
78	587
196	519
285	297
150	788
469	773
117	353
12	617
558	567
604	607
316	413
189	563
494	614
283	535
222	708
212	358
27	234
44	131
179	268
24	760
81	336
136	344
144	262
345	693
292	683
120	628
584	675
162	202
211	316
271	619
74	501
671	732
702	739
178	471
297	486
296	484
18	518
217	375
608	616
197	565
72	118
48	583
93	717
56	88
247	611
144	240
64	756
439	542
71	274
487	759
90	97
369	687
263	448
449	500
408	625
6	550
53	517
286	594
426	480
164	356
585	789
536	745
284	482
43	524
244	588
131	693
107	373
161	411
163	503
281	391
142	344
261	641
217	601
189	588
165	282
463	529
681	795
25	161
89	379
236	591
25	552
401	724
545	578
372	793
120	250
124	497
37	500
505	702
646	759
145	262
178	409
258	747
173	461
576	738
225	229
105	304
365	748
248	283
28	664
268	421
115	335
425	471
207	515
572	745
205	395
493	500
356	700
376	386
594	648
292	403
632	646
596	643
274	308
621	775
313	690
212	774
301	627
245	267
307	422
15	116
236	651
462	517
334	709
609	663
482	511
280	704
173	294
650	741
227	342
489	574
538	608
357	689
45	428
305	445
124	376
322	678
14	419
168	455
117	581
82	113
102	496
429	622
572	701
4	249
238	690
149	198
573	743
346	595
140	253
75	740
298	395
353	586
36	134
74	740
346	677
64	744
606	636
245	736
332	771
767	779
115	195
295	679
332	713
12	794
206	274
209	283
284	298
80	258
340	594
326	694
575	646
576	770
196	219
103	634
75	583
730	748
350	638
458	580
467	663
438	701
114	477
121	204
264	450
344	737
180	237
209	446
278	353
96	310
439	722
388	514
765	767
78	461
256	445
488	577
486	596
139	434
82	395
19	132
205	223
193	456
237	245
101	137
529	570
500	791
331	726
107	412
195	519
79	475
88	629
240	774
32	664
221	362
627	634
6	189
217	779
74	277
59	252
627	671
230	366
206	497
545	679
164	795
11	523
463	567
127	360
102	187
146	164
197	674
350	643
722	767
4	510
144	756
234	751
300	668
211	605
145	450
102	776
225	249
220	736
487	653
233	563
220	559
532	637
132	790
425	613
5	534
142	371
152	369
106	397
192	602
59	643
5	75
373	588
354	686
653	665
161	510
247	462
104	753
40	94
21	605
766	768
231	357
371	471
466	778
509	747
92	353
19	613
190	308
47	327
245	295
256	736
366	396
225	731
13	579
23	360
360	521
85	340
599	761
423	683
51	486
226	682
360	553
78	586
503	737
27	796
336	499
103	633
321	565
206	406
467	783
452	477
171	755
549	771
302	602
81	639
138	464
2	392
705	795
694	754
375	742
271	680
45	355
25	785
240	340
777	790
171	651
534	677
437	531
136	616
420	685
507	527
47	361
114	140
259	475
276	500
171	710
34	379
140	358
115	789
100	106
113	116
298	717
375	679
264	416
130	678
214	384
414	511
36	658
215	417
629	795
152	763
12	58
440	648
17	628
330	383
102	736
10	190
580	649
258	387
28	708
22	797
28	711
242	408
239	361
334	628
115	548
38	558
48	446
761	791
44	686
43	306
498	559
459	683
440	541
402	588
149	307
433	437
487	712
521	764
451	534
472	475
351	460
192	483
140	663
428	633
97	521
114	749
320	341
161	487
235	281
140	630
117	226
54	486
207	419
75	448
597	697
353	738
18	115
39	722
398	759
326	725
2	338
217	348
196	580
673	678
64	682
383	452
217	758
142	581
103	228
376	501
197	332
266	438
144	490
41	95
311	661
372	737
436	650
205	250
178	285
199	451
63	252
410	468
168	405
46	212
223	376
170	431
28	187
261	422
231	535
57	488
93	445
204	346
224	436
304	588
650	667
326	539
323	762
23	121
581	745
242	640
45	299
334	756
480	587
215	761
214	230
433	615
180	434
245	298
125	164
83	767
188	552
621	754
189	798
183	600
249	589
71	707
235	447
500	789
432	554
47	791
587	760
227	668
748	765
221	691
285	695
35	657
320	525
76	79
99	213
225	750
79	554
31	127
152	634
323	473
316	519
26	190
244	654
14	267
570	713
563	751
3	96
101	271
530	661
47	140
488	699
60	176
503	647
288	580
242	775
56	750
618	750
532	575
42	187
189	258
212	785
154	765
503	670
221	408
10	258
391	792
66	205
270	437
149	672
271	421
372	549
132	252
108	341
81	520
207	355
67	445
71	583
337	798
33	82
19	540
457	748
127	630
287	633
173	302
55	87
73	186
262	653
171	319
179	535
72	237
94	127
241	708
112	692
419	741
42	555
305	356
19	673
40	740
87	243
157	322
189	764
375	563
18	404
139	165
310	574
307	505
471	658
714	756
375	709
331	483
15	697
464	784
10	298
568	688
215	550
287	703
453	700
121	199
531	652
703	753
50	335
431	782
69	258
56	737
166	697
71	452
241	613
536	627
7	148
17	162
223	244
344	575
230	302
110	649
140	412
22	138
367	414
175	534
62	207
231	311
360	626
375	620
599	730
20	275
377	499
160	213
154	651
60	336
41	645
503	601
575	633
14	56
518	644
455	467
45	328
220	419
575	645
611	710
92	593
35	104
225	523
113	674
366	774
651	658
58	722
215	794
174	530
118	772
221	255
552	734
231	594
146	373
190	214
110	672
263	796
172	795
183	650
396	465
19	418
248	749
24	412
177	461
622	694
497	698
47	420
40	132
175	644
26	573
161	446
509	578
68	75
91	583
254	730
75	723
621	741
163	695
362	399
521	772
175	203
53	454
77	301
309	341
397	766
230	628
44	685
69	347
365	450
78	454
53	367
358	677
19	278
502	672
534	726
44	398
300	459
351	525
113	600
532	566
214	252
474	518
112	519
397	547
223	411
294	588
30	448
477	768
157	207
8	613
96	170
170	445
528	548
172	554
261	661
131	659
267	651
469	541
5	433
240	319
443	536
529	791
174	727
183	450
227	273
26	40
457	458
268	367
385	709
516	633
329	394
338	380
62	550
682	747
19	104
322	702
448	753
64	247
435	550
86	168
558	639
282	500
97	537
103	553
370	448
145	749
234	480
155	380
82	122
560	636
85	198
542	721
498	544
342	425
17	64
633	720
155	265
39	298
734	786
275	415
429	516
120	664
595	791
300	750
99	316
60	416
237	742
176	761
204	787
582	756
147	180
40	109
439	543
409	791
743	792
370	694
37	301
244	429
290	542
87	491
384	553
120	341
325	569
391	675
612	678
7	628
256	501
209	300
460	580
126	270
249	736
178	312
478	788
63	343
81	522
225	232
17	646
321	505
283	769
55	212
158	277
599	773
58	560
333	621
452	583
312	462
410	414
329	407
585	731
444	709
678	751
233	559
397	686
302	760
59	306
225	663
111	314
409	751
91	760
451	767
81	198
222	584
305	547
230	593
258	669
181	307
146	404
172	234
577	775
105	168
390	673
379	738
348	568
0	335
62	650
746	784
465	540
78	544
194	440
143	703
107	590
50	272
596	753
70	156
173	286
86	239
71	502
183	426
311	477
124	269
172	516
82	376
160	358
46	436
481	521
209	439
262	404
59	315
171	779
317	350
159	406
228	423
321	686
415	747
220	555
133	746
304	645
75	381
28	621
10	512
334	580
456	586
20	232
2	100
142	690
180	547
165	336
233	528
6	540
179	191
381	656
383	640
127	539
45	536
0	401
415	714
217	798
103	423
10	784
80	92
179	522
114	563
206	746
450	688
721	733
251	677
456	743
643	678
579	650
278	514
142	797
645	785
218	523
68	667
434	525
2	536
506	690
42	174
220	712
252	392
314	370
235	340
38	661
143	304
389	405
137	187
420	600
301	766
60	588
224	607
166	495
219	725
90	720
418	421
351	540
96	291
14	410
633	636
38	497
257	761
14	233
257	315
565	764
148	180
260	394
206	670
332	491
526	591
295	361
143	183
315	378
250	632
542	731
8	766
106	459
93	152
19	650
244	280
65	617
210	582
218	429
231	702
728	732
136	752
236	534
125	462
105	517
341	694
194	218
189	791
486	524
194	311
242	799
80	548
559	684
8	279
346	470
263	735
373	479
220	558
303	590
144	292
560	616
617	654
51	393
354	742
263	388
548	759
637	689
25	44
618	644
617	738
313	538
85	376
68	249
82	771
367	629
298	435
398	609
467	687
87	607
299	641
114	327
671	797
166	470
272	674
182	243
112	757
556	568
10	482
323	759
517	690
344	455
245	469
423	465
341	774
177	489
7	288
62	663
5	206
306	324
360	379
93	230
459	528
325	784
26	703
369	674
67	747
283	727
121	392
156	242
348	427
531	796
462	494
648	769
35	134
83	673
311	392
165	268
271	536
72	434
115	259
566	570
96	267
310	391
511	685
112	473
416	682
138	655
126	482
523	553
89	247
33	60
204	546
105	257
51	458
300	767
568	632
450	731
61	252
86	523
345	659
137	526
327	434
39	751
165	376
445	496
373	514
417	798
46	688
92	642
189	195
96	554
489	528
45	505
1	438
100	474
404	637
158	317
110	274
84	782
48	628
310	314
44	588
459	650
159	434
119	476
392	561
210	667
593	671
21	771
267	483
367	415
32	456
334	622
653	674
462	521
659	660
386	470
164	718
16	511
309	598
102	111
346	600
265	331
151	665
268	594
371	500
420	486
248	259
527	771
122	713
61	593
31	622
21	505
87	542
535	674
117	371
701	713
332	374
366	455
17	357
64	545
246	453
321	536
125	266
191	389
555	583
16	238
10	670
152	570
43	228
565	639
76	563
661	686
396	559
508	773
408	505
69	784
156	240
614	791
3	200
44	752
11	521
273	527
39	539
144	730
125	699
738	751
416	513
191	406
176	734
164	385
84	667
232	485
29	748
103	199
214	399
114	148
107	227
223	766
341	461
37	320
386	756
399	713
292	582
367	484
113	184
82	514
560	754
603	698
245	433
693	785
124	585
47	61
167	321
115	200
317	625
205	679
329	798
282	741
99	496
531	788
510	634
626	755
164	405
35	390
4	711
146	353
177	471
92	696
237	410
22	167
83	296
106	678
53	656
83	241
315	685
153	507
43	742
380	601
28	625
209	772
203	252
425	521
592	598
194	318
539	584
419	456
278	426
658	712
567	617
413	725
337	525
220	577
425	501
708	739
198	373
189	190
305	435
144	202
18	580
114	138
71	663
496	799
314	369
108	125
243	706
599	757
219	373
89	104
547	682
182	251
475	796
154	682
507	782
314	575
29	83
377	785
434	627
158	288
145	757
7	131
414	699
691	701
204	724
96	246
443	512
202	568
92	451
356	503
43	432
267	404
547	770
542	614
459	703
60	538
3	578
292	594
215	720
54	189
78	559
179	257
250	596
369	776
620	740
609	738
37	583
408	427
176	361
261	696
577	623
431	598
209	608
273	620
31	562
322	442
224	504
309	642
86	427
279	357
203	340
309	457
251	506
3	732
121	756
58	563
3	771
428	526
248	367
608	709
561	738
60	603
339	407
292	674
734	772
407	478
221	400
75	329
24	83
249	259
292	389
125	483
674	788
182	292
33	113
58	682
452	563
588	610
109	728
208	569
254	367
280	706
610	780
239	534
692	712
192	585
329	372
149	560
138	647
433	708
100	207
49	571
67	756
23	753
201	704
634	669
206	703
482	788
139	662
393	648
622	669
337	603
86	519
502	561
380	737
43	555
168	591
119	271
107	281
210	429
72	465
285	792
118	609
456	716
624	709
170	451
177	662
626	772
329	408
350	452
277	403
98	598
104	518
147	623
627	636
562	647
23	496
153	610
169	228
479	505
75	76
478	579
599	731
64	499
344	572
561	580
357	719
156	480
121	235
330	686
455	499
45	161
670	717
452	514
483	746
318	660
25	239
77	277
241	322
415	695
34	547
147	679
535	568
215	377
568	586
373	594
61	754
12	224
284	487
20	68
229	737
148	554
190	535
9	346
139	759
534	650
444	784
239	453
623	687
628	680
256	329
80	770
466	491
314	396
395	735
145	555
393	432
472	499
191	618
20	509
171	447
150	672
6	597
166	225
386	674
333	387
77	553
673	758
351	479
245	536
257	527
240	514
487	673
280	641
23	702
54	288
299	585
131	640
198	389
55	793
151	154
636	726
87	707
67	287
300	632
407	694
470	702
738	762
27	443
283	469
74	181
253	590
242	513
131	246
546	705
76	732
71	365
15	707
422	648
35	752
174	542
453	754
225	341
142	535
298	392
79	622
45	711
476	552
323	771
59	105
251	311
579	737
233	685
195	772
285	511
492	757
228	665
199	661
599	706
312	503
403	578
509	540
226	497
33	542
397	485
163	650
255	620
95	516
21	657
334	469
311	681
102	663
285	584
672	749
54	395
67	318
233	620
561	696
550	734
532	768
65	243
425	574
666	718
527	715
614	753
589	795
113	537
42	151
380	763
157	495
288	747
49	701
171	638
344	748
122	313
561	592
6	134
348	527
46	768
61	219
246	723
584	739
116	429
196	426
72	543
43	292
574	661
22	260
74	637
362	785
63	548
473	684
452	587
92	239
171	497
163	189
226	454
428	601
563	761
129	296
28	168
131	354
768	782
83	773
352	651
210	221
15	719
16	62
358	630
445	452
284	336
505	634
363	587
66	474
4	339
284	747
447	779
322	556
772	793
564	734
287	463
223	687
147	375
294	328
371	712
28	585
210	294
276	750
166	338
138	791
200	583
103	596
315	334
103	451
72	124
394	514
519	646
298	497
160	686
233	546
194	382
228	396
99	780
139	418
203	304
96	142
571	619
235	731
252	457
571	728
356	385
36	393
311	436
126	688
2	388
109	602
245	441
483	485
223	765
91	671
135	473
62	433
551	640
132	614
476	679
686	796
94	570
140	259
360	716
401	549
70	340
166	281
11	499
314	560
529	643
497	644
89	346
252	425
384	586
109	278
218	480
266	409
24	761
338	543
708	763
226	343
556	718
472	551
671	785
540	734
16	576
62	176
47	649
566	730
457	788
147	421
220	705
322	611
342	798
10	565
269	337
407	620
107	778
380	674
143	270
184	193
314	496
201	746
442	483
128	636
36	186
143	644
33	727
113	399
34	245
102	491
325	669
629	710
532	697
430	569
365	596
336	393
355	546
60	770
109	294
517	793
79	225
48	411
289	634
384	454
594	779
60	772
424	683
536	755
622	789
628	746
120	772
52	295
54	736
8	772
264	589
476	765
237	311
234	408
391	616
410	779
68	90
83	637
425	779
214	234
785	794
428	789
404	633
144	596
392	779
122	421
111	367
91	365
503	736
196	395
66	549
452	667
116	769
403	672
558	597
78	330
9	477
757	788
517	728
403	432
722	751
46	770
85	513
267	462
339	520
209	597
2	484
238	460
474	552
48	711
344	691
359	776
691	753
173	413
232	695
66	635
396	544
118	494
282	577
74	219
202	231
316	746
314	347
478	747
388	588
466	649
349	697
433	725
342	365
305	360
629	641
287	465
389	780
172	351
99	632
232	690
722	735
714	795
258	749
78	115
631	775
93	147
75	685
225	591
584	770
402	579
443	740
205	468
228	686
667	684
769	770
360	653
144	785
394	580
523	768
575	634
441	593
602	651
48	154
78	132
604	722
501	653
322	628
156	481
93	302
115	498
303	734
209	251
349	423
279	446
374	625
96	314
278	516
89	153
86	372
177	707
196	438
387	394
636	778
224	761
216	395
221	513
297	636
272	454
43	666
498	640
414	576
682	707
644	725
500	652
116	412
295	510
81	590
119	636
79	249
572	632
93	755
214	451
136	788
572	639
30	688
472	506
119	424
580	723
458	758
587	761
425	556
516	679
158	683
81	640
122	797
233	503
168	677
18	283
372	765
13	221
631	740
48	474
12	259
348	774
160	455
391	619
112	715
82	420
345	773
158	274
518	787
466	469
731	773
118	442
525	656
94	666
94	361
101	379
219	456
442	772
368	589
99	689
67	738
463	671
753	761
95	384
90	607
83	509
416	751
96	460
423	675
122	725
457	643
347	402
121	240
548	667
201	382
67	245
144	524
84	627
392	499
214	292
305	612
65	194
463	603
329	497
275	762
218	224
289	605
138	785
100	789
360	387
176	414
188	323
521	566
244	655
242	277
18	692
66	123
278	505
334	594
423	756
212	236
342	418
119	331
406	540
45	724
574	769
5	209
238	349
428	467
296	743
513	686
465	640
279	738
116	472
146	518
94	750
92	469
19	537
71	516
169	294
77	288
62	194
135	725
276	599
514	624
67	308
351	511
248	786
377	452
352	666
221	427
198	330
114	139
23	344
407	533
480	570
526	635
17	585
21	742
461	649
574	578
225	238
252	487
212	361
350	352
220	684
347	437
343	496
484	538
200	305
29	199
298	425
367	545
38	509
131	523
225	441
566	655
89	659
631	677
251	293
73	697
704	743
426	701
619	664
210	331
343	479
54	349
203	730
94	429
178	547
142	594
267	568
122	767
430	626
105	131
89	601
248	700
174	221
46	130
237	314
244	524
307	429
499	511
251	776
71	416
493	595
71	499
300	698
538	606
237	306
26	558
471	666
76	241
290	648
463	549
117	671
274	574
568	759
221	276
446	782
176	268
198	750
21	621
183	562
427	784
20	613
352	386
343	357
667	792
38	490
81	277
142	422
354	455
14	728
93	161
271	621
112	426
140	377
360	752
374	520
391	569
244	352
379	640
436	777
89	795
104	171
345	789
168	207
456	703
241	671
11	32
2	296
93	158
339	429
21	346
49	213
271	514
413	567
5	177
141	245
148	261
256	771
241	354
40	474
38	792
292	795
249	725
6	607
79	349
608	785
450	497
304	498
276	484
339	674
226	669
167	524
96	399
296	536
350	450
99	576
49	289
469	767
59	375
153	173
31	759
122	659
509	710
207	426
476	787
638	754
507	626
37	305
405	519
260	302
491	776
541	560
263	768
14	160
96	269
586	591
358	402
463	761
454	666
191	564
100	786
296	407
56	210
360	576
164	729
316	405
396	506
340	522
579	660
78	655
265	458
98	429
326	672
271	410
359	362
84	328
106	163
382	502
194	222
197	394
392	755
62	102
94	635
19	796
23	289
36	505
298	650
69	760
40	353
6	704
400	488
208	607
444	718
505	640
611	724
601	621
34	495
218	675
280	475
488	768
227	627
99	698
86	404
106	567
11	796
234	728
234	722
230	544
62	430
627	662
10	120
71	678
143	405
682	760
580	763
285	783
107	455
223	751
95	321
499	611
505	650
606	664
494	613
50	616
198	275
44	615
31	205
44	571
512	559
298	503
499	745
2	781
48	762
339	497
170	258
143	206
179	362
216	594
231	425
187	549
262	647
191	211
206	441
56	174
120	228
15	636
342	617
176	180
352	519
203	779
153	379
152	290
320	362
231	233
438	502
71	343
17	665
69	597
550	708
67	683
398	450
18	232
451	673
20	304
291	689
156	711
380	502
328	746
588	708
307	391
531	579
698	731
272	356
145	394
147	602
17	611
337	610
196	362
478	784
178	720
363	678
354	484
492	783
171	560
195	681
394	670
0	674
282	711
509	558
543	781
28	495
602	725
224	530
63	315
164	470
398	661
280	567
150	321
9	370
257	579
56	187
83	388
200	543
616	715
19	55
174	700
244	703
314	588
453	549
104	770
511	609
200	433
310	480
353	747
225	479
258	269
102	698
213	278
567	684
320	776
454	668
99	494
256	689
291	514
288	333
41	500
343	400
132	557
523	735
651	663
71	544
146	594
398	673
516	758
431	522
541	675
292	440
489	732
495	529
8	140
398	414
288	298
191	388
91	407
461	756
640	689
62	431
157	621
150	645
252	552
18	398
177	422
761	766
152	255
32	497
251	746
162	390
295	393
499	715
721	761
330	701
12	124
138	459
520	688
201	247
42	601
316	708
319	738
122	231
231	760
181	694
61	308
210	415
411	636
33	121
542	756
94	182
327	352
422	514
87	438
94	398
107	144
148	244
343	601
421	689
395	781
77	172
468	550
172	736
130	493
27	777
445	779
31	675
441	449
323	348
384	652
41	119
528	563
284	796
660	666
395	678
13	236
59	87
333	592
574	774
47	311
694	737
54	687
485	727
531	780
229	405
118	604
448	611
132	655
175	621
168	353
445	751
200	446
295	551
104	685
133	744
353	683
414	688
185	532
152	464
614	660
166	330
396	676
236	788
578	629
93	662
166	403
531	650
419	770
15	571
25	772
73	502
375	653
374	727
694	711
547	602
221	751
147	261
207	772
640	649
4	548
280	328
716	742
405	679
321	697
602	719
344	366
240	462
562	577
378	711
229	693
205	474
546	671
295	509
695	697
339	536
199	328
148	622
183	624
211	567
512	664
217	562
248	775
616	799
8	470
645	770
435	518
25	431
391	620
24	795
379	507
81	165
5	172
20	694
467	772
174	492
502	600
55	599
580	621
165	333
240	760
377	632
532	579
528	575
182	524
461	600
68	771
207	494
169	432
258	519
322	344
518	545
1	734
479	533
250	521
248	731
35	314
45	134
33	516
8	698
516	622
697	731
283	284
309	460
7	232
64	175
30	749
177	547
346	749
301	782
226	672
1	717
37	440
609	687
277	547
181	572
76	737
334	525
479	714
355	408
140	578
585	705
46	710
430	660
534	662
166	393
147	778
107	659
655	765
281	317
675	683
249	276
510	756
159	731
100	415
199	633
344	613
149	559
352	387
84	468
356	586
432	504
17	692
290	617
234	779
289	302
87	346
253	372
180	278
408	660
157	403
94	762
583	694
367	555
221	482
436	599
22	686
305	463
238	255
533	622
2	98
252	612
1	698
386	687
601	617
5	629
533	581
231	409
64	246
161	285
387	536
642	765
252	714
359	492
214	737
442	687
71	731
126	776
212	561
88	613
139	757
108	149
113	673
281	388
67	291
564	759
81	332
723	775
326	443
636	650
624	676
286	599
210	428
607	637
24	589
577	601
167	706
189	623
611	614
192	502
607	640
284	584
49	662
470	651
331	363
468	573
98	357
505	749
371	599
393	465
203	503
191	299
410	541
31	695
256	603
149	542
571	675
32	757
238	739
272	721
453	598
135	706
188	256
480	527
129	164
98	730
391	749
606	795
81	127
80	260
346	750
463	548
109	511
398	774
288	652
381	520
49	363
610	636
377	441
259	416
446	680
263	713
108	547
444	749
4	666
18	53
105	752
367	457
523	732
161	250
436	686
369	533
106	638
124	546
200	745
51	91
223	647
191	638
466	635
465	675
530	651
323	342
561	723
467	692
206	412
93	437
282	686
160	427
72	782
521	735
202	330
323	767
635	669
302	788
569	635
238	644
343	472
48	584
137	477
299	394
193	319
209	503
194	737
94	621
449	562
273	513
108	708
715	760
415	579
154	609
557	672
30	755
253	316
142	739
158	615
530	611
104	284
208	467
492	755
346	751
108	669
608	793
506	518
310	654
153	336
339	452
636	683
11	718
164	509
25	328
604	726
213	738
396	480
133	267
84	386
416	521
397	637
165	271
362	377
5	117
165	505
340	788
82	314
408	605
290	673
400	674
289	326
617	633
179	269
323	594
280	389
253	359
673	683
183	601
19	641
97	155
324	755
229	320
639	710
152	724
550	634
515	757
111	155
51	102
200	612
154	622
573	772
72	185
466	755
498	748
20	444
574	631
91	768
90	707
103	459
245	797
294	437
590	667
232	710
308	794
336	362
481	710
687	799
130	423
92	231
378	683
420	522
90	321
193	539
100	627
451	676
420	523
164	248
587	738
212	630
62	726
210	359
505	725
9	264
660	767
604	788
8	495
363	600
55	779
253	584
434	606
486	787
453	611
509	744
54	167
228	360
61	617
341	478
181	680
247	386
191	399
200	389
51	187
245	520
13	425
31	325
244	323
483	676
16	658
183	640
57	149
714	767
268	477
327	749
255	346
266	766
31	118
189	648
332	757
287	349
271	461
271	418
272	793
408	730
478	585
19	288
250	763
184	563
44	92
408	594
125	170
223	579
407	502
302	611
83	586
230	457
281	394
121	598
57	525
40	711
260	603
232	552
477	635
320	500
114	499
126	274
248	249
60	94
518	765
476	633
520	634
434	720
442	497
97	267
329	341
105	473
117	443
169	589
9	589
340	349
508	720
610	790
549	786
103	485
7	704
173	614
360	691
444	702
294	630
352	778
4	402
103	295
351	795
700	743
412	760
327	469
104	453
229	438
555	707
265	563
718	766
142	529
493	578
125	624
131	557
328	522
258	608
87	743
298	748
390	484
337	602
87	88
83	378
390	572
229	296
350	361
494	758
290	386
223	440
95	548
6	458
714	763
153	577
25	653
240	590
278	607
347	453
100	715
389	668
107	359
49	713
132	769
514	784
167	332
238	792
162	459
167	189
195	200
385	727
7	780
222	227
348	694
3	275
568	617
355	635
54	513
166	617
477	731
242	324
52	343
463	643
7	751
298	403
212	621
319	478
216	784
218	726
340	653
35	215
404	448
33	458
201	779
49	451
240	463
224	263
297	720
537	725
205	508
275	351
22	186
287	684
305	636
221	291
369	544
59	331
171	760
563	710
128	435
7	248
443	586
9	383
312	640
140	614
345	782
181	681
328	590
264	382
58	386
46	432
575	734
302	658
269	672
359	431
137	328
49	59
347	597
333	508
530	792
353	654
499	750
78	293
179	250
429	781
365	592
259	497
38	172
222	539
141	780
298	473
21	407
227	782
2	5
4	722
326	484
359	462
345	740
305	355
86	629
727	751
132	703
65	601
393	487
181	212
55	693
387	581
613	661
257	745
104	439
545	780
84	727
352	612
103	729
276	456
195	678
417	782
323	376
527	539
491	514
167	695
59	156
531	537
502	715
195	659
226	322
258	724
392	412
90	509
138	255
203	524
29	242
22	640
421	696
417	473
402	756
64	448
161	706
96	328
244	463
100	494
111	355
392	458
352	524
514	613
208	618
205	757
171	568
185	189
582	788
68	294
122	700
222	285
134	360
647	726
364	728
407	657
302	749
372	476
466	677
50	385
55	389
65	392
147	782
295	564
578	643
261	373
389	678
33	243
90	278
471	759
142	190
56	116
105	606
138	534
471	701
119	161
17	573
163	571
273	631
296	461
307	322
453	509
679	714
169	744
404	551
98	434
159	254
355	499
31	58
180	617
542	574
394	699
150	212
225	721
283	593
43	46
331	406
38	691
581	628
353	730
609	658
97	168
66	406
141	421
18	354
179	455
583	688
80	754
413	531
470	518
79	117
103	483
255	594
709	756
247	495
70	445
35	666
693	777
205	339
116	786
447	473
250	723
557	582
241	683
85	372
466	744
136	510
394	515
118	279
402	666
297	545
77	326
216	361
249	610
448	559
142	504
139	343
16	247
530	704
149	208
379	705
331	717
379	591
211	405
130	589
618	775
386	733
573	695
342	379
149	451
20	339
374	736
14	130
89	612
254	432
558	623
124	461
279	505
481	705
66	281
639	689
89	416
311	686
14	621
458	647
122	701
325	403
385	792
122	610
281	385
169	454
99	159
100	502
187	291
82	253
298	725
204	738
672	729
150	448
372	454
673	732
182	632
51	740
64	282
200	350
179	410
68	379
213	454
376	445
254	710
508	586
462	793
54	186
495	592
33	798
197	414
390	457
269	763
330	763
294	691
95	259
482	566
529	581
286	321
91	403
415	573
766	779
710	721
334	576
38	358
378	760
53	747
260	629
63	734
67	278
122	143
243	793
519	697
166	297
217	324
84	583
706	766
120	484
129	711
633	668
682	736
295	436
137	427
717	764
115	785
40	224
184	456
104	588
472	706
423	573
172	529
347	348
47	182
132	228
69	349
261	454
90	796
283	401
0	391
14	762
275	769
277	620
107	553
180	440
540	626
165	230
475	592
305	721
343	485
240	465
406	515
303	656
117	557
86	300
93	130
105	662
73	396
300	608
717	727
572	651
281	770
460	796
40	254
296	317
575	744
35	61
415	735
84	475
396	560
291	356
55	190
746	754
103	562
54	530
201	773
228	698
141	195
65	398
150	691
218	550
580	748
359	671
670	739
11	156
386	701
178	382
240	347
52	528
137	579
485	567
90	462
340	585
551	559
285	644
658	711
27	656
33	646
551	767
127	418
63	772
446	628
162	559
648	742
326	501
270	538
258	708
42	486
146	468
503	732
489	506
648	680
191	528
565	750
122	411
9	725
231	351
37	185
244	460
639	700
152	475
100	321
76	515
334	629
346	418
621	635
205	270
328	493
201	498
246	412
359	573
337	568
90	360
359	400
33	719
427	689
333	415
241	663
441	473
686	775
13	498
115	470
254	591
3	681
47	669
443	526
299	460
376	535
63	154
281	290
273	318
177	566
429	785
3	159
460	629
113	576
97	410
103	432
366	475
406	523
210	413
294	411
210	750
526	588
186	415
376	687
426	698
100	524
88	379
188	499
370	682
214	559
54	613
551	691
146	705
383	619
636	705
365	733
82	199
179	449
301	469
510	752
302	327
104	464
183	406
192	659
295	724
88	330
250	486
140	633
156	675
96	501
163	599
252	275
67	349
619	751
273	380
257	474
532	550
87	416
606	671
166	171
468	733
748	760
275	535
180	720
211	408
609	779
98	518
28	482
295	756
371	725
519	782
127	210
279	305
461	620
100	533
579	634
288	292
496	776
443	768
348	510
709	726
39	533
7	438
42	344
44	780
539	564
570	657
198	297
334	588
447	558
512	535
341	690
48	90
175	309
64	740
280	743
85	590
236	451
480	679
553	761
675	713
502	551
78	315
100	237
267	523
249	398
158	464
715	740
195	437
576	753
86	187
204	302
580	622
106	159
241	305
290	634
351	685
187	259
667	757
268	474
85	769
104	450
282	504
227	799
113	527
744	752
433	672
161	375
262	395
258	653
664	793
136	545
104	322
275	363
205	722
92	571
684	777
578	614
191	455
404	481
70	167
490	656
381	470
430	447
463	763
616	721
575	632
57	176
723	760
84	444
127	641
72	694
248	529
112	249
477	565
245	425
408	636
191	300
318	798
326	623
155	761
329	626
139	575
172	519
779	796
336	661
86	328
390	716
327	734
141	161
264	390
84	309
76	662
86	672
31	570
105	163
16	165
276	332
366	780
483	603
69	402
383	680
571	611
186	526
119	733
218	250
225	283
156	763
189	543
346	717
316	628
550	709
15	327
277	482
28	107
256	442
480	629
554	762
18	338
331	466
19	180
695	751
476	742
135	615
256	793
438	702
374	485
173	563
262	458
106	118
482	736
411	789
535	704
223	460
76	759
212	482
136	219
81	560
125	715
110	498
608	684
61	687
517	785
520	698
195	689
123	497
226	589
7	651
624	774
29	106
341	772
332	475
211	235
700	715
247	784
485	602
433	564
122	360
271	404
144	739
477	752
97	780
157	205
50	267
527	561
64	549
315	555
299	636
150	614
250	559
495	695
142	572
92	530
490	558
58	546
21	522
94	252
199	242
61	504
550	740
399	461
548	597
274	754
58	470
373	474
783	794
346	673
270	774
123	226
74	526
309	701
497	559
73	177
123	729
172	679
119	606
82	212
286	798
611	714
353	363
360	460
367	444
44	308
245	567
301	591
638	799
175	208
302	476
468	532
586	708
719	795
97	167
7	219
108	653
148	796
401	424
265	312
72	630
114	788
117	202
485	601
220	467
303	626
30	645
287	441
89	243
15	541
449	661
457	750
251	572
399	415
459	540
107	391
374	447
367	514
248	425
157	170
430	524
14	95
24	224
79	463
217	384
201	307
406	739
658	749
186	219
223	730
270	682
48	679
65	575
96	117
470	745
71	178
310	528
580	714
450	753
601	711
43	374
1	44
192	256
261	451
31	594
497	716
100	414
413	459
39	637
303	676
250	695
461	488
220	579
370	529
229	541
226	451
444	509
451	611
443	562
387	787
259	553
351	493
532	631
394	723
253	317
107	374
53	521
54	571
477	505
177	215
333	785
449	507
8	57
586	661
416	701
343	447
71	209
251	290
465	710
276	392
490	614
135	258
485	662
277	281
245	371
485	529
593	654
46	716
28	387
242	382
275	746
130	180
66	397
276	674
612	717
26	691
498	733
106	795
267	456
160	555
4	624
289	418
204	780
25	679
356	549
440	780
143	201
5	515
159	376
387	468
504	547
112	778
573	697
377	540
435	788
672	698
67	479
564	720
577	678
282	503
301	595
605	673
318	639
131	493
166	238
111	537
54	446
389	553
420	532
235	691
459	613
92	96
152	514
104	164
291	517
642	652
6	664
289	432
131	380
325	670
83	232
148	343
217	252
185	323
625	657
206	376
80	683
590	798
300	396
143	281
212	658
284	627
274	575
41	165
71	669
12	442
2	547
257	526
39	678
448	541
330	659
314	509
566	617
288	365
637	747
488	668
141	638
286	664
207	791
253	370
261	423
386	439
434	532
215	224
86	792
149	732
154	567
582	617
288	506
230	245
336	790
187	280
495	626
30	146
668	775
132	183
491	641
146	342
51	197
199	604
204	743
22	189
32	94
326	482
371	602
103	783
181	518
162	342
55	706
313	348
118	747
540	613
595	648
596	635
162	283
29	590
108	480
616	770
364	746
141	330
443	461
238	596
301	500
152	284
144	239
504	644
84	239
1	118
2	9
10	637
281	312
522	609
457	651
272	557
195	457
82	653
184	595
385	401
389	493
108	262
436	680
545	708
313	403
154	273
295	607
454	553
47	453
543	663
440	503
234	303
179	213
249	366
98	537
330	588
148	166
20	144
457	595
45	416
122	261
372	563
167	603
363	629
3	607
533	551
363	782
184	791
126	530
87	765
19	346
349	729
723	769
212	401
189	350
598	720
452	537
145	390
348	412
361	765
257	509
653	714
523	691
564	736
615	745
284	629
589	793
137	701
130	330
314	797
550	558
6	715
44	254
127	332
73	291
379	671
54	149
336	407
326	632
180	536
68	548
146	287
306	376
69	501
46	575
33	615
239	740
737	786
461	552
348	555
7	508
301	307
246	687
295	611
102	685
171	581
315	665
189	299
35	435
14	88
422	716
356	377
124	139
228	521
410	466
95	371
486	652
401	415
36	171
586	596
13	467
444	676
64	105
117	400
41	215
202	790
167	191
438	684
308	600
212	554
243	771
522	565
326	352
625	755
548	590
305	382
224	745
129	267
471	709
597	793
693	737
372	627
48	585
116	395
296	413
436	502
492	731
44	593
42	595
231	593
475	744
457	796
251	571
165	272
720	737
112	789
29	96
451	626
230	520
604	667
242	729
409	553
362	714
323	552
228	580
199	744
417	618
50	89
56	503
185	773
163	219
377	610
164	766
152	287
267	509
135	502
221	733
134	502
399	540
32	478
98	425
779	783
53	464
555	764
729	779
593	738
542	678
460	523
96	207
92	486
360	772
127	170
691	777
294	645
241	486
98	242
96	662
74	612
183	594
168	499
299	682
170	614
261	673
598	618
37	513
210	450
177	615
454	732
355	672
488	722
417	658
147	755
374	438
215	716
121	311
202	499
302	648
315	432
327	553
258	634
8	133
309	764
380	522
263	742
180	583
322	533
730	745
374	577
156	172
281	433
69	449
155	682
158	547
115	731
115	500
31	573
78	703
176	602
237	788
10	148
280	314
68	568
326	780
76	181
158	611
182	321
65	413
410	420
686	705
61	282
17	456
594	657
147	455
270	681
342	792
57	622
46	120
614	658
335	374
589	645
139	144
395	602
23	267
103	661
282	319
28	742
0	101
11	203
266	311
24	184
91	526
566	635
338	407
202	705
146	595
146	228
392	642
739	778
505	566
84	472
252	408
579	776
387	596
361	687
217	573
120	252
415	553
712	782
325	340
3	757
225	552
165	701
59	777
356	537
312	583
84	415
279	352
279	626
435	759
31	733
84	254
259	603
486	672
514	587
460	546
107	268
15	698
345	470
12	385
461	763
271	794
80	491
239	775
244	512
737	798
386	554
215	427
68	724
463	544
608	671
208	239
249	699
733	794
349	695
502	684
605	745
13	170
173	476
568	798
448	733
85	102
107	365
79	277
134	612
65	313
53	566
107	597
254	399
286	521
49	369
154	458
158	763
26	340
327	537
533	553
414	567
186	756
94	765
160	683
55	444
134	262
6	38
31	597
263	729
12	643
334	758
102	604
98	166
317	331
433	667
156	296
65	587
82	471
754	762
552	642
93	377
208	452
464	534
165	357
316	362
226	780
418	727
61	680
676	769
199	449
233	465
6	158
71	211
193	413
18	425
40	646
12	153
51	750
559	631
399	783
90	173
68	545
206	729
214	335
533	794
544	668
373	630
267	617
393	656
197	705
680	788
374	566
241	537
82	761
59	622
123	264
338	774
260	511
112	660
70	125
210	568
517	790
506	660
85	783
600	743
395	650
147	503
280	673
631	643
78	357
680	779
216	282
324	492
343	347
329	694
151	769
552	785
634	752
465	467
75	220
595	798
353	687
285	390
435	789
193	560
357	615
463	789
324	645
504	693
463	502
48	691
695	795
136	798
52	371
225	690
485	544
84	463
299	709
252	556
306	411
355	769
265	413
180	334
10	502
64	265
570	670
417	472
303	455
90	282
76	597
21	89
118	136
378	627
459	628
198	796
375	417
25	235
21	693
251	331
264	544
52	437
314	468
318	363
217	260
370	422
393	723
374	486
425	705
246	262
248	518
279	389
117	253
134	554
162	645
14	389
664	741
679	704
120	181
351	561
74	162
235	260
84	109
368	431
457	631
69	684
250	755
186	687
411	536
91	152
180	459
125	401
253	448
44	397
562	737
368	429
504	512
171	326
169	464
388	728
28	292
402	504
506	588
322	786
89	195
740	794
647	790
142	592
699	702
313	707
493	570
140	192
0	626
240	475
66	568
7	185
195	552
381	439
407	611
370	512
619	698
81	213
149	157
432	756
383	435
600	630
396	477
372	573
414	574
403	624
26	736
325	337
171	772
223	681
483	645
268	568
33	573
251	749
176	437
305	531
472	494
78	611
53	486
438	730
163	777
33	522
265	578
5	797
606	628
321	793
631	723
314	770
24	672
727	731
49	457
208	230
345	387
422	634
59	785
591	598
226	551
280	600
316	449
361	531
262	690
13	346
567	787
210	556
398	474
538	701
11	725
117	538
416	527
224	359
471	574
192	521
146	154
382	533
431	538
468	755
353	626
516	728
27	505
155	440
451	700
258	310
540	611
118	711
207	691
321	405
169	418
85	479
6	329
257	737
282	476
6	286
41	244
508	793
45	498
231	368
266	648
36	248
714	746
37	720
212	627
64	574
325	641
705	782
552	716
747	780
62	665
438	639
300	336
277	795
69	104
121	638
193	210
335	572
704	774
443	518
248	282
166	713
123	242
155	702
495	730
166	308
14	23
300	692
313	550
91	364
139	465
300	518
411	742
185	342
551	705
17	779
75	372
13	719
109	371
21	195
163	298
255	568
635	791
232	371
341	679
652	724
138	423
163	594
564	610
428	525
488	763
200	395
214	430
48	457
356	557
11	63
478	636
58	291
583	673
220	626
79	461
273	539
549	787
182	494
286	757
274	634
248	605
444	554
210	386
48	193
29	160
433	703
116	327
17	504
510	632
502	570
52	364
90	688
170	709
13	691
447	701
0	706
395	489
162	214
407	606
299	677
514	716
525	667
180	738
661	770
350	392
211	413
238	470
371	677
276	512
128	755
18	715
84	671
314	638
218	651
477	504
386	728
97	200
59	786
104	651
140	143
78	271
338	694
276	311
594	795
194	646
378	578
680	714
585	654
504	626
192	657
208	601
612	748
518	632
197	287
78	796
634	683
438	709
86	440
257	537
88	376
585	762
435	640
411	602
134	200
62	470
633	702
209	545
227	697
9	678
21	730
78	404
233	306
286	391
13	275
221	644
99	733
276	517
668	700
262	629
166	188
407	551
407	788
150	627
475	561
130	744
590	718
177	258
206	357
114	696
250	798
536	647
171	723
494	565
733	757
347	418
368	609
210	670
421	745
92	638
102	493
16	254
352	383
531	738
194	527
677	678
327	554
278	325
447	471
229	322
215	750
107	460
110	346
80	441
504	632
309	566
94	185
108	792
541	781
18	716
94	200
255	561
165	612
587	600
512	618
39	50
54	164
493	673
238	681
414	642
441	517
289	340
49	106
160	692
72	648
400	798
97	204
165	732
365	777
740	788
172	753
285	451
213	257
117	358
245	381
392	633
440	799
236	616
332	739
128	166
124	336
308	514
473	763
325	468
346	561
99	529
342	708
88	159
598	730
197	305
352	426
369	584
361	485
517	600
394	402
497	564
549	746
170	465
4	302
223	795
435	669
763	784
318	546
516	691
315	527
92	328
27	614
477	509
292	695
124	456
104	574
487	552
527	625
546	635
426	455
464	519
315	629
176	642
400	742
383	600
156	268
272	476
358	655
42	675
290	329
62	645
106	481
26	570
431	740
275	570
206	797
69	121
703	718
99	793
596	743
102	600
170	498
364	713
310	740
525	733
661	744
109	600
105	519
24	49
426	571
47	164
306	519
277	387
487	714
521	687
6	457
439	451
118	381
12	121
401	643
367	559
518	638
209	628
64	407
81	110
76	129
85	730
567	768
105	239
173	691
0	775
50	316
258	577
347	618
538	712
446	514
88	118
125	344
604	639
279	685
107	570
349	743
27	692
278	785
91	238
52	58
684	734
364	664
69	388
222	390
513	608
249	799
332	737
629	764
635	646
323	523
75	444
297	433
509	628
199	305
53	476
74	207
45	215
410	666
252	543
7	159
411	529
312	658
484	754
487	593
80	300
56	537
619	657
77	490
671	682
174	551
191	611
281	372
117	318
467	557
176	494
247	252
338	735
181	506
300	374
226	726
348	466
129	798
122	772
241	737
488	690
139	579
520	633
416	767
249	645
60	374
464	531
433	748
416	580
4	672
212	341
81	680
411	754
437	470
507	797
256	747
733	736
148	686
236	427
182	676
297	396
701	755
254	672
619	640
2	779
1	476
282	586
240	362
73	141
107	648
6	499
247	365
348	504
362	418
542	797
282	326
72	725
149	592
84	633
362	777
437	789
119	469
201	365
105	728
151	508
554	793
106	339
34	263
154	236
53	115
492	721
435	573
350	642
85	128
424	431
325	466
183	668
587	697
78	116
276	441
30	752
182	336
466	529
751	790
668	780
238	745
47	207
155	432
512	765
336	696
337	776
197	363
78	440
518	555
197	704
427	580
229	564
475	725
200	526
410	506
287	574
109	127
185	253
194	467
335	445
50	134
169	770
274	753
458	785
104	221
233	772
334	492
147	494
426	725
11	177
373	609
454	458
518	528
64	151
503	674
11	652
13	362
298	636
126	443
232	523
203	775
577	670
442	691
71	244
21	564
43	342
230	745
635	672
419	578
60	533
74	584
169	274
468	683
140	183
105	641
164	624
146	430
347	566
80	497
43	583
326	496
215	492
392	522
440	643
643	775
30	529
1	733
397	656
48	518
297	580
278	736
302	532
8	99
141	387
169	229
334	499
400	781
203	257
87	199
62	245
215	381
315	449
54	344
231	463
544	568
368	480
367	427
3	796
33	291
139	262
641	743
147	775
466	596
296	738
507	550
625	669
180	523
158	495
104	316
230	645
44	795
4	420
331	567
483	574
30	137
203	748
152	445
323	365
132	779
340	675
68	98
328	534
337	419
65	73
246	253
522	676
105	297
440	626
146	195
46	431
17	517
217	382
107	692
614	624
553	586
563	791
371	541
249	346
8	454
274	482
1	10
65	557
587	692
478	651
120	372
177	329
100	491
77	742
210	403
596	736
264	541
597	667
317	450
489	509
101	791
333	403
26	576
708	711
81	443
49	730
515	627
428	753
76	616
281	516
73	272
185	390
519	636
258	493
356	380
179	630
456	689
375	399
72	597
510	652
385	605
296	795
220	567
359	620
254	379
214	343
412	614
75	155
455	722
553	669
263	772
204	222
470	688
237	490
417	428
636	765
255	641
192	334
82	184
187	296
94	564
718	747
58	502
144	462
270	632
419	459
138	353
309	581
291	562
191	359
134	245
331	708
252	304
299	565
8	707
73	516
381	691
83	129
210	398
719	778
410	558
57	324
134	629
187	289
68	71
222	223
16	68
569	689
15	622
257	478
470	731
453	656
370	689
159	686
11	641
179	371
102	648
143	494
580	753
18	717
552	737
440	595
568	612
389	753
102	417
70	791
70	419
111	415
458	629
62	248
557	789
46	598
378	601
144	473
348	356
350	487
219	595
116	505
565	568
592	669
43	409
109	310
280	665
36	531
507	601
349	715
534	610
69	421
93	426
254	639
306	427
187	215
77	668
22	39
305	597
135	241
86	740
161	444
530	546
28	613
60	482
365	375
122	692
508	753
269	603
199	650
279	421
224	735
3	618
110	227
53	238
165	487
43	59
302	393
129	216
532	683
8	79
238	447
64	590
595	660
144	590
111	146
271	577
483	647
83	675
362	782
43	732
478	559
456	719
241	481
54	161
486	716
636	658
148	334
625	741
81	661
342	784
363	533
314	470
405	443
239	779
84	420
555	699
319	735
211	672
133	163
72	625
199	310
130	321
274	362
20	567
135	176
567	576
13	263
157	566
225	660
569	780
515	521
679	780
259	354
277	427
546	580
132	622
359	576
330	679
564	729
183	673
502	663
72	296
651	726
523	604
162	387
171	292
221	307
269	440
284	428
218	587
601	778
42	789
503	589
290	627
192	436
538	542
236	695
181	557
66	210
324	359
277	665
17	382
167	265
329	498
198	625
550	671
378	600
466	593
324	739
224	260
254	628
358	649
172	520
500	596
412	479
460	633
564	691
349	508
55	323
294	442
22	401
126	371
398	476
212	388
497	695
494	716
492	606
228	771
201	726
211	707
356	357
36	332
636	663
164	621
34	464
15	216
95	190
230	412
64	459
295	343
126	754
666	765
583	689
314	363
52	747
296	787
110	136
59	456
381	762
225	566
55	393
214	618
450	557
301	614
320	606
69	159
324	758
307	417
319	783
389	642
198	774
143	429
207	569
392	444
58	274
412	682
196	309
246	791
62	427
630	641
430	731
106	465
192	531
269	601
253	533
312	712
153	452
217	470
494	757
61	303
339	364
409	542
58	555
83	279
456	483
175	366
108	472
175	360
39	246
563	742
395	643
165	296
293	469
335	365
434	598
128	400
25	747
114	363
77	398
599	606
133	778
4	551
254	473
316	620
299	484
105	736
225	463
117	298
216	599
4	118
309	766
63	792
512	654
203	580
519	713
277	735
113	631
340	630
214	427
310	559
581	723
145	533
14	49
316	537
327	653
83	746
233	343
746	799
134	552
355	704
305	640
356	547
396	520
68	390
181	714
497	795
97	334
61	481
185	602
526	581
116	241
200	351
10	580
160	595
192	504
580	648
2	16
491	660
362	412
433	700
79	652
311	623
194	776
283	651
254	706
131	495
526	585
353	400
352	725
471	789
200	763
277	462
17	217
445	567
321	727
26	210
375	693
439	468
443	486
182	708
546	799
385	483
59	409
47	95
60	783
345	396
343	425
19	735
399	623
59	771
485	699
360	770
208	323
512	751
650	772
516	624
241	787
88	718
363	582
127	650
265	271
363	503
245	640
495	614
330	373
67	459
358	399
402	619
388	634
79	119
97	173
39	398
300	498
335	484
143	670
706	718
85	572
339	368
449	463
273	474
342	715
160	511
412	606
100	662
237	590
346	695
409	713
221	338
363	702
146	410
170	248
46	185
49	731
736	763
189	556
163	422
318	615
298	387
103	316
121	247
271	478
3	243
73	84
466	483
246	405
622	641
653	699
187	667
515	560
458	665
61	157
34	332
389	755
244	260
240	247
170	617
244	566
17	96
222	702
129	274
85	793
66	416
396	753
91	133
51	181
56	615
10	334
327	650
111	777
534	702
232	675
568	655
157	276
459	502
309	615
298	309
30	258
305	421
218	304
431	609
286	519
333	438
48	212
128	265
42	56
8	11
89	595
53	241
658	739
312	353
146	169
242	456
632	641
3	676
319	432
183	526
50	246
245	554
305	311
92	291
276	362
11	274
670	707
315	493
303	404
464	650
724	726
26	611
338	669
534	778
82	134
45	265
17	773
8	141
42	85
122	272
482	519
69	727
116	310
458	733
223	755
177	757
352	379
295	754
311	799
188	276
532	722
182	780
148	223
480	607
352	762
98	477
611	671
189	591
362	728
92	312
96	374
46	699
247	664
274	523
397	752
408	480
433	484
374	777
97	135
201	736
562	655
226	376
573	613
290	293
460	668
362	753
227	325
78	625
489	683
700	721
118	432
24	220
144	700
129	186
111	547
23	572
76	215
331	631
231	325
142	431
240	781
588	736
224	668
411	548
465	654
5	273
73	214
75	207
114	117
459	640
152	472
19	518
460	511
318	566
71	256
165	716
50	583
372	403
327	528
38	183
38	563
517	726
260	405
316	696
197	525
428	708
644	740
97	237
157	275
366	674
262	442
47	144
466	619
480	678
339	430
502	539
94	636
196	317
646	770
687	737
15	420
457	576
162	685
435	574
23	424
279	344
144	568
707	770
384	442
451	681
245	578
503	592
187	305
237	602
371	533
22	141
543	793
204	272
71	314
464	772
401	634
416	576
315	656
221	533
445	659
10	216
543	726
465	610
142	364
430	622
184	636
195	253
32	388
64	676
45	613
104	195
466	622
262	615
27	111
95	214
347	523
517	784
575	695
260	551
203	546
597	690
175	197
198	385
153	489
434	669
459	583
403	782
128	171
633	640
337	468
253	265
297	694
652	704
578	611
362	689
462	504
91	689
356	521
61	709
83	594
332	719
647	690
401	674
197	594
195	215
70	100
545	684
10	264
280	771
105	574
239	269
290	644
650	707
279	496
469	547
400	495
77	206
425	780
326	798
368	683
554	679
205	261
441	462
582	640
435	761
298	621
49	625
504	647
249	330
67	387
305	635
244	777
291	687
216	429
23	521
53	660
58	120
452	761
254	405
387	406
302	487
85	161
11	121
84	250
116	477
472	768
579	760
69	418
82	240
218	367
399	407
172	703
506	640
146	511
22	517
347	424
0	656
172	349
379	407
432	778
509	688
209	534
632	710
107	654
382	495
360	669
183	468
418	521
431	519
291	413
70	250
277	693
91	164
168	194
333	417
195	644
161	570
521	607
791	797
455	690
82	626
127	509
577	603
491	699
72	452
152	345
196	509
207	798
150	507
62	101
336	562
311	740
16	22
162	315
173	655
39	725
66	612
399	669
107	635
216	492
566	586
384	394
129	714
423	799
66	145
420	435
149	459
367	467
309	504
363	556
474	625
159	667
98	715
10	602
55	650
647	725
2	144
437	447
305	461
747	772
260	304
409	475
409	700
151	278
456	704
480	794
47	284
67	793
423	718
335	461
189	449
77	716
426	759
248	493
118	154
366	520
86	249
221	277
397	582
102	518
458	737
599	644
292	484
489	520
315	784
108	704
94	754
96	589
124	760
670	769
683	782
172	670
145	311
407	507
332	561
30	413
550	754
25	270
56	508
324	332
162	475
62	422
271	384
364	659
249	263
71	700
384	475
562	657
365	632
349	595
681	768
381	477
249	727
410	609
508	513
1	464
7	20
346	609
402	787
51	135
284	727
500	627
167	351
479	732
195	556
154	322
216	227
146	226
615	704
217	713
86	764
653	760
193	714
325	509
213	671
226	774
30	247
633	661
627	679
105	211
207	483
473	787
263	488
17	463
54	471
232	268
1	502
158	711
43	782
31	450
311	398
284	642
177	741
269	278
682	741
247	486
437	469
114	328
149	673
260	770
28	346
216	564
158	240
412	769
374	442
209	474
88	664
242	318
541	745
140	631
224	235
449	740
61	466
107	585
3	496
124	680
700	719
422	670
197	464
220	471
5	592
413	603
144	231
589	760
403	716
462	628
452	588
347	465
18	455
141	685
472	473
318	653
109	702
64	506
20	285
61	354
135	721
663	700
104	658
180	242
85	125
163	566
57	170
289	665
486	773
211	386
150	513
203	725
33	318
212	662
253	682
168	710
306	580
222	389
423	506
278	741
485	621
9	365
353	525
166	385
426	663
418	621
210	468
374	581
392	554
107	622
81	331
38	684
51	390
335	527
439	675
57	71
285	648
283	291
216	591
245	718
168	798
328	695
366	618
228	433
216	411
86	482
321	702
83	770
6	655
397	481
224	633
176	362
245	674
161	730
511	636
166	569
562	762
70	383
533	783
166	203
147	704
24	109
328	465
6	491
155	264
18	278
358	508
192	430
203	632
210	461
447	692
610	757
328	476
97	579
294	576
433	795
537	617
405	656
58	626
285	729
181	534
459	466
554	612
391	461
7	120
608	712
100	291
449	649
220	683
376	561
12	313
98	694
126	133
433	783
547	619
678	688
555	696
344	733
115	788
109	328
107	188
292	428
374	467
790	792
400	441
396	730
451	764
514	753
142	632
41	312
574	773
11	351
44	400
438	541
250	609
273	789
382	388
409	629
120	243
12	456
622	663
359	406
59	438
47	656
317	377
526	568
23	241
44	224
193	251
207	526
43	785
98	504
697	713
326	746
216	510
20	140
423	639
336	528
62	554
384	696
190	768
117	268
238	446
302	650
21	189
591	662
7	140
178	221
174	695
644	759
126	277
352	457
19	770
328	452
630	766
170	516
293	568
95	353
122	552
574	739
93	311
381	793
677	700
126	645
587	771
23	694
453	590
8	520
508	610
137	265
20	201
173	564
65	578
466	660
528	622
406	728
592	739
38	389
328	797
464	541
251	351
109	181
582	592
260	377
36	356
233	462
177	493
728	759
191	513
73	479
747	771
30	581
196	250
64	213
83	739
38	648
431	661
471	506
258	511
327	772
474	622
438	510
632	669
179	598
295	344
232	771
94	215
42	365
56	235
615	762
509	619
243	337
185	603
9	667
176	703
35	431
587	664
157	398
454	614
379	455
467	478
415	636
156	788
74	597
738	783
141	337
231	748
197	450
131	604
140	638
17	526
259	491
101	596
334	600
610	650
277	535
571	795
123	694
160	490
281	712
101	632
152	221
406	606
324	432
106	618
241	386
221	294
154	335
0	547
59	531
401	568
57	354
410	429
221	516
139	394
277	656
338	589
439	779
736	754
386	411
203	696
610	612
144	182
502	510
213	469
212	490
155	314
143	171
0	84
108	337
538	572
207	299
481	632
198	500
487	659
157	355
44	604
360	581
133	288
464	590
524	694
565	738
209	442
419	484
487	536
463	785
66	514
232	713
522	798
560	665
111	461
202	680
505	507
328	586
361	536
22	552
1	155
259	665
284	579
473	485
352	417
13	582
83	684
510	714
33	631
148	757
17	307
621	733
29	381
598	632
395	728
230	604
471	641
279	530
570	697
261	432
122	676
89	726
238	504
127	340
545	615
185	618
82	561
25	112
132	569
360	447
333	423
659	729
353	534
190	303
116	301
308	422
127	780
9	98
629	643
251	714
521	589
647	746
470	594
88	637
473	676
142	733
229	524
346	615
55	369
70	426
32	651
167	726
107	277
158	500
88	179
30	220
2	134
91	707
210	561
263	762
28	514
195	732
320	512
216	580
602	799
171	446
371	767
28	799
74	231
88	492
224	798
258	652
394	535
229	430
63	253
344	489
234	540
35	654
87	655
22	716
337	644
410	573
21	60
223	704
231	373
272	377
15	465
64	339
162	666
17	623
238	269
234	306
10	201
15	97
99	376
229	619
565	737
114	374
487	493
433	445
352	730
504	602
633	794
39	754
83	744
343	744
570	681
116	240
244	629
456	735
369	733
207	309
663	703
156	241
311	626
201	516
110	128
163	709
208	272
31	662
451	452
217	333
6	684
136	588
363	515
402	685
20	113
19	149
248	350
432	511
131	757
403	538
95	687
244	669
56	305
195	665
506	583
118	133
237	547
55	497
358	462
108	216
276	780
548	712
499	663
110	388
92	311
192	552
60	75
664	723
19	499
373	461
186	545
75	203
86	679
390	747
16	473
324	340
48	169
70	226
433	571
146	512
112	294
212	365
427	629
450	489
531	594
133	695
250	306
302	655
222	797
519	770
498	507
249	435
315	660
740	777
223	633
428	626
32	420
61	484
190	348
252	510
54	342
229	522
117	478
264	443
262	483
565	696
93	263
468	615
282	560
670	741
319	512
474	750
140	546
482	679
172	252
127	759
418	799
444	650
455	515
192	272
466	534
439	530
257	693
38	346
258	729
142	651
307	413
52	303
136	186
61	705
72	473
16	186
168	504
30	232
500	770
278	528
3	82
565	607
323	614
252	300
81	789
71	299
498	584
107	467
545	754
193	198
65	672
30	595
270	454
44	119
345	518
472	792
298	701
119	677
625	760
46	743
338	430
204	465
759	777
562	574
648	793
6	14
188	227
98	732
47	548
459	616
558	654
24	28
47	540
421	516
551	598
215	391
302	462
9	21
80	740
77	674
1	468
88	410
239	639
258	471
97	324
68	706
133	785
234	605
199	586
501	734
24	697
113	179
92	545
383	563
560	593
344	465
293	496
157	550
27	412
21	766
259	552
164	461
358	504
157	329
223	312
29	505
91	531
177	469
473	732
115	542
528	647
529	585
272	478
267	559
512	769
188	250
579	771
327	380
408	712
333	486
296	597
98	207
114	279
146	496
467	492
498	502
412	625
269	464
357	420
70	703
482	755
485	527
238	731
183	210
9	523
175	220
11	752
143	299
436	780
274	680
601	703
374	765
17	193
39	546
271	352
146	663
82	790
231	793
157	759
612	782
256	505
404	580
179	328
98	653
502	752
2	782
711	751
15	80
227	405
332	474
3	150
318	559
400	455
43	584
299	436
39	64
386	657
329	781
169	511
439	649
251	656
23	746
305	541
234	723
299	367
420	595
249	757
621	691
398	584
436	738
458	762
707	794
20	66
43	272
403	405
479	589
310	397
514	610
41	478
250	314
393	785
395	776
302	753
249	615
270	432
221	410
552	633
320	462
197	371
9	390
74	171
312	787
290	756
338	460
332	555
495	745
36	617
221	606
173	485
0	244
103	203
322	745
516	590
465	788
14	254
136	661
406	687
117	681
275	383
328	501
315	551
31	353
251	533
408	490
209	365
27	116
178	227
117	535
31	693
724	745
534	746
323	438
16	61
189	565
340	764
197	697
27	42
200	276
482	789
189	336
322	422
89	640
113	698
267	286
116	230
296	788
115	351
402	638
278	403
148	712
581	792
237	409
315	598
209	359
255	741
529	741
328	423
425	720
352	699
411	413
228	791
478	524
240	515
485	751
7	700
540	684
258	707
181	479
155	496
257	491
441	774
347	681
321	459
272	738
123	562
63	628
278	340
334	662
715	727
221	616
562	608
352	706
496	503
454	519
633	687
373	527
81	771
150	745
66	305
247	362
312	601
485	721
333	522
46	663
610	655
333	462
42	362
309	629
358	371
48	140
401	420
68	291
68	398
325	661
358	644
486	746
346	665
76	612
3	38
199	222
381	641
272	686
154	745
269	393
589	725
127	297
129	459
76	746
534	764
1	738
504	597
377	415
357	598
170	592
577	768
105	312
274	637
92	673
223	488
1	684
67	626
254	582
387	625
535	717
284	728
312	782
103	576
134	749
523	618
49	225
403	490
750	792
86	627
247	300
293	333
206	581
0	121
545	588
245	747
279	666
631	780
40	308
704	748
182	592
10	200
142	584
263	638
88	525
409	514
225	492
106	699
292	637
91	505
225	445
587	657
30	746
356	579
624	661
508	576
673	695
531	736
502	648
321	331
571	667
130	449
565	605
44	268
439	498
436	657
423	499
43	355
262	474
138	196
17	333
295	614
153	710
104	712
327	679
169	754
316	464
534	738
163	370
532	714
445	623
82	556
29	696
379	602
411	477
174	715
477	785
0	493
488	510
108	534
321	750
25	563
322	335
80	496
175	499
374	709
111	140
216	549
215	724
3	606
422	428
195	482
214	588
47	106
357	714
710	716
410	522
110	163
603	789
395	712
94	627
120	317
102	198
136	577
76	685
531	781
485	546
548	645
71	616
584	754
640	672
379	429
60	541
178	309
241	550
114	480
213	765
99	721
118	286
374	760
109	395
20	122
8	732
20	577
274	302
340	732
543	625
697	748
55	638
344	506
181	748
538	780
456	767
170	368
514	696
500	559
408	421
145	231
251	531
42	683
419	518
252	350
323	613
551	753
211	641
61	610
450	652
122	265
353	627
50	489
301	420
62	364
43	212
52	268
654	751
173	789
157	427
205	581
182	470
96	764
439	556
440	722
239	692
104	611
71	199
765	777
232	735
331	644
126	396
245	658
503	573
439	640
91	678
15	572
12	178
166	242
189	467
110	790
225	482
119	298
511	735
513	607
20	148
27	675
491	580
47	53
439	521
130	182
391	442
683	692
275	354
396	509
411	648
365	646
75	542
264	358
8	458
250	694
346	548
41	265
420	431
181	634
52	422
156	766
141	279
340	460
227	406
126	710
163	253
542	600
61	535
56	664
135	786
296	539
627	680
24	408
289	725
102	643
61	416
352	798
78	175
409	730
157	614
141	560
506	714
267	687
503	777
395	582
559	710
112	520
12	509
352	768
325	705
396	518
505	602
136	705
209	353
696	796
175	618
44	447
44	357
53	221
720	780
320	408
96	640
63	205
270	710
128	374
139	422
306	488
265	345
576	791
174	370
25	330
121	233
477	650
396	768
243	252
315	354
114	780
331	654
373	617
260	754
106	221
123	707
641	761
98	157
17	63
539	690
278	697
435	464
433	729
21	78
252	735
722	792
226	292
541	761
133	297
116	259
593	706
522	780
417	720
248	464
421	597
415	498
393	550
204	429
265	696
165	454
54	169
342	605
94	582
264	486
448	532
470	684
122	476
500	512
270	331
209	421
398	685
525	753
463	733
401	792
92	520
482	527
178	335
423	649
233	537
21	668
160	453
330	695
609	763
245	622
196	626
417	584
57	148
124	261
160	748
771	795
7	756
25	424
223	481
176	297
99	313
258	372
437	532
25	90
170	285
339	512
713	756
244	763
51	672
574	671
9	664
227	338
285	514
243	542
57	206
357	599
41	277
273	690
89	568
227	579
402	631
170	191
290	565
519	717
216	476
167	223
322	471
59	702
88	357
615	659
138	297
368	597
68	442
694	715
486	500
552	664
114	220
72	159
73	458
630	645
286	428
50	435
153	167
457	680
551	732
427	544
475	605
111	536
617	729
495	760
219	539
414	749
329	506
209	763
135	753
164	425
345	664
194	699
365	751
166	796
327	456
87	246
254	444
372	748
646	775
179	488
424	707
188	759
171	747
503	558
627	769
155	238
176	197
520	579
406	589
21	99
309	432
406	710
560	777
138	282
26	126
116	177
73	522
516	681
57	439
128	229
473	777
248	467
285	654
632	728
317	729
449	543
164	443
431	532
486	733
530	749
337	781
536	697
403	584
194	351
26	672
752	777
360	596
46	505
311	775
97	576
642	708
121	556
300	403
447	614
499	741
266	369
60	520
174	673
346	794
88	308
300	303
11	243
38	323
254	294
185	684
353	532
161	672
185	379
166	226
365	430
21	656
264	754
506	638
451	717
92	512
234	636
610	761
492	770
637	785
59	131
263	399
80	572
125	652
297	308
427	473
156	530
13	675
420	603
507	728
219	357
243	764
272	597
381	748
337	703
260	286
23	303
192	572
168	616
590	702
385	400
492	594
153	753
221	654
290	430
562	584
551	594
419	453
470	741
207	541
341	699
519	723
438	623
125	601
271	720
363	602
10	526
177	659
21	323
316	520
505	562
339	562
590	606
346	627
51	206
294	710
361	421
255	636
36	748
539	637
26	278
68	271
48	161
138	267
20	610
489	704
287	588
377	383
40	256
155	724
306	680
7	92
93	569
267	758
308	743
48	351
188	209
191	475
52	71
686	791
309	745
495	589
538	791
111	745
641	790
493	550
227	373
201	511
304	777
360	778
315	406
316	711
120	788
64	697
32	426
181	519
11	332
76	455
487	610
263	771
361	435
287	293
388	649
143	145
235	684
117	152
743	777
279	789
426	473
549	645
214	485
382	696
258	275
416	436
149	669
528	658
381	636
239	261
270	357
416	547
551	734
225	768
493	585
600	685
155	390
485	489
401	702
730	758
75	85
212	300
411	461
227	753
645	696
700	778
129	429
414	777
355	789
553	724
67	158
183	201
25	98
424	465
203	782
281	765
50	92
259	618
632	638
117	319
304	503
384	421
557	705
171	191
315	541
316	681
118	375
501	666
60	129
629	798
346	523
455	635
84	325
365	449
452	495
437	570
123	494
51	494
279	684
396	532
71	192
392	532
234	276
463	600
291	472
91	206
362	488
303	727
458	555
231	560
69	232
503	649
277	360
330	489
45	553
39	324
381	573
235	507
148	509
674	735
116	312
96	565
30	223
67	561
136	618
3	670
156	409
312	794
353	709
98	325
338	482
100	131
63	607
459	687
461	767
545	766
242	667
223	591
309	744
16	51
241	746
199	526
95	494
369	380
61	236
203	320
57	155
214	298
1	572
169	772
232	550
81	481
231	326
62	707
154	795
264	365
27	663
134	536
378	393
238	625
115	759
231	470
88	630
725	783
516	613
335	399
234	670
579	746
369	636
304	411
231	281
131	543
382	629
216	627
279	592
152	728
522	788
152	490
224	475
101	756
64	260
317	694
43	144
646	757
487	527
297	537
84	789
301	747
453	465
457	711
17	387
162	695
377	510
32	249
451	647
459	771
116	562
122	595
54	60
129	572
473	547
577	625
215	672
167	420
388	679
241	587
138	366
229	725
115	321
525	721
689	753
193	264
340	534
56	94
267	466
334	745
380	385
110	216
174	292
459	546
364	397
284	690
112	490
591	758
240	570
345	583
19	434
59	623
7	252
105	648
627	706
495	713
162	236
152	409
122	243
62	384
191	292
77	395
543	693
305	444
31	656
8	663
676	681
425	499
93	556
145	747
343	745
251	674
409	526
785	798
226	731
165	725
682	742
309	613
706	739
40	404
193	441
185	261
257	458
19	81
261	291
121	158
110	347
117	705
230	411
245	798
642	741
99	175
447	740
157	779
175	405
185	242
593	598
506	580
420	785
303	349
50	179
358	451
74	360
66	627
497	556
679	687
26	678
277	506
169	443
26	106
50	359
197	631
99	791
410	415
137	246
92	341
359	439
176	580
219	272
322	441
666	760
515	532
163	195
121	188
519	774
123	540
2	343
503	643
57	702
155	204
170	319
155	591
666	707
130	195
69	643
10	136
314	781
40	554
68	538
527	581
195	234
526	607
173	484
73	713
327	602
563	770
344	459
173	312
441	536
118	206
711	712
207	281
182	562
273	480
346	533
233	323
382	593
86	160
285	742
235	540
83	240
575	602
96	439
443	565
169	567
522	726
218	791
352	515
446	684
169	494
620	714
605	700
445	549
206	500
276	463
64	772
119	719
28	378
386	432
311	559
440	727
137	749
236	644
379	556
651	735
31	493
528	666
474	638
422	466
27	575
219	692
413	528
325	540
35	60
525	694
484	713
135	362
32	124
18	367
279	539
135	339
327	330
270	355
70	534
426	596
72	262
115	301
493	613
36	532
275	754
93	308
67	172
563	758
59	348
99	579
401	630
31	692
327	403
304	569
78	459
230	641
348	444
662	756
103	289
60	296
342	636
304	731
402	620
71	318
357	528
244	604
176	296
75	690
418	722
17	188
383	455
224	285
332	388
51	230
327	675
365	591
44	101
216	537
617	636
372	589
115	253
590	748
34	535
178	529
123	467
134	520
562	656
33	281
37	95
124	271
508	583
102	163
255	308
61	609
442	527
244	648
142	719
164	524
130	754
615	785
337	367
157	180
37	729
671	686
474	506
189	597
69	238
38	526
261	737
56	603
141	623
501	764
246	419
414	636
34	299
134	460
328	631
213	691
100	591
31	561
29	640
290	334
33	143
193	658
41	705
284	305
193	268
486	556
174	322
193	254
381	630
238	382
69	142
500	700
296	713
43	726
759	793
52	284
37	708
16	134
117	317
549	785
512	518
213	293
65	597
376	483
179	265
560	635
297	388
48	568
206	530
223	429
414	712
84	558
186	312
147	373
104	564
536	640
58	797
42	550
173	513
564	651
240	735
301	397
193	659
510	762
633	758
522	530
400	728
479	587
28	406
555	765
35	418
667	780
14	474
608	767
216	535
414	620
189	437
310	775
397	757
393	408
39	715
6	512
218	795
23	554
257	633
253	302
100	165
623	712
311	486
93	226
92	720
275	628
659	732
299	614
106	695
357	662
464	743
202	604
598	773
72	282
37	327
123	762
179	661
577	706
74	295
484	554
111	365
121	393
1	266
83	510
143	315
307	758
241	282
425	666
680	721
228	637
127	204
3	302
594	737
339	427
399	622
66	74
551	612
250	799
484	798
94	107
132	219
9	721
109	662
62	269
84	543
292	419
111	499
1	42
306	724
242	734
35	529
412	796
103	593
394	654
690	745
200	412
427	759
137	485
87	503
94	286
114	326
93	478
54	602
308	331
193	486
158	688
14	55
161	757
403	741
269	694
124	291
334	748
255	366
409	701
482	761
423	603
229	745
54	325
265	486
442	457
430	631
77	696
201	745
290	426
233	617
261	604
550	718
220	557
178	645
74	400
270	532
485	540
671	780
423	622
107	156
314	511
480	680
308	656
433	479
62	643
142	520
106	274
401	466
292	750
282	403
280	595
236	781
84	493
598	674
234	418
485	623
341	351
398	719
469	744
217	224
125	596
718	727
282	369
397	747
54	603
393	399
55	226
262	787
413	480
44	110
38	771
88	485
232	705
266	378
127	230
483	799
666	749
234	566
588	605
379	465
214	253
368	639
497	603
342	741
691	726
276	778
124	187
250	462
156	224
169	530
279	463
62	789
289	542
162	638
538	718
653	658
321	333
139	284
445	488
153	511
30	790
46	411
194	290
763	769
182	374
227	232
89	506
98	557
71	401
714	725
9	464
481	620
158	342
339	678
40	526
370	439
224	367
633	750
335	494
449	680
167	515
80	162
537	596
23	476
153	568
115	756
136	489
181	622
373	536
101	623
206	740
155	282
166	173
737	793
30	491
91	657
138	447
215	684
251	792
240	424
289	540
281	578
173	701
308	507
608	734
354	729
446	615
150	394
105	183
193	588
343	749
437	734
59	648
226	626
574	655
349	705
624	726
174	633
4	796
589	598
195	360
27	657
468	792
44	170
149	460
174	579
394	712
453	508
460	747
88	741
17	379
101	451
444	568
421	524
384	527
110	242
233	779
578	690
95	788
263	626
89	130
144	692
416	430
116	520
202	599
712	739
330	427
213	751
414	794
221	757
88	516
677	734
62	148
460	686
28	338
167	709
110	748
172	684
203	281
324	505
93	461
354	366
114	168
0	256
171	642
222	341
213	331
408	699
235	298
185	194
184	438
551	761
478	690
15	145
438	575
444	663
2	56
2	573
488	512
326	502
25	710
32	296
145	432
218	673
242	461
148	510
188	567
55	218
16	59
0	39
298	380
97	446
318	778
367	507
27	531
504	589
186	713
225	352
92	193
82	119
261	396
382	574
103	785
664	727
302	604
640	754
109	417
235	408
541	796
341	759
212	676
512	544
8	794
72	300
511	795
29	224
36	291
215	246
312	731
7	646
551	703
313	385
281	455
482	668
703	794
73	364
135	658
251	514
443	479
199	680
239	351
130	666
321	662
491	621
193	719
166	519
176	329
237	424
182	335
626	647
68	95
205	358
213	307
202	335
280	613
185	552
364	718
374	465
301	691
204	375
354	652
83	716
223	758
88	149
146	203
28	783
51	97
512	726
392	433
36	236
25	372
10	522
260	720
311	445
495	767
193	661
26	191
212	415
660	687
407	661
317	658
348	559
132	523
774	791
388	760
60	180
279	574
674	763
354	404
261	505
36	557
498	537
444	657
330	739
392	660
17	289
59	461
345	725
117	367
153	726
238	246
392	671
11	486
26	597
110	591
125	565
72	160
334	354
224	629
213	575
365	387
31	483
66	621
193	766
704	760
582	603
446	458
554	704
228	353
502	543
145	508
407	634
293	682
65	461
390	758
299	763
114	351
55	784
413	618
111	427
488	563
481	570
187	409
122	761
228	583
438	743
505	684
119	268
326	447
235	422
434	601
314	433
384	639
146	570
570	686
59	423
13	314
83	227
136	476
117	741
593	696
362	608
147	163
279	772
75	458
342	756
381	705
427	564
334	568
297	459
244	552
59	154
162	452
351	471
524	528
297	719
393	624
205	795
367	496
359	693
562	580
136	417
561	666
69	664
78	359
1	377
84	646
398	679
6	95
725	763
290	660
29	110
157	543
553	600
299	743
280	402
239	540
39	566
320	627
492	662
509	782
349	396
531	624
304	605
107	274
360	483
169	220
392	538
382	649
8	514
692	707
184	252
180	368
736	740
14	169
171	390
83	252
264	753
118	135
65	68
261	443
234	366
128	496
225	451
355	678
304	443
8	15
386	702
11	400
227	381
26	746
325	502
491	703
588	754
153	220
504	556
98	677
5	167
201	679
610	770
691	710
230	647
87	401
223	408
310	320
343	585
0	659
458	607
404	611
120	420
260	419
502	713
346	403
380	698
735	788
173	719
380	617
638	642
54	109
120	231
304	632
132	706
555	628
329	379
118	618
196	493
579	647
201	537
264	387
39	735
583	703
472	785
239	440
159	583
15	700
65	782
161	557
509	602
550	724
195	691
279	385
224	599
28	184
433	774
354	727
607	721
583	635
374	506
258	624
209	469
243	268
313	363
296	799
91	704
22	88
14	298
382	445
614	796
201	262
646	738
302	507
4	342
126	422
339	406
354	410
374	784
621	643
2	32
2	387
177	505
125	672
529	756
329	631
193	297
223	589
162	460
621	628
70	461
247	340
34	774
143	506
322	430
256	757
377	392
352	588
703	782
90	470
433	630
168	498
376	606
444	454
91	237
474	642
520	643
424	515
98	635
129	563
189	379
171	618
328	707
250	625
344	545
201	581
12	768
350	509
395	693
793	795
472	675
29	371
26	650
371	521
318	463
27	276
731	742
72	736
139	474
134	769
422	623
175	655
673	796
124	530
417	563
59	298
146	778
125	174
147	461
586	702
321	377
554	627
540	705
313	360
123	511
555	658
184	214
309	560
318	510
440	594
31	386
454	763
640	733
163	743
138	571
215	573
480	624
537	635
125	361
161	310
144	263
398	748
108	313
430	458
470	786
243	339
39	159
220	789
316	578
254	301
87	505
263	686
97	143
247	406
393	492
427	797
5	299
153	533
153	438
433	743
105	557
105	288
58	415
304	542
294	404
232	400
209	371
360	556
490	513
308	731
706	799
12	159
485	692
81	782
667	706
154	409
240	510
537	734
175	662
436	667
375	434
532	614
26	451
225	245
38	728
203	537
158	795
409	684
79	776
84	573
598	708
85	720
340	539
309	728
374	512
550	683
335	681
588	690
622	691
144	460
439	683
237	764
422	480
30	57
206	586
347	404
544	707
631	678
413	523
187	755
220	620
383	731
337	348
95	133
300	678
19	729
279	575
161	494
61	141
591	613
200	294
207	590
78	475
77	100
66	418
418	726
65	191
419	587
706	711
366	414
245	698
189	378
255	730
83	153
282	388
788	791
479	528
31	426
48	484
511	729
382	389
194	584
93	297
172	714
416	438
540	745
15	709
224	238
304	435
514	718
200	381
550	790
233	660
422	617
261	400
612	683
94	317
224	304
566	642
631	640
461	651
51	103
292	619
113	133
161	367
395	532
21	662
34	265
7	262
187	366
529	785
593	638
385	419
433	621
83	341
708	791
16	741
483	768
474	723
301	519
80	453
16	378
117	453
220	784
248	402
57	750
399	727
354	442
51	332
194	740
560	784
489	762
251	652
294	646
273	292
72	149
690	750
199	235
8	611
15	151
94	596
40	292
531	776
175	780
420	742
672	738
202	693
356	493
441	613
498	713
290	403
60	163
157	357
29	325
442	665
158	625
244	775
77	609
602	703
48	342
572	717
135	364
228	675
125	490
126	449
92	313
523	798
117	185
400	588
319	795
119	313
142	514
93	492
140	467
68	443
456	794
313	340
219	315
356	488
64	242
650	692
180	728
31	206
223	350
576	799
406	416
684	782
33	432
212	746
77	727
410	784
595	712
397	421
97	285
475	488
308	739
205	451
473	537
394	697
628	717
619	798
267	368
172	645
50	163
296	429
187	273
567	716
306	633
237	308
3	547
489	571
499	712
276	573
275	699
106	141
148	459
300	382
440	613
63	587
138	253
552	793
28	118
14	603
218	552
34	69
67	133
116	191
113	361
260	650
319	364
28	229
276	584
353	501
99	558
120	158
397	774
250	551
173	391
375	466
440	758
19	317
23	583
46	464
76	598
148	369
392	715
245	767
258	513
554	628
545	725
249	656
612	732
284	600
43	247
296	586
464	628
332	434
249	537
177	179
287	695
57	758
287	760
286	346
165	366
53	146
90	678
304	355
341	662
25	643
322	555
68	551
370	558
39	442
479	787
364	541
182	568
233	562
437	799
356	724
121	715
2	562
257	775
716	735
123	441
140	206
294	532
306	404
566	754
189	206
223	351
593	647
208	697
301	785
586	595
5	677
204	624
143	557
521	529
346	582
41	639
382	638
246	354
235	267
651	742
526	799
82	309
126	436
74	372
220	512
249	251
125	135
100	708
13	233
335	753
325	654
560	645
332	417
153	630
56	501
365	525
129	516
357	709
554	587
250	757
145	655
294	432
758	790
607	710
205	399
479	629
690	699
61	623
294	525
479	514
316	629
135	328
131	568
609	756
176	188
165	303
364	633
142	664
717	734
213	265
251	553
55	422
55	247
287	598
38	279
48	794
37	535
214	309
235	781
310	445
218	390
315	391
135	563
306	700
322	760
410	750
118	324
215	411
369	522
21	759
17	201
367	446
269	575
215	748
116	119
433	607
236	548
102	458
133	419
171	727
527	617
112	770
384	430
177	770
188	439
345	712
161	280
322	772
211	259
557	608
252	777
346	351
54	79
71	162
67	334
329	443
560	709
51	611
258	678
248	298
355	799
29	84
391	524
690	781
171	369
308	351
262	763
650	688
103	713
431	540
223	683
109	645
169	299
381	579
8	718
215	596
574	657
464	735
376	512
373	525
539	582
388	562
232	282
95	422
446	687
212	487
305	509
117	610
51	692
121	785
1	471
264	524
368	768
85	650
73	109
121	797
544	661
258	784
507	673
269	777
105	243
182	759
26	683
94	781
403	588
172	586
651	678
61	212
480	669
482	715
232	328
563	643
319	508
3	377
545	560
333	497
494	791
477	630
282	618
138	600
150	335
110	402
101	714
269	342
378	576
70	277
567	585
416	691
17	417
93	441
479	522
413	771
135	744
52	792
108	459
462	499
192	320
134	263
393	571
243	538
451	747
628	755
166	241
178	274
534	704
108	654
282	381
3	185
644	666
273	773
37	257
71	470
195	411
678	793
231	266
230	596
527	755
28	741
79	705
482	493
321	323
375	754
413	605
216	637
273	750
312	744
97	772
11	603
64	611
328	777
274	535
256	516
4	178
474	765
339	383
271	422
62	84
95	312
220	525
80	142
381	529
337	674
263	554
613	730
282	515
19	438
650	771
470	540
118	408
89	217
481	759
722	736
232	291
598	688
106	289
595	701
489	627
208	518
329	435
4	57
274	317
66	570
180	268
144	618
101	754
570	760
406	663
327	686
23	525
35	126
376	681
29	193
286	766
157	498
128	603
549	650
339	581
22	144
290	325
423	545
188	785
166	554
280	773
217	455
258	591
386	627
511	525
157	374
586	750
132	193
277	553
143	488
116	124
135	283
12	432
181	504
595	719
688	768
300	772
308	573
279	554
304	425
398	455
163	771
55	107
106	490
310	372
388	426
50	717
145	649
257	284
40	75
45	363
494	732
209	245
528	708
278	560
493	594
225	565
386	462
244	632
195	245
401	550
102	560
185	252
501	538
62	178
448	494
186	295
736	796
380	711
54	774
57	665
1	430
353	427
324	608
106	345
441	608
175	471
280	774
21	88
329	349
465	661
696	751
204	344
417	666
182	253
497	741
150	325
67	687
163	205
86	752
106	135
240	290
274	713
592	742
5	787
191	411
194	695
6	720
379	559
441	722
128	533
227	424
630	767
346	684
65	146
425	526
234	625
169	786
141	329
139	786
639	683
393	731
88	115
89	716
301	503
207	667
278	297
422	725
91	378
180	411
423	729
43	285
120	142
292	721
508	655
674	761
42	661
59	611
395	761
415	727
65	614
118	191
15	150
590	649
90	660
688	702
353	794
547	598
452	653
437	505
276	782
127	518
62	156
534	559
530	742
207	401
60	84
8	666
331	453
132	404
16	690
318	772
463	559
7	683
295	365
23	416
198	674
579	790
531	733
148	517
270	734
558	753
204	470
312	724
157	318
191	289
147	711
557	664
353	793
122	444
561	685
558	711
298	573
189	738
46	114
609	677
643	728
213	460
15	652
353	472
146	369
475	641
6	733
203	349
8	122
14	705
81	327
617	737
298	618
272	416
479	566
149	634
276	767
445	543
129	573
10	793
150	538
40	707
89	158
137	400
384	626
341	593
446	558
29	569
384	595
114	340
23	760
261	593
212	503
340	445
382	396
426	437
136	241
301	444
290	366
116	663
434	630
225	535
185	502
566	607
252	787
212	738
477	714
145	313
124	444
265	422
55	692
146	479
332	599
552	554
195	241
270	271
135	354
56	785
286	604
479	563
172	324
196	199
100	405
181	396
85	154
390	532
11	668
246	398
319	580
14	723
54	581
169	319
452	684
175	320
274	586
96	568
25	486
147	250
249	450
459	626
358	394
278	634
401	677
97	550
324	361
342	493
71	163
439	645
408	409
159	449
252	344
194	303
384	457
2	123
570	626
390	693
365	524
256	651
44	476
481	522
511	776
115	134
59	541
291	716
678	740
483	771
569	757
555	621
450	579
9	19
27	735
250	598
245	475
295	638
444	475
167	564
206	434
310	347
544	694
82	577
308	482
129	391
166	526
198	740
128	384
21	547
249	770
4	671
566	701
136	548
27	788
15	499
120	230
510	547
334	390
623	642
261	575
130	792
293	362
372	522
619	766
271	627
254	761
69	299
582	752
171	423
231	632
310	485
472	783
599	631
55	493
178	566
392	509
43	358
193	738
71	405
349	477
718	733
278	355
461	543
300	627
387	721
425	782
276	540
392	419
63	347
212	778
285	331
25	651
270	700
11	202
359	603
29	479
286	699
145	598
63	706
13	546
185	407
425	733
442	444
155	306
33	107
251	492
265	682
136	601
378	579
142	748
16	522
558	797
188	412
174	405
293	391
122	558
53	676
234	581
109	598
541	603
94	122
216	595
383	760
416	626
631	785
212	743
194	778
59	765
6	335
268	329
249	573
329	635
556	626
11	30
289	566
23	110
127	364
568	636
295	427
230	346
336	595
136	336
325	741
10	92
456	712
173	767
52	476
679	749
88	732
11	267
105	186
569	608
334	666
142	352
633	724
47	261
323	786
133	218
233	438
281	525
305	773
613	654
238	316
119	522
212	543
169	285
408	496
47	69
427	681
268	429
8	110
150	165
99	722
678	745
726	776
363	535
512	735
290	466
376	792
75	200
200	402
221	448
556	694
582	771
52	282
419	576
315	386
202	476
21	721
641	724
63	67
649	734
184	708
525	712
82	641
366	685
454	744
304	675
591	601
59	697
577	604
143	602
20	44
432	757
53	97
200	731
23	602
58	74
302	607
65	774
511	755
118	483
238	466
708	765
407	699
385	535
375	384
288	733
246	712
73	397
505	587
415	639
19	456
12	698
319	401
36	447
44	264
4	5
101	125
203	493
232	787
16	728
637	656
276	737
422	682
397	500
358	603
345	453
96	429
64	432
516	632
61	665
399	587
41	132
469	722
183	549
44	195
287	334
96	295
190	330
55	508
70	150
85	374
51	574
218	326
523	726
242	419
228	754
175	773
572	754
2	655
72	331
270	694
89	159
113	628
313	575
200	767
415	655
35	242
54	445
171	707
247	293
676	764
482	589
143	213
154	752
525	658
364	454
324	471
108	766
191	637
9	504
134	393
622	678
440	756
269	642
378	618
98	779
202	275
113	734
153	453
602	681
8	459
76	634
352	750
390	683
180	326
778	782
450	510
362	745
223	540
62	403
468	705
158	472
114	241
122	350
315	522
134	152
384	508
117	670
528	793
269	704
219	229
213	492
54	246
471	581
525	647
155	423
432	622
221	497
404	520
0	740
407	547
306	768
328	355
113	693
450	542
73	791
519	710
125	379
473	739
166	433
274	668
378	656
1	693
13	578
339	482
84	623
600	794
105	151
245	755
54	282
204	695
538	757
182	739
489	758
559	718
100	401
171	207
270	723
629	746
403	448
319	373
369	577
190	298
204	283
449	626
557	660
256	517
533	585
267	430
385	705
23	550
195	785
572	590
286	666
272	292
80	462
214	646
247	721
579	694
296	302
304	478
313	737
26	693
398	790
685	749
286	430
220	549
350	469
186	404
165	191
15	212
319	523
58	223
63	208
244	750
18	770
520	660
356	657
323	748
255	572
199	264
124	130
572	789
128	417
425	609
456	676
94	590
93	330
157	484
293	341
454	509
232	544
123	197
333	569
245	764
78	623
207	275
87	386
327	798
272	275
578	786
587	704
83	705
122	603
388	619
5	156
240	273
493	790
248	405
325	383
37	76
478	633
334	643
398	425
403	511
294	712
85	738
675	765
268	395
233	412
203	688
469	493
67	145
348	359
647	727
393	410
780	781
549	761
480	650
390	700
192	470
131	360
49	210
362	710
68	158
74	329
99	179
353	541
293	440
217	494
340	765
91	442
214	407
244	600
204	768
51	105
89	472
18	195
486	710
64	215
262	391
311	790
437	446
386	518
247	752
531	557
267	796
362	794
481	559
107	141
8	500
310	631
138	777
234	719
217	289
116	578
99	543
611	791
331	795
177	520
139	725
73	403
500	756
567	704
315	668
495	728
588	618
170	212
15	178
422	597
101	197
105	554
472	596
297	784
161	576
238	396
24	219
450	455
278	734
186	381
354	532
234	766
365	687
108	123
126	427
611	673
190	616
242	420
557	589
387	773
401	692
63	180
31	113
274	313
67	612
89	652
202	383
512	670
372	756
57	173
123	663
368	474
278	366
365	390
724	747
561	700
351	777
62	685
106	745
502	560
321	350
422	795
138	709
407	787
430	437
433	676
35	693
192	644
473	687
14	737
411	595
427	775
486	714
261	395
342	780
216	448
17	341
244	577
114	458
64	474
288	595
451	781
20	365
91	192
229	661
644	738
525	665
494	772
555	780
255	274
439	721
196	769
94	665
56	707
173	714
319	440
680	715
24	140
283	479
145	718
495	537
174	755
140	288
343	722
164	243
117	525
194	462
21	271
442	538
262	460
329	755
70	543
11	319
205	472
318	460
22	414
340	640
69	404
54	468
189	498
175	523
536	561
357	556
420	722
107	490
160	252
381	410
554	743
622	780
600	653
230	697
88	666
23	569
207	463
36	399
100	747
105	771
386	758
722	750
199	531
367	378
215	669
175	554
283	520
86	117
44	498
482	576
61	545
447	639
22	671
160	364
582	741
141	627
49	52
493	623
517	565
158	333
363	686
111	327
281	387
243	381
332	349
381	512
210	627
130	747
301	542
23	382
491	639
209	799
323	753
263	512
104	271
192	450
507	709
275	759
330	507
96	729
495	657
131	339
146	643
242	744
414	548
14	671
550	787
57	713
433	717
390	592
456	701
28	205
352	538
235	321
101	704
264	746
285	414
89	419
81	436
400	404
185	740
90	511
70	196
148	730
368	776
359	511
220	520
229	652
450	458
39	111
100	719
620	745
8	317
70	303
341	371
234	648
718	722
159	792
159	233
312	527
585	628
115	721
390	471
55	132
43	601
82	638
87	307
336	749
13	696
137	208
660	725
72	261
28	111
231	422
700	728
245	289
194	679
18	787
572	603
341	681
267	691
363	390
58	461
434	599
175	736
257	283
65	94
382	707
242	666
328	488
119	569
425	691
12	378
0	239
290	612
499	790
328	657
404	762
28	59
426	653
84	788
89	114
407	582
77	166
110	596
345	571
317	728
653	736
440	662
25	527
324	480
520	545
177	695
144	220
324	449
192	522
421	648
591	775
235	681
75	281
169	386
402	698
197	562
201	729
290	343
120	434
38	746
266	520
346	681
59	783
229	623
121	344
130	395
492	726
689	788
718	753
373	749
519	746
295	566
88	471
70	113
599	634
258	414
715	717
62	392
133	373
254	371
368	672
504	729
160	280
457	727
50	53
318	455
145	484
279	582
488	744
9	61
115	354
44	480
650	697
212	682
475	630
268	353
235	574
128	270
11	632
42	404
370	669
253	355
358	442
307	368
31	50
141	389
115	701
77	564
482	647
47	646
530	575
374	470
298	726
416	548
348	446
414	644
4	660
124	433
273	676
377	693
348	648
476	634
384	468
166	360
753	755
130	420
77	780
266	746
51	738
199	654
203	509
186	340
263	368
21	179
683	704
326	640
93	276
485	639
349	757
176	542
764	788
250	408
258	600
311	689
497	599
87	388
43	136
230	648
96	316
395	797
396	479
219	593
322	774
364	502
278	764
693	724
417	716
83	520
248	641
428	749
216	547
262	783
396	738
491	783
82	482
336	615
117	215
152	161
290	374
243	363
80	495
132	328
316	437
66	447
265	360
409	715
393	764
88	709
9	237
595	714
367	393
502	593
29	186
713	795
169	182
252	783
42	794
238	780
113	345
30	70
631	634
424	647
255	503
340	702
87	402
220	338
224	335
333	676
274	591
106	711
191	306
204	543
226	584
245	429
420	786
149	280
2	444
442	503
67	295
17	85
579	695
46	56
468	714
252	401
708	775
87	223
288	419
730	798
248	459
588	662
92	364
505	542
195	615
126	440
590	618
273	602
238	697
86	478
543	707
211	437
539	599
79	660
59	128
94	484
528	557
263	542
104	461
419	723
583	609
341	615
30	537
150	211
469	792
61	634
200	694
45	400
418	450
265	356
94	731
761	763
156	339
147	353
130	403
138	159
639	696
577	707
91	169
371	787
150	761
274	715
157	424
181	299
540	581
611	707
273	348
567	714
694	786
222	313
166	627
91	263
101	746
287	712
196	637
282	742
103	159
639	667
128	557
516	662
365	629
534	673
495	676
109	592
15	535
658	784
11	582
511	647
455	577
496	535
18	774
104	350
458	753
589	747
170	635
117	560
648	732
482	483
112	521
113	332
502	549
251	591
622	700
333	487
309	393
18	344
239	273
68	795
462	645
286	777
385	717
24	81
441	671
128	232
318	421
100	404
642	743
89	415
581	706
495	706
656	709
196	315
83	449
192	579
267	402
368	763
537	706
503	567
484	776
287	290
337	791
335	552
165	179
150	161
291	301
499	521
364	579
266	790
12	696
0	693
319	704
744	789
387	776
315	434
262	427
267	669
116	236
211	344
175	225
282	752
670	676
74	135
222	421
590	757
699	727
334	369
193	692
778	784
136	454
452	696
410	487
175	383
90	317
549	780
75	274
29	36
348	415
626	794
396	776
189	628
86	685
397	527
160	304
385	436
124	664
122	349
102	174
282	798
552	695
94	150
92	384
472	722
578	715
39	636
545	744
220	543
228	691
510	657
368	511
308	785
450	622
301	530
56	169
537	611
186	398
50	258
123	535
25	594
123	341
137	498
193	243
98	127
368	635
221	364
141	577
29	513
419	467
370	454
26	343
119	132
343	588
23	553
397	442
55	154
189	610
102	321
229	612
58	639
157	496
121	396
16	539
155	549
146	224
119	647
596	739
389	612
498	582
20	294
641	787
125	706
333	498
424	659
4	230
245	357
106	293
142	563
142	742
598	784
197	721
326	450
228	744
291	424
233	795
224	390
23	54
331	619
248	328
30	216
197	628
330	498
208	778
358	566
124	499
151	163
256	336
148	363
208	235
364	480
256	586
423	620
218	710
78	210
152	359
382	657
126	516
2	185
112	364
719	780
169	227
656	776
703	767
43	164
52	563
311	373
281	389
155	421
594	661
222	690
185	260
115	743
91	266
296	682
339	351
225	585
139	315
269	409
526	749
266	797
425	605
358	692
179	497
24	791
70	284
167	687
180	455
153	733
118	675
120	507
231	382
212	722
232	722
459	589
254	413
214	681
43	705
72	266
378	645
144	624
541	783
610	799
282	308
364	643
115	408
421	708
180	285
14	610
310	431
350	614
461	717
79	429
548	691
504	686
553	750
129	549
734	753
220	695
310	343
557	581
128	695
3	359
235	626
426	762
171	761
430	500
714	786
43	633
35	334
208	392
625	632
38	64
157	710
158	253
26	546
126	621
503	620
193	769
248	709
201	515
742	769
368	758
478	609
301	423
131	524
469	713
27	701
444	641
8	775
310	441
377	492
344	452
490	692
485	642
360	479
502	641
134	587
378	781
127	676
586	615
26	142
394	737
97	270
432	623
397	405
94	691
71	257
334	450
496	650
287	698
494	568
169	539
164	439
267	592
146	624
81	738
665	689
67	650
521	619
364	462
325	389
179	635
1	113
46	104
656	711
443	774
128	403
410	684
466	777
342	577
595	606
86	507
151	218
116	713
400	518
325	789
159	497
339	396
240	579
122	315
159	580
224	275
104	377
171	640
457	492
26	504
361	619
102	376
399	764
214	341
215	608
497	797
39	151
23	397
539	754
2	190
499	724
631	792
283	567
44	392
20	125
176	795
189	516
24	258
426	780
147	738
671	789
251	735
191	652
536	579
459	690
434	759
367	375
312	372
139	615
445	685
29	150
105	327
700	782
301	342
93	675
64	179
245	678
86	459
135	562
688	692
399	416
60	561
209	382
46	176
122	277
20	74
604	739
380	738
133	720
160	205
19	752
620	792
239	495
322	527
147	779
273	303
200	759
464	583
254	361
209	669
187	633
423	651
164	413
227	331
345	645
476	657
380	566
651	768
212	612
100	674
26	297
120	249
70	747
274	710
223	337
6	498
184	732
700	734
311	656
427	496
415	451
245	700
358	486
218	549
309	338
138	778
444	640
320	358
19	538
267	755
99	453
169	622
157	698
476	489
661	723
46	312
155	612
225	259
98	584
394	757
22	384
272	543
262	563
263	447
19	179
343	451
39	132
52	76
58	405
566	696
35	88
504	570
495	562
410	631
566	677
9	256
629	760
211	457
59	363
146	441
83	487
342	725
295	700
508	542
380	412
32	377
121	553
573	685
69	366
75	146
458	677
391	407
196	732
0	288
298	549
238	407
402	608
109	404
141	351
377	401
29	259
620	765
432	442
516	598
453	486
235	432
0	115
664	721
3	462
189	757
376	543
97	572
436	537
384	574
308	575
210	676
279	400
251	380
252	456
228	636
24	798
708	727
684	761
64	205
367	700
505	715
195	464
752	796
229	267
355	495
6	74
383	686
290	781
421	786
190	233
120	373
169	205
340	688
139	515
156	713
70	625
191	368
78	598
240	406
121	251
118	692
338	503
496	559
774	783
565	656
633	721
220	322
38	210
58	129
125	308
52	523
233	774
380	473
300	755
247	700
86	720
253	722
380	429
486	724
702	759
349	639
124	375
305	646
489	642
344	686
106	402
9	698
340	370
408	655
168	454
647	745
245	656
471	486
161	459
410	513
1	601
597	782
11	651
275	786
433	642
741	759
153	487
590	779
415	445
75	199
92	492
356	498
362	404
43	69
511	774
374	789
200	747
161	681
113	266
144	287
378	770
33	428
287	755
374	523
128	287
86	309
394	594
475	598
176	591
101	557
499	697
123	239
366	462
236	355
439	799
480	752
469	519
0	588
280	544
477	500
1	775
614	676
177	292
251	593
495	633
116	227
241	567
521	568
158	358
293	611
232	589
11	306
118	224
135	497
33	35
307	673
481	691
247	444
187	604
789	794
242	694
356	650
83	447
360	791
398	629
440	754
24	368
199	562
149	504
462	635
40	717
179	236
12	716
124	363
100	325
455	780
200	680
101	301
363	429
204	430
184	444
87	366
556	659
104	411
391	571
396	545
221	643
83	585
353	426
119	167
73	268
248	578
64	576
132	447
138	631
342	653
97	588
468	652
387	634
90	502
338	521
497	541
266	489
50	465
373	405
77	152
440	730
80	523
119	519
161	629
453	476
609	683
473	690
88	187
346	583
392	749
183	314
383	442
64	160
449	460
103	495
415	691
335	726
360	389
9	592
123	434
499	776
90	176
180	698
26	432
466	565
97	448
18	556
530	775
617	753
113	185
603	730
125	498
516	527
786	788
53	565
215	572
536	595
315	591
254	404
248	563
116	556
290	417
264	798
56	80
68	535
136	614
621	768
298	706
409	503
513	567
355	411
285	643
458	602
52	409
429	572
292	380
468	660
1	699
394	684
562	610
107	463
2	15
205	737
381	492
302	358
88	647
229	785
332	653
16	125
151	569
397	799
261	723
470	489
265	268
121	323
424	627
20	490
92	570
400	410
309	563
57	518
209	716
407	612
419	428
290	414
327	368
610	630
103	350
271	631
47	521
368	561
470	579
585	781
69	116
238	463
248	767
281	666
128	333
118	669
13	378
104	112
571	645
484	767
571	603
80	395
10	715
128	642
488	498
147	408
16	122
22	130
270	731
326	776
261	689
620	730
451	560
402	596
94	552
462	706
356	575
53	534
94	787
650	665
536	781
392	548
148	423
93	632
76	684
376	692
367	372
240	361
161	350
246	378
49	182
353	430
167	372
429	640
33	511
236	769
240	519
538	758
26	217
431	537
7	591
154	482
60	795
448	453
410	768
486	683
483	659
220	650
130	387
250	439
258	549
116	554
62	686
122	142
521	551
63	257
276	443
261	718
167	561
397	502
200	348
391	744
449	497
639	745
619	718
177	205
196	786
245	514
578	678
178	787
71	661
690	798
40	409
384	656
155	676
130	435
499	728
489	590
236	380
121	572
91	249
282	753
276	461
198	328
441	788
317	780
526	727
19	294
122	485
290	771
147	446
510	789
314	700
561	726
379	388
195	259
150	372
608	658
369	677
246	319
220	638
375	723
134	281
144	664
141	573
519	547
73	455
290	743
453	591
255	663
648	745
451	728
219	674
191	664
3	431
178	612
44	416
70	743
393	402
169	364
177	789
238	531
12	314
43	630
159	552
116	232
414	738
69	640
237	321
337	563
491	616
175	182
340	444
82	336
414	546
211	429
3	717
93	337
60	431
195	520
238	746
97	511
526	708
412	432
107	215
179	470
76	716
455	792
104	142
122	258
57	316
322	428
89	194
57	637
256	473
167	318
55	499
552	565
386	618
283	426
28	511
268	711
5	105
152	683
178	574
125	306
239	431
232	677
188	571
7	278
134	516
247	687
199	561
533	704
179	245
217	284
252	555
104	580
106	413
491	657
147	705
23	27
34	56
417	481
347	766
377	538
426	532
152	430
208	540
324	736
346	429
145	682
344	357
578	791
489	721
283	771
122	298
47	458
289	338
302	379
683	747
716	739
98	261
287	534
25	528
71	320
359	593
183	693
326	559
89	297
31	299
160	517
19	205
73	505
562	572
536	726
245	617
93	682
52	555
142	621
198	644
532	555
28	577
255	448
406	797
59	487
137	500
145	159
64	759
4	780
688	796
96	648
394	755
296	711
65	639
347	719
43	758
240	297
353	593
136	302
467	770
12	179
417	694
305	569
150	273
709	757
629	767
135	365
317	773
286	703
30	339
109	138
585	730
115	486
222	772
320	406
618	787
19	62
48	572
80	393
10	87
24	406
227	717
113	141
72	662
193	369
625	796
230	664
540	627
534	652
169	602
556	682
354	514
473	643
609	659
137	492
136	578
470	610
159	487
75	554
56	676
623	638
47	223
38	426
40	234
217	372
360	648
103	334
574	748
214	440
150	514
327	356
93	456
406	691
430	580
229	458
86	657
65	326
387	726
523	776
24	691
203	726
339	519
532	786
197	626
493	776
52	494
187	639
633	655
69	203
134	407
129	194
189	427
430	769
145	518
5	659
531	728
399	401
267	465
363	605
506	555
259	296
109	292
134	445
58	777
7	116
32	415
279	300
222	781
635	696
8	418
547	706
160	340
220	245
310	479
116	468
30	588
359	788
172	661
134	368
398	632
674	709
340	363
199	436
39	351
344	416
102	170
403	551
65	780
331	543
192	737
430	466
170	601
171	301
526	776
71	773
48	196
639	675
102	256
126	739
165	338
370	688
119	615
84	451
171	684
685	723
337	360
189	303
147	567
13	206
203	766
38	496
387	795
555	751
60	235
239	569
279	549
39	483
66	117
57	122
320	494
168	338
70	319
227	596
207	610
418	771
129	385
488	781
199	409
566	760
537	676
477	508
434	570
243	586
281	551
110	199
153	314
357	550
36	465
540	621
13	711
92	623
223	799
536	716
23	417
27	168
24	221
207	796
69	137
7	158
212	763
243	727
153	323
389	625
396	662
174	681
693	728
601	628
112	466
265	475
485	737
500	593
197	216
82	290
337	775
453	574
223	692
341	620
195	600
99	206
280	424
419	446
30	82
312	323
275	514
239	675
510	617
95	317
96	681
2	361
520	525
3	698
361	599
125	322
218	751
546	713
70	536
46	491
133	337
38	360
69	780
307	369
123	343
299	685
563	780
112	226
465	634
311	507
193	460
650	659
286	303
389	454
309	451
73	610
386	784
470	755
279	754
538	625
462	519
339	585
261	711
93	601
270	669
171	565
271	632
400	692
219	677
177	771
29	692
393	505
201	571
96	239
69	420
442	489
231	499
232	488
581	624
206	687
369	750
106	774
456	729
434	486
182	626
465	798
671	772
669	759
589	716
676	711
289	780
69	460
560	642
146	732
465	694
127	466
120	528
627	704
121	661
12	227
67	625
75	439
103	527
208	688
588	649
136	339
449	589
611	659
529	774
259	572
89	420
645	765
213	794
37	153
344	387
161	182
469	683
194	349
582	601
403	413
190	544
221	363
8	690
761	767
526	732
41	137
483	490
230	438
44	479
181	308
310	554
2	47
379	711
359	590
13	525
55	251
108	598
129	545
471	776
662	793
521	739
222	489
191	783
255	508
235	293
575	713
209	360
75	353
108	160
231	592
246	430
128	544
537	562
37	385
333	550
23	458
190	269
299	541
244	423
14	482
258	700
10	351
182	615
630	640
138	582
347	629
34	529
432	650
109	412
448	643
54	286
681	788
117	796
458	789
141	230
543	798
476	778
217	422
268	647
239	502
687	789
55	300
223	248
366	474
19	133
430	439
9	347
104	294
431	602
69	740
154	216
504	596
248	757
529	755
467	697
521	642
705	766
145	526
52	73
697	725
510	607
103	261
18	512
68	517
701	739
299	593
423	500
172	538
263	535
238	439
179	293
451	610
10	646
537	602
285	407
301	471
210	543
244	563
215	318
167	602
653	776
169	222
421	743
20	334
43	662
415	545
186	253
231	393
278	694
578	655
128	709
276	416
271	735
479	679
179	432
149	525
114	285
756	777
399	470
50	797
77	313
233	293
306	606
223	678
114	698
28	717
93	706
154	700
245	489
117	554
442	786
390	577
162	407
360	759
416	638
154	314
143	233
520	663
159	177
241	561
428	480
573	736
131	496
553	734
355	550
148	213
11	613
490	694
180	199
518	747
43	127
409	685
451	565
317	334
231	779
182	623
209	213
407	594
68	620
79	678
201	497
464	620
60	314
304	720
30	644
198	464
185	674
349	455
234	417
53	640
45	675
35	736
391	578
426	454
321	573
309	388
383	678
217	491
102	588
38	219
249	280
84	792
406	413
365	759
93	256
93	333
246	478
55	135
298	609
25	704
216	782
75	351
217	697
59	632
435	491
141	522
525	787
211	729
180	400
19	600
577	690
152	310
210	309
642	774
154	487
223	612
245	455
219	235
17	84
39	671
20	273
424	629
312	649
227	745
28	314
561	570
237	485
145	525
368	666
390	472
47	354
329	767
344	504
218	761
62	702
485	596
15	351
222	494
35	769
224	278
30	470
435	709
567	712
558	795
435	785
270	420
220	399
526	647
14	215
134	686
394	686
196	568
432	698
309	638
652	739
246	394
271	435
538	755
618	659
176	784
233	358
667	763
31	398
8	427
60	495
208	798
261	603
345	505
133	463
105	535
553	595
69	362
345	596
639	702
379	626
402	410
9	417
307	555
565	576
92	243
598	786
159	407
288	755
399	745
170	571
307	669
333	467
219	712
517	755
494	558
521	744
435	567
60	666
694	776
77	556
148	206
478	539
322	580
487	787
127	333
20	409
17	143
44	694
446	633
320	468
391	745
100	316
156	248
283	618
566	734
149	293
340	590
236	743
259	299
296	650
61	66
154	465
540	793
127	739
228	413
291	697
501	683
357	577
481	634
628	758
342	443
150	418
274	403
254	277
154	158
505	685
200	271
318	368
337	714
251	265
445	778
168	398
369	395
285	518
221	421
507	767
341	666
356	559
483	730
395	606
529	678
306	494
438	675
464	561
427	540
546	560
452	455
37	529
230	553
656	795
496	526
319	446
250	546
148	439
82	333
13	305
312	379
594	633
236	773
261	769
72	467
91	253
306	453
249	345
261	739
74	519
143	324
385	404
432	437
75	363
504	735
140	239
216	752
617	627
284	607
280	448
728	798
56	606
34	499
125	639
233	521
180	414
255	277
398	557
153	352
309	564
558	760
507	689
25	631
541	604
461	561
255	318
351	487
202	342
624	680
312	420
199	778
4	447
529	687
45	128
168	682
37	228
39	686
229	554
496	723
71	100
492	768
23	230
45	597
346	381
643	705
503	611
243	563
107	263
553	770
282	671
227	464
216	266
55	539
473	627
17	778
185	763
155	518
145	477
373	680
526	669
258	458
152	618
281	517
159	337
512	716
76	324
30	211
193	280
388	748
182	420
413	648
37	465
357	449
518	793
80	689
93	631
396	681
74	611
101	759
302	338
468	751
226	520
55	733
83	181
290	618
44	714
329	447
389	478
595	631
72	328
204	749
93	183
111	719
282	528
500	634
141	665
456	602
463	623
49	554
36	417
243	715
167	345
520	778
302	643
642	724
354	655
137	191
493	765
275	412
51	475
154	790
518	558
28	402
82	228
170	310
69	110
274	563
265	668
280	403
719	782
598	734
113	282
480	712
162	738
254	312
167	462
626	745
145	266
61	372
209	623
215	734
61	530
100	495
281	472
210	589
54	485
591	753
202	311
32	472
309	746
153	517
118	427
111	664
10	655
368	618
318	474
93	566
518	694
752	770
445	544
749	793
194	697
297	404
346	362
418	549
527	762
390	746
329	436
171	527
241	523
424	429
216	613
83	337
139	391
237	767
278	746
95	306
7	50
72	533
220	368
243	660
202	480
298	569
94	660
252	324
242	762
435	653
290	525
233	298
159	186
359	367
609	759
571	598
235	531
743	758
464	621
31	664
9	56
141	454
74	550
111	422
33	438
198	222
196	503
318	548
268	561
66	134
112	385
348	777
465	680
291	378
368	416
327	525
207	356
62	98
20	378
38	267
219	220
164	563
362	727
287	667
654	762
648	786
562	718
491	620
462	528
356	484
515	679
144	527
5	494
68	280
349	603
744	771
131	413
475	696
25	520
678	778
454	501
392	439
203	222
477	750
30	337
174	697
22	26
530	774
216	504
401	780
63	375
444	529
620	701
383	786
768	775
665	684
82	596
560	577
30	494
212	683
15	373
113	149
6	650
230	791
217	663
152	351
68	518
6	209
659	771
44	463
232	470
29	503
9	160
153	699
73	738
93	323
269	584
26	188
231	516
86	123
246	505
599	780
21	66
232	316
197	763
633	710
56	616
85	100
490	761
581	670
241	306
418	527
152	540
356	706
243	665
201	348
755	780
161	558
226	416
127	217
227	604
220	627
18	149
478	552
158	755
225	279
20	346
181	225
183	783
390	740
293	740
228	448
2	514
293	678
575	786
708	738
121	382
431	646
418	496
142	450
56	442
142	321
166	212
469	518
338	672
211	542
280	730
62	561
92	359
77	601
488	664
237	558
444	756
283	460
280	635
206	560
34	725
339	373
734	793
34	574
346	372
368	471
110	430
453	793
295	680
13	55
127	436
376	752
273	551
210	631
169	785
236	347
23	60
389	674
9	382
87	125
299	720
614	743
223	260
452	619
158	779
435	584
270	519
514	636
25	351
243	655
91	616
300	535
13	315
177	454
214	647
583	707
90	623
404	732
430	768
128	410
160	324
194	199
580	588
564	605
43	628
50	387
449	513
260	573
111	794
129	237
88	102
160	587
29	468
203	611
676	746
90	612
60	283
311	694
350	672
390	622
628	750
8	682
158	272
78	439
457	522
137	443
7	154
86	748
89	366
58	297
291	653
298	689
84	357
194	297
31	790
369	528
539	648
71	385
19	217
446	570
14	29
246	337
295	613
383	420
694	705
565	789
533	687
314	503
244	310
299	318
147	175
96	707
162	609
342	575
98	173
181	771
170	478
35	153
249	485
0	541
650	701
19	296
128	725
365	704
532	727
271	381
132	247
30	377
608	660
36	573
142	698
491	619
106	586
91	434
67	511
126	532
571	640
397	548
176	637
9	115
498	668
189	348
376	591
212	700
369	785
260	665
30	575
178	443
72	746
377	671
690	758
372	395
130	690
437	739
253	623
57	224
87	447
266	662
524	677
349	480
1	106
141	755
115	464
205	234
630	745
171	634
350	490
312	448
554	666
121	332
119	586
278	575
339	596
550	786
36	646
481	532
218	416
31	487
121	782
375	496
24	85
412	734
194	755
53	288
224	317
85	462
75	337
95	238
12	790
540	711
19	701
35	682
166	422
252	679
354	435
106	729
29	144
504	793
156	712
237	451
528	577
178	509
406	570
271	789
253	705
142	575
639	785
0	684
56	511
3	153
5	304
368	396
357	447
353	394
53	562
111	761
223	749
534	742
306	445
101	687
481	593
673	774
578	665
154	268
689	750
701	799
256	613
351	736
277	373
465	469
331	503
180	573
72	458
144	574
343	799
505	607
142	715
257	490
516	584
36	619
312	337
227	637
123	214
324	512
428	579
298	751
301	460
508	708
153	450
75	652
668	688
294	440
728	735
125	753
36	44
134	428
79	737
177	651
107	603
423	440
119	241
276	791
70	169
212	531
495	639
653	704
518	688
210	278
626	666
433	692
99	473
331	411
101	626
340	395
346	451
203	213
175	286
279	459
503	676
161	694
217	631
46	414
148	786
133	384
142	497
368	677
436	684
68	301
257	495
493	636
44	300
228	248
259	330
367	701
21	297
189	627
35	53
280	663
13	749
404	775
540	764
56	789
302	389
94	614
92	97
319	426
10	647
268	635
299	615
159	741
562	766
291	664
166	670
255	472
253	715
684	758
298	604
120	424
115	124
3	39
246	719
277	371
731	778
411	589
195	704
142	609
202	375
23	100
31	112
725	741
526	563
328	513
455	746
10	483
599	674
330	483
485	741
416	669
49	361
44	667
275	760
65	731
26	443
489	751
9	63
129	479
171	656
100	305
107	518
501	649
25	108
453	670
227	751
220	528
276	754
336	784
478	655
396	605
420	596
190	752
62	499
170	759
293	446
22	276
485	503
578	657
79	299
555	560
44	796
182	258
50	366
98	544
46	90
166	714
437	763
307	603
99	176
57	388
62	508
116	148
143	329
60	514
457	546
220	693
209	479
117	464
221	311
239	548
139	703
301	615
672	719
260	298
87	534
634	778
474	514
23	648
399	414
398	482
16	418
249	462
165	736
74	199
91	429
446	781
512	749
335	768
392	695
146	297
625	709
685	756
393	477
337	394
232	524
517	769
336	710
304	719
434	557
501	573
227	609
606	658
220	370
125	222
250	363
173	262
46	364
297	455
356	443
100	629
194	757
677	696
370	657
9	568
5	617
428	515
91	242
17	436
561	594
578	651
335	416
50	439
385	501
509	581
753	754
267	646
129	656
164	458
27	643
361	677
10	332
501	635
54	62
187	592
232	383
59	343
113	684
100	101
388	424
159	709
52	538
299	467
371	417
503	667
57	401
218	576
153	783
174	323
459	539
191	395
285	384
398	763
384	718
46	599
444	616
41	600
301	745
8	436
339	385
389	509
119	539
468	540
487	783
40	239
422	584
13	47
485	667
523	623
485	710
300	789
235	335
483	507
420	797
246	684
166	580
471	762
532	794
138	504
0	167
406	740
191	219
657	693
119	464
183	738
592	796
116	183
21	584
408	597
471	652
4	235
256	465
160	605
501	757
666	680
134	238
454	488
740	767
689	711
225	732
38	630
351	675
424	745
28	788
326	455
0	120
98	577
140	425
54	638
76	313
164	676
244	541
45	642
441	709
593	769
562	751
106	747
503	522
451	520
240	431
101	175
386	776
311	706
340	364
479	616
15	540
281	526
135	410
545	694
73	779
379	728
393	650
429	617
65	315
49	154
27	473
313	398
583	745
265	278
216	593
123	334
19	219
444	735
8	69
565	608
107	414
453	580
30	288
200	235
9	751
418	628
94	243
207	267
221	594
152	527
170	752
520	535
363	467
569	678
187	234
638	726
20	605
286	479
330	370
312	557
516	684
560	589
10	28
376	519
91	538
457	794
533	583
101	440
34	309
248	635
109	217
393	510
133	426
276	453
413	599
30	312
538	594
302	746
546	768
245	648
78	470
5	216
4	620
106	154
97	301
434	693
190	221
105	717
98	347
87	252
197	321
143	657
6	31
208	505
285	555
451	752
273	598
120	194
130	265
244	318
456	574
275	394
45	593
132	419
343	515
79	276
342	688
145	511
504	605
358	767
80	472
237	301
582	779
394	679
551	685
113	451
122	662
154	498
302	559
280	399
178	321
148	408
327	613
620	715
56	171
254	526
170	444
339	778
88	381
280	775
222	704
379	758
478	574
438	534
491	606
679	706
237	507
635	730
62	406
136	269
416	708
121	141
325	446
512	569
19	310
38	52
114	570
81	235
187	482
414	771
665	779
262	634
441	702
536	586
118	708
162	746
248	706
5	565
137	161
316	475
187	680
320	603
54	316
34	581
440	590
355	716
174	509
227	690
378	540
64	198
179	411
174	334
266	676
493	557
571	708
220	360
506	679
187	310
320	352
685	739
351	494
472	735
129	498
455	605
19	506
402	519
417	503
97	660
24	638
372	529
373	391
0	700
72	314
51	714
110	175
514	611
4	410
479	766
10	508
354	507
715	772
132	733
169	756
319	670
229	284
470	524
66	153
139	601
239	672
194	338
126	648
3	95
15	650
356	713
27	210
673	716
665	691
206	502
231	447
376	516
24	723
10	766
257	487
11	465
400	590
123	137
67	216
760	777
73	360
33	101
366	721
131	747
192	581
282	700
179	186
400	461
98	613
129	603
759	782
448	610
543	586
178	719
559	749
246	619
22	450
206	425
47	345
49	477
261	551
279	510
628	639
61	306
314	633
117	473
454	521
186	659
232	724
136	246
111	528
232	283
312	445
223	686
211	737
9	410
96	137
459	652
373	626
361	718
46	655
253	571
331	432
57	254
179	437
122	145
447	679
576	586
101	407
12	706
32	626
50	421
244	534
13	270
32	622
147	181
126	787
101	269
117	787
200	280
702	779
369	742
24	364
579	604
149	462
252	360
272	531
121	682
297	647
464	518
108	694
131	214
190	258
155	765
160	688
336	437
207	648
198	408
184	453
345	608
395	764
13	499
249	696
277	614
225	366
307	781
451	486
169	424
25	585
26	30
119	681
156	624
434	648
583	779
142	419
337	464
160	773
581	799
33	325
407	503
122	383
695	771
462	485
198	291
70	518
32	474
344	594
4	709
38	297
281	496
353	633
125	545
71	771
622	661
108	394
591	728
414	678
260	579
269	428
141	668
121	459
309	760
155	721
300	422
278	349
185	736
203	548
284	512
538	683
506	622
516	573
9	502
527	752
110	513
65	686
462	701
205	242
23	534
340	521
183	720
256	403
99	291
105	370
261	574
138	663
3	511
390	625
78	348
158	797
90	426
519	640
41	594
623	702
14	378
215	345
492	496
251	632
442	624
56	96
621	683
460	713
266	638
117	719
331	640
35	433
48	602
387	514
453	633
125	384
258	324
226	705
297	704
270	703
312	466
103	235
27	640
122	601
243	675
234	786
62	78
273	439
262	700
368	464
7	781
164	689
231	637
53	68
3	451
26	257
172	770
521	591
207	474
514	798
170	482
56	117
163	653
64	337
21	143
562	681
496	746
743	773
49	704
244	567
302	651
105	507
402	441
14	189
172	406
128	357
119	135
185	400
335	427
107	314
755	757
42	124
232	244
131	652
441	463
282	315
175	421
381	420
689	723
10	730
131	199
36	338
169	637
304	487
362	536
567	591
688	734
520	785
683	720
427	535
37	725
43	539
92	702
104	758
58	741
146	166
185	232
59	764
573	694
219	234
2	323
313	624
20	110
381	517
171	720
272	370
101	496
382	624
206	257
62	407
542	774
462	472
431	716
630	717
316	371
7	769
267	443
525	693
67	192
194	276
79	102
99	571
476	626
104	126
205	774
339	494
630	780
264	381
29	459
305	695
302	478
498	661
557	667
165	586
279	607
505	695
253	776
305	448
451	458
192	761
305	492
407	604
495	721
64	197
258	430
93	403
235	272
137	258
110	236
701	707
411	753
498	594
704	757
415	569
167	497
720	785
349	760
386	581
660	783
253	627
24	532
161	440
364	415
18	199
114	372
144	677
76	344
546	714
350	419
251	255
328	394
737	770
83	360
619	641
268	628
181	216
111	464
752	765
245	309
365	727
467	659
210	665
59	362
0	451
498	721
550	582
164	763
445	745
297	680
30	498
37	419
599	613
255	601
345	723
112	761
241	720
422	524
238	776
629	751
154	359
20	717
331	417
35	307
276	549
127	237
384	411
157	568
2	183
111	255
388	683
320	625
71	173
463	684
621	664
563	654
461	598
637	726
89	562
186	347
516	623
356	628
521	785
300	352
296	633
256	392
496	770
474	687
191	776
472	670
169	603
175	400
308	658
521	684
251	741
31	215
277	488
272	671
8	786
291	594
482	545
31	256
509	685
35	227
612	773
287	475
83	459
314	783
124	227
219	565
301	660
99	444
187	241
644	728
291	415
231	370
76	178
67	272
415	522
9	571
190	520
217	366
128	590
444	452
491	773
148	791
181	475
360	578
34	671
176	509
277	433
75	641
151	793
203	704
142	552
562	768
221	624
184	228
13	439
165	237
131	447
546	745
129	421
6	525
310	494
371	616
511	615
397	663
354	454
267	474
488	634
14	323
229	502
151	255
33	651
260	723
39	339
338	564
288	488
207	505
298	484
112	552
222	566
45	575
80	352
487	654
373	450
270	752
87	698
474	790
262	544
417	558
251	381
379	558
41	638
281	293
0	229
87	558
336	690
533	732
288	295
211	735
152	405
197	453
642	687
42	630
98	407
55	529
138	358
254	622
304	722
245	352
154	486
630	736
15	755
528	797
91	546
535	647
28	643
444	606
203	378
24	630
147	582
174	452
20	243
191	699
15	205
671	694
41	412
288	322
129	228
226	624
609	630
432	755
84	321
327	557
323	722
413	489
57	725
258	751
75	570
427	434
115	191
632	700
652	766
126	372
30	264
332	401
32	338
446	548
500	600
20	370
147	611
119	340
150	191
341	344
360	452
258	789
693	765
156	679
259	588
169	326
619	782
21	268
438	518
27	32
338	747
468	748
327	503
5	706
249	371
392	717
182	581
303	526
100	435
581	715
37	424
32	178
220	430
87	510
2	445
135	544
137	705
4	676
587	640
431	531
248	565
656	791
392	742
35	741
569	660
120	690
363	539
82	444
458	747
529	753
509	640
678	782
260	366
396	593
243	713
75	360
103	557
44	410
10	118
32	52
372	782
461	548
99	218
208	589
127	315
4	128
119	631
349	770
31	155
327	384
66	791
369	458
55	622
416	697
426	448
290	540
127	494
272	627
548	569
84	799
6	311
142	255
277	347
399	784
173	435
215	614
42	474
350	723
600	654
682	769
175	631
764	783
455	775
217	537
660	702
338	687
119	303
107	737
160	258
167	262
84	425
44	53
215	330
211	243
114	716
158	454
521	667
10	774
27	721
75	228
181	649
323	768
373	695
207	295
391	393
119	430
183	457
481	491
517	530
30	759
64	68
134	185
418	687
636	639
319	430
324	430
262	720
212	787
125	623
193	572
705	719
41	322
290	751
277	721
36	259
169	601
442	611
517	707
567	599
236	665
56	528
426	613
108	397
422	632
276	367
217	767
196	246
624	626
420	697
662	784
181	594
21	739
713	777
441	786
292	636
43	327
466	471
259	468
575	691
512	636
763	787
332	517
479	664
372	644
236	368
35	137
92	566
152	603
620	684
141	599
212	405
641	711
171	188
267	423
290	757
132	541
303	345
157	382
283	745
440	697
582	711
352	464
196	254
630	700
120	157
91	416
154	327
208	361
150	738
5	400
33	699
515	629
34	90
651	682
187	518
56	475
229	531
651	774
348	583
135	730
185	710
268	401
352	697
374	405
16	538
525	581
136	783
557	782
188	493
491	796
190	687
354	625
173	638
64	231
134	426
455	594
329	770
270	449
627	776
491	677
136	347
204	634
343	504
27	644
214	786
31	552
327	559
726	771
94	539
155	616
127	425
10	579
708	767
11	722
193	669
100	500
195	748
245	545
174	284
295	546
309	345
357	398
140	388
273	308
13	259
577	671
685	797
4	654
96	687
470	665
132	236
318	468
447	722
556	759
627	763
448	510
84	372
382	609
21	265
185	610
99	515
513	562
268	351
203	739
320	540
340	651
363	636
58	550
279	767
671	708
147	515
362	470
545	755
422	501
391	583
701	782
417	670
157	509
341	560
235	288
428	675
167	392
141	305
535	614
151	296
397	613
156	592
328	385
164	605
324	533
63	530
116	526
427	713
31	291
109	295
162	778
420	621
472	615
181	281
381	617
402	550
117	508
318	718
104	614
148	552
33	490
339	767
337	683
297	328
96	717
169	796
283	421
137	678
326	438
32	670
527	626
442	628
525	744
28	263
408	666
499	793
397	447
769	791
8	163
249	617
133	422
529	602
74	616
29	796
162	627
59	759
266	288
315	571
303	380
496	751
274	350
492	605
732	775
264	630
714	728
113	213
29	105
66	231
31	454
82	484
231	700
69	375
578	743
466	535
208	332
334	422
1	779
397	571
426	753
385	484
325	614
3	70
152	227
114	455
270	535
588	779
203	347
6	241
37	780
608	619
536	712
595	659
3	476
100	301
227	553
207	770
2	357
380	741
14	366
561	784
48	176
106	193
62	355
349	674
20	775
210	346
277	724
249	611
159	546
122	392
430	674
11	343
130	614
224	728
334	374
56	635
240	437
22	553
235	750
181	324
731	733
292	426
281	772
221	494
134	137
35	794
269	613
104	356
317	525
365	774
226	387
210	496
70	753
124	247
60	736
11	100
68	74
537	585
253	548
82	357
158	674
337	585
757	796
75	595
516	564
152	304
50	135
149	539
433	784
463	722
345	744
11	458
66	528
5	116
224	688
294	527
344	405
257	539
302	522
57	668
190	710
465	690
619	796
56	453
472	620
734	764
301	316
233	642
225	338
567	688
637	762
470	607
348	770
357	426
755	785
345	354
445	681
467	798
62	684
55	59
88	774
287	350
116	305
25	717
355	600
86	570
0	492
284	665
433	468
257	733
637	768
143	402
233	672
357	792
15	446
81	798
195	232
20	676
361	607
12	31
51	269
41	210
137	521
37	704
199	472
62	428
80	305
283	498
137	483
507	534
453	673
605	754
164	321
17	618
381	688
491	585
201	707
250	709
323	353
654	794
728	776
365	544
17	771
496	796
61	406
389	696
439	492
625	769
218	442
74	190
286	383
214	441
167	244
511	672
232	545
88	101
139	745
380	460
392	557
236	480
63	466
286	733
75	778
182	266
165	664
563	682
35	795
93	486
331	568
53	475
347	768
639	770
356	418
261	708
687	723
296	511
2	764
161	614
386	401
92	450
485	520
293	382
162	190
517	608
179	509
214	419
202	238
431	677
443	615
403	470
625	716
52	143
464	659
152	705
134	210
296	784
510	768
567	759
207	623
144	295
207	311
636	775
49	647
132	139
699	706
218	668
22	102
309	685
392	452
379	423
119	798
195	711
28	401
216	323
98	569
93	382
236	448
51	725
502	769
110	724
281	769
74	439
274	387
574	766
73	341
619	660
221	793
209	455
12	217
28	488
114	380
18	383
493	670
53	784
23	764
575	619
202	540
495	547
245	349
537	561
55	432
49	394
294	493
32	381
499	682
90	416
355	449
12	262
156	605
414	442
684	767
320	758
127	647
22	468
184	405
1	704
17	156
189	525
381	407
107	557
234	643
130	781
330	349
82	740
32	449
204	342
88	673
222	603
132	794
248	657
422	476
671	756
290	519
109	391
516	699
501	646
392	534
18	369
492	689
15	419
345	699
87	735
120	324
112	459
10	468
757	792
310	616
332	644
484	615
358	476
253	620
559	663
56	175
163	733
407	675
137	204
15	162
367	604
19	450
54	614
401	734
393	686
625	689
89	384
343	631
23	469
156	395
109	237
261	688
116	138
14	374
200	406
481	686
14	121
139	728
200	378
40	285
418	538
41	401
55	547
50	707
98	676
169	623
404	529
274	484
211	507
48	254
429	736
104	275
558	568
554	748
19	187
568	701
45	130
27	671
322	378
435	496
633	700
324	603
613	728
423	748
284	415
19	741
1	136
462	518
25	35
277	489
83	260
419	782
526	608
358	519
11	144
460	484
69	733
201	207
668	681
443	538
544	775
4	779
521	664
330	532
232	414
185	397
87	623
281	671
644	678
87	749
82	355
187	769
572	592
105	543
54	742
42	288
487	797
469	723
107	472
701	751
552	746
193	438
141	272
468	797
109	588
65	205
430	619
157	215
46	611
119	795
600	791
279	560
366	644
322	665
434	530
46	360
34	220
33	633
292	767
406	706
248	607
226	238
350	498
28	638
147	619
24	481
295	484
399	780
395	429
419	719
441	704
453	551
149	456
77	408
605	779
391	656
115	510
102	239
262	659
46	319
52	99
587	623
7	425
109	315
278	699
102	689
100	781
157	470
432	530
397	733
89	154
437	760
2	399
367	687
623	695
256	279
141	273
219	464
131	136
115	252
393	615
511	737
291	460
248	655
527	630
171	189
305	729
262	326
179	468
192	576
463	773
198	514
52	383
371	676
602	730
477	563
337	339
643	765
249	794
131	564
601	787
15	380
3	145
49	365
345	555
509	567
375	542
25	46
163	303
195	653
144	651
152	663
134	469
141	241
181	779
22	356
17	640
41	129
38	275
523	721
338	391
506	512
280	529
364	563
658	724
224	375
371	585
95	262
140	191
25	31
227	256
14	390
238	276
290	579
314	592
61	94
172	442
598	762
382	783
38	247
266	789
134	483
71	145
490	611
318	496
456	573
97	668
164	241
121	615
308	741
405	675
50	451
223	295
297	735
190	218
655	660
368	588
264	522
52	126
6	81
68	391
79	593
618	721
174	202
289	606
143	151
138	763
728	752
433	460
59	526
111	676
528	632
178	592
460	530
187	493
438	596
240	661
497	550
138	208
188	688
180	539
0	423
338	505
104	253
636	655
121	604
68	337
149	497
1	750
367	682
190	564
282	314
513	781
405	667
147	498
271	644
226	657
635	693
381	580
250	791
438	520
8	228
128	492
368	697
136	315
44	763
142	467
310	658
453	645
151	384
300	354
448	487
95	533
377	669
663	676
526	645
555	746
54	190
200	407
125	357
372	530
149	664
249	628
135	485
298	374
425	466
318	377
397	714
386	785
281	508
26	182
407	623
597	760
522	674
335	690
673	760
413	443
30	269
429	517
501	692
227	536
393	756
483	486
41	455
404	420
27	651
120	492
359	791
10	353
255	359
208	752
289	641
274	285
457	723
174	294
212	725
346	549
259	337
177	231
132	601
62	742
32	528
74	488
147	372
384	693
153	477
12	278
22	434
505	584
91	247
65	376
57	87
5	566
563	790
102	230
13	590
561	713
465	504
50	261
254	687
59	365
76	359
99	198
114	119
15	47
195	224
14	710
317	562
516	653
191	604
122	197
388	794
603	676
540	608
89	145
535	693
387	535
263	556
327	365
192	573
0	281
100	732
717	791
249	440
42	291
7	627
429	694
191	614
14	551
625	641
180	600
188	625
228	518
428	474
36	634
556	736
103	516
327	733
400	601
190	767
120	529
616	630
725	740
275	778
115	125
220	244
195	579
201	606
546	754
75	359
557	718
546	739
38	354
318	595
528	552
109	559
614	764
737	747
474	558
375	778
142	759
372	599
164	429
143	578
524	647
147	419
596	659
103	384
116	681
269	718
306	446
9	322
289	783
132	556
508	581
49	452
93	677
97	395
424	751
116	397
507	748
258	696
73	152
22	269
576	588
222	512
113	648
162	622
296	500
94	404
510	612
666	739
406	429
275	612
333	421
235	373
41	229
528	758
472	527
316	506
165	533
83	720
158	789
316	699
195	662
32	653
600	723
282	552
385	764
23	750
362	423
529	572
547	684
26	702
310	581
232	580
46	583
298	519
415	534
167	230
506	708
139	624
99	118
207	468
9	700
222	248
199	761
362	685
402	597
486	503
145	479
43	365
512	520
12	658
276	570
603	765
2	345
50	144
506	791
216	415
624	723
15	466
80	533
69	178
97	289
143	772
174	614
20	204
176	252
527	591
512	718
233	510
331	431
210	610
251	473
411	538
30	338
174	475
117	509
175	495
725	786
193	489
650	655
291	446
578	612
647	692
592	656
388	528
314	418
730	747
284	764
36	741
328	558
329	612
41	71
5	783
446	515
262	268
148	394
84	495
217	271
252	519
40	332
50	210
4	490
14	278
186	543
190	227
381	758
293	457
522	748
15	761
441	726
117	121
216	484
100	785
38	128
216	556
2	527
175	711
258	706
322	340
354	791
160	226
527	732
117	340
323	517
7	65
533	616
113	150
93	210
19	550
487	539
136	461
90	224
89	670
221	530
182	252
211	538
98	249
390	684
453	690
643	694
44	330
150	585
103	484
209	771
433	522
74	313
50	776
502	604
76	677
344	641
279	419
200	621
286	471
476	492
453	526
217	528
320	404
108	574
162	252
18	375
90	674
20	97
229	321
225	303
11	597
260	300
464	615
408	701
108	781
152	628
102	368
289	743
290	471
561	628
53	482
57	409
622	761
87	495
346	690
714	744
483	558
515	587
363	490
413	706
336	750
138	730
119	228
44	501
77	109
418	570
35	483
548	664
264	702
116	314
182	199
102	116
106	541
290	358
547	618
163	639
209	416
51	694
532	624
371	614
24	250
251	726
305	511
17	617
224	315
240	438
402	451
500	792
348	553
146	344
350	397
122	159
66	208
272	522
276	466
304	760
559	683
257	456
279	414
87	686
71	690
159	553
283	296
160	411
366	786
600	619
268	451
79	104
99	792
137	435
605	694
382	652
480	557
385	459
117	736
175	595
3	198
308	755
380	657
196	676
128	262
231	653
293	591
260	669
27	448
252	436
538	613
185	357
201	450
222	274
62	359
12	102
367	663
303	728
64	715
12	254
745	755
467	575
154	402
641	792
134	611
567	745
62	457
523	525
86	290
480	753
391	450
186	551
125	255
119	751
87	332
367	620
611	730
343	781
64	233
571	607
95	750
122	310
362	477
64	429
116	788
278	402
20	623
318	482
618	702
687	706
231	765
140	549
95	676
533	671
56	358
135	655
11	245
232	339
304	694
116	445
204	751
50	286
477	638
285	562
403	530
350	656
409	596
225	266
353	515
483	545
584	771
158	529
242	292
450	537
48	338
100	129
465	581
189	252
599	708
6	713
519	757
240	625
1	571
22	152
334	779
274	510
26	170
48	428
228	409
71	664
10	234
174	485
85	593
16	524
484	548
403	546
393	496
280	642
555	782
263	681
252	686
67	212
351	394
15	765
225	563
215	731
463	479
717	724
573	756
63	660
336	523
164	478
104	615
43	761
68	129
189	307
153	642
55	655
427	495
236	529
621	783
129	161
284	779
77	189
0	279
231	445
28	345
69	434
689	776
276	491
80	505
25	626
471	708
139	498
461	533
546	785
8	331
94	482
4	540
556	749
189	736
82	718
459	696
311	441
209	638
133	437
331	799
135	647
492	636
17	293
297	589
196	355
369	671
106	666
239	714
251	500
289	769
232	610
392	479
297	380
63	162
172	469
476	706
350	783
298	652
479	697
506	508
467	591
431	769
146	322
24	298
521	784
82	738
46	496
65	722
311	467
385	783
527	651
1	279
195	558
318	773
512	538
82	476
13	19
273	294
386	440
499	651
325	615
616	737
536	598
201	781
149	674
174	300
565	597
58	648
16	220
249	771
331	435
347	510
441	681
671	747
466	558
244	607
221	230
554	683
366	640
20	292
129	171
179	307
34	339
96	360
255	794
197	660
94	338
416	633
452	586
125	659
436	619
258	308
29	311
315	702
439	584
680	791
413	683
17	52
403	484
357	691
59	246
721	799
171	523
307	642
653	717
174	190
110	444
175	453
235	726
404	527
188	548
341	649
269	591
83	372
454	530
613	647
46	714
372	584
425	536
109	526
369	740
577	594
412	433
190	443
201	621
337	772
169	461
165	494
194	627
186	310
214	238
202	398
161	251
132	787
467	724
93	484
176	739
120	161
311	589
351	553
429	668
375	486
94	352
415	614
141	566
117	481
629	726
216	263
578	775
0	558
158	205
92	564
277	511
363	553
385	627
246	460
622	771
132	678
612	675
2	621
576	788
318	344
603	667
537	540
293	411
73	170
2	232
155	563
32	399
26	400
322	718
82	585
371	536
545	642
146	561
86	106
156	472
374	508
169	657
288	463
29	204
225	592
23	213
388	731
186	563
428	700
224	763
175	359
351	359
141	309
412	557
120	227
363	735
103	340
154	562
55	613
492	616
22	304
53	415
286	298
45	471
343	734
413	415
334	589
158	355
78	578
105	317
406	688
24	71
153	339
287	580
26	656
185	273
219	421
484	644
69	743
41	159
649	657
592	604
222	288
592	770
423	464
25	273
553	568
12	95
266	328
105	254
289	497
66	713
62	764
665	736
374	568
500	742
327	710
397	523
615	657
185	510
180	401
550	689
75	375
165	513
598	641
278	525
187	674
103	185
569	697
102	378
543	757
366	449
374	553
10	369
81	317
543	569
422	683
384	627
57	605
256	567
196	381
305	574
278	429
198	534
200	689
383	747
526	577
227	483
81	288
50	355
359	455
272	392
396	711
186	615
430	507
38	212
158	235
606	784
142	625
111	442
478	499
646	765
360	519
573	598
318	357
297	721
11	141
70	467
155	709
108	173
304	422
70	133
156	645
190	263
78	249
467	602
361	646
397	671
234	596
491	740
317	624
226	797
114	346
185	196
338	455
373	521
33	607
206	384
423	606
206	368
286	613
148	303
179	636
80	731
654	765
189	765
296	619
334	386
8	76
49	179
215	240
541	643
114	441
531	721
26	694
410	795
73	193
217	453
709	713
5	240
94	454
225	581
161	583
455	741
377	600
506	624
321	740
338	383
36	83
438	444
462	752
663	771
174	725
512	657
332	409
114	610
417	636
51	619
223	342
105	600
380	579
590	662
254	442
110	563
65	310
687	762
128	405
341	599
46	277
225	752
411	686
54	408
533	648
157	188
690	737
25	397
152	291
157	312
66	399
467	699
254	631
271	552
190	707
436	700
266	564
561	783
41	403
60	107
55	732
58	171
108	250
174	531
230	453
14	177
363	712
279	550
243	518
219	701
54	354
357	469
454	783
227	645
365	574
710	780
260	563
320	757
155	218
653	693
73	241
211	285
365	633
78	711
23	455
11	615
261	467
183	197
0	45
308	793
394	693
291	419
98	723
147	536
469	500
131	188
546	571
228	578
461	577
167	784
195	387
534	791
2	789
347	784
463	653
337	555
618	767
4	281
28	486
74	267
480	674
744	751
431	574
322	754
100	498
5	236
74	770
197	432
76	753
317	572
41	614
692	759
351	617
235	406
121	390
203	470
392	785
100	797
518	798
502	586
92	184
411	473
224	573
580	673
287	782
372	696
131	697
150	445
31	560
739	754
46	674
217	286
452	639
254	748
74	350
276	331
121	618
294	688
123	128
31	780
10	16
287	706
208	325
136	764
539	620
335	692
739	776
486	585
96	561
18	38
400	751
277	518
214	693
211	274
145	514
473	579
446	671
22	425
310	667
105	478
245	265
298	391
256	621
253	568
465	593
318	790
408	693
238	282
665	763
476	750
237	438
13	545
12	539
56	234
741	744
23	624
313	606
389	393
403	495
523	783
122	445
106	209
170	667
309	754
138	475
241	487
114	601
247	321
92	414
109	198
129	373
83	193
32	599
449	742
0	611
309	454
8	483
77	186
84	786
37	739
153	333
164	502
119	329
277	743
763	773
532	679
453	634
527	656
12	337
155	261
432	488
257	680
57	763
72	142
153	384
284	549
405	502
28	86
465	475
68	586
366	724
11	622
34	561
128	291
13	704
136	574
418	703
176	490
1	625
462	529
217	400
171	781
538	644
317	585
468	546
30	786
343	594
83	599
90	480
61	690
150	657
126	547
157	239
135	444
152	643
471	483
153	609
65	530
185	257
380	515
378	558
611	626
431	725
4	583
57	683
33	544
314	367
6	483
113	145
760	792
194	470
137	375
443	570
216	308
332	534
52	60
435	551
174	222
361	512
223	639
97	466
598	692
28	209
167	226
185	457
48	783
9	712
50	766
70	96
71	273
384	453
318	438
6	357
182	714
269	419
180	266
580	717
495	586
305	619
44	671
258	286
156	467
226	300
274	359
406	715
26	453
310	733
29	557
339	428
488	499
388	659
4	610
188	776
441	630
24	388
179	298
23	668
646	699
37	218
556	661
443	602
275	365
540	628
524	555
265	729
164	390
29	779
400	422
67	329
72	619
4	376
116	516
16	368
657	776
238	580
107	754
574	713
556	674
9	661
345	681
434	489
348	595
352	492
58	586
191	264
194	797
154	211
287	387
228	247
316	481
44	497
290	512
354	738
92	798
459	732
439	658
264	433
89	564
402	790
146	519
300	348
152	622
36	335
1	466
599	626
181	554
293	373
295	721
474	763
505	563
80	408
0	263
719	758
180	356
261	565
221	381
195	312
408	799
544	772
265	596
2	380
15	426
79	332
147	701
34	677
212	684
63	351
466	591
333	511
166	709
298	322
117	130
131	733
333	443
468	741
154	258
348	756
296	454
318	520
135	670
53	790
193	762
139	625
506	577
54	326
588	725
78	550
243	414
244	726
270	489
113	742
178	518
251	478
184	778
5	367
302	755
698	780
138	710
194	262
276	472
445	478
123	573
187	758
31	514
102	620
724	791
305	649
327	725
515	799
302	570
217	660
21	381
42	642
305	351
527	540
153	181
108	370
240	258
47	589
21	686
159	527
157	738
182	282
57	611
361	672
164	635
75	667
51	358
240	389
139	576
282	519
121	458
607	746
56	203
111	595
304	492
271	606
336	764
470	527
257	404
340	789
70	620
491	736
139	553
31	725
51	712
227	552
122	475
482	567
242	604
15	634
244	641
562	724
154	581
562	663
105	570
45	422
532	541
248	449
272	754
401	655
213	335
499	517
401	489
542	634
43	261
308	360
356	699
229	413
208	694
163	379
426	792
26	793
7	516
592	797
421	715
267	629
154	599
344	561
239	327
325	723
459	618
28	204
272	496
148	733
161	281
591	784
170	650
110	658
34	314
209	580
0	585
154	506
160	791
606	710
254	323
575	791
160	575
350	418
469	507
377	380
130	288
404	457
296	584
5	591
136	769
311	671
710	730
240	428
65	289
189	344
149	428
70	685
436	795
73	638
607	703
179	523
235	481
337	597
357	514
89	172
374	614
283	631
443	779
453	782
246	566
481	758
22	118
214	307
308	546
446	635
652	779
278	623
86	751
266	388
13	136
19	405
476	575
291	344
709	730
19	763
250	635
38	530
59	328
263	416
419	492
79	746
588	718
39	548
200	547
208	279
354	423
37	161
420	781
202	649
105	734
336	430
48	760
510	706
455	654
148	184
522	663
209	511
183	417
48	614
335	625
153	315
181	580
512	625
15	307
139	688
420	704
267	272
17	314
420	501
39	608
675	690
202	348
492	756
50	285
53	73
313	678
552	692
580	627
39	99
402	532
110	741
65	384
38	39
446	742
74	143
77	374
250	797
379	592
247	603
175	552
441	761
112	539
86	265
610	730
75	104
460	503
132	695
151	334
408	471
534	712
659	784
332	634
19	280
92	466
334	535
141	304
213	682
347	687
136	295
556	672
312	336
305	743
363	566
352	555
19	195
130	743
25	38
257	471
484	594
268	304
668	719
240	586
326	412
170	385
181	388
244	301
417	723
205	283
216	465
135	173
106	650
153	604
156	256
139	557
217	394
270	565
100	780
63	463
250	708
57	201
160	607
70	749
114	775
73	725
12	115
287	716
269	563
2	192
65	443
483	624
315	483
159	430
112	627
24	584
612	650
69	133
428	642
175	659
470	636
232	382
210	780
29	225
330	680
218	625
695	759
362	792
573	653
452	707
66	85
430	671
610	722
654	761
27	501
6	587
427	512
439	538
11	732
28	218
356	623
97	556
105	446
425	625
292	640
210	713
729	757
133	408
167	522
148	418
581	750
436	558
27	160
139	658
60	331
225	771
94	105
231	275
9	120
108	194
607	766
136	622
137	611
385	714
78	181
575	697
128	147
112	506
129	594
11	587
182	237
153	236
315	327
73	266
205	331
250	667
205	529
476	643
1	645
58	471
339	563
54	192
522	624
236	793
436	676
1	284
468	483
36	645
356	398
148	621
131	483
687	696
477	687
99	520
215	466
250	432
588	770
307	384
364	662
334	377
135	626
67	265
299	661
507	595
172	514
347	734
150	747
174	367
210	259
74	375
223	780
88	688
342	739
199	730
247	377
7	181
93	762
367	398
149	532
137	146
124	252
176	573
558	577
578	623
98	170
242	359
45	598
386	574
32	600
478	773
221	694
443	533
159	615
358	690
141	233
719	731
74	342
242	569
100	245
401	457
773	774
591	752
5	158
264	384
564	689
56	269
439	572
400	498
301	755
71	102
126	522
124	658
307	711
347	491
186	323
361	723
112	146
269	369
431	615
411	577
168	220
208	675
284	374
81	678
116	392
209	368
112	743
35	730
141	532
140	713
313	355
23	655
336	590
475	741
206	791
465	786
375	668
93	526
145	307
75	114
20	75
133	501
62	725
290	620
81	546
270	424
619	721
436	466
547	767
289	386
659	748
197	292
207	523
29	365
130	531
260	364
36	125
529	577
312	350
557	788
119	235
220	441
414	536
48	70
89	432
167	435
55	131
21	655
143	336
652	663
135	184
179	641
658	666
186	789
207	666
60	332
95	188
55	316
149	356
238	583
182	456
126	674
249	561
416	721
334	762
163	619
354	585
275	674
137	528
367	585
222	241
193	267
95	765
379	505
57	491
224	503
506	689
127	208
103	613
368	371
221	371
239	420
66	152
58	673
433	594
160	544
163	375
96	273
388	411
134	161
423	793
158	544
26	317
143	786
184	229
164	294
584	674
592	717
223	495
16	20
142	218
424	532
104	469
233	363
162	726
187	262
353	544
454	632
141	242
237	701
521	676
266	499
514	658
76	131
200	362
426	582
697	795
434	664
321	688
519	573
78	435
704	732
489	684
708	746
254	668
39	589
233	355
294	699
140	656
181	462
341	653
336	372
393	658
258	705
215	225
144	663
1	785
483	606
307	744
270	721
76	623
9	386
75	752
104	752
157	573
414	710
144	398
324	577
491	738
172	748
491	769
78	334
186	670
205	273
242	776
227	498
45	57
278	352
327	615
257	426
63	144
304	581
194	360
384	423
383	446
94	344
12	272
160	376
207	577
424	655
401	737
362	397
164	226
314	627
80	201
299	688
210	743
608	781
157	569
117	162
384	456
89	93
543	736
274	393
47	418
233	367
288	540
277	401
269	461
233	693
363	405
255	394
220	629
466	592
669	780
280	653
124	481
151	534
33	592
376	651
356	776
485	775
481	760
216	766
21	781
574	719
214	538
484	618
225	426
134	748
276	752
248	559
64	750
56	530
11	282
267	309
584	762
542	732
55	451
749	757
322	687
186	618
42	633
77	527
181	455
241	636
39	717
296	470
203	356
233	625
19	621
690	700
62	563
96	553
60	460
703	787
514	764
465	723
157	487
538	694
87	568
285	410
15	610
506	754
234	787
18	417
212	410
133	733
454	690
54	182
221	369
360	777
422	498
105	530
149	705
231	696
376	756
359	483
266	663
136	210
7	362
414	422
76	788
340	571
276	457
258	718
97	409
374	492
147	278
345	628
9	429
143	408
109	240
38	78
124	454
77	376
55	128
74	166
432	754
508	755
215	796
134	509
12	315
253	527
407	617
298	410
73	442
356	618
451	607
5	539
107	378
342	467
691	756
181	316
539	681
202	498
332	362
13	523
91	644
127	620
181	194
147	273
415	460
68	451
499	601
426	700
496	774
31	98
18	228
358	725
257	671
123	524
418	552
45	759
149	376
93	501
603	769
104	349
350	735
126	592
194	409
378	673
138	613
594	682
28	195
75	289
289	561
655	724
113	281
115	433
526	700
443	762
195	527
649	794
275	619
48	529
169	175
231	289
131	146
53	249
297	551
77	506
23	107
568	646
246	464
431	451
134	743
178	254
111	148
184	426
483	637
49	255
91	701
51	558
572	775
741	776
105	217
507	530
215	343
510	602
12	167
428	691
327	355
72	745
319	400
310	388
317	540
480	726
349	571
104	498
129	219
348	738
221	335
242	742
368	434
662	799
301	379
271	334
245	257
450	482
11	189
475	660
5	637
30	782
13	375
507	757
421	615
140	355
42	484
290	349
468	768
158	374
252	633
519	651
33	644
88	499
44	211
175	311
445	748
547	661
133	190
568	713
228	527
309	502
220	235
16	367
473	539
289	598
507	688
467	558
59	186
56	340
81	320
395	502
5	218
164	670
60	269
81	116
486	521
160	361
197	411
661	739
53	774
338	458
230	385
475	550
248	316
589	608
288	784
123	231
276	469
359	521
99	375
426	485
134	618
246	558
516	549
33	499
731	760
143	745
439	581
438	687
363	420
122	365
392	657
318	739
209	271
135	693
594	712
353	364
69	148
276	330
436	463
152	466
339	754
177	666
341	756
189	210
209	670
67	466
226	687
408	559
14	490
141	254
169	187
286	782
137	729
57	791
190	750
60	559
281	386
28	302
129	613
148	251
701	742
263	617
63	473
204	457
428	435
250	671
651	732
34	575
250	771
345	660
358	405
26	247
32	712
331	777
140	515
52	694
236	634
233	392
620	783
530	541
298	339
235	742
366	654
453	681
635	708
191	717
96	190
180	513
18	476
447	686
115	282
232	384
112	762
82	696
92	380
286	669
110	243
283	755
320	515
91	564
703	730
417	717
253	348
237	282
302	654
61	385
498	577
116	496
265	659
81	494
566	792
222	324
200	622
121	407
55	743
92	145
17	394
270	530
202	736
111	540
211	441
372	434
221	642
400	415
421	677
336	514
134	208
198	225
206	415
195	613
247	541
253	363
243	529
228	246
319	754
399	668
221	281
141	402
110	616
169	453
72	464
134	357
90	762
788	789
628	722
603	728
155	460
331	797
700	783
157	472
439	580
227	468
198	235
251	754
217	381
257	765
503	579
319	656
511	613
526	772
738	785
203	759
5	195
98	551
156	347
329	706
32	510
219	459
544	660
160	428
192	413
89	270
511	790
85	748
135	635
177	229
595	655
516	610
84	735
52	90
81	280
659	727
76	260
596	609
102	576
264	542
103	537
171	411
174	397
229	474
338	571
392	402
244	676
68	770
434	710
502	587
343	411
50	506
330	386
85	742
601	611
494	657
155	386
91	337
185	208
171	605
511	642
52	687
417	690
470	484
147	450
168	737
31	328
209	415
549	727
398	454
594	645
2	512
276	310
153	248
226	274
192	799
684	705
109	428
370	786
348	430
122	415
387	432
324	787
352	415
213	603
150	170
491	553
543	774
184	308
472	600
71	87
389	715
260	509
249	531
554	733
197	491
439	532
646	781
8	172
134	409
223	485
527	690
288	439
36	638
302	431
240	386
20	237
247	747
551	726
367	562
512	576
293	715
522	740
689	749
185	645
410	564
327	470
295	497
677	689
171	294
451	576
58	713
337	406
553	657
231	625
91	784
462	689
446	632
164	382
235	743
5	388
179	670
201	237
54	152
261	557
114	675
367	738
78	272
141	146
15	645
266	285
699	751
119	596
332	781
53	178
66	390
239	766
82	600
353	609
217	430
89	330
574	608
385	703
47	49
364	468
165	581
418	739
106	553
164	323
765	776
94	704
555	673
8	768
494	536
432	567
386	599
186	696
30	558
460	735
627	653
10	796
26	114
194	389
196	604
138	789
190	583
14	707
365	617
740	751
312	662
248	555
345	425
48	111
144	531
724	784
75	423
203	352
242	464
210	717
43	168
246	458
79	121
111	395
107	483
226	384
200	525
1	262
404	459
305	478
222	516
414	713
548	749
334	404
504	711
690	762
374	687
248	620
276	757
92	605
115	565
466	678
302	362
377	384
149	211
677	779
90	335
418	616
99	416
256	301
15	36
188	345
336	770
269	313
105	656
393	452
542	698
61	553
594	615
534	695
28	250
62	773
230	492
573	713
170	405
216	342
134	486
464	513
302	371
146	405
485	756
585	595
130	635
80	295
92	680
188	273
338	408
207	377
214	700
80	329
45	164
117	364
13	46
221	683
27	292
471	528
137	730
147	183
584	797
124	430
172	627
71	481
478	675
309	609
268	777
310	786
364	787
0	142
127	437
441	700
566	679
23	231
458	544
588	717
68	145
88	529
46	80
216	638
58	583
181	670
10	620
160	336
269	363
15	229
19	72
122	474
210	674
124	151
213	418
538	769
128	589
472	583
176	336
454	464
339	584
286	625
633	728
192	511
204	441
350	713
85	481
182	320
227	254
673	726
359	636
55	371
95	726
313	412
365	734
570	591
282	346
569	725
613	711
358	359
154	515
570	785
277	440
555	783
415	766
341	387
6	677
181	249
358	622
104	530
618	703
182	520
192	704
333	445
182	260
41	456
524	739
538	750
161	736
287	294
210	453
578	680
453	794
541	764
284	344
475	694
82	198
83	313
442	792
392	478
205	238
273	469
590	610
576	782
312	737
88	230
170	259
39	537
621	696
655	693
92	485
673	730
663	719
55	570
456	516
324	540
57	119
357	539
512	700
27	729
312	540
365	677
666	776
134	735
493	615
313	621
228	352
67	774
211	287
254	779
226	613
27	654
85	388
338	798
78	305
236	585
122	308
285	717
31	306
264	468
255	797
263	330
200	379
777	782
45	444
301	746
20	127
303	510
588	658
23	622
285	449
345	746
54	685
462	697
577	704
208	280
108	256
649	797
317	796
158	236
630	659
176	377
396	598
130	469
380	629
254	375
6	359
189	572
178	320
429	509
648	789
626	787
505	625
89	799
242	603
468	722
416	563
0	218
671	683
208	667
201	643
88	243
382	415
671	766
372	729
105	145
307	624
313	446
292	299
317	477
496	697
247	328
52	482
255	784
151	353
247	261
305	424
190	511
123	274
13	149
116	633
332	654
345	347
116	574
369	413
32	343
408	798
372	492
308	536
119	333
458	746
670	728
284	657
655	793
50	302
13	240
40	732
406	501
47	552
252	732
8	308
184	793
550	620
72	386
168	465
129	153
93	423
67	527
189	287
497	784
143	715
384	745
155	486
476	546
170	500
47	695
336	646
276	735
3	261
145	351
253	719
367	567
160	687
12	273
577	784
258	261
178	530
54	360
246	746
189	652
219	670
242	417
15	118
426	551
211	458
659	721
362	545
356	554
398	546
186	477
174	577
227	320
327	597
68	403
628	734
33	200
332	690
329	710
409	755
14	312
313	639
136	682
236	447
170	670
187	395
124	326
443	594
501	678
363	576
110	504
125	240
278	348
99	539
619	688
184	237
222	799
158	228
323	360
401	487
513	662
108	219
114	534
459	506
74	766
211	620
636	660
76	120
292	349
292	337
72	618
142	507
173	656
303	322
3	593
275	787
289	350
155	203
113	591
624	782
101	361
266	282
383	529
220	542
348	668
365	693
569	650
379	636
213	771
87	721
94	371
159	361
51	263
115	267
250	650
577	582
163	184
498	693
270	593
200	682
331	518
721	738
2	566
528	639
151	352
589	767
343	533
5	419
407	499
497	545
198	271
410	608
645	793
590	739
725	748
484	638
159	774
34	775
150	304
85	384
358	474
397	648
141	143
314	506
54	692
230	458
189	362
196	552
226	312
185	369
194	581
41	772
614	640
352	566
184	383
543	579
22	222
46	425
120	659
452	538
80	585
335	523
494	498
81	203
153	504
154	416
7	699
428	670
381	757
25	188
596	772
278	626
127	728
410	517
7	435
34	760
137	299
87	552
751	789
236	383
441	730
427	451
219	772
259	276
92	309
50	111
421	760
68	799
188	643
208	511
319	785
318	723
223	621
406	435
142	694
421	444
235	595
257	561
351	454
152	573
21	451
505	782
105	174
442	612
193	760
241	736
113	786
457	641
390	644
181	616
453	485
47	539
283	730
206	631
264	666
178	459
197	512
330	750
499	515
59	726
262	413
234	425
96	466
400	483
215	545
621	645
76	111
73	646
26	782
198	493
257	373
367	420
28	73
538	725
186	424
245	659
344	566
14	646
126	662
41	282
211	499
26	711
288	311
29	723
111	650
53	217
67	529
401	739
367	647
460	495
45	740
270	323
379	710
161	304
577	672
459	534
273	320
197	256
329	738
161	355
382	507
77	207
170	799
385	661
621	655
525	784
323	660
68	199
415	479
177	311
130	636
253	667
442	597
579	705
59	314
696	753
28	226
104	269
422	728
94	584
181	220
238	577
263	362
147	591
153	358
60	264
552	564
160	570
24	417
397	624
18	255
364	753
333	411
623	643
156	490
170	631
512	531
184	283
55	699
503	734
99	796
193	270
436	594
548	673
430	665
415	560
67	555
205	332
34	200
88	610
12	646
447	542
24	407
224	314
316	474
383	753
610	641
146	171
113	328
289	307
195	362
16	335
129	508
252	662
775	776
371	477
211	525
264	619
112	272
55	373
272	459
145	373
12	443
351	742
122	687
539	606
88	735
430	484
332	493
111	538
300	588
1	629
391	627
545	597
109	473
144	685
257	688
509	753
194	469
102	791
488	701
529	769
11	508
15	780
200	738
94	133
11	325
89	495
219	306
96	574
390	462
505	693
5	290
71	655
198	651
561	743
363	650
197	347
364	378
26	765
625	747
53	541
674	765
169	690
486	750
94	288
164	588
72	79
77	700
590	796
186	620
29	462
170	355
109	679
165	286
282	341
487	652
397	454
220	319
158	771
485	769
252	762
115	152
109	341
27	713
269	387
599	608
401	516
91	212
48	215
234	534
620	660
205	470
296	521
54	337
22	760
644	667
511	706
95	733
486	776
680	726
675	774
289	530
656	657
494	725
67	357
519	731
556	598
300	400
374	527
465	608
272	338
6	356
249	343
479	634
53	737
223	784
97	133
135	524
233	435
99	418
51	508
428	458
63	568
608	691
97	501
57	643
453	777
371	764
56	671
473	499
188	651
329	338
53	642
484	523
436	765
663	725
156	442
327	762
89	111
718	776
406	572
306	747
616	638
67	532
114	591
301	613
621	737
237	443
396	454
84	183
654	721
391	629
154	184
1	773
385	744
8	630
385	737
332	788
305	779
691	799
500	645
0	12
165	543
222	479
156	264
224	373
207	458
199	403
52	673
168	539
147	748
283	592
432	612
171	703
21	420
387	523
244	573
131	192
76	459
100	352
69	487
145	214
162	180
46	413
240	488
44	634
131	579
141	318
35	202
447	766
550	674
239	566
703	796
70	322
83	124
7	581
340	412
105	450
752	792
326	430
141	407
180	362
33	102
509	706
243	411
97	687
20	656
246	363
171	775
313	441
144	794
492	610
201	744
256	432
110	412
346	587
422	613
337	660
695	742
431	450
391	528
32	747
177	263
257	389
63	87
122	323
248	624
128	280
72	184
343	525
211	778
332	626
336	735
403	506
484	702
82	670
186	400
194	720
123	489
282	362
742	779
356	747
197	412
208	311
42	305
75	413
188	467
210	352
253	391
278	778
154	254
325	796
316	327
354	683
341	580
82	375
623	716
241	377
285	592
394	685
64	685
551	788
216	527
125	408
83	693
100	327
420	686
379	782
279	631
38	511
135	490
13	121
302	469
212	228
98	289
586	672
368	650
312	506
10	564
13	294
42	167
170	479
88	677
329	348
209	400
4	193
670	760
511	780
204	770
478	647
167	322
338	450
192	707
538	573
225	377
202	595
98	735
114	565
133	352
96	643
110	689
502	652
2	539
358	471
411	502
162	491
38	145
75	441
289	619
395	788
203	442
115	604
235	305
141	339
296	755
265	758
292	739
80	109
65	728
76	273
27	218
520	691
222	706
103	739
46	551
346	374
140	400
465	789
368	468
166	397
535	590
71	164
381	696
288	377
493	576
179	402
80	506
625	727
139	184
82	465
9	14
171	347
340	446
472	765
13	519
364	509
709	785
11	713
101	259
389	777
594	699
642	697
162	457
16	258
458	671
149	331
500	529
80	357
297	420
302	409
527	596
320	773
206	557
536	708
138	469
44	63
189	354
598	753
90	797
647	711
216	619
199	228
146	783
228	650
436	695
331	645
631	692
326	369
221	544
392	428
227	546
32	221
629	704
184	643
244	523
115	425
409	538
6	165
385	446
424	795
246	717
398	462
23	749
439	705
377	763
468	653
275	611
195	262
239	296
247	356
403	409
561	584
411	495
206	440
380	680
544	798
324	690
289	364
215	652
145	157
617	649
181	528
258	428
9	274
410	796
121	387
151	529
203	456
354	509
221	436
126	544
137	584
21	193
252	359
547	736
479	638
373	496
543	662
671	743
513	634
171	513
197	405
294	742
277	396
273	384
293	518
68	240
25	450
143	561
146	365
178	550
600	775
495	758
594	722
199	647
36	632
65	665
444	672
493	651
279	557
95	440
256	764
310	329
158	798
311	370
309	537
141	202
42	159
136	329
112	468
535	593
1	94
693	712
57	397
52	518
143	776
641	768
76	690
14	592
227	766
65	87
545	726
114	658
226	458
252	747
89	281
121	550
643	702
362	796
443	593
202	556
386	527
189	518
121	648
14	210
130	790
434	535
130	494
599	799
16	604
65	307
439	463
77	779
134	221
98	364
477	487
227	739
14	159
120	474
563	774
140	505
494	745
653	707
43	585
212	223
212	275
215	677
54	574
139	442
93	98
234	370
38	126
75	799
276	775
89	627
379	550
163	696
384	748
326	571
557	714
325	586
175	376
620	770
337	760
75	509
390	500
216	523
345	733
184	294
563	693
426	549
387	409
376	436
18	269
361	511
228	594
87	688
332	347
79	126
235	671
119	777
31	246
661	775
96	150
129	745
458	504
373	459
247	622
288	397
299	369
426	644
293	464
516	601
46	766
229	647
75	540
154	305
196	220
391	755
211	360
413	466
352	516
307	474
408	787
61	65
70	249
362	555
15	444
1	325
544	564
143	190
111	785
229	665
246	487
107	724
128	174
446	679
453	548
154	430
172	243
178	383
249	630
117	530
23	502
215	396
251	317
71	410
125	482
44	385
393	698
28	690
137	674
13	742
695	750
304	594
39	409
211	711
219	495
156	370
328	514
145	591
37	728
159	640
519	650
574	741
493	691
459	558
50	321
201	565
19	95
229	667
68	744
372	592
269	389
134	673
270	290
135	406
452	768
76	517
72	695
349	358
94	505
120	409
242	710
136	141
135	197
577	734
15	742
107	546
116	441
662	712
663	772
344	798
315	542
81	707
69	336
80	306
277	645
140	390
519	613
197	611
280	526
77	733
66	358
351	784
140	263
38	562
207	735
137	641
483	724
4	585
18	658
191	424
110	210
277	672
200	414
199	648
211	265
474	735
441	695
293	547
11	586
599	702
244	443
274	649
37	785
73	481
19	224
201	539
702	709
227	275
95	471
300	618
352	704
719	741
372	456
97	751
593	731
490	768
190	696
107	499
128	153
67	460
540	796
335	723
709	731
493	680
372	758
599	628
38	682
231	541
7	440
53	757
184	787
300	326
115	238
224	569
433	746
451	630
282	540
299	415
112	321
197	407
201	417
277	796
287	473
331	495
196	435
43	397
409	694
167	589
236	605
242	418
188	277
83	127
487	770
77	127
518	633
477	606
176	463
350	709
133	336
28	667
30	162
41	545
253	286
178	293
485	530
268	372
343	526
361	425
285	739
77	621
429	649
213	234
436	461
351	389
13	621
357	510
83	310
417	611
344	778
273	477
151	581
159	475
155	673
270	447
164	383
0	139
166	565
322	698
437	449
160	561
372	680
13	351
205	342
97	435
582	634
484	589
4	697
86	529
160	786
173	207
510	778
142	214
320	438
62	761
439	525
104	589
306	375
69	600
123	230
90	92
141	700
335	767
43	300
229	409
320	364
297	768
439	622
28	762
352	500
327	585
89	758
314	485
251	583
84	503
99	234
66	446
618	748
203	282
62	580
327	485
295	525
40	126
253	263
679	738
86	183
212	238
117	141
505	789
176	706
53	799
87	196
39	311
37	738
202	720
23	332
176	638
125	193
48	521
32	485
306	656
561	702
106	612
82	409
119	170
379	625
193	552
87	203
439	454
250	412
191	536
40	358
205	426
419	593
185	759
75	788
41	754
253	769
232	375
384	776
81	87
104	379
254	477
104	315
359	747
78	231
203	690
228	726
89	769
220	656
621	743
254	471
22	69
319	782
215	657
271	392
142	639
372	745
551	635
318	740
576	627
651	683
486	738
0	14
183	407
220	796
71	604
147	253
110	324
265	635
286	640
5	762
480	702
523	785
98	359
349	532
60	256
581	735
233	277
125	227
728	786
245	247
191	758
81	741
66	106
147	173
253	467
69	384
518	794
275	635
97	393
317	547
223	797
8	216
187	514
335	455
625	790
23	177
61	578
637	772
141	413
388	393
161	210
298	691
131	793
76	201
142	673
93	101
635	798
53	173
190	682
277	509
40	701
174	774
311	604
7	513
364	631
159	265
489	596
69	412
40	199
268	297
196	206
284	597
25	231
27	693
94	654
31	783
315	620
372	383
26	260
401	664
123	685
320	545
358	426
394	657
346	671
133	280
488	676
89	710
512	698
303	617
113	649
222	762
468	657
115	487
264	528
470	756
31	392
283	293
156	684
66	786
416	690
31	91
93	294
521	593
437	770
84	359
273	613
375	555
521	737
276	394
418	711
747	759
96	241
8	452
101	760
234	616
139	410
646	745
283	572
154	769
75	770
55	690
610	670
671	711
84	697
524	559
490	755
132	346
29	440
149	783
327	493
634	771
73	131
98	560
662	692
395	699
202	438
263	644
317	611
158	357
469	617
38	793
135	323
354	443
30	450
432	451
301	502
281	591
682	766
230	289
577	638
609	736
537	780
60	155
352	694
240	245
308	538
438	459
232	752
145	193
368	773
72	512
471	481
54	267
66	309
369	585
138	640
564	670
125	501
344	421
247	553
125	268
278	419
160	445
613	781
166	278
512	682
389	399
144	603
342	718
250	357
265	778
471	538
159	466
312	754
154	497
353	615
238	420
10	447
613	715
219	748
41	459
120	134
242	735
265	421
499	540
408	728
462	746
64	410
81	292
180	557
771	772
505	601
333	528
126	695
34	236
1	402
66	191
244	650
49	274
280	549
704	735
202	298
241	749
477	786
430	637
353	719
63	312
212	359
268	386
78	527
32	75
703	774
40	64
70	363
21	521
102	334
279	316
330	441
465	491
4	496
192	228
8	479
67	148
650	661
272	567
301	303
93	443
36	704
401	573
145	422
246	283
704	713
581	768
108	411
353	716
152	609
232	403
449	690
117	656
663	690
152	439
214	215
586	738
9	145
124	451
488	775
183	324
2	84
8	171
159	482
347	785
344	725
152	768
6	469
262	716
493	731
490	533
588	645
72	536
205	314
169	718
97	371
511	640
170	514
600	753
482	496
101	307
281	566
474	632
223	528
224	680
83	519
7	412
393	769
27	746
268	736
540	564
124	168
233	586
192	515
77	131
195	701
64	434
315	382
331	764
220	743
112	508
57	545
284	390
2	333
286	457
473	479
151	632
408	434
3	121
290	753
140	347
58	771
252	608
93	451
476	571
72	518
243	433
144	648
70	344
91	747
217	371
118	234
505	734
226	245
130	216
360	506
153	397
192	300
137	462
444	483
222	424
187	545
127	422
41	102
349	544
54	631
368	750
104	163
265	416
5	376
40	607
327	606
134	599
92	408
424	660
80	83
288	425
14	720
140	678
349	550
202	459
338	340
31	346
152	549
153	596
620	781
304	724
187	764
280	289
338	609
48	680
337	431
87	583
47	228
536	546
159	666
507	567
269	745
78	259
755	797
345	742
483	658
6	474
345	637
410	754
124	629
117	325
608	786
181	707
224	363
423	511
91	587
148	370
18	458
581	798
79	435
117	621
376	577
581	785
628	671
592	649
54	476
240	687
196	251
313	747
122	566
259	378
685	754
285	341
608	710
324	354
180	510
560	588
379	436
214	473
173	395
320	750
457	685
649	736
379	684
259	426
400	589
199	474
325	493
200	788
190	663
348	468
192	414
211	239
527	695
256	676
32	271
204	439
604	776
608	773
311	617
9	689
487	761
228	523
78	555
295	452
2	224
190	653
493	510
768	796
4	84
55	178
38	336
703	741
539	576
18	709
359	781
272	644
318	794
431	675
73	608
415	583
458	621
418	456
45	439
240	656
450	686
275	657
88	682
76	304
527	698
101	483
180	555
200	643
419	513
469	489
501	558
67	221
51	739
138	605
15	148
513	599
351	409
602	655
58	365
256	705
264	703
203	594
542	550
13	17
271	342
85	411
98	165
74	222
283	724
269	301
218	223
430	603
348	459
43	363
96	519
37	379
405	743
513	685
95	737
216	301
485	690
627	684
296	540
90	449
185	787
254	538
55	200
665	678
222	628
245	720
231	609
440	766
417	422
36	213
240	530
101	796
436	468
357	545
90	461
32	198
138	262
293	368
21	626
229	666
649	651
109	229
497	762
53	597
353	616
533	566
103	658
431	788
317	518
420	688
340	365
221	407
73	557
180	219
109	684
422	463
143	621
230	761
58	208
457	644
212	551
70	79
227	357
579	735
257	755
509	695
273	325
92	189
27	734
97	610
631	781
121	635
244	682
372	751
507	783
156	586
339	342
211	317
399	633
97	605
64	174
307	509
285	635
652	682
66	465
290	332
5	551
456	548
436	512
179	440
518	637
709	784
54	594
633	776
204	351
82	511
154	188
72	673
15	597
454	491
185	728
378	422
63	436
40	543
121	377
202	605
422	741
74	236
66	799
414	716
239	454
169	683
395	523
92	391
295	430
168	414
631	768
7	466
494	615
229	630
144	594
90	690
202	234
505	774
32	545
150	573
516	774
541	663
590	764
393	488
507	577
323	472
52	764
32	226
279	308
356	715
4	414
306	687
493	551
200	513
202	544
178	370
119	153
235	752
616	680
598	646
42	270
698	732
536	737
446	592
241	503
295	661
593	657
471	567
78	328
638	797
65	607
446	543
30	334
626	703
464	591
430	486
243	398
210	740
293	495
33	413
142	635
12	348
588	782
270	561
268	546
611	711
557	730
228	659
449	645
637	668
43	252
118	659
95	211
382	473
50	473
430	563
566	628
321	751
633	768
123	345
41	743
402	456
315	687
583	716
129	696
78	636
191	686
763	778
129	634
452	797
451	678
136	218
78	360
560	752
22	431
168	496
370	457
120	153
73	173
322	466
385	558
268	601
137	710
332	439
265	679
59	233
648	787
37	265
105	113
462	646
158	388
222	441
82	305
8	176
567	659
12	82
103	549
303	337
2	74
59	612
433	772
378	742
66	170
582	633
213	473
48	362
395	628
142	465
262	292
458	648
352	407
12	710
42	102
1	491
32	175
344	678
240	388
187	382
52	580
9	341
34	723
431	705
411	431
227	431
137	219
267	657
13	486
149	506
23	35
111	636
469	608
537	788
14	236
247	593
603	796
543	624
190	568
178	706
75	123
132	728
89	463
89	653
530	718
344	497
205	537
275	291
24	168
458	736
617	641
499	546
336	392
10	175
6	432
150	491
7	731
268	406
108	584
69	681
635	675
315	581
488	678
371	742
499	645
36	133
7	608
234	655
236	265
51	250
382	634
435	602
568	766
127	176
120	376
711	775
352	638
553	758
155	250
245	454
369	518
701	722
33	443
280	385
293	647
500	537
103	111
140	563
478	639
54	413
383	564
125	369
43	596
584	768
219	450
352	720
162	736
213	784
248	466
214	714
218	484
187	799
65	799
14	43
270	471
297	613
320	565
137	351
185	687
254	646
171	217
105	395
415	608
26	169
22	215
553	731
341	444
380	505
355	661
421	785
384	708
468	735
668	692
150	651
468	678
63	571
247	301
244	647
115	774
300	534
111	346
277	395
137	494
100	744
172	483
38	443
447	556
285	724
352	636
103	208
714	749
326	436
546	701
581	752
142	774
352	493
193	383
98	520
80	163
273	713
675	764
177	301
326	454
109	299
85	781
21	545
321	488
4	228
24	375
657	744
147	224
204	578
90	460
410	519
178	626
127	352
341	799
187	744
178	711
246	250
176	397
606	660
544	578
179	640
274	404
33	570
195	562
295	585
144	537
194	656
138	611
519	566
35	664
63	543
116	627
169	281
57	467
110	615
180	469
165	764
539	635
96	584
108	517
234	775
518	651
551	681
518	600
178	249
504	679
452	746
545	681
652	721
63	492
473	702
72	627
355	543
186	537
715	737
27	565
54	759
598	624
520	657
84	701
84	699
110	794
547	685
632	659
554	791
628	764
761	777
479	687
283	303
25	476
142	750
34	273
126	297
686	693
412	565
469	703
353	660
188	751
422	555
127	354
10	326
299	796
278	551
229	337
54	754
51	442
165	469
500	666
177	609
195	728
29	521
100	582
620	799
92	612
530	637
4	46
146	688
110	327
222	449
13	337
57	278
26	748
200	211
176	295
377	624
424	662
165	562
123	525
425	549
358	613
20	579
564	751
90	479
347	690
577	643
117	266
384	655
287	488
68	513
73	208
200	408
267	597
51	198
398	610
249	401
334	788
78	692
193	754
108	546
169	689
219	690
37	616
15	606
318	757
23	626
381	715
30	228
642	785
540	642
471	655
400	434
623	682
6	66
286	713
450	671
240	612
320	463
244	686
419	533
596	701
537	589
140	334
44	374
129	412
249	748
280	618
65	586
378	712
512	752
180	396
488	767
47	255
332	443
162	199
567	796
78	146
407	650
59	201
16	440
263	611
10	720
128	276
456	506
511	761
123	337
448	473
148	533
112	274
398	664
432	596
55	633
185	348
248	785
313	779
165	291
99	443
549	702
203	788
571	682
60	742
490	658
497	733
120	178
27	628
549	641
398	554
162	702
196	664
106	534
174	536
336	685
106	563
176	345
78	438
268	276
250	622
592	618
354	417
718	758
196	537
345	655
50	599
343	702
226	755
6	370
533	694
259	504
260	452
407	756
98	523
522	770
472	532
424	474
394	706
206	261
57	175
246	314
355	581
254	603
498	677
387	590
483	523
45	528
177	733
248	442
12	586
14	564
196	706
102	611
437	677
445	566
352	729
335	451
264	727
431	523
272	348
60	626
6	688
148	355
421	776
542	677
515	666
157	333
321	398
219	305
336	776
48	414
3	238
513	628
237	746
74	686
61	376
273	307
259	792
7	175
39	275
184	753
162	301
131	759
88	721
155	522
112	185
687	715
372	390
392	733
318	735
107	473
176	524
484	605
364	376
69	710
318	673
655	761
149	746
382	749
579	747
27	416
683	794
477	625
634	637
152	557
181	604
360	760
359	752
44	247
8	480
39	452
127	656
380	686
145	774
18	189
401	641
490	697
235	274
479	662
152	480
154	505
82	168
430	757
105	417
381	661
81	755
254	664
702	785
71	477
44	646
494	578
95	350
287	336
537	764
12	707
141	440
34	772
345	726
451	713
277	404
87	271
206	481
702	789
724	737
86	241
356	702
144	445
82	764
355	429
442	648
302	520
277	766
99	483
572	727
292	680
168	395
345	705
141	622
420	470
600	623
206	549
67	300
304	430
30	407
10	407
14	261
59	229
181	338
333	673
26	344
536	651
20	715
336	457
220	323
12	391
413	585
556	569
152	236
226	619
522	700
171	633
558	788
71	383
255	264
304	398
381	571
24	648
541	624
25	625
130	520
284	359
636	640
43	356
364	398
63	441
693	694
149	199
508	512
376	601
575	690
252	609
224	566
361	794
421	438
337	414
193	238
125	327
260	622
378	750
692	785
624	758
359	581
201	600
306	772
316	663
16	661
112	143
367	480
105	181
39	538
431	610
55	441
28	718
552	744
53	104
322	526
249	583
488	558
268	410
6	122
691	751
530	681
35	410
198	536
260	404
294	736
100	701
402	560
14	384
174	287
204	495
139	291
675	699
181	538
511	753
697	744
294	360
475	517
576	698
231	523
276	589
499	535
155	628
62	560
471	680
166	703
385	435
56	735
106	624
258	792
423	712
190	737
14	402
35	617
88	513
445	448
56	377
28	689
8	383
496	733
287	503
256	772
506	537
279	755
309	719
342	764
480	733
287	432
299	736
252	734
356	684
328	685
465	574
250	549
81	576
0	528
89	291
9	489
757	793
574	771
478	702
562	687
221	785
186	316
1	371
108	360
309	692
345	497
234	518
323	637
31	77
25	511
260	786
192	303
36	242
17	744
318	631
210	540
25	184
1	525
191	679
569	726
403	404
558	630
60	471
556	649
394	636
96	786
645	776
89	351
377	520
462	667
366	690
15	497
358	466
253	478
3	272
56	516
113	307
2	678
4	102
294	757
416	479
195	759
329	633
184	331
327	604
82	774
311	556
333	595
193	789
284	797
65	491
265	539
41	331
148	741
45	244
671	690
47	245
562	564
90	243
491	518
402	658
76	97
224	784
440	606
31	173
225	265
319	395
21	38
99	661
140	237
138	673
75	513
380	507
655	789
268	584
557	588
95	791
46	764
74	446
287	494
131	230
18	486
170	732
270	741
31	765
252	539
107	288
136	740
322	662
17	279
344	466
6	378
687	691
604	606
448	681
8	350
633	680
578	607
363	723
261	790
476	622
299	469
12	650
220	593
528	744
144	327
224	498
478	508
429	484
288	673
314	355
440	455
119	211
7	365
145	716
321	483
501	592
84	345
9	780
34	619
521	666
183	235
118	551
371	395
54	119
90	387
11	676
273	512
408	695
218	291
192	350
697	757
627	757
130	722
247	548
730	746
346	705
196	427
383	765
225	288
10	304
332	510
76	332
1	46
261	771
182	372
712	744
218	444
583	585
245	537
175	305
233	289
403	787
13	708
200	544
74	379
273	608
749	766
194	650
310	639
596	666
193	208
129	295
170	675
422	768
152	254
765	778
15	173
534	741
46	327
376	451
80	630
263	434
221	452
11	485
295	722
368	559
83	471
186	677
159	228
443	474
193	674
332	355
35	42
465	773
286	770
166	207
160	793
318	560
25	250
331	747
447	729
61	269
471	594
375	686
6	280
443	575
293	602
236	713
299	618
313	397
535	649
496	679
58	591
291	408
564	695
309	462
129	143
317	378
84	404
208	457
193	474
11	464
122	553
356	634
67	558
21	710
170	432
294	595
42	600
361	507
281	424
242	413
790	797
282	418
172	667
371	622
179	691
632	719
261	763
224	234
370	750
141	236
80	789
514	612
559	677
73	415
340	787
232	439
72	566
389	416
259	731
22	535
381	427
512	767
359	721
215	267
275	282
397	460
575	794
405	470
105	352
516	797
790	795
31	468
490	792
61	181
46	577
227	378
261	616
421	734
237	333
109	590
235	519
632	653
125	494
302	369
27	268
637	791
16	162
145	515
486	700
249	553
448	621
686	726
337	346
565	717
70	179
66	368
89	347
353	561
208	512
123	380
240	284
112	721
441	799
67	568
531	730
395	779
433	463
55	342
272	312
713	772
515	573
12	451
211	787
28	447
420	694
98	236
80	645
154	525
584	698
463	734
243	254
254	424
189	317
279	796
43	578
45	660
231	735
107	191
208	224
23	282
407	783
40	532
582	632
173	617
176	520
406	583
156	223
43	208
669	692
253	417
562	603
443	567
191	691
160	239
479	600
157	722
31	673
417	502
190	254
446	553
353	637
776	788
558	685
168	293
306	590
328	330
150	344
55	418
382	384
617	716
3	598
17	542
360	595
159	517
51	87
54	735
365	497
251	719
404	450
300	369
537	767
457	605
176	267
124	237
92	228
562	571
399	533
403	656
7	342
75	81
52	372
321	720
265	375
146	515
416	498
762	777
443	468
123	709
606	650
239	709
157	565
284	339
10	642
375	794
204	599
468	473
366	464
224	485
189	669
713	735
309	758
368	555
306	407
154	297
138	191
29	729
156	200
24	182
370	725
418	667
322	768
243	412
329	535
5	278
453	781
300	716
110	131
384	706
616	643
285	325
61	349
551	763
370	410
240	592
145	470
65	718
190	385
347	439
599	648
255	495
48	610
360	542
248	480
126	260
669	698
254	799
401	546
373	721
351	354
0	499
119	627
115	243
361	795
53	685
127	401
393	770
184	541
158	536
371	551
318	489
31	194
99	339
573	672
175	395
474	648
30	544
162	538
472	598
7	779
704	719
429	505
90	609
108	553
26	312
645	730
197	508
51	565
706	724
149	798
534	535
300	564
60	271
348	426
158	328
166	680
348	733
250	512
232	657
484	597
30	394
476	723
582	652
219	497
84	271
45	445
415	521
514	652
559	699
614	652
110	187
643	745
35	791
33	755
513	722
43	487
71	252
49	512
333	765
213	678
119	655
235	569
359	655
439	545
685	693
37	683
13	247
362	641
337	741
304	544
366	648
597	618
577	742
177	382
470	643
256	773
350	714
218	628
186	700
290	407
290	785
143	680
127	479
106	231
0	234
251	262
27	679
270	787
442	555
636	776
230	267
323	556
408	589
18	386
248	687
400	418
120	179
224	658
125	521
227	242
354	712
153	348
165	599
0	573
111	352
436	638
425	690
132	580
284	647
147	307
488	670
613	760
55	213
631	695
144	145
612	718
520	721
87	638
268	684
496	606
161	563
62	283
346	666
19	295
93	506
613	758
122	618
550	712
172	691
30	693
4	144
259	318
476	480
93	277
52	590
135	523
602	768
46	125
239	244
50	534
219	345
123	305
157	254
276	795
262	702
256	343
429	712
542	628
82	562
372	438
175	339
601	777
401	795
73	609
142	780
78	549
230	314
267	439
232	520
197	426
598	793
566	688
151	368
255	709
174	787
5	462
219	240
291	701
263	562
75	757
268	496
94	519
346	649
228	631
185	548
364	774
165	741
39	449
530	628
305	657
286	512
408	729
458	725
212	354
365	720
310	437
203	767
785	799
517	729
382	405
386	645
198	631
208	725
476	610
358	758
103	149
526	654
21	514
281	673
146	581
407	780
422	494
16	257
675	785
215	360
95	332
164	569
163	437
158	428
346	741
151	698
2	533
250	593
462	762
321	473
365	466
431	680
409	549
81	427
665	775
97	322
178	692
378	655
603	618
421	787
160	797
293	532
505	590
34	127
257	640
635	690
648	669
139	711
641	755
452	482
374	729
327	413
487	526
421	752
80	670
272	297
97	263
59	115
320	547
492	562
391	474
348	737
323	671
276	694
368	481
98	578
391	631
222	358
308	713
207	424
345	561
22	333
598	715
313	494
380	716
116	685
125	223
657	769
489	562
87	316
153	776
260	383
47	642
474	660
317	614
256	397
439	638
473	598
507	627
275	720
100	532
172	720
664	710
17	489
283	627
365	482
131	745
65	712
429	788
317	325
162	417
254	713
120	337
348	494
55	308
101	416
651	689
18	501
257	530
336	763
548	620
157	376
602	702
482	639
17	211
31	273
415	446
80	452
239	768
92	164
87	335
284	769
484	769
36	703
46	306
158	163
21	583
260	429
91	530
104	188
584	751
454	672
179	479
339	408
12	85
114	739
143	774
479	585
353	556
83	687
211	513
445	698
182	536
466	776
478	769
525	702
208	400
441	557
96	725
446	712
661	781
332	598
138	481
432	652
93	719
460	632
616	735
252	728
322	657
129	725
356	576
246	792
278	531
229	233
84	276
522	665
475	530
193	379
115	584
330	694
298	509
103	499
358	444
143	352
427	655
51	200
75	173
500	538
61	127
475	693
98	720
17	653
107	428
43	173
90	580
271	571
45	463
295	501
23	91
499	569
343	751
330	350
71	482
472	576
466	615
112	360
229	479
667	705
68	688
213	766
8	337
234	369
43	201
252	492
111	755
19	737
243	445
308	740
186	484
229	535
211	758
395	420
162	615
141	600
108	790
277	769
60	711
291	330
216	608
57	455
141	463
33	529
80	184
198	679
116	404
386	644
300	720
11	418
78	367
298	362
265	558
39	534
427	657
173	703
278	698
503	586
577	757
64	473
191	413
113	586
165	765
524	688
298	578
511	627
81	719
160	290
444	463
396	405
618	713
259	459
67	490
0	148
210	513
369	784
8	177
429	688
31	107
14	46
190	300
627	630
299	520
83	435
582	673
581	672
71	769
592	729
119	725
343	616
684	791
236	792
735	772
179	282
507	523
139	239
224	648
217	638
425	776
106	685
116	759
609	620
231	434
45	223
175	669
181	615
83	145
344	495
182	681
164	675
318	659
120	240
225	785
13	25
509	705
597	634
12	745
616	693
60	615
219	431
229	247
142	654
251	453
530	695
54	365
246	703
104	569
313	480
287	763
307	590
568	685
231	713
80	91
178	214
33	233
596	778
293	311
188	408
467	493
169	581
88	386
30	274
378	681
182	701
100	664
86	267
610	651
116	664
472	755
211	404
652	684
288	649
296	710
35	466
349	390
743	784
300	413
28	660
507	672
384	726
71	485
113	236
230	701
244	363
655	764
254	564
182	327
275	748
207	655
231	547
364	709
184	253
203	398
63	523
58	683
65	162
623	653
564	757
340	372
303	453
717	770
557	572
65	481
632	750
561	566
7	799
324	554
285	311
63	469
428	439
130	253
16	54
140	247
412	460
453	482
210	718
96	665
525	568
59	385
126	375
15	301
45	319
340	532
112	704
50	126
473	653
27	86
85	286
62	769
544	596
0	793
168	306
576	742
548	641
460	655
445	460
484	655
453	552
41	652
118	502
271	565
149	764
650	675
487	580
158	209
422	786
282	706
242	293
187	479
32	48
131	328
16	379
720	771
134	144
114	697
63	111
4	573
627	646
151	471
29	736
126	345
321	640
552	797
17	148
135	649
365	434
39	254
56	126
53	176
487	758
539	545
201	533
115	583
208	731
360	642
386	544
43	373
62	615
77	188
51	545
101	676
308	389
274	642
44	641
373	384
349	788
303	721
212	563
115	677
190	215
89	519
416	599
275	719
570	776
128	526
570	677
384	486
68	715
132	146
353	492
74	260
423	726
65	526
187	410
52	299
414	613
323	449
276	698
587	631
515	776
59	459
254	533
368	678
222	750
148	617
45	722
445	518
28	322
302	368
136	566
173	210
455	639
540	578
216	250
180	310
169	336
243	725
68	607
305	502
42	469
213	491
85	133
246	511
290	795
28	106
256	659
199	301
281	380
277	556
170	502
493	632
21	758
197	606
119	516
43	608
21	442
15	235
228	434
101	394
179	674
246	284
321	745
248	427
435	467
419	665
210	431
166	657
265	465
575	685
234	773
29	489
200	214
93	558
218	434
469	657
199	691
76	522
618	665
322	427
484	559
296	637
433	525
20	458
134	427
383	647
83	659
38	342
314	788
70	465
252	599
193	338
318	580
475	683
695	737
484	511
105	427
500	548
488	624
120	635
498	700
135	141
228	713
24	55
419	435
312	736
200	727
145	237
442	775
106	508
85	603
264	677
311	615
131	228
445	463
46	639
378	499
378	650
70	722
34	159
625	648
206	752
59	121
138	505
124	335
361	371
196	722
226	791
386	573
326	681
733	758
99	691
196	640
210	737
489	790
53	575
324	481
438	666
371	517
132	422
39	141
134	215
523	611
705	709
131	606
665	773
222	372
450	501
415	672
0	539
488	747
349	598
457	694
506	612
63	198
109	512
20	473
178	747
396	726
300	524
543	689
293	421
58	580
190	494
127	178
229	231
189	703
9	55
565	769
94	683
115	740
83	266
234	632
181	729
116	458
135	454
268	381
30	579
284	375
157	167
294	755
47	210
483	764
258	786
200	579
222	451
537	781
165	460
326	685
551	617
357	648
500	565
59	504
177	564
122	140
57	691
179	504
608	648
95	96
23	467
118	396
54	539
204	238
7	393
127	358
38	750
405	705
670	772
411	441
27	570
196	560
341	347
44	395
65	633
75	532
487	565
315	647
40	498
39	66
12	519
447	753
29	320
224	606
568	709
101	187
734	746
416	424
51	756
685	691
39	464
203	309
8	287
261	442
413	774
55	419
700	759
144	317
185	262
641	731
85	144
155	618
184	685
253	326
14	439
431	507
10	443
165	187
203	629
128	251
364	794
14	624
181	646
598	698
360	405
167	227
126	708
98	323
395	679
229	731
589	672
672	782
408	544
314	515
93	104
105	678
349	654
224	787
17	206
444	498
460	743
386	580
461	476
408	649
26	119
125	585
549	581
0	128
395	573
29	453
268	701
497	513
611	720
53	490
79	180
86	700
651	722
597	724
324	628
316	479
12	223
642	655
304	636
398	593
37	78
71	506
211	479
278	443
179	194
266	637
513	699
43	431
270	645
726	792
334	487
174	564
479	733
195	773
118	600
339	433
330	455
738	790
219	387
431	754
167	550
19	117
487	709
57	655
5	111
151	505
461	792
686	719
381	726
182	707
430	689
18	719
367	696
154	390
720	765
95	365
119	243
99	768
117	747
375	720
156	579
683	687
156	574
159	409
107	285
29	89
683	783
204	338
69	313
523	636
130	217
495	553
291	775
442	769
494	516
389	491
89	139
596	653
277	414
178	414
194	399
164	371
81	345
462	783
123	336
386	765
94	583
98	684
27	556
323	457
263	446
571	596
339	347
49	559
668	711
128	548
217	725
157	412
213	314
112	725
93	744
154	264
336	467
93	554
204	363
462	589
291	366
64	636
734	799
301	310
254	577
208	592
591	707
65	290
566	757
72	511
430	632
304	482
392	394
490	723
595	704
576	636
557	595
268	340
145	528
92	624
488	489
109	743
53	309
527	603
187	384
138	547
115	187
38	422
43	527
78	675
138	680
154	629
85	767
235	245
496	611
42	331
357	388
21	80
337	420
556	600
128	289
439	684
43	714
182	343
55	227
213	264
81	111
175	514
102	488
581	764
449	775
463	746
436	604
35	450
317	410
319	710
86	726
136	525
369	486
581	742
242	708
47	771
89	571
257	483
602	739
405	500
452	557
705	736
244	765
59	500
111	610
106	271
442	752
50	630
633	759
239	751
235	659
331	550
94	793
154	513
321	725
343	518
436	485
750	783
307	415
396	526
235	575
207	353
324	688
295	618
409	763
447	448
45	103
165	260
641	705
178	561
164	431
24	785
191	606
352	437
43	779
461	596
192	304
321	664
519	739
74	265
157	448
154	681
10	531
433	487
531	672
658	671
70	455
183	374
412	645
275	340
352	475
335	491
127	410
153	560
9	479
207	720
609	732
23	400
736	741
453	554
213	577
192	419
296	321
58	776
76	382
615	741
183	557
164	372
361	534
291	639
500	510
133	347
674	787
68	544
248	716
205	590
636	669
427	471
191	519
120	719
200	686
57	141
211	654
159	579
463	751
595	612
49	527
113	442
180	182
203	798
294	430
611	738
134	423
187	279
511	566
199	221
448	746
200	371
268	553
71	225
96	710
461	689
437	632
362	373
109	245
654	677
29	454
37	151
590	712
393	660
492	503
378	572
100	592
113	431
71	705
453	731
190	739
39	297
302	699
85	511
483	642
64	670
112	196
35	619
45	370
650	750
126	150
623	735
608	610
598	763
152	647
236	269
36	304
695	723
512	513
204	428
156	606
290	637
473	703
308	775
32	60
408	637
86	762
582	718
523	665
147	337
28	242
93	518
373	441
312	596
611	784
643	669
93	146
28	729
379	755
68	85
59	225
164	534
18	347
127	690
141	177
13	63
641	676
69	176
52	508
79	392
82	598
367	665
439	755
647	732
208	327
508	786
538	586
340	683
166	276
0	592
430	791
151	482
332	333
154	733
178	378
114	253
50	769
114	792
28	303
151	318
37	241
416	440
188	727
159	365
390	530
256	569
195	648
43	270
174	672
379	384
106	461
88	607
276	699
91	481
608	784
513	525
375	392
430	721
14	281
158	315
32	273
39	419
257	277
135	640
366	431
296	463
63	400
362	517
92	560
406	636
333	635
420	739
417	475
617	773
14	222
129	386
109	686
395	784
18	334
546	734
276	684
270	361
471	685
485	731
409	650
178	768
424	756
561	732
138	720
82	576
64	677
153	569
392	675
289	358
771	791
10	711
95	477
261	621
164	397
297	576
104	774
677	782
291	603
16	772
394	443
155	737
73	126
79	788
519	698
519	585
410	660
253	416
64	570
277	706
92	683
3	741
286	597
776	790
535	713
185	599
270	298
75	79
3	409
197	625
599	690
481	722
632	773
148	645
42	701
80	224
514	633
3	789
120	236
211	377
319	686
436	692
114	644
192	227
537	723
97	406
18	185
361	443
163	406
72	646
192	546
492	570
91	200
250	554
334	611
386	501
53	748
594	602
538	667
224	602
376	717
37	642
5	170
578	717
36	84
510	664
547	549
23	260
82	578
241	791
340	706
125	512
609	797
207	781
211	658
338	792
80	583
450	593
509	597
713	786
32	512
131	720
143	268
68	300
233	373
274	608
536	667
346	370
527	628
0	771
264	789
59	207
54	599
26	667
67	482
610	644
186	575
136	453
474	649
23	321
101	455
531	636
84	613
541	567
587	778
460	703
312	556
127	324
300	793
293	686
122	529
655	756
54	653
129	411
26	175
50	722
617	674
382	420
32	716
346	478
128	484
122	430
394	510
451	723
349	718
97	194
409	687
178	451
49	757
436	633
159	397
233	592
245	301
391	456
414	792
335	560
384	598
523	777
196	781
665	731
556	601
254	511
604	721
53	557
96	419
124	758
21	761
274	416
184	696
409	558
32	764
31	503
47	342
321	457
100	528
170	349
1	794
429	730
33	236
384	463
578	619
418	463
213	387
527	713
200	249
42	126
26	446
30	204
484	494
502	683
130	155
188	337
101	460
524	568
498	739
213	791
302	395
367	731
262	645
238	335
294	348
34	670
384	757
257	566
73	453
45	435
317	464
399	792
216	697
57	109
44	527
7	528
580	773
144	557
468	776
152	317
47	326
47	798
221	295
77	360
2	301
187	618
694	789
653	759
113	323
126	797
473	664
227	382
479	746
234	284
350	633
249	766
338	397
364	679
237	769
356	644
183	685
594	777
620	736
375	541
27	530
236	632
196	617
157	232
21	393
321	522
500	722
592	686
366	421
136	569
677	725
161	216
197	364
113	152
563	787
163	315
265	658
67	797
35	224
646	797
655	668
311	744
47	663
285	688
27	221
102	405
378	730
113	252
314	579
601	729
182	683
510	598
323	343
220	563
232	707
287	313
133	212
191	425
89	632
86	550
18	668
200	421
757	786
67	324
513	681
466	789
414	517
320	342
89	238
628	777
267	602
387	570
16	280
169	297
281	598
83	425
246	498
510	515
149	781
5	309
307	350
6	114
451	641
187	506
211	399
306	426
588	682
10	251
43	754
617	788
515	719
335	680
366	759
378	382
263	516
712	795
174	237
355	559
119	364
400	730
281	787
325	497
41	755
93	315
614	798
17	432
540	707
152	313
205	222
107	170
640	666
229	256
698	792
171	660
194	268
138	716
522	524
118	145
428	587
49	677
19	279
176	275
602	782
461	468
441	790
118	771
5	643
552	760
145	538
238	684
46	556
143	629
268	440
252	786
118	681
182	318
491	793
257	506
157	404
516	765
305	775
418	706
212	519
77	318
109	792
368	372
326	763
208	485
99	417
112	505
208	331
168	376
265	691
275	686
338	360
34	176
326	511
17	209
503	790
37	133
102	124
246	362
671	745
592	672
190	395
72	167
85	472
105	248
290	474
144	403
251	284
520	795
439	701
239	553
330	690
259	639
426	795
50	691
247	334
714	792
206	437
440	726
59	798
382	515
273	555
289	753
478	575
160	693
52	641
482	600
296	616
575	677
255	584
108	748
369	462
11	190
108	475
309	384
43	265
539	712
74	542
290	740
129	200
227	737
608	654
364	399
90	237
566	783
80	398
255	757
99	594
60	216
270	799
324	493
215	508
659	796
385	390
250	606
63	186
108	444
219	409
437	560
236	515
708	774
95	747
42	325
207	756
199	795
49	422
7	414
151	744
334	446
92	523
208	732
767	773
524	793
37	201
217	489
34	92
91	522
627	644
272	499
213	599
451	784
128	587
341	366
38	246
62	579
462	571
39	446
19	244
35	78
710	756
272	719
285	620
39	583
328	587
301	546
576	581
165	390
641	730
239	752
330	461
442	675
51	129
215	773
322	731
23	402
756	764
202	357
749	782
465	494
304	491
611	702
381	633
224	428
203	602
574	743
99	253
20	358
277	304
204	690
223	726
438	565
206	501
143	379
466	685
523	578
123	793
3	791
116	367
0	510
136	428
415	555
596	682
98	625
345	560
66	742
15	729
480	785
355	744
277	521
471	571
183	525
348	590
475	633
189	422
209	679
384	530
83	769
385	455
211	715
572	628
703	733
4	359
306	559
135	709
317	586
162	337
419	745
97	169
237	436
40	379
146	279
66	573
247	475
680	766
34	427
370	417
317	571
19	143
466	641
517	736
499	636
52	244
355	532
421	454
104	723
216	769
220	777
358	762
255	520
223	646
728	778
297	698
172	434
275	530
79	539
139	155
469	702
307	632
28	760
317	668
306	550
480	766
512	754
41	97
114	145
534	749
426	569
657	735
237	751
416	693
496	619
276	378
16	377
154	782
635	717
61	773
502	636
150	785
680	735
353	539
184	385
745	748
94	110
161	327
184	393
563	746
338	363
18	414
548	735
577	777
122	598
177	521
427	438
4	564
394	397
306	570
481	503
472	725
605	643
8	284
124	328
18	164
434	445
402	578
392	735
277	375
508	580
405	475
39	561
73	105
364	428
181	644
124	192
40	283
473	728
164	661
161	169
143	385
381	455
683	718
372	639
212	295
227	282
289	442
422	528
737	784
190	787
160	215
339	492
267	639
365	553
68	777
174	665
479	671
106	609
454	741
246	473
669	716
250	405
551	721
200	304
238	401
85	343
27	120
28	379
177	259
119	295
444	600
469	741
167	713
193	322
534	755
61	428
40	723
154	786
164	667
167	732
22	593
214	232
92	201
176	748
577	680
556	660
5	549
11	70
293	573
490	771
656	670
551	733
223	324
180	567
213	352
368	660
136	358
611	693
14	430
96	602
199	254
55	182
243	577
198	520
613	634
275	711
309	319
473	500
74	436
474	491
36	367
644	695
353	624
383	568
248	310
26	314
347	745
417	615
256	385
200	796
8	214
37	450
315	360
42	318
347	650
70	596
332	378
543	783
24	260
95	424
214	456
137	651
180	188
458	718
307	743
782	798
86	209
29	690
592	769
372	649
350	421
84	559
93	402
475	529
42	272
275	594
292	667
516	676
121	772
286	473
293	408
266	444
254	759
601	700
101	411
27	63
147	346
406	569
256	591
69	98
167	665
209	499
79	448
75	666
53	419
119	793
564	764
405	434
507	556
35	362
208	509
146	536
435	662
143	527
471	541
255	272
148	663
353	428
623	776
300	378
133	468
170	766
587	715
679	740
113	577
434	511
616	769
241	793
25	769
533	573
732	749
238	551
640	774
116	373
98	624
602	726
123	781
420	521
219	635
110	378
181	330
631	752
136	482
12	327
84	273
59	82
131	492
130	207
348	596
173	410
183	560
105	640
165	185
239	738
4	351
374	562
220	498
213	440
213	395
708	749
293	403
104	288
546	662
330	467
67	586
362	614
356	674
271	721
60	298
278	317
459	748
186	190
352	513
251	641
590	686
78	319
415	671
91	97
126	702
468	723
114	530
13	456
624	724
321	450
624	663
12	780
179	634
316	370
209	767
106	316
96	411
581	741
594	710
475	521
22	481
362	602
264	327
285	378
298	577
365	747
280	712
417	761
92	596
684	787
74	668
191	568
341	539
537	546
159	572
153	375
396	450
420	791
730	792
246	763
487	725
88	665
4	730
67	116
309	623
165	353
92	235
235	622
171	219
575	767
25	518
82	220
383	773
230	424
97	680
144	154
135	484
184	743
476	725
39	679
24	719
466	482
552	775
72	267
49	696
413	511
216	658
179	539
774	790
61	251
10	722
437	727
50	484
349	709
500	743
289	615
347	520
76	373
92	274
300	383
78	480
108	500
625	729
323	469
120	412
628	681
110	468
82	734
132	715
283	474
429	709
632	725
88	335
587	766
204	536
187	694
281	292
97	564
236	314
384	525
74	707
343	740
171	290
232	256
250	354
147	269
519	790
243	703
221	550
190	334
423	530
451	751
659	670
590	592
182	454
352	642
83	766
388	768
474	774
354	629
243	387
63	308
405	592
80	209
35	707
313	506
359	459
31	238
207	467
441	691
313	684
263	727
103	381
576	606
206	543
187	753
319	633
663	799
153	548
216	431
324	792
527	765
2	639
337	565
96	628
466	497
87	547
135	204
231	716
335	566
27	760
115	429
35	451
470	546
145	534
300	702
196	766
581	748
354	720
186	602
96	143
743	760
348	467
175	304
387	573
167	730
386	773
659	689
392	678
339	624
118	332
570	618
622	688
348	531
577	581
108	318
175	341
487	563
486	605
454	550
125	726
260	703
593	762
203	790
11	31
142	481
343	457
311	592
40	700
457	706
124	145
317	741
295	659
239	734
719	775
288	327
285	757
364	416
494	659
312	594
63	217
338	412
19	356
1	477
27	324
86	694
8	692
152	452
251	295
80	785
217	237
520	751
259	515
110	664
22	197
100	166
54	647
291	767
198	238
59	150
329	527
373	674
157	784
498	562
33	78
24	68
101	136
289	730
328	496
215	350
184	562
287	519
92	230
92	563
101	164
155	269
534	645
98	394
329	467
313	399
23	384
208	458
515	662
132	491
99	789
596	690
399	628
44	434
197	327
42	542
469	630
82	137
147	593
718	760
174	197
480	780
372	410
350	581
442	613
89	246
293	669
369	555
255	657
258	682
146	514
518	705
409	530
523	744
360	442
460	756
372	512
93	383
77	701
29	264
73	571
517	691
529	605
48	177
208	507
51	597
450	626
268	284
739	785
423	427
689	783
216	533
67	249
367	785
46	191
361	468
185	384
248	517
117	587
440	737
10	370
272	440
221	317
251	731
205	655
180	292
246	761
117	765
311	447
125	564
134	297
67	314
600	631
374	424
502	694
77	95
334	581
460	615
591	634
217	445
471	693
208	566
219	245
470	619
580	613
226	559
85	271
123	425
271	616
11	420
8	37
112	248
345	657
398	755
23	468
179	273
144	656
11	167
6	235
343	655
542	674
81	258
368	780
338	620
80	693
192	570
26	339
123	149
214	755
599	750
176	230
77	493
62	655
73	118
216	712
332	685
65	791
489	744
139	308
307	661
42	730
244	309
501	643
135	600
268	600
158	593
677	720
610	720
409	570
50	454
313	728
87	426
61	586
574	711
326	510
79	523
229	655
604	625
508	743
232	312
592	677
66	639
51	499
596	633
414	677
67	423
335	418
10	134
184	235
380	722
535	542
365	393
369	448
147	661
305	615
78	466
305	545
310	560
339	448
42	744
153	627
64	737
300	776
278	732
212	613
348	565
217	733
592	601
129	144
273	700
490	773
218	667
738	788
15	577
1	304
58	720
62	226
390	772
500	741
163	723
175	601
538	565
34	262
573	702
208	758
43	232
1	768
392	762
70	239
126	764
437	498
484	625
322	379
220	662
234	388
131	771
90	276
410	635
456	657
163	365
456	775
259	785
53	495
444	760
400	659
145	385
141	676
121	373
545	767
740	797
213	245
58	701
215	386
197	672
275	536
107	783
51	504
181	764
18	562
17	450
441	568
219	699
8	360
86	243
302	436
106	156
242	770
140	795
330	725
657	727
170	503
345	359
139	303
491	754
191	487
65	643
327	406
197	545
152	564
600	682
148	646
694	749
37	726
310	741
156	180
34	328
165	788
220	242
320	430
224	281
246	340
204	321
47	750
368	711
506	776
12	338
250	693
433	459
159	705
345	490
138	164
536	613
305	324
112	602
477	732
119	659
401	778
590	635
44	440
335	611
248	542
468	625
163	613
64	193
265	311
68	493
424	615
318	435
602	624
45	333
129	471
362	476
392	547
307	678
221	633
580	705
211	237
66	156
29	52
307	714
581	762
421	669
101	753
697	767
202	671
418	433
595	611
618	623
578	672
108	331
152	308
129	512
49	672
299	482
187	682
436	698
141	263
359	651
134	270
206	429
202	386
280	677
3	320
76	591
174	384
56	522
327	690
161	513
462	738
238	546
132	596
258	675
303	711
385	702
127	730
259	373
81	168
179	790
448	599
427	486
749	753
25	308
531	681
116	707
297	443
18	652
414	615
96	777
33	330
287	455
288	385
556	794
285	360
271	276
415	706
203	475
108	272
122	516
618	745
267	655
20	134
212	651
47	677
105	130
464	669
137	566
306	653
410	774
424	450
214	373
28	508
490	491
292	565
477	495
434	605
134	269
539	691
265	742
40	128
283	600
212	619
268	751
491	496
490	736
103	477
216	614
379	496
261	285
156	531
13	753
302	304
176	516
438	569
204	512
134	647
5	83
466	767
191	400
177	684
153	460
795	796
772	775
176	348
673	799
220	584
124	505
378	708
228	768
484	591
182	220
592	659
78	364
601	730
215	397
401	642
464	680
368	451
596	623
267	436
132	784
211	799
356	413
382	391
274	609
301	585
318	719
105	724
235	393
221	765
401	646
19	71
118	458
458	633
638	778
172	353
130	181
88	562
315	458
419	583
498	720
291	677
93	334
626	686
238	302
90	687
212	231
473	545
149	274
522	751
145	219
670	770
51	518
83	709
379	785
226	297
285	509
124	579
301	476
162	743
437	460
291	505
517	789
112	686
21	526
337	749
142	718
201	236
17	110
174	470
351	535
193	646
291	720
364	691
145	500
270	542
346	675
227	250
179	562
30	504
109	725
25	483
210	367
265	785
213	641
144	713
607	735
135	342
639	758
114	435
659	717
476	563
34	587
485	762
585	700
76	600
193	527
604	633
391	546
250	666
205	629
99	447
55	79
394	549
333	774
222	558
2	495
5	334
58	651
296	466
537	559
27	100
48	337
438	552
140	360
255	298
378	762
341	641
128	301
149	244
130	294
311	389
20	578
363	427
101	262
466	564
386	438
537	713
38	72
173	502
108	327
567	741
143	180
387	411
444	781
494	703
577	727
109	596
153	760
333	431
37	145
517	553
581	677
24	775
111	278
387	404
184	703
561	741
70	84
384	769
574	591
589	728
335	689
263	539
613	698
186	391
56	609
381	490
69	314
29	338
43	689
357	463
389	796
384	649
569	649
300	663
194	387
96	580
512	586
676	747
380	414
110	637
59	333
98	596
197	462
285	662
307	788
184	550
126	471
222	609
438	498
59	617
544	743
528	770
181	384
647	723
372	643
577	674
478	572
72	653
558	615
586	756
50	477
162	763
653	788
493	596
228	458
657	745
103	625
58	723
126	581
111	221
70	545
405	702
237	664
23	234
491	671
218	763
153	593
378	381
77	219
629	737
83	651
139	433
46	693
311	618
322	396
623	711
326	575
116	249
480	508
217	448
403	599
183	606
672	688
2	94
264	682
398	683
364	510
83	328
523	566
443	628
54	306
338	507
533	682
35	395
12	723
533	721
12	511
80	418
590	684
398	723
87	369
210	407
152	491
38	582
378	575
532	717
292	424
200	419
24	394
458	697
68	243
73	584
296	739
299	530
31	357
584	779
400	512
69	795
501	719
97	495
134	348
218	473
73	777
328	790
103	507
449	455
408	752
215	644
322	403
17	414
391	404
406	754
246	334
470	722
503	537
224	717
234	299
443	568
588	713
713	764
334	724
119	559
81	644
664	752
41	718
342	416
10	339
214	479
317	734
75	626
193	259
134	775
249	566
77	108
239	533
469	725
127	729
381	708
28	389
36	707
297	561
589	755
273	634
395	424
259	372
141	249
206	565
492	754
144	255
86	205
706	741
347	669
654	760
545	598
466	662
227	418
222	722
72	521
15	89
716	777
98	528
547	714
17	354
514	792
304	360
227	687
116	758
146	494
451	549
246	691
154	169
548	686
216	471
430	487
703	756
471	631
595	641
585	675
588	747
1	233
252	495
616	747
193	759
177	685
583	724
56	151
359	434
495	550
682	774
209	530
148	326
150	373
280	751
251	429
38	306
581	783
256	358
680	727
138	249
145	412
398	781
271	771
244	781
68	454
254	460
26	255
77	524
194	654
246	301
234	373
399	692
275	293
153	405
102	340
422	731
244	366
221	690
122	449
468	516
422	661
75	134
202	325
195	595
447	576
670	680
603	634
181	566
179	575
600	779
380	718
29	739
378	688
92	738
539	711
239	303
659	764
110	622
287	335
307	732
330	374
155	524
306	705
11	236
515	616
253	384
342	427
166	532
68	652
113	477
96	228
588	686
269	522
110	666
91	275
242	321
233	664
330	385
333	733
486	792
630	712
95	588
174	462
769	792
150	409
444	449
698	787
314	679
126	758
328	393
572	593
547	603
192	260
33	735
363	745
596	646
366	484
186	481
35	469
28	606
10	45
363	781
76	414
210	588
490	753
131	163
47	673
86	193
356	751
225	515
13	405
23	343
319	330
329	655
183	654
418	558
29	112
461	613
151	292
25	618
347	654
117	249
65	561
344	420
528	662
109	269
99	633
240	691
383	605
115	669
660	711
4	399
160	463
2	114
19	169
273	616
208	231
339	535
187	738
109	208
434	518
136	728
412	712
41	470
215	357
53	144
54	77
468	664
180	423
36	509
47	764
50	409
388	662
203	386
409	796
16	153
210	455
555	721
203	796
247	777
376	518
469	485
133	134
374	552
48	662
65	174
758	774
222	467
330	426
420	424
3	710
554	591
267	720
162	393
318	479
460	474
88	535
268	507
182	627
93	177
259	383
86	563
751	757
79	213
159	493
316	783
183	246
19	348
165	576
60	665
265	561
206	624
43	371
404	719
5	529
271	368
393	525
273	493
53	481
34	711
212	631
49	778
655	791
297	340
472	752
479	521
366	541
473	477
5	519
143	317
239	699
70	678
258	395
16	792
460	799
455	646
173	204
589	605
47	720
0	327
690	711
363	485
650	746
443	641
510	743
402	720
562	792
20	259
178	329
40	667
210	655
357	589
290	302
516	567
647	667
55	707
504	702
239	535
236	741
346	692
390	643
254	480
46	558
4	86
318	797
320	443
68	407
19	371
18	268
193	741
434	501
239	504
179	573
517	579
435	524
131	473
521	705
234	459
142	769
57	552
641	791
305	699
185	378
42	531
392	463
395	700
462	717
182	345
750	794
739	789
142	150
201	311
357	408
57	62
84	101
60	712
208	559
14	766
551	631
9	447
2	90
407	785
54	392
110	508
395	562
269	716
59	616
494	728
529	567
79	184
177	608
197	442
81	102
210	529
402	558
202	248
231	483
293	406
652	763
106	786
129	301
122	332
54	433
406	665
115	683
265	663
722	799
273	756
36	529
180	579
272	364
578	751
58	707
734	795
22	134
186	195
427	707
275	764
7	163
614	665
81	269
123	723
57	688
751	781
199	493
209	710
140	380
186	555
219	356
17	167
74	270
175	285
133	366
122	745
167	613
69	220
289	628
445	793
69	172
20	655
424	633
512	706
3	182
200	400
92	701
369	795
194	341
149	298
309	320
462	617
499	771
349	534
175	266
499	585
161	234
426	778
293	451
295	552
41	155
10	623
129	368
48	489
567	573
533	550
76	277
477	532
140	203
18	581
185	317
622	722
197	514
257	498
54	590
259	691
321	549
9	304
495	518
389	603
257	502
488	630
11	610
165	501
353	535
185	504
52	251
363	607
133	153
544	603
234	791
83	136
276	503
0	103
54	434
422	755
275	390
3	388
146	513
122	470
130	305
321	449
11	728
85	707
284	536
341	710
135	312
131	679
56	624
490	764
552	721
141	283
523	659
51	234
147	456
94	401
420	460
492	500
189	528
536	559
241	632
133	507
5	416
228	587
147	352
88	188
706	770
57	787
708	780
117	618
8	659
200	756
288	780
354	675
422	647
44	285
356	627
312	449
712	757
485	733
491	517
148	455
548	592
155	242
18	426
324	766
23	495
471	663
250	716
2	521
20	323
569	729
81	541
249	574
417	458
199	631
293	723
98	395
523	799
590	669
276	609
139	269
453	677
452	611
93	342
164	538
410	419
618	641
149	225
81	606
407	497
320	442
579	762
424	454
91	501
10	242
58	503
83	582
76	240
402	452
353	771
231	774
572	614
416	652
168	700
141	371
578	615
239	382
372	593
15	65
161	370
239	517
72	333
76	136
316	662
764	765
20	72
331	507
293	372
173	777
237	521
65	211
44	475
214	566
104	170
114	504
231	579
316	361
260	640
76	778
697	746
490	742
230	368
429	687
325	625
217	782
591	605
415	510
136	292
312	313
366	668
64	312
97	655
498	649
233	238
41	721
195	332
164	632
255	676
42	182
329	547
667	767
479	562
62	723
453	474
95	762
541	621
431	577
43	682
210	557
471	721
476	631
378	637
108	755
219	737
338	557
355	750
158	786
277	502
556	710
596	624
323	729
221	357
276	390
332	465
52	330
3	156
483	672
118	291
432	774
289	728
2	725
554	775
215	719
155	241
354	371
212	768
417	451
231	257
363	372
363	593
309	375
174	355
130	355
133	219
320	628
105	170
363	789
90	319
417	778
153	386
238	586
92	176
62	326
549	643
157	473
613	786
97	545
37	652
248	505
430	602
208	691
115	296
581	594
526	697
269	481
20	342
234	527
316	748
362	388
580	710
625	685
397	726
193	540
202	487
217	496
362	726
303	607
113	585
503	705
296	495
377	565
334	687
513	625
693	793
181	514
407	467
238	758
590	734
180	531
5	66
137	466
100	254
203	699
35	632
366	440
305	633
252	434
85	308
6	505
163	791
115	735
10	322
375	572
16	787
39	656
73	621
673	712
121	529
39	295
304	556
80	217
364	707
12	386
410	451
56	784
79	99
194	427
132	485
336	344
274	789
208	258
480	631
228	664
413	549
57	309
656	693
193	434
264	660
41	185
146	401
527	766
306	342
48	776
409	758
34	618
191	623
282	624
228	486
139	436
298	378
409	707
242	499
97	574
259	684
377	588
74	401
109	678
486	542
255	378
178	579
376	709
190	484
180	788
30	209
526	685
681	771
562	759
128	346
397	484
676	776
28	519
201	480
494	590
316	429
213	520
369	675
545	698
19	359
528	717
647	760
71	97
57	428
52	382
320	415
67	657
376	481
162	370
66	618
401	523
273	688
40	663
240	419
161	784
321	417
74	224
180	354
110	427
623	708
95	613
235	697
161	316
131	503
70	782
200	232
384	404
156	644
411	761
239	763
44	552
461	466
72	460
68	228
43	430
217	477
132	720
668	675
315	603
492	752
28	704
38	40
76	117
242	358
216	536
432	597
10	388
1	208
490	547
107	465
250	366
676	738
260	704
204	604
243	719
77	394
131	352
163	225
407	718
458	460
255	538
308	534
74	341
108	303
265	794
429	783
631	717
582	691
202	217
188	660
228	476
316	732
465	612
180	607
39	382
591	794
32	359
274	673
105	171
425	479
256	332
98	756
6	93
294	389
738	755
85	463
98	562
224	446
328	613
448	575
394	611
93	312
26	296
102	312
324	410
350	798
18	172
110	798
581	697
283	476
411	747
450	627
331	624
249	302
298	789
3	498
474	561
618	722
309	369
132	672
127	262
515	580
431	756
607	707
661	713
9	176
592	647
669	747
66	371
46	685
443	449
24	536
500	536
24	411
183	233
297	621
46	177
173	398
526	704
0	411
455	740
624	790
168	784
234	332
57	560
167	304
112	387
54	624
336	374
631	666
202	526
147	211
333	750
69	604
425	652
25	696
729	763
244	798
135	447
410	498
60	619
335	508
191	774
380	516
106	651
229	553
131	253
343	649
72	343
100	793
472	705
141	287
195	328
278	440
600	625
365	479
142	360
42	274
444	658
169	232
27	323
359	659
529	624
214	488
95	798
391	480
372	546
228	311
42	170
212	525
248	516
76	484
486	579
298	370
202	658
678	734
123	537
343	350
530	632
9	548
18	794
57	392
92	330
309	787
101	672
548	747
306	611
165	626
647	756
156	565
543	690
17	199
169	571
174	610
266	326
101	273
187	505
654	661
12	286
6	186
170	661
282	799
484	637
106	613
512	689
133	246
0	342
145	248
209	466
329	550
137	618
257	279
93	693
70	709
232	443
471	509
358	794
184	440
57	634
248	637
555	590
444	556
181	750
481	647
292	762
146	742
361	789
155	699
605	735
382	589
278	354
272	277
350	722
326	389
194	659
432	527
122	408
77	657
236	492
61	112
104	652
267	741
212	216
597	726
475	637
550	694
576	609
88	445
165	438
492	686
536	615
191	216
309	586
579	731
170	246
420	469
380	775
88	297
250	760
67	89
143	571
62	246
197	555
295	630
14	213
46	384
92	694
303	793
303	654
52	588
202	754
508	718
462	692
420	769
97	256
34	553
597	615
280	518
22	153
248	435
81	440
792	798
126	336
330	689
81	618
345	682
459	657
19	387
273	663
118	485
138	583
88	512
225	648
262	627
310	414
246	395
364	627
46	721
179	369
259	754
257	425
41	660
336	376
438	603
196	683
654	754
368	722
274	289
199	466
135	422
167	646
142	440
97	351
64	536
564	593
97	377
96	692
20	244
465	734
301	320
80	241
152	777
453	686
683	708
15	45
224	369
307	705
43	715
73	418
52	393
168	406
713	755
518	527
472	658
438	638
517	643
558	791
122	678
773	794
622	779
387	389
307	383
455	552
534	724
16	154
118	125
184	468
20	484
502	525
118	730
591	770
521	792
247	691
501	541
143	261
221	652
301	308
266	772
70	744
225	481
198	227
401	498
486	731
194	677
445	679
230	633
494	515
328	511
306	602
508	679
444	679
51	331
336	470
336	752
75	367
535	557
189	624
341	667
402	657
330	629
552	639
451	660
101	226
469	714
181	490
41	418
404	693
153	506
596	663
373	712
358	710
235	286
652	688
202	373
55	256
306	441
77	198
68	406
14	655
274	324
231	482
33	237
361	544
501	781
525	696
11	779
481	565
148	668
507	710
178	583
370	445
532	712
646	796
142	593
310	681
295	761
181	546
559	590
73	372
58	697
514	736
145	574
321	623
126	166
140	401
635	724
248	295
365	634
58	657
413	473
364	611
117	213
190	346
529	656
128	311
78	387
629	799
143	663
398	653
142	516
122	733
380	597
620	668
22	325
305	620
590	703
37	773
569	597
146	585
386	660
87	605
72	158
607	681
574	676
346	348
453	511
405	780
13	564
333	599
597	643
158	550
17	467
297	408
199	498
241	461
568	581
350	648
398	526
221	442
245	557
597	744
568	789
201	772
184	730
17	385
53	572
714	735
21	293
51	98
13	471
95	239
415	597
102	571
163	274
143	634
377	518
134	539
374	585
375	592
53	224
339	400
517	692
296	691
145	582
119	584
194	217
615	716
591	622
709	782
519	656
420	794
46	208
320	611
524	580
577	694
322	462
59	358
130	541
430	724
130	529
265	584
327	569
232	471
437	670
110	374
445	548
443	726
178	556
109	343
244	513
118	374
4	729
600	774
145	309
95	607
224	425
76	798
67	348
469	577
250	475
58	493
130	523
431	600
514	695
528	630
123	331
354	557
213	681
239	480
114	310
276	678
188	738
51	395
451	616
240	589
100	615
210	608
84	552
64	285
36	132
770	774
684	711
376	605
10	665
163	423
73	188
97	161
19	330
133	283
168	727
504	663
214	246
102	186
555	614
31	452
56	489
72	711
330	565
353	499
317	645
477	551
185	554
132	207
286	622
30	483
352	508
196	225
229	746
404	735
302	465
95	331
164	620
88	148
426	767
102	536
152	499
395	552
270	525
555	636
118	529
203	792
276	326
266	459
275	777
69	519
178	792
384	471
73	434
669	748
405	545
254	696
188	598
179	229
31	284
96	706
110	751
335	657
65	301
97	570
371	632
680	797
280	559
103	726
124	277
507	737
296	515
486	680
186	788
23	404
190	720
271	441
475	590
39	405
244	582
469	484
522	670
544	698
41	753
625	787
314	428
24	598
501	799
125	516
138	642
423	798
335	794
260	279
94	760
24	255
301	493
381	472
226	502
268	274
66	128
195	789
224	770
649	658
213	774
504	730
269	705
34	468
111	256
273	766
140	350
102	498
627	793
710	774
118	649
622	772
349	516
312	344
90	196
238	786
208	789
286	655
123	254
85	270
60	154
378	505
297	306
313	418
110	539
343	453
16	426
194	224
470	671
267	284
220	492
707	714
557	614
126	413
257	314
180	258
186	755
459	509
42	342
300	604
621	665
133	189
478	512
201	595
188	473
728	746
165	491
77	136
742	796
241	786
188	244
325	369
270	550
313	468
578	698
274	532
196	518
449	600
113	449
652	709
220	433
537	726
20	645
627	737
129	397
98	712
104	717
518	789
14	96
317	793
11	198
473	791
188	691
537	687
127	531
239	470
291	432
45	773
252	409
243	790
291	612
529	689
39	467
167	308
69	239
227	497
172	238
426	527
115	728
329	595
335	446
545	658
10	236
11	98
382	648
86	571
51	702
229	453
600	673
235	535
491	627
386	663
138	411
178	259
173	290
34	533
105	488
48	220
290	357
68	262
443	467
459	461
177	307
238	652
42	741
68	639
402	615
215	380
67	680
294	587
437	474
44	595
313	455
330	431
411	752
17	740
85	162
310	571
300	674
616	701
787	794
20	531
181	341
189	559
9	23
65	558
265	789
103	197
120	497
720	743
349	584
176	402
138	566
428	748
27	71
633	730
131	581
286	748
204	550
430	523
47	713
240	279
74	108
476	579
27	782
616	656
468	694
450	787
390	589
621	695
117	132
26	89
379	430
327	582
127	645
415	503
168	722
311	371
44	649
245	284
164	622
1	187
358	575
182	189
286	534
28	745
570	753
52	443
109	537
131	519
199	412
20	412
602	718
468	785
352	474
433	528
285	448
96	708
77	330
470	561
564	770
277	737
138	755
305	431
99	497
148	366
169	389
170	663
7	104
343	554
554	658
733	771
551	756
300	490
253	310
141	321
163	383
542	611
472	773
429	446
724	776
230	667
393	763
155	416
129	318
350	795
301	645
37	53
431	552
5	39
507	708
135	347
647	697
234	469
442	541
38	463
686	727
109	532
779	792
169	183
513	639
480	730
24	322
185	391
670	781
198	769
18	241
255	755
240	443
340	432
388	508
65	726
67	701
221	432
255	415
609	783
187	696
589	750
306	613
15	676
138	654
205	570
58	62
269	291
453	736
388	741
434	453
41	67
131	289
459	551
393	633
36	452
130	695
427	783
220	346
464	606
421	428
596	613
94	419
100	276
695	784
360	545
222	431
727	777
14	712
254	257
525	544
408	679
80	381
255	785
279	620
172	371
169	619
242	322
196	376
535	768
16	339
479	549
637	728
365	410
100	180
152	392
217	437
46	150
373	634
746	750
512	526
573	673
387	503
177	380
17	547
20	154
586	792
150	187
342	397
201	741
190	676
125	225
417	756
23	271
475	646
394	628
30	758
440	688
152	216
205	571
206	639
463	530
468	693
416	567
186	582
172	409
183	470
239	680
224	272
239	677
16	621
171	410
264	421
24	326
216	271
66	291
237	489
718	796
59	244
137	721
788	793
69	333
270	480
426	757
102	778
115	798
629	756
342	545
455	743
180	367
160	728
180	207
30	86
77	346
668	766
599	656
41	79
18	762
23	641
411	712
62	538
173	779
86	370
545	729
270	777
1	647
702	756
247	450
129	206
402	724
149	469
394	622
358	756
521	592
330	669
99	445
8	170
573	600
497	630
90	793
242	400
83	403
39	97
356	791
79	314
473	570
11	389
224	307
556	596
28	701
285	552
407	514
170	594
194	675
293	784
9	123
313	381
508	674
559	565
393	461
595	708
357	368
100	271
13	725
15	500
62	182
57	152
259	658
269	742
287	382
311	609
465	643
60	394
503	718
330	727
8	754
461	505
354	506
177	649
413	593
236	277
506	645
147	460
421	533
64	608
417	527
1	688
222	437
539	569
126	616
159	391
298	511
486	640
63	407
129	584
364	667
123	773
78	584
253	798
97	250
741	753
294	466
9	442
438	505
15	187
72	115
358	602
526	768
182	787
11	737
685	784
43	622
195	545
320	510
228	474
87	715
61	720
126	518
39	179
427	640
515	655
163	604
343	363
59	672
341	554
564	637
215	533
372	757
412	669
431	559
310	692
215	464
75	357
410	729
594	760
200	311
190	698
547	753
542	560
35	328
386	419
167	361
311	567
386	766
95	203
361	415
655	798
240	692
502	751
39	279
394	736
345	543
70	253
14	536
152	194
260	293
290	681
147	216
96	242
458	538
172	197
323	538
148	245
73	161
121	628
589	781
153	210
108	580
267	649
42	440
49	173
412	655
50	276
421	656
405	515
156	361
416	606
240	472
384	633
320	659
198	414
153	508
284	334
0	459
13	279
100	663
74	105
585	669
112	541
311	560
450	577
255	558
16	360
237	725
554	625
127	668
559	733
212	314
233	312
109	353
474	504
364	600
217	304
81	94
49	501
94	688
437	487
407	798
627	787
494	530
153	299
168	384
400	440
67	692
267	275
86	616
348	443
49	658
120	257
302	352
387	541
347	639
175	338
158	769
118	273
164	668
593	717
166	720
495	747
71	193
265	680
395	474
70	407
178	496
86	655
356	513
445	732
122	465
333	611
130	156
574	706
206	767
78	551
540	775
184	747
354	707
311	342
129	133
13	638
92	306
335	378
113	440
105	726
436	649
352	443
223	721
214	467
101	657
93	366
243	765
197	211
577	645
203	786
83	502
268	389
329	782
384	594
443	453
554	783
149	337
245	347
304	686
14	336
576	602
486	699
600	615
46	345
91	207
450	589
127	504
74	470
278	490
208	271
37	589
350	699
515	613
157	728
417	421
161	454
485	645
87	626
441	762
685	715
438	493
137	181
412	520
149	234
111	449
320	322
304	685
494	569
79	507
408	721
27	176
273	434
732	736
170	342
474	675
450	467
301	407
98	795
155	366
22	499
14	302
674	736
397	692
194	652
302	319
217	302
67	649
428	548
231	246
7	368
466	672
495	734
436	744
267	788
89	604
89	593
208	557
255	360
389	619
526	721
439	441
73	233
151	523
339	484
220	251
205	496
30	367
90	135
230	741
158	305
250	517
683	729
64	491
490	677
61	597
126	791
272	766
57	786
185	699
104	134
205	676
181	759
210	390
495	637
115	247
109	763
132	214
179	603
561	650
314	450
271	649
206	282
42	581
505	526
35	45
41	267
260	506
33	769
142	164
408	586
237	637
206	416
144	543
469	691
226	229
86	767
172	762
144	367
463	674
130	169
22	596
45	390
480	542
173	584
259	529
500	675
262	423
18	666
99	178
370	710
3	79
169	716
155	580
163	552
646	773
713	748
194	412
113	293
42	133
378	687
297	326
393	646
529	707
203	522
53	468
594	725
461	467
338	743
68	297
205	726
698	776
459	624
51	621
628	794
368	681
462	642
646	713
425	620
333	369
170	274
230	749
581	713
113	567
184	528
536	548
620	752
107	302
115	308
236	733
121	723
292	552
694	782
71	159
9	797
128	536
1	120
591	725
110	526
326	757
486	518
214	351
45	203
442	796
280	539
350	700
469	701
186	441
194	403
301	499
512	610
412	471
162	197
151	639
305	367
671	773
545	774
416	546
362	441
64	538
442	605
119	422
672	674
59	466
96	607
443	777
79	415
152	695
417	494
39	577
301	715
403	742
37	372
3	553
301	474
249	739
56	436
624	793
29	115
63	287
7	421
557	574
160	454
364	652
407	786
28	412
142	282
1	294
166	660
108	118
344	356
228	706
369	796
670	758
259	623
6	703
273	279
155	762
634	744
445	561
409	638
2	273
216	529
62	398
285	769
131	368
621	646
326	342
190	285
216	780
59	119
321	493
459	752
427	621
115	435
279	659
115	475
192	640
57	452
90	417
207	607
226	236
429	767
441	771
42	80
145	727
553	752
399	790
412	451
199	686
553	654
211	667
591	646
528	659
271	420
366	735
73	388
199	509
527	789
331	650
199	642
343	768
149	216
72	334
21	587
48	697
637	660
641	729
621	746
281	553
447	559
126	526
242	543
68	167
36	48
46	484
471	615
533	755
342	484
570	775
46	308
28	339
681	756
269	397
315	634
342	799
101	128
73	480
343	570
323	631
647	784
247	720
465	564
436	555
276	492
630	795
262	680
188	765
28	756
29	234
201	791
77	410
513	701
322	419
238	464
223	601
330	389
326	337
530	708
63	249
464	696
58	78
660	747
114	125
683	786
193	641
489	747
104	668
15	51
44	158
107	317
101	238
556	627
746	786
164	436
433	639
10	262
50	309
463	782
138	634
207	545
216	357
6	43
177	423
378	714
399	601
253	585
460	778
496	578
47	239
316	332
699	746
266	727
235	675
321	464
497	739
9	126
601	697
289	749
589	786
243	678
200	743
349	737
436	740
654	755
5	480
146	431
97	663
70	428
413	464
99	353
196	673
100	222
65	338
165	738
146	239
531	569
631	737
38	767
516	611
308	749
103	145
21	650
50	153
758	764
129	214
30	104
256	298
346	668
337	764
115	469
63	167
267	725
32	66
517	628
49	785
391	510
312	513
451	742
72	372
48	523
75	753
65	171
190	559
428	725
93	714
105	319
649	717
133	349
606	782
698	725
617	758
588	742
338	349
84	473
694	748
425	505
270	452
712	725
701	719
589	710
264	653
32	262
4	563
739	772
242	272
407	446
246	543
422	604
514	656
36	321
440	798
452	737
277	510
169	678
228	537
234	500
49	350
366	651
224	623
407	417
275	684
332	708
1	551
280	696
438	788
38	131
76	705
243	373
188	201
498	601
32	254
185	578
557	757
614	627
298	742
52	369
191	704
129	593
272	650
13	537
28	623
387	772
182	214
392	732
652	668
505	673
117	492
355	483
478	598
363	532
254	341
419	661
278	376
185	320
192	229
471	505
285	376
53	624
361	562
364	550
215	251
501	756
539	694
169	480
287	772
773	786
478	648
224	412
23	269
437	593
58	85
263	299
40	371
473	754
378	696
97	224
299	380
228	265
88	780
426	502
45	323
79	561
23	675
176	471
251	799
4	156
267	738
658	706
463	641
237	737
299	496
314	665
237	693
217	285
214	227
109	253
115	636
44	573
64	393
450	453
109	152
182	766
202	609
518	524
281	704
236	680
447	706
98	775
435	534
310	792
167	426
29	670
411	458
263	758
216	335
30	490
233	718
475	570
345	401
577	687
155	643
321	748
487	616
365	638
525	620
340	548
8	637
466	628
523	552
381	534
153	404
289	317
56	315
320	501
94	103
436	747
14	458
203	226
123	554
272	425
122	796
344	353
417	462
673	722
202	414
48	264
401	576
244	250
21	171
105	116
236	311
33	37
602	682
560	701
298	438
273	538
278	489
354	583
47	222
104	326
181	767
242	378
124	714
361	626
245	255
425	477
6	412
297	658
47	784
331	539
397	792
115	733
400	651
207	231
183	703
53	430
301	633
82	647
361	720
9	17
243	317
509	754
348	798
386	639
149	206
228	244
462	664
546	690
36	141
93	144
134	660
549	613
141	502
65	750
193	247
59	742
346	659
159	345
422	453
217	468
382	539
102	515
80	515
198	737
94	370
401	731
209	324
466	567
236	256
89	669
372	501
193	275
563	729
550	560
546	762
186	198
311	696
56	568
252	403
195	629
167	745
365	431
292	523
337	639
331	766
92	740
117	134
94	752
4	179
508	651
152	333
539	727
547	606
0	766
172	490
175	467
70	88
445	475
408	710
346	639
387	484
260	387
551	571
367	600
493	679
277	313
643	792
371	586
339	531
110	565
333	638
564	598
120	612
85	683
345	400
207	343
396	607
697	702
229	255
413	569
625	772
271	305
242	668
202	567
527	681
27	700
178	341
167	278
221	786
22	217
569	713
164	527
297	732
158	415
149	792
181	477
461	793
53	513
386	395
562	767
24	391
97	670
91	158
507	613
681	730
138	391
20	505
112	443
243	382
405	582
130	741
291	482
1	623
138	376
652	791
82	533
38	753
671	758
455	701
131	617
48	603
41	612
172	477
132	395
605	715
340	526
367	379
149	203
76	234
223	241
127	740
186	712
415	496
72	591
9	565
502	726
6	700
291	429
121	555
298	776
68	156
577	627
47	158
666	731
337	490
92	345
261	470
521	554
65	545
292	580
595	741
240	632
190	773
681	752
65	797
359	419
563	626
629	778
370	421
37	402
41	745
32	514
18	525
441	583
403	694
62	126
491	584
53	435
251	653
66	318
205	659
220	367
454	473
168	526
10	301
249	367
550	651
711	729
384	556
262	710
16	285
244	649
4	792
330	508
463	562
312	591
169	423
68	415
278	302
613	774
314	490
337	637
421	798
702	796
145	522
254	297
67	385
278	686
678	713
293	452
350	517
109	355
197	743
377	443
371	783
341	612
349	777
409	671
30	669
439	472
378	621
131	765
71	161
246	474
198	447
626	725
644	781
454	727
61	695
276	423
655	748
296	395
15	54
251	697
356	432
190	681
150	239
91	420
626	631
0	250
373	737
191	409
23	217
252	758
545	786
586	683
383	418
774	796
647	782
93	514
173	371
589	662
157	366
101	735
596	618
370	504
303	664
325	676
169	381
487	553
322	653
217	775
321	752
113	357
138	552
106	188
450	507
676	744
194	381
383	443
244	492
593	676
94	462
417	607
111	162
185	425
273	596
229	767
529	794
582	613
264	694
389	473
597	709
565	719
301	768
159	344
600	750
179	572
396	665
312	378
231	591
181	780
93	531
74	709
335	782
36	128
308	406
310	344
45	442
392	539
231	408
405	709
408	760
542	722
104	783
388	707
184	462
114	758
188	698
63	243
37	347
189	514
381	702
173	463
18	359
64	645
202	279
467	686
74	383
391	763
138	146
586	604
192	448
273	397
168	311
624	688
97	181
586	690
410	769
223	450
42	260
207	632
148	266
278	501
81	390
412	427
102	393
454	681
244	397
13	684
191	261
610	671
203	686
60	499
71	569
297	747
15	331
61	768
322	383
160	780
209	431
301	388
513	588
154	542
95	483
188	434
188	429
608	622
350	466
215	598
42	422
154	332
49	252
538	726
524	638
256	648
77	291
6	695
598	761
488	718
62	305
395	647
126	657
239	501
265	270
452	486
134	541
9	203
540	584
615	662
738	753
487	560
595	652
551	634
241	470
19	781
150	752
537	729
215	606
98	248
6	200
37	482
590	632
287	741
312	691
333	690
145	523
184	370
83	514
687	738
33	630
179	643
162	667
252	484
217	434
32	376
236	798
35	315
162	484
288	689
572	633
285	291
366	631
173	756
373	782
27	561
429	475
212	465
41	788
354	405
420	775
59	78
269	323
369	429
142	298
252	557
97	635
364	619
335	651
653	751
309	418
224	247
35	470
61	659
337	738
443	751
224	587
67	312
698	753
4	236
46	207
154	292
216	698
142	623
277	790
254	329
330	388
144	484
359	779
44	452
258	427
752	754
239	670
181	629
75	552
319	731
6	613
317	345
185	488
123	538
49	516
710	796
392	497
89	403
341	777
267	759
10	708
338	630
250	310
87	286
370	438
357	358
8	705
42	792
323	566
3	733
279	639
218	234
237	374
9	480
323	642
457	779
198	374
80	291
3	512
158	395
342	447
256	552
100	631
434	509
203	428
729	778
58	281
97	699
324	551
170	791
45	311
543	611
613	744
520	637
417	681
7	449
96	123
143	547
24	105
458	711
97	596
199	695
79	290
233	247
194	746
345	370
176	438
148	792
76	176
235	580
175	449
179	528
221	663
31	130
244	489
258	582
378	792
357	731
238	490
252	329
256	458
46	257
255	611
601	733
439	639
41	458
320	612
502	507
186	703
182	216
724	790
41	213
286	779
269	299
1	241
264	527
171	276
365	471
581	780
299	754
150	589
350	710
230	353
125	360
46	354
354	526
48	560
400	524
173	603
243	530
573	583
518	561
138	144
479	690
19	85
405	659
31	123
13	522
667	791
68	708
224	705
247	510
408	790
109	630
339	708
417	495
443	460
363	753
339	740
140	498
101	219
217	576
329	534
28	607
130	646
410	447
588	789
24	56
451	724
48	382
87	603
30	619
411	725
86	334
66	107
159	773
76	384
347	663
366	427
524	685
143	555
33	745
339	500
301	576
133	758
600	671
96	796
445	614
279	568
563	618
395	683
369	792
651	743
14	543
173	390
465	552
193	538
388	648
1	355
5	211
560	740
400	769
145	188
380	682
93	509
112	263
351	667
382	636
186	266
474	555
349	448
110	437
51	541
255	700
50	601
228	421
37	776
49	478
132	617
209	621
154	252
321	743
301	582
312	504
137	305
579	730
331	584
88	759
610	752
82	678
167	387
65	334
14	607
35	289
554	778
216	425
276	772
361	712
126	533
98	320
89	646
294	489
339	355
200	485
475	578
376	614
244	556
39	744
155	786
244	406
46	561
232	727
495	775
44	105
268	360
559	747
286	466
339	568
133	294
265	739
307	793
150	481
295	468
299	749
98	303
25	369
497	720
2	642
169	741
221	264
43	63
86	756
338	534
475	566
583	598
41	571
335	348
497	527
142	213
207	476
401	455
371	397
446	614
61	636
40	525
45	490
321	609
418	676
324	413
288	354
107	381
310	646
48	558
182	392
96	504
571	758
94	196
80	792
346	630
107	305
85	175
402	723
132	531
158	159
41	361
359	532
76	481
325	781
227	646
532	736
183	639
681	765
173	772
114	156
21	507
406	767
380	696
132	221
268	349
643	655
411	680
542	547
427	547
22	591
455	488
157	701
128	598
353	406
355	544
758	787
217	648
43	206
245	360
714	791
405	626
167	487
211	764
355	539
349	703
7	498
403	625
183	542
216	313
495	524
589	665
284	640
220	568
57	419
433	776
251	662
297	511
174	735
81	701
380	684
287	489
73	568
283	411
212	258
375	385
24	737
350	760
321	423
323	727
126	749
214	476
480	592
102	542
71	543
437	774
317	746
183	511
437	439
736	755
289	429
274	401
468	718
517	730
134	682
268	638
102	231
25	773
71	431
354	370
436	693
463	569
220	697
165	432
132	722
546	581
29	308
193	505
627	762
443	631
238	277
372	441
4	790
445	746
35	174
498	726
695	700
191	297
70	314
331	589
324	393
197	249
547	573
267	751
300	787
161	716
387	440
151	463
7	377
362	572
194	315
403	446
140	455
195	733
459	653
101	328
403	454
148	479
232	497
265	367
318	666
480	721
87	755
168	586
85	719
180	581
53	733
553	744
164	531
274	599
675	694
392	763
173	430
209	585
131	742
539	624
576	621
415	661
131	502
402	673
164	770
282	459
145	777
620	795
608	694
98	666
382	745
64	485
632	785
614	669
204	387
184	334
165	479
89	531
78	721
145	773
260	422
128	362
39	124
14	47
599	718
184	675
140	571
69	191
479	796
153	255
398	403
147	153
97	246
459	710
27	128
508	524
462	630
50	371
371	556
609	613
19	183
313	791
216	246
155	273
228	656
202	634
183	339
484	539
114	440
25	297
28	618
564	591
126	576
444	750
28	137
341	521
234	716
602	667
228	451
505	753
156	462
2	52
14	700
171	200
42	107
344	621
490	501
352	381
8	781
209	533
160	663
221	628
482	714
131	435
458	774
51	600
169	748
156	287
336	359
395	725
456	474
211	585
429	456
348	761
279	698
521	618
236	595
67	655
309	579
492	506
65	407
235	690
600	657
34	316
325	506
286	672
366	694
137	568
383	797
203	302
304	494
241	770
218	400
256	380
62	284
112	305
323	706
411	522
78	290
215	678
563	628
144	315
54	643
131	153
65	471
161	383
109	638
218	498
443	510
219	278
136	271
284	656
271	538
12	733
420	586
446	779
299	799
240	313
4	762
338	717
64	628
587	594
179	426
309	755
362	535
196	370
580	604
150	751
82	459
80	657
141	634
448	505
511	530
455	669
479	591
601	686
33	537
127	166
435	711
109	447
214	387
120	711
564	671
73	282
123	550
497	629
515	687
121	491
337	454
34	390
27	179
631	714
596	692
433	454
51	524
503	613
21	770
641	764
112	169
341	482
593	596
339	611
233	460
256	563
28	54
398	457
79	414
8	467
537	707
321	532
371	507
6	185
249	530
360	367
321	570
245	376
388	609
2	367
497	771
96	493
78	450
372	669
612	746
11	321
4	432
1	179
428	553
744	779
149	605
291	684
289	388
86	298
119	557
167	474
673	707
299	492
54	439
14	715
613	656
147	241
285	786
371	650
62	787
145	217
594	739
63	763
103	725
69	616
329	573
122	264
271	527
292	416
331	695
86	92
145	216
589	609
231	510
520	530
104	782
602	614
190	305
403	412
378	458
72	776
18	560
258	558
414	739
43	345
554	626
547	749
76	212
383	463
107	368
110	425
464	647
483	750
123	754
421	451
628	698
145	527
81	482
329	739
70	418
490	671
546	681
100	196
293	594
178	260
339	735
225	454
170	461
105	508
62	132
524	637
81	426
291	497
265	408
718	788
185	714
168	692
20	297
127	473
177	467
578	748
693	695
142	747
32	607
531	578
202	404
351	532
708	786
424	788
161	704
441	499
543	610
324	408
50	376
7	698
536	735
138	517
93	641
329	422
300	415
618	649
353	697
76	599
102	765
625	703
107	385
180	409
4	546
154	594
56	749
78	401
156	783
191	278
328	641
433	762
21	623
46	270
305	647
53	175
51	368
77	682
232	683
33	220
13	495
124	304
257	689
397	511
140	695
266	620
197	556
522	772
166	332
84	689
127	797
342	522
343	595
3	748
207	570
349	567
81	508
547	793
262	417
353	505
50	479
119	597
537	712
306	607
372	626
436	552
177	570
226	379
191	770
500	561
509	606
356	797
19	731
462	551
38	451
363	448
543	788
132	141
455	677
119	794
13	752
442	552
135	592
54	543
150	483
6	320
649	684
305	628
217	294
91	498
340	722
50	405
363	655
10	558
183	620
306	695
95	503
372	770
615	633
174	296
227	377
118	671
131	471
292	783
534	790
504	641
577	646
358	623
404	539
269	422
236	320
104	234
567	747
224	670
26	567
132	755
88	97
1	271
99	686
534	557
195	612
284	775
182	473
87	433
64	460
151	416
458	506
198	691
394	399
255	384
16	231
724	748
166	722
375	768
196	620
433	601
490	635
230	545
357	742
111	177
97	319
388	610
76	285
124	142
300	539
150	337
84	436
329	685
36	392
5	402
19	239
112	722
537	564
162	441
364	367
445	522
69	619
231	627
175	593
157	619
251	491
39	527
82	637
51	402
245	623
160	242
256	570
281	720
463	730
356	577
203	648
114	180
266	474
519	744
444	598
218	654
405	541
28	135
165	440
185	738
365	514
406	438
161	561
375	477
353	765
458	496
528	676
219	384
303	638
299	797
41	342
402	687
58	474
571	600
114	734
571	656
208	387
43	606
326	651
39	378
151	455
138	667
618	762
165	795
4	641
19	416
334	734
415	767
172	788
129	528
79	356
51	546
271	685
658	789
4	785
74	185
505	637
56	668
150	569
271	487
0	72
545	600
99	537
687	697
54	591
421	755
567	663
142	471
12	163
326	478
313	645
277	452
255	650
64	194
691	775
477	794
233	657
162	463
428	463
83	474
419	689
294	409
555	750
619	645
241	773
31	121
334	623
72	269
544	554
144	567
56	420
129	604
119	637
257	329
277	298
234	691
223	711
252	397
103	213
486	643
22	283
97	557
404	614
5	14
89	460
264	670
268	577
17	170
508	612
32	411
292	363
161	630
375	673
527	736
435	682
94	448
367	455
30	462
309	546
398	659
760	789
251	359
82	231
201	566
630	711
518	554
373	449
146	370
85	424
136	646
335	599
592	738
481	538
402	630
114	736
215	334
251	438
659	711
173	452
399	688
4	382
186	795
351	727
13	568
38	382
33	560
236	385
474	489
331	447
297	412
515	740
147	202
52	620
117	686
88	302
549	793
710	741
136	472
222	585
714	727
339	350
258	567
223	367
292	487
70	539
328	469
229	717
335	763
266	656
394	604
51	472
387	460
555	781
341	757
165	758
392	713
31	775
63	507
207	634
516	722
82	284
200	233
88	176
541	689
604	732
589	660
55	402
261	664
364	601
327	566
485	720
398	430
53	379
352	491
522	779
172	612
33	209
397	739
458	777
624	687
421	461
70	484
380	499
144	735
203	223
737	772
40	660
148	763
128	565
123	291
442	729
362	732
291	490
95	168
91	523
76	327
58	79
354	774
326	799
595	781
262	644
339	718
292	729
437	630
393	638
241	290
48	690
39	215
327	474
382	483
413	712
163	244
85	192
331	344
426	543
448	716
420	778
394	667
64	224
455	481
210	360
318	544
190	593
33	795
199	749
426	657
66	323
453	499
244	760
15	545
22	465
188	354
531	534
270	790
94	716
208	374
298	363
132	315
379	444
217	731
339	690
261	785
151	763
44	206
62	153
126	707
262	638
608	611
587	612
248	488
1	669
422	681
61	432
382	560
167	756
106	247
92	799
280	668
59	209
215	745
706	781
356	382
347	733
177	409
244	774
416	763
541	716
97	706
107	639
104	744
446	725
568	760
160	565
92	575
7	437
37	149
358	534
172	210
443	741
26	280
46	402
325	633
270	461
293	318
571	651
710	743
427	608
94	773
45	296
134	313
7	67
165	350
534	637
94	426
541	638
123	640
350	689
357	624
174	719
512	683
334	347
246	528
262	366
47	472
12	461
727	773
143	792
382	734
29	383
231	506
154	674
24	555
144	196
24	65
79	482
509	770
522	602
202	536
242	794
44	715
243	558
86	785
20	541
210	789
213	369
419	478
23	756
25	196
493	609
321	701
337	726
606	798
549	585
357	759
233	769
34	576
202	762
436	509
109	698
155	584
191	376
47	307
593	716
418	459
76	588
238	448
27	325
47	303
444	704
260	635
88	236
549	684
226	693
283	642
45	588
418	472
333	439
543	567
122	590
180	198
56	401
386	442
87	410
318	713
301	769
21	709
619	666
582	661
92	143
640	757
243	787
42	154
453	727
113	713
248	300
166	282
324	472
34	764
113	632
284	477
441	710
73	140
258	301
25	213
35	711
94	300
87	146
395	661
406	617
295	490
369	397
78	634
414	648
273	668
181	689
430	741
99	202
422	594
100	258
28	138
145	410
363	617
130	411
182	215
354	490
657	760
85	685
442	774
75	553
249	432
372	374
171	726
139	645
594	780
551	587
168	382
153	322
2	411
416	581
664	720
224	603
321	758
58	341
33	700
498	617
213	644
401	609
438	622
199	664
132	309
525	734
52	464
585	666
400	566
286	668
246	785
131	184
108	417
193	468
35	122
204	629
18	519
248	515
96	251
136	367
185	501
413	427
294	671
15	423
37	606
79	545
650	783
2	51
50	108
42	114
380	387
204	333
194	578
457	506
261	322
338	633
480	531
38	654
305	398
538	794
129	166
369	608
92	594
69	499
260	658
48	621
343	419
577	593
31	151
460	569
442	657
111	744
410	688
437	537
128	781
169	218
172	423
325	695
549	603
488	732
375	628
188	737
13	602
512	638
207	433
431	767
103	207
209	495
212	727
33	528
488	615
157	323
225	680
560	683
409	410
7	470
16	95
535	629
415	644
511	725
467	759
148	194
331	522
369	777
24	72
328	484
219	444
35	692
262	319
35	696
118	180
325	673
321	421
246	662
144	613
607	684
31	329
486	587
774	781
433	618
304	545
30	347
244	304
248	750
330	466
230	571
60	391
71	491
678	739
249	694
84	791
235	349
282	435
175	265
117	383
435	621
129	491
224	333
252	793
442	622
267	288
36	537
331	689
134	678
628	660
116	285
160	600
242	492
39	682
537	778
36	129
376	705
115	313
43	783
483	620
625	697
90	559
15	375
600	655
91	399
713	761
344	608
108	324
447	606
411	475
182	651
346	378
257	383
118	407
262	317
128	355
363	699
224	585
445	468
690	787
98	368
95	223
23	181
126	478
415	718
664	797
0	787
556	642
379	699
354	696
13	654
608	771
120	237
294	383
431	668
78	179
124	617
539	641
179	789
152	256
149	612
259	492
431	771
492	516
289	770
543	674
393	585
552	789
43	132
335	784
415	740
678	758
28	435
89	122
327	471
83	790
310	769
277	451
414	730
327	560
280	502
126	642
400	452
230	680
49	335
465	595
444	744
275	618
308	523
112	118
450	459
231	369
0	240
517	787
727	782
511	659
548	702
57	460
108	455
326	452
434	522
191	334
68	473
389	574
283	759
238	359
91	615
125	636
341	672
737	767
610	759
53	424
75	137
25	442
172	399
283	762
135	290
31	554
25	609
122	685
559	635
13	198
106	629
525	677
50	407
56	341
637	798
606	728
279	359
580	796
428	785
19	367
11	744
28	746
97	186
278	455
139	593
382	680
98	553
649	654
253	502
0	502
230	627
100	622
228	654
267	440
473	600
91	100
209	751
37	180
113	238
73	484
28	251
6	183
108	796
519	671
5	201
563	607
57	796
69	634
250	305
18	542
50	648
241	440
387	602
330	477
25	505
413	500
257	660
391	618
248	553
321	719
214	560
589	688
358	430
497	684
584	651
69	799
21	47
470	672
165	269
122	271
146	442
129	738
478	527
359	396
164	440
456	641
195	398
155	442
77	357
83	409
289	451
238	732
318	396
249	692
21	502
501	677
34	530
339	605
794	797
559	681
514	579
371	549
87	299
60	690
641	722
438	549
213	332
262	297
43	89
334	744
381	717
511	515
435	690
232	792
435	671
139	408
241	667
93	370
17	99
380	685
113	619
18	659
95	718
118	760
503	639
118	139
505	669
2	155
9	54
359	674
62	183
371	646
106	205
276	380
259	541
185	676
207	316
381	394
287	450
353	549
368	631
335	555
126	627
8	688
74	323
153	164
86	152
270	318
39	220
607	687
412	690
73	409
570	646
555	712
316	709
250	652
68	681
269	712
107	149
437	615
103	722
507	608
51	450
337	605
282	710
157	780
493	752
633	749
250	524
188	401
40	739
647	707
28	450
656	681
39	320
596	700
421	490
508	527
221	298
113	390
152	335
233	794
510	708
41	172
595	695
396	597
182	593
156	340
110	239
617	733
447	461
250	615
185	573
108	672
119	530
93	608
308	569
60	566
107	315
639	680
216	607
145	370
10	207
4	20
53	680
36	386
252	550
4	557
620	665
291	622
81	587
613	627
113	714
50	172
17	497
269	492
618	799
44	387
217	251
177	438
36	755
306	755
604	683
338	442
64	481
92	247
17	117
420	606
146	432
309	513
188	662
80	537
336	681
181	336
474	789
110	609
352	428
507	600
269	549
392	417
117	440
73	757
226	330
281	302
102	702
29	697
564	742
365	411
582	594
554	572
104	755
494	786
664	679
497	710
157	265
309	410
194	661
65	702
92	579
536	695
133	331
357	437
339	796
61	790
326	684
7	28
81	143
131	714
352	586
62	589
43	697
339	743
118	404
202	590
322	523
131	677
85	744
186	346
102	798
240	255
11	318
305	488
493	724
149	423
269	562
439	442
297	736
6	608
154	318
329	419
283	794
621	637
55	492
379	610
267	644
378	474
385	462
187	686
359	408
356	609
318	600
416	755
56	178
41	63
38	369
23	634
291	699
631	638
676	716
210	327
164	259
317	343
6	414
118	464
291	369
125	380
416	784
31	501
543	640
209	535
506	631
452	635
22	613
388	565
354	570
156	257
72	551
21	282
248	679
392	406
330	391
348	551
419	422
529	710
300	748
297	552
51	307
191	241
403	545
511	742
320	749
698	784
158	507
155	369
586	617
437	746
456	667
236	262
315	337
192	257
295	678
361	545
48	713
679	730
61	200
651	712
256	424
46	539
635	648
2	236
386	757
153	680
482	735
466	523
236	445
521	522
37	120
521	633
435	549
14	253
603	607
256	626
37	719
517	737
408	648
146	539
635	739
208	378
135	533
562	566
473	549
149	729
639	657
15	621
260	291
525	789
164	518
41	784
387	764
487	762
86	425
160	672
432	436
272	768
166	380
117	176
178	432
99	589
164	484
239	428
50	695
210	738
242	263
404	742
318	449
276	538
484	770
575	740
716	789
233	297
33	562
266	665
358	431
309	467
330	342
693	760
15	706
227	721
85	652
178	232
12	172
169	241
101	712
119	792
410	471
107	231
191	654
239	332
123	518
172	624
191	257
489	718
351	697
233	604
338	356
363	555
142	433
563	622
399	448
472	518
29	591
135	796
4	687
146	523
84	536
165	782
277	600
142	717
95	408
161	217
730	734
250	750
254	418
78	602
133	453
114	123
185	637
13	238
44	700
510	660
382	411
198	792
116	643
563	700
158	304
344	546
88	552
90	503
14	277
206	655
469	747
125	611
62	623
644	704
162	321
122	437
6	268
43	307
647	659
91	648
347	658
4	649
450	653
210	371
309	382
81	569
656	685
3	392
212	509
531	566
578	585
555	704
112	175
257	740
23	545
193	580
533	701
582	796
358	761
302	797
397	448
46	616
96	473
88	358
489	543
517	535
281	494
136	604
490	538
97	709
199	482
0	575
411	641
743	763
102	306
100	568
464	698
288	479
262	330
122	249
494	541
597	748
350	635
441	509
8	404
289	532
70	85
407	768
397	601
330	712
107	668
446	580
102	268
160	320
364	564
9	321
218	227
63	282
40	78
522	642
41	300
359	699
287	472
186	429
57	747
176	401
454	650
400	517
565	776
414	488
310	411
119	560
98	210
282	780
357	505
189	535
231	247
100	541
264	375
413	662
498	669
113	640
322	587
277	366
190	609
35	332
9	791
426	799
126	647
312	598
552	561
71	432
149	445
555	702
334	632
276	384
103	420
150	779
164	537
571	664
107	548
447	783
48	356
95	162
125	559
30	405
33	279
180	467
96	358
252	665
116	220
122	554
190	249
180	290
138	317
595	596
248	483
125	372
370	734
540	752
87	782
239	601
116	780
66	793
593	786
14	453
409	490
137	289
336	471
176	659
306	711
145	235
236	324
481	781
183	390
605	708
570	571
44	263
11	220
29	430
13	132
76	323
128	137
135	510
49	343
487	531
9	395
576	787
63	449
48	594
185	647
323	629
304	510
321	577
340	772
522	547
267	675
210	300
205	765
46	210
528	778
638	703
599	759
36	650
20	284
81	752
205	648
409	746
154	742
491	564
47	353
137	397
544	761
15	143
42	607
125	479
25	432
323	622
171	722
576	731
231	717
168	214
151	544
39	306
463	578
54	346
483	562
570	613
331	679
444	464
630	757
270	371
393	502
345	675
124	260
31	703
77	728
60	170
223	452
337	740
265	355
453	592
527	773
457	524
225	362
453	529
193	743
269	477
385	636
377	790
657	660
295	685
138	361
47	730
208	269
17	679
0	97
139	386
190	777
72	106
105	765
173	454
52	688
168	649
23	320
86	182
153	194
575	596
261	679
97	463
217	544
75	424
614	710
146	205
89	551
273	447
151	382
295	419
269	725
651	773
180	666
553	735
735	769
323	441
30	31
389	466
294	765
73	249
192	571
628	762
75	724
49	160
166	202
288	739
585	734
289	533
291	302
28	74
63	704
641	751
250	259
357	418
308	421
42	502
205	413
125	455
239	416
49	408
171	260
410	502
226	712
299	787
209	656
526	701
442	696
695	794
298	743
586	660
178	636
375	738
4	756
492	781
118	137
215	515
138	524
228	697
115	571
351	396
101	115
677	792
281	359
303	375
152	371
234	759
103	612
436	603
388	729
190	386
534	711
230	517
58	693
12	628
142	551
40	556
232	503
406	432
91	341
361	399
78	227
493	740
372	518
481	567
379	797
17	469
475	623
4	348
678	743
248	666
93	716
394	439
490	716
244	539
118	602
576	614
49	736
199	755
204	307
395	416
679	696
432	480
567	618
535	687
221	567
77	677
138	151
276	507
324	426
187	569
296	335
46	361
254	415
588	700
601	796
355	737
142	705
34	555
194	197
285	560
168	676
412	448
99	532
277	434
620	694
5	474
152	437
220	330
490	667
380	600
197	290
313	600
280	578
130	246
1	317
298	548
328	442
88	541
406	761
468	796
599	662
160	519
472	605
142	189
204	417
209	701
184	782
119	206
391	750
260	443
135	554
502	589
663	731
118	788
207	726
465	719
183	567
409	557
431	460
294	458
349	577
3	536
181	339
463	618
302	488
585	594
385	646
250	489
105	495
418	691
117	590
581	655
82	249
312	414
485	745
143	427
545	702
285	702
311	563
377	697
588	687
403	493
311	795
238	713
320	340
202	363
549	593
608	618
368	547
87	270
186	711
407	581
474	556
24	445
407	684
34	556
182	208
602	710
77	259
274	568
624	675
89	625
630	788
216	743
235	788
461	583
92	180
733	785
210	351
396	451
717	742
161	709
49	444
109	369
299	590
94	227
10	673
574	799
301	786
162	619
70	612
228	757
4	396
398	537
717	735
99	307
720	776
363	428
16	163
722	730
53	296
77	660
70	146
94	601
376	773
329	335
53	479
270	562
450	546
33	535
269	429
162	583
539	765
187	351
71	618
513	585
11	488
90	124
196	510
116	270
61	614
44	353
131	724
159	575
661	691
279	706
573	712
488	523
411	451
340	449
574	622
230	309
314	725
293	502
251	489
119	195
497	680
223	304
160	543
417	559
153	765
385	572
6	240
79	292
55	238
197	791
398	613
242	524
56	561
3	399
59	581
123	733
351	372
127	278
38	223
338	664
289	389
336	508
21	757
639	797
141	198
186	233
406	507
85	571
256	510
483	654
290	760
12	641
106	540
261	706
170	728
635	759
527	633
123	634
101	544
37	792
3	55
26	235
78	746
345	366
12	295
321	458
215	265
21	689
461	738
50	533
307	795
693	707
665	690
293	564
273	564
217	599
374	594
376	527
73	704
16	149
502	624
391	716
224	666
18	793
275	303
487	599
11	456
117	154
377	718
497	763
169	626
192	678
203	719
360	658
127	705
525	769
70	645
192	236
63	756
545	779
269	355
286	449
247	263
97	165
39	58
423	642
235	625
662	772
106	681
190	785
61	142
639	676
470	517
111	491
643	657
69	147
83	440
48	185
38	765
379	715
89	248
413	474
549	778
299	457
160	741
379	694
331	547
429	435
204	215
73	363
4	338
15	579
408	714
79	692
225	548
360	786
347	403
609	709
215	435
6	267
331	749
500	577
481	703
11	693
524	619
441	650
168	704
354	440
29	662
168	225
277	580
47	308
475	703
338	381
249	660
608	680
612	707
415	464
397	606
85	349
223	392
342	503
458	593
23	586
487	687
143	595
194	438
293	749
399	675
390	401
438	652
78	207
175	384
6	683
130	390
287	730
397	560
9	273
302	710
172	508
3	26
277	782
66	795
119	577
94	488
369	768
10	101
234	316
232	376
38	507
223	301
243	639
67	536
219	415
230	471
20	185
648	659
148	344
204	463
341	399
640	641
170	245
64	584
268	506
14	497
170	211
127	677
408	772
245	250
704	745
108	386
31	626
385	504
1	365
196	406
168	554
8	222
552	575
191	769
116	471
308	732
180	626
231	250
277	578
437	667
67	381
3	254
285	357
399	719
699	720
309	644
562	565
157	794
266	318
428	705
462	785
37	384
117	243
22	84
396	762
55	298
268	783
91	374
513	796
407	489
43	654
0	163
72	620
232	748
185	679
381	631
35	213
233	313
36	476
62	413
558	671
43	159
416	612
4	740
180	449
778	795
558	792
376	700
396	430
316	349
481	672
151	273
352	498
32	261
372	442
450	638
246	535
378	526
188	551
338	723
284	460
536	760
525	602
95	768
101	380
113	791
191	735
75	152
133	665
379	708
217	701
130	347
732	739
10	260
484	720
299	424
97	432
151	326
236	425
122	191
133	479
504	559
545	617
551	605
339	583
1	24
151	532
368	520
226	642
75	101
94	176
14	115
474	666
82	630
190	770
520	781
44	545
80	126
293	413
507	632
522	632
165	281
456	478
187	651
234	442
677	682
144	696
55	209
139	783
134	403
150	283
266	584
189	536
534	753
5	272
238	570
663	665
22	399
60	220
551	794
250	584
626	729
295	783
288	618
480	544
275	532
37	48
199	722
39	165
347	576
606	613
299	421
104	317
408	736
77	383
12	75
223	593
253	783
438	600
424	658
206	725
34	756
18	267
174	704
267	283
149	580
617	699
62	328
229	678
330	344
25	491
630	760
551	567
130	408
166	432
239	634
457	735
582	734
31	596
17	105
20	282
242	428
61	496
48	528
111	451
383	520
80	290
139	424
306	316
146	253
466	620
279	516
6	450
115	674
506	529
206	404
160	391
215	269
125	799
69	287
228	692
423	715
50	606
370	675
233	594
27	601
49	324
226	505
89	376
122	163
162	242
330	652
28	221
504	514
321	468
2	265
696	762
471	651
171	718
49	790
126	402
342	681
349	670
761	770
510	567
656	733
439	667
141	244
20	184
284	666
452	649
317	461
132	618
457	513
117	157
22	615
346	369
433	637
185	585
726	765
566	743
115	345
217	665
120	363
499	795
426	496
74	106
425	494
48	324
383	794
690	768
112	437
300	735
446	788
149	432
8	34
221	242
186	464
368	689
426	573
71	709
24	361
97	796
61	350
5	613
301	623
444	571
56	242
78	111
73	368
491	500
324	685
4	522
62	532
595	677
251	276
709	718
142	616
32	480
235	431
122	180
136	234
655	680
307	439
253	599
105	394
314	487
340	659
91	556
86	150
532	672
420	726
688	711
145	270
34	178
594	790
158	234
374	693
176	286
374	657
159	382
600	644
80	692
188	490
512	550
173	297
40	295
152	632
324	569
202	668
88	653
3	47
307	636
423	701
470	784
455	608
146	714
117	411
246	786
651	721
104	517
696	752
235	247
363	525
163	447
408	654
201	350
60	242
95	202
137	340
45	645
51	674
249	433
577	598
456	788
196	666
176	521
529	625
693	795
5	791
167	588
87	149
135	740
2	40
546	614
497	736
77	783
14	488
358	593
335	592
490	605
192	411
5	380
109	665
135	224
74	319
206	237
5	313
165	694
230	483
260	581
149	507
364	507
373	783
105	650
146	202
126	771
455	708
115	619
334	395
53	357
587	787
188	628
449	599
289	676
461	753
382	567
185	464
71	733
465	676
477	688
7	677
110	421
79	615
194	599
85	180
210	793
87	634
168	531
292	737
81	747
317	791
375	379
222	713
282	440
283	736
113	502
17	421
344	522
50	348
297	615
470	574
19	462
153	656
428	470
72	636
191	780
337	612
22	430
38	597
207	613
338	729
41	574
587	768
495	497
4	775
422	465
370	520
505	716
392	782
326	588
120	456
16	283
385	759
390	706
114	277
703	785
247	286
550	645
516	738
55	431
54	348
306	727
378	593
268	460
291	491
372	535
341	656
43	611
264	794
394	785
210	345
243	253
66	370
145	381
292	557
386	535
58	269
234	289
520	661
282	358
320	592
466	708
106	763
331	375
441	658
403	554
392	747
209	540
17	477
118	268
111	119
66	554
175	391
158	416
34	768
167	734
691	703
10	154
426	428
350	772
14	22
188	789
232	343
101	535
586	745
440	604
298	342
483	498
278	441
329	668
321	345
731	763
32	205
520	533
523	730
207	782
99	441
262	735
156	437
509	634
638	782
451	591
413	658
273	647
257	716
160	449
161	731
442	642
10	543
250	602
89	262
488	773
152	229
335	530
532	574
273	490
4	502
451	731
158	751
541	731
30	310
271	395
101	710
769	797
600	693
278	612
134	378
351	461
57	503
293	424
387	415
143	323
191	439
322	734
598	777
416	676
527	631
234	479
227	287
64	188
126	521
48	170
159	745
106	570
455	589
53	281
284	697
719	740
454	478
40	622
87	485
376	637
275	696
230	413
501	534
268	665
343	562
262	505
262	416
261	581
121	437
467	774
112	720
179	722
201	298
229	659
611	780
191	410
93	477
76	239
276	369
170	642
281	728
492	529
23	155
14	758
233	633
498	784
339	600
525	752
468	720
30	243
416	696
326	505
572	674
312	698
467	789
124	281
497	641
92	546
542	648
634	794
66	675
321	520
125	387
256	374
727	772
494	717
268	530
120	411
125	734
58	98
179	294
435	720
201	409
661	674
75	222
33	429
256	265
239	576
638	709
51	596
322	571
622	713
194	559
436	730
267	356
73	641
144	208
406	662
127	612
418	520
129	521
55	506
39	494
242	486
151	787
343	498
149	719
93	488
31	795
27	82
553	757
189	776
369	378
185	466
270	369
221	611
460	557
201	677
417	746
440	514
523	660
115	738
275	595
41	588
273	651
14	317
230	525
50	252
263	604
184	210
214	445
139	178
131	400
217	726
498	658
210	363
185	606
172	579
318	700
53	278
589	661
190	495
234	536
89	125
489	743
86	526
101	235
28	683
8	620
63	353
2	177
35	441
511	756
352	414
201	206
270	436
8	53
65	556
293	401
41	141
171	669
0	472
182	751
29	781
324	514
73	624
17	123
39	236
326	402
346	353
407	570
368	796
388	587
190	634
50	577
319	385
69	96
275	706
614	651
238	647
536	713
17	208
316	650
52	737
553	557
108	446
120	540
309	763
171	665
633	778
533	610
579	581
101	702
162	705
31	568
140	150
486	759
440	782
189	342
310	604
348	523
649	738
441	753
223	549
377	427
117	192
497	717
112	585
429	658
191	238
157	221
65	524
294	703
477	795
20	600
168	745
342	638
433	497
436	507
288	535
28	254
415	682
30	164
299	785
259	674
320	354
296	459
457	757
352	625
698	708
532	563
369	483
378	413
33	49
85	361
4	521
471	524
295	398
394	721
336	692
581	704
104	689
216	764
453	609
147	298
154	228
84	188
145	265
159	530
404	444
463	622
84	794
296	529
117	661
200	480
166	410
100	572
327	728
424	613
29	718
16	214
500	749
428	522
54	307
463	514
32	724
490	738
244	471
220	396
109	462
21	660
456	673
250	565
127	783
27	709
634	734
25	573
316	484
381	755
23	398
434	645
60	160
37	618
310	758
257	684
299	696
197	199
490	668
383	644
300	417
92	177
292	468
256	737
405	525
371	561
136	434
132	241
3	223
277	554
397	753
520	614
93	748
264	360
154	271
267	347
282	414
465	506
21	680
142	309
386	577
90	735
412	577
357	372
105	666
333	760
113	230
358	582
451	740
109	197
73	345
44	792
54	677
500	625
451	625
42	618
386	653
536	572
771	775
308	697
395	657
148	664
69	529
134	558
272	518
54	133
289	715
294	436
127	483
145	172
413	450
292	577
58	477
78	309
305	720
218	404
129	747
232	577
408	732
279	753
555	613
646	743
51	470
172	342
41	353
145	664
105	396
136	153
722	780
544	588
352	713
31	120
380	719
153	202
330	648
265	683
51	784
60	456
94	267
35	89
114	245
110	733
427	753
93	327
99	598
236	252
0	253
257	399
55	751
145	239
87	250
11	623
372	493
771	776
431	799
100	400
258	309
210	706
94	216
593	653
541	626
569	585
200	636
330	348
39	761
463	607
159	323
149	698
547	671
216	435
245	412
84	154
417	737
341	467
24	415
522	689
357	532
102	659
548	585
355	374
176	769
158	542
130	151
66	505
170	289
67	661
278	518
388	668
260	488
361	633
323	407
473	719
384	711
114	638
51	320
37	630
314	431
625	739
549	653
287	582
342	662
158	661
11	627
270	647
164	567
311	393
132	707
111	643
80	335
246	652
255	280
326	515
574	728
376	782
126	132
93	413
444	762
311	580
148	470
349	776
585	752
566	799
486	691
386	685
55	565
457	635
37	716
352	441
86	779
238	369
181	213
90	268
136	386
206	773
206	710
458	587
85	619
476	731
597	650
374	430
0	662
95	495
137	609
529	684
112	516
125	550
139	385
108	162
384	577
281	614
689	743
318	682
126	500
323	741
572	586
493	718
75	649
194	549
187	188
143	766
210	636
210	614
151	669
311	350
353	450
9	433
337	452
157	491
129	784
159	765
73	216
335	430
508	688
101	453
204	211
326	645
480	549
0	269
97	385
168	493
426	505
467	635
212	323
440	529
108	571
616	782
174	763
357	364
442	638
16	221
399	667
115	194
637	738
268	298
18	61
317	543
480	523
124	492
140	710
12	770
692	753
195	365
128	324
6	227
285	615
506	590
319	340
81	633
376	617
104	748
573	642
425	794
5	286
292	421
614	618
139	614
669	679
256	262
398	589
121	237
104	191
598	690
267	363
268	761
110	114
136	619
65	504
141	545
163	772
256	337
11	297
374	387
287	765
88	611
176	627
269	433
463	682
187	284
361	549
348	665
124	137
184	653
319	451
248	301
634	653
80	353
444	755
114	194
75	358
622	733
73	273
525	587
252	586
243	773
122	414
102	769
191	379
673	757
158	247
246	490
195	525
146	557
402	635
719	745
52	168
339	431
73	154
772	792
266	516
349	714
428	530
26	273
92	150
171	216
99	454
5	323
209	769
175	409
52	327
656	718
142	735
251	664
281	519
130	306
361	764
202	594
144	480
484	688
352	703
148	297
285	313
143	404
25	169
464	491
363	575
54	525
301	552
257	629
159	383
23	219
263	496
271	530
65	456
385	524
171	498
420	476
450	564
510	700
505	690
116	541
113	201
90	787
216	662
6	342
65	442
153	735
67	750
29	607
33	555
453	619
7	509
150	593
248	324
263	355
420	507
545	550
292	378
713	721
53	300
479	588
223	353
96	556
178	208
172	769
180	610
448	772
458	776
7	217
136	735
131	220
225	659
284	317
123	504
117	225
45	713
220	655
63	689
49	439
62	785
211	460
276	661
263	287
148	500
441	455
264	579
187	387
142	607
34	668
497	682
559	795
81	333
84	120
269	443
94	522
104	131
430	745
16	463
86	524
91	629
590	657
96	799
353	700
507	657
413	591
16	288
518	698
278	742
68	610
43	190
202	743
358	680
91	756
367	627
183	249
4	195
77	94
196	429
235	466
286	306
123	744
578	739
48	694
561	714
300	550
260	540
438	778
677	738
230	738
270	337
61	134
475	742
87	702
349	386
612	778
7	44
49	152
149	345
82	394
196	201
250	284
289	677
209	607
127	751
22	330
52	117
590	741
158	494
310	762
342	706
44	592
97	439
167	180
100	378
264	269
749	791
95	524
623	679
376	694
152	638
272	795
371	535
73	520
70	202
93	743
555	737
67	671
204	407
0	681
354	430
680	741
30	777
428	669
60	687
353	387
360	420
48	769
91	638
230	427
53	306
52	242
223	225
80	582
209	603
376	779
26	488
22	726
23	595
159	708
342	599
289	651
46	430
278	739
149	299
317	529
281	289
236	775
62	286
293	700
206	747
402	648
507	719
22	208
468	717
16	498
59	574
149	413
287	627
70	251
30	717
414	786
125	166
73	386
189	713
151	566
350	533
296	777
209	487
311	379
248	439
250	527
16	708
84	212
321	630
364	605
61	558
166	407
222	740
742	760
421	640
84	310
118	227
455	664
47	73
244	367
734	783
53	377
640	720
295	623
106	432
281	656
115	530
338	680
109	789
390	689
201	461
175	444
258	523
451	587
233	581
42	49
202	768
585	714
272	490
639	673
82	470
202	243
44	645
225	408
125	530
75	348
222	335
248	432
607	659
85	682
259	393
658	692
430	544
162	239
12	601
430	469
196	668
267	271
88	374
638	683
99	381
46	136
173	524
196	428
435	668
109	764
6	339
18	384
301	787
431	512
377	591
236	433
5	788
475	497
288	433
164	177
170	749
104	607
566	619
137	401
518	727
211	248
304	504
250	383
437	723
218	221
88	154
277	651
135	583
118	290
634	741
154	504
385	531
42	137
263	294
404	707
122	433
178	277
518	538
90	294
123	399
289	400
12	191
361	705
455	716
502	558
100	373
109	480
52	217
67	393
383	573
660	799
282	467
192	516
69	216
326	648
231	786
102	224
263	633
563	789
295	355
56	496
258	609
500	655
305	432
66	242
439	652
524	560
454	765
82	325
163	476
135	363
431	432
334	585
241	343
440	665
40	331
123	398
227	269
88	172
136	149
198	606
37	237
551	785
128	490
34	172
257	575
163	699
513	752
147	474
373	453
209	644
85	219
213	610
120	457
497	760
259	427
173	608
367	392
147	484
211	643
69	398
521	711
377	515
353	751
448	661
240	768
418	533
166	466
176	198
31	551
49	193
108	289
582	609
63	309
118	571
331	718
59	467
126	670
716	727
8	642
100	436
251	328
537	760
55	357
194	751
439	482
91	631
87	379
255	326
388	484
153	660
422	513
440	610
271	492
127	243
268	356
198	272
280	420
111	567
120	592
318	667
509	693
273	305
238	383
392	665
156	334
16	67
64	346
176	533
315	355
397	415
635	778
369	409
229	530
228	722
234	537
416	545
329	590
194	618
45	254
239	241
246	324
328	622
163	242
506	685
279	741
480	590
73	451
411	476
19	375
325	543
108	498
27	238
113	423
56	418
207	572
4	28
341	783
34	48
469	626
53	227
68	326
304	776
11	662
254	580
189	579
173	747
54	380
593	637
142	143
536	763
536	626
586	699
63	103
637	717
75	730
82	733
487	570
158	478
467	762
161	635
83	213
104	278
386	679
558	799
353	555
409	624
184	209
488	726
398	499
93	768
256	476
341	585
79	131
738	754
342	592
142	652
40	569
187	664
323	778
291	662
188	283
124	606
268	651
83	340
647	686
334	378
9	748
39	390
55	96
29	783
181	552
270	377
129	185
199	484
162	464
187	327
60	356
84	795
416	778
434	677
124	765
291	565
340	734
650	730
161	306
168	530
496	658
227	411
171	396
280	753
318	450
399	638
74	708
17	645
330	345
374	790
383	410
21	127
313	694
238	718
170	255
365	528
175	382
124	256
313	332
187	392
63	190
502	537
113	701
88	433
156	206
19	453
300	541
488	516
605	665
659	681
224	225
34	750
447	691
86	667
56	173
706	740
689	796
45	710
11	388
14	52
158	707
128	538
109	323
242	559
384	620
277	339
151	658
12	684
481	547
24	212
365	647
396	670
345	389
176	368
551	561
73	535
287	796
605	698
300	499
111	600
140	676
50	415
87	496
275	670
306	732
107	657
263	655
319	672
288	529
3	227
95	489
245	342
315	485
8	738
23	98
591	677
527	648
80	130
250	282
403	456
236	373
89	757
427	725
3	276
300	759
342	558
25	74
322	542
121	385
77	526
10	484
441	539
296	636
412	542
338	436
776	783
431	657
365	667
614	748
117	292
268	516
468	565
63	261
8	621
137	631
61	704
683	693
167	434
175	290
143	617
296	420
769	772
53	85
81	699
534	763
33	364
330	519
124	450
464	598
634	747
178	280
202	372
132	487
508	613
314	553
255	713
430	596
210	485
300	426
28	126
162	271
503	662
336	383
166	710
67	184
395	505
449	635
321	677
594	663
194	714
141	288
507	706
114	209
696	702
111	507
249	572
166	256
172	420
192	307
182	666
649	693
528	720
229	646
2	146
99	357
44	335
278	521
26	726
478	516
424	468
607	778
429	498
333	429
51	604
257	703
167	542
498	782
162	226
522	655
112	597
632	718
648	741
534	608
201	654
74	641
76	424
579	758
192	718
266	767
194	198
287	396
620	777
264	273
397	453
57	90
591	773
83	478
110	393
405	639
570	754
327	701
645	723
88	754
149	254
19	467
134	698
488	723
615	667
40	349
160	630
199	530
62	380
273	562
61	581
202	738
113	478
145	388
133	798
488	742
11	43
585	701
373	781
35	218
481	487
450	591
53	117
308	568
49	611
11	385
162	244
42	335
175	496
34	105
203	621
464	781
548	584
318	573
161	573
142	313
147	276
563	573
171	782
105	393
30	726
27	409
282	714
94	516
204	219
554	560
481	639
24	750
490	502
188	281
363	411
104	526
93	122
59	383
8	338
218	220
704	755
39	285
378	685
139	764
82	752
97	770
93	678
545	602
76	242
16	653
603	750
424	480
245	714
552	683
30	653
746	749
54	555
235	311
7	618
335	465
36	59
652	785
10	494
15	721
114	575
399	558
579	777
6	278
179	288
26	242
86	173
6	350
143	777
326	504
460	676
43	471
191	511
20	155
747	799
388	546
110	643
228	471
22	791
187	562
188	768
217	600
31	433
563	760
498	633
496	518
193	797
121	497
94	541
8	699
397	408
215	532
8	741
279	569
229	282
407	560
156	424
679	719
462	531
141	252
296	526
150	230
150	381
541	743
24	160
415	716
63	82
187	468
143	388
324	506
418	684
229	753
7	204
425	696
106	260
375	637
11	472
129	622
399	490
69	649
257	332
243	505
128	194
212	240
293	635
203	613
351	451
320	506
666	751
69	118
145	765
188	317
86	483
210	640
570	636
474	726
431	650
546	606
142	199
126	469
309	751
381	545
402	471
401	695
6	520
636	647
150	429
68	629
146	249
435	687
140	261
375	426
302	323
406	765
384	550
321	763
446	596
227	530
95	244
209	414
21	264
690	755
361	446
206	382
685	724
59	576
475	797
302	332
452	648
352	761
277	570
138	199
198	605
232	380
173	196
387	489
451	517
663	781
97	219
302	779
90	767
472	563
212	219
640	656
587	756
312	608
188	775
657	672
402	453
510	747
93	550
204	310
71	562
199	696
692	750
210	497
109	595
253	739
228	481
38	83
181	536
531	690
361	630
68	344
643	771
98	627
24	537
196	502
293	646
43	686
25	779
3	50
74	99
142	491
331	533
132	155
141	734
231	335
352	420
334	556
203	619
241	328
97	690
561	629
74	487
258	390
66	195
395	795
186	218
102	130
109	378
113	396
353	453
55	407
91	124
513	726
420	737
56	755
202	742
293	649
580	791
84	347
137	615
601	667
582	668
412	659
211	571
269	282
470	650
412	510
8	330
241	429
494	604
112	488
121	380
242	748
52	755
70	195
160	568
316	632
627	651
518	551
39	239
192	721
82	227
247	648
562	787
166	196
158	518
201	244
447	544
359	638
139	462
383	664
64	530
594	644
16	535
570	641
631	784
443	782
370	374
43	250
426	797
644	649
29	408
376	657
135	775
73	437
431	580
74	191
656	767
13	115
633	726
399	586
417	722
202	405
141	730
580	616
341	779
376	410
34	789
13	92
133	589
11	390
166	573
26	517
500	578
304	631
100	686
2	369
58	170
199	495
5	695
286	760
169	289
237	448
288	347
394	489
474	749
716	740
174	456
72	215
176	604
728	738
83	130
58	312
404	557
292	502
97	230
345	421
121	307
48	490
92	240
431	626
118	500
132	267
164	737
249	644
129	718
304	368
63	245
240	271
575	614
367	477
157	270
64	352
36	194
42	732
473	532
342	770
586	676
452	541
68	298
11	698
228	596
191	567
404	634
72	610
297	686
147	274
579	722
78	266
93	364
211	734
51	147
51	125
204	606
119	666
106	787
122	204
411	770
26	261
210	699
97	729
13	338
621	681
618	752
492	750
487	606
201	331
62	401
141	340
650	743
23	516
128	189
406	564
285	415
108	499
18	313
283	385
22	165
364	733
153	562
137	602
504	648
356	524
506	746
16	664
357	613
299	327
200	375
64	509
473	709
534	586
612	769
1	513
399	499
90	322
93	595
639	663
265	624
241	269
13	754
182	257
51	607
104	597
42	69
57	511
303	581
348	500
189	451
435	436
373	443
525	666
320	656
185	797
162	521
155	590
209	595
210	531
382	686
321	649
145	261
96	793
114	663
371	613
351	612
95	650
267	599
91	397
284	624
271	541
335	495
550	605
347	579
19	582
47	107
20	759
390	440
80	348
434	586
198	392
30	474
366	539
334	596
618	743
179	711
266	362
768	793
109	384
244	761
490	782
602	791
759	770
446	588
64	394
24	172
55	544
33	708
96	751
152	575
326	566
364	389
216	520
46	645
200	723
492	637
519	631
252	260
360	498
504	507
442	466
103	707
441	574
238	716
229	456
255	658
21	44
583	686
457	534
499	696
354	609
201	557
31	114
281	588
346	768
483	599
198	638
81	696
43	637
238	430
184	428
4	633
235	371
259	667
320	717
4	252
110	713
201	714
133	301
227	446
71	713
525	755
234	520
10	434
39	104
113	557
373	432
427	742
61	149
435	773
83	251
66	261
163	757
662	785
85	210
42	654
138	516
158	490
631	763
229	727
310	624
82	170
514	581
659	693
433	548
146	730
39	779
338	369
23	157
593	760
159	417
283	780
300	435
171	491
721	751
19	327
239	552
51	666
720	797
197	311
104	706
165	335
210	692
11	583
10	361
505	799
202	623
120	397
115	346
382	635
144	243
279	334
35	91
10	669
470	626
637	701
5	128
219	239
478	796
54	73
189	629
704	720
439	767
255	607
143	445
163	204
466	713
446	740
186	714
271	615
309	637
52	321
283	444
328	643
38	735
67	395
140	396
22	790
212	222
26	592
78	174
516	603
27	345
542	586
186	307
32	464
265	790
379	492
154	724
655	699
544	706
278	401
202	648
222	682
208	631
78	264
38	53
65	660
74	302
40	312
319	763
302	446
131	644
294	528
6	535
650	683
271	394
596	639
369	520
193	418
72	338
113	308
212	363
39	438
400	453
325	399
335	600
124	770
528	763
675	686
50	532
222	642
60	513
313	582
597	647
149	480
246	659
91	614
351	781
63	220
459	740
326	492
284	303
310	761
220	619
265	601
344	475
162	274
514	548
506	536
287	504
443	622
413	555
40	363
232	290
50	83
144	147
204	239
214	741
129	456
333	619
414	469
271	428
345	564
540	661
134	256
390	618
99	317
764	787
6	441
205	533
260	276
768	792
49	381
248	450
421	757
219	610
532	762
263	509
165	297
555	797
582	707
309	706
276	519
217	310
20	226
297	356
88	701
78	473
475	685
67	769
616	785
65	445
358	739
317	566
436	771
767	790
197	259
77	356
33	44
3	441
572	732
82	340
174	186
313	477
597	662
25	124
199	414
324	468
622	655
192	250
235	429
134	514
379	497
138	350
228	543
489	522
483	691
676	760
76	738
367	541
25	467
466	540
241	674
282	338
75	568
487	644
198	571
39	441
313	475
385	512
140	178
381	586
150	630
24	113
55	391
7	493
412	426
394	401
461	750
570	696
142	208
561	616
57	130
201	243
604	660
430	648
244	514
375	467
306	692
133	747
504	677
168	356
92	768
307	692
221	444
31	589
105	702
528	741
528	618
194	648
119	276
300	613
58	164
43	531
123	708
525	679
631	711
252	366
448	780
84	411
164	523
492	702
622	755
153	636
169	258
242	622
268	533
756	775
444	794
514	598
54	618
398	519
164	297
58	241
438	441
51	132
71	757
327	773
170	228
321	612
217	439
748	764
149	694
405	457
172	369
327	799
194	622
498	515
408	794
561	625
368	729
650	739
202	746
476	616
349	579
143	238
287	459
60	183
111	201
522	597
311	766
298	555
68	108
31	133
242	769
447	582
253	672
715	787
62	565
719	798
115	192
414	717
297	763
416	494
315	563
271	741
304	472
88	344
194	337
413	566
116	704
739	790
16	766
47	734
381	485
381	570
326	574
160	447
616	688
216	406
1	81
186	303
313	724
224	472
104	151
34	257
10	588
151	561
200	784
247	770
203	342
363	751
650	723
412	562
113	260
246	539
122	172
111	688
122	563
78	762
68	438
289	485
160	556
75	679
120	754
561	577
125	476
201	309
326	783
467	555
426	713
326	497
88	787
434	471
210	463
181	386
124	796
139	261
357	734
494	693
607	748
151	707
206	555
307	400
0	100
255	740
437	580
51	274
327	543
328	726
507	788
381	729
220	753
268	558
577	649
189	719
382	678
111	479
2	363
583	665
126	148
272	404
432	711
295	415
418	605
588	592
259	420
209	665
423	436
59	129
432	579
472	548
328	353
191	367
311	358
593	764
272	534
18	572
446	672
285	529
85	791
411	724
502	659
91	694
66	236
293	608
168	187
453	577
126	572
178	349
2	767
518	755
446	667
26	412
308	784
262	485
165	346
218	359
258	501
181	340
323	536
193	337
3	225
179	378
68	574
116	161
21	635
307	527
6	522
278	416
137	341
310	586
151	677
353	701
671	765
473	634
108	765
92	611
60	409
87	198
170	782
343	696
296	729
347	787
291	421
307	497
354	470
78	140
49	684
119	614
404	729
206	672
751	762
200	297
456	684
271	494
256	326
127	721
152	266
22	488
353	761
731	787
548	729
480	627
220	491
185	720
409	428
140	257
250	457
167	303
112	172
410	593
251	481
296	356
77	577
7	18
539	742
464	479
133	478
455	587
192	199
526	632
524	719
231	554
3	138
187	473
80	510
97	512
64	609
215	772
502	697
127	267
758	765
120	306
4	625
173	621
253	260
291	322
79	515
74	706
287	372
463	716
153	542
549	729
129	236
508	509
678	685
674	775
176	586
20	266
357	622
215	310
549	728
192	753
217	332
462	533
180	291
77	119
278	737
28	57
96	315
395	616
4	717
297	628
272	586
427	575
185	470
659	755
84	255
146	789
199	575
173	518
177	254
209	588
139	464
278	620
245	258
490	496
554	709
211	373
405	647
652	731
224	718
395	564
691	759
243	310
212	760
49	200
43	657
157	446
90	158
196	564
520	568
302	457
422	576
94	177
121	630
536	661
60	544
392	658
354	775
17	108
539	626
42	212
25	156
287	672
386	418
92	398
66	714
211	334
351	522
21	148
236	663
384	502
176	631
156	332
195	239
165	416
68	233
483	502
425	459
347	695
309	705
335	351
247	558
197	471
59	76
177	334
211	245
467	517
437	638
109	503
36	474
454	555
128	169
78	595
514	674
370	561
358	663
675	698
166	289
176	758
405	570
11	201
138	470
342	724
301	710
447	573
106	223
80	135
447	551
522	579
327	383
120	451
570	689
142	791
38	374
633	681
259	474
303	567
276	411
312	629
197	285
206	361
105	674
447	468
498	574
43	493
237	757
48	735
582	749
229	544
22	74
33	717
41	393
594	634
353	774
268	608
348	489
201	204
303	427
22	396
593	753
335	517
392	546
358	741
17	694
112	702
292	790
609	751
243	460
516	539
471	629
257	673
273	295
561	643
100	261
73	739
462	622
370	585
91	229
479	535
202	778
153	319
68	505
386	523
220	464
494	730
250	482
6	420
74	495
131	754
279	435
289	308
140	513
546	697
105	295
118	663
178	588
349	545
521	523
39	200
8	571
411	428
283	464
500	670
136	235
259	666
149	788
315	705
205	215
183	730
433	600
206	683
464	631
184	723
162	673
6	628
108	588
333	341
253	625
512	539
44	739
696	772
599	625
503	771
298	647
168	768
49	686
83	389
98	411
461	769
76	124
399	563
379	525
469	673
22	386
194	333
765	766
15	455
237	625
445	498
186	505
243	766
709	717
419	469
2	742
399	590
702	791
506	736
268	472
271	522
462	489
227	508
325	758
603	752
490	540
165	661
197	778
210	414
379	477
146	275
146	520
161	639
11	538
363	611
59	412
75	550
664	747
203	246
134	400
231	360
112	184
57	645
141	579
401	683
289	692
200	219
314	712
254	295
209	714
276	790
186	709
586	772
331	776
491	524
254	529
120	651
24	486
21	690
621	689
183	362
44	393
273	569
150	173
220	265
110	320
387	752
369	759
127	382
13	505
709	743
224	415
237	322
288	783
398	477
508	746
249	326
313	740
77	140
74	610
116	542
95	563
287	619
339	467
323	378
593	644
194	418
23	208
18	529
375	651
116	799
431	491
156	384
96	505
166	706
149	350
20	719
130	260
180	502
158	366
285	655
526	684
218	752
32	765
314	630
335	481
383	500
281	337
214	675
171	610
206	399
120	631
143	791
699	786
181	186
257	410
2	402
454	721
359	563
87	753
445	446
390	709
419	726
18	47
104	111
361	760
241	244
432	535
470	613
265	614
582	731
10	727
230	744
327	743
23	436
98	386
346	730
256	592
484	747
88	669
269	606
411	560
617	687
372	714
92	350
256	740
449	486
722	779
596	625
243	788
320	705
606	666
120	538
443	599
504	575
129	761
368	651
496	572
531	688
65	260
323	435
331	641
737	788
66	704
212	495
356	658
509	740
161	397
381	723
109	300
491	745
247	387
600	708
48	526
525	672
437	524
17	163
235	737
434	796
251	643
72	629
467	620
324	791
185	221
176	446
249	682
458	696
599	696
175	693
164	227
282	288
659	678
102	637
180	545
123	630
617	632
224	744
95	729
341	705
493	703
201	398
356	397
433	496
347	567
454	536
476	611
518	581
197	468
648	663
458	669
43	684
282	298
349	417
14	358
39	231
436	716
365	768
5	489
491	631
139	332
386	670
43	241
542	759
509	690
45	102
58	321
0	355
304	416
295	792
435	691
71	386
217	623
296	635
243	627
242	563
106	129
48	292
136	784
199	244
448	642
201	363
233	235
61	230
204	291
582	621
128	546
241	713
462	497
596	770
17	367
212	480
297	305
168	261
1	765
212	537
82	366
5	96
621	782
567	616
135	229
50	646
150	468
154	167
617	784
91	381
242	579
13	369
290	376
199	433
641	704
206	498
573	575
33	89
191	348
76	495
106	162
286	368
81	154
161	514
426	492
80	403
278	346
519	626
271	553
83	758
477	683
291	298
670	685
399	762
223	618
417	532
341	754
72	138
67	317
275	503
59	145
194	762
166	405
155	667
56	498
1	500
42	721
629	784
616	731
601	701
9	167
379	779
172	294
20	763
118	624
356	734
383	547
149	458
210	764
3	240
227	709
289	303
524	784
16	235
137	322
399	786
401	513
191	273
578	781
275	338
523	692
451	778
172	173
85	595
92	344
523	533
48	230
171	697
154	779
491	791
632	698
191	326
370	458
172	740
471	588
356	765
108	649
311	736
276	555
14	504
50	767
344	399
369	586
295	408
21	79
413	452
644	795
538	682
512	647
191	314
449	617
98	774
376	728
41	544
485	591
495	640
335	544
380	786
237	280
337	547
19	358
341	475
670	679
220	513
762	782
361	620
261	266
464	668
86	369
14	743
135	556
209	304
166	514
23	548
197	777
407	749
465	678
527	575
188	512
48	267
147	394
373	638
160	726
30	522
286	652
520	727
406	695
196	372
62	506
540	618
108	255
552	635
175	364
409	699
376	509
276	659
638	706
317	420
104	287
442	685
342	579
115	350
446	472
89	110
269	771
217	235
22	706
104	577
262	636
239	436
286	670
143	592
97	179
438	584
679	775
135	610
327	758
366	376
76	311
199	407
72	468
323	481
668	734
413	461
391	612
161	235
104	410
520	748
129	234
155	345
52	265
272	746
125	782
280	324
322	791
131	382
318	322
169	635
537	653
163	662
298	610
290	336
265	648
499	550
582	754
122	493
347	686
165	726
139	665
145	314
394	739
253	677
91	744
514	635
123	320
15	527
4	306
449	795
162	499
412	698
409	438
29	722
736	783
421	489
55	354
48	580
135	418
95	609
457	604
215	459
314	650
123	129
93	597
184	215
128	150
614	714
24	343
308	753
247	762
199	786
92	171
318	690
377	421
256	293
232	607
124	412
444	680
74	140
568	743
122	620
293	528
497	672
513	558
416	703
152	519
192	708
123	177
592	697
39	486
4	186
186	254
167	716
244	620
304	307
175	678
23	530
114	762
113	743
508	766
353	500
15	618
299	506
230	715
199	706
345	351
131	578
651	738
178	595
424	566
3	518
454	583
568	702
210	273
210	397
219	506
240	496
146	793
113	606
125	439
681	747
60	335
424	704
130	554
344	469
166	347
133	577
111	132
112	237
128	646
44	596
107	457
45	89
121	282
403	514
532	767
741	752
143	475
158	682
523	629
35	255
142	252
380	638
253	486
376	475
84	640
588	712
28	726
342	587
490	626
520	598
276	779
125	333
137	607
239	376
50	737
1	222
173	634
225	467
109	313
223	571
8	59
414	698
350	383
256	564
120	662
339	369
589	754
29	71
508	685
127	502
24	54
175	431
582	678
147	382
69	470
163	700
49	510
335	766
237	534
9	718
499	528
475	727
201	281
394	603
624	768
4	248
309	332
16	207
60	794
48	173
454	455
731	747
138	693
174	713
413	785
278	792
404	505
301	394
104	642
255	455
208	573
365	772
249	255
399	538
281	309
351	592
240	504
340	374
58	77
185	297
447	674
190	357
273	535
56	760
440	609
204	598
255	479
649	761
478	490
242	439
1	90
226	231
200	374
117	528
252	657
57	68
84	105
374	554
596	783
493	562
435	610
224	608
231	749
293	790
367	373
104	711
303	347
19	175
208	525
633	781
94	768
161	486
16	730
42	347
111	467
125	492
678	763
46	279
138	678
234	428
261	798
656	706
225	610
385	681
111	329
144	217
362	406
489	500
26	250
529	790
263	567
509	793
144	583
569	581
163	540
273	276
269	390
122	296
449	738
67	211
54	155
197	617
410	535
198	463
222	342
335	757
44	465
401	733
241	264
53	724
557	601
478	484
140	313
312	725
440	498
252	478
278	544
366	497
401	687
408	682
310	759
211	552
314	555
28	748
34	44
184	725
449	748
101	621
519	712
489	728
260	358
119	492
36	726
369	428
472	676
313	583
258	312
205	657
75	285
393	480
307	424
69	290
312	758
35	108
281	700
145	745
507	519
173	508
519	635
7	570
322	695
507	720
249	403
574	703
60	414
107	422
115	570
37	77
89	123
296	719
439	485
212	475
55	639
571	686
579	617
453	651
175	528
428	473
139	762
430	747
403	557
565	671
208	282
397	618
248	530
347	731
141	173
151	604
618	677
290	556
115	302
380	458
74	330
113	506
1	432
283	679
500	568
309	500
457	637
786	794
53	531
621	731
35	345
334	659
370	768
307	457
450	761
9	276
114	688
38	631
91	690
47	385
242	475
604	730
29	649
174	572
592	696
89	280
199	601
398	399
416	445
76	724
428	481
4	200
408	411
173	406
733	796
701	771
737	797
1	446
55	561
131	717
704	711
207	517
176	221
655	681
296	512
47	102
185	673
268	630
83	309
148	520
110	315
89	700
509	614
659	780
99	289
280	361
22	52
489	545
18	492
280	781
7	281
326	663
709	745
116	745
105	365
181	560
383	566
119	634
125	762
367	505
490	707
68	163
83	762
306	634
270	767
411	486
15	432
374	569
61	556
240	621
51	471
212	217
406	600
256	566
137	356
247	615
173	251
458	661
465	551
361	387
33	793
137	552
347	369
651	703
38	372
455	762
716	795
462	463
81	295
381	526
146	337
544	572
456	764
496	691
491	598
432	636
385	414
419	763
89	392
70	265
747	793
81	183
126	638
355	394
190	522
49	167
4	38
476	764
64	630
49	284
400	446
361	382
392	525
148	282
317	424
319	719
123	720
277	695
394	792
137	780
263	508
566	604
194	459
402	529
146	639
273	516
18	487
25	654
200	434
620	737
284	455
114	574
62	611
276	354
122	441
329	520
73	591
559	694
32	679
5	59
215	249
465	742
92	541
354	607
88	686
512	720
69	271
117	267
559	715
378	791
233	524
184	297
368	753
396	610
685	779
42	492
71	359
69	590
298	720
501	665
287	595
306	364
278	467
300	704
139	727
108	485
687	728
689	745
594	748
284	776
582	610
287	669
71	789
1	280
52	156
539	705
75	446
283	639
3	454
109	642
20	591
262	502
300	666
655	707
662	680
175	415
53	414
645	720
352	658
614	695
35	216
271	664
317	459
27	658
118	380
451	775
20	442
19	157
138	625
604	688
27	262
113	516
453	672
120	545
200	671
388	492
335	449
110	482
181	397
120	218
230	649
330	402
125	602
236	523
125	788
696	712
277	391
291	394
239	252
162	770
19	593
427	755
67	141
29	646
450	558
231	248
183	364
242	300
139	697
188	558
232	460
48	190
428	673
135	739
491	573
150	221
707	750
409	794
274	392
63	606
134	498
148	538
554	757
304	794
35	740
50	227
359	411
44	773
174	220
588	638
375	692
491	539
354	657
186	561
69	669
356	701
146	782
86	542
210	315
575	706
381	471
24	688
416	594
229	261
577	762
536	797
110	454
130	141
691	692
202	471
160	715
352	483
574	776
118	150
80	356
602	715
470	519
486	728
130	549
234	553
252	505
212	718
630	637
207	728
182	234
312	465
126	209
491	535
182	698
77	600
197	739
31	267
86	236
89	599
112	489
34	144
57	349
606	609
424	672
193	321
389	676
111	472
712	724
137	712
215	541
173	306
362	571
129	203
174	669
264	478
453	594
234	468
176	450
25	448
408	690
103	752
244	474
85	418
257	569
326	483
371	664
458	561
217	282
63	773
10	582
635	649
24	552
44	705
137	151
68	365
282	533
291	321
68	449
349	618
230	459
74	627
440	611
251	667
648	743
243	714
444	589
161	549
57	635
159	427
272	687
271	579
22	739
98	410
368	418
55	659
341	433
646	768
166	773
15	153
250	315
155	220
266	603
297	780
435	477
259	716
624	625
209	224
31	698
155	585
37	585
54	289
12	626
398	423
527	573
15	607
40	456
90	142
28	786
406	668
19	121
213	735
46	724
105	744
491	506
114	229
215	366
523	546
515	622
18	768
576	598
646	715
452	570
367	713
40	491
310	714
179	600
81	756
13	100
79	145
300	650
241	542
527	658
137	776
303	674
40	659
562	684
377	646
147	752
545	742
95	280
371	752
130	739
209	235
233	377
63	273
196	487
283	710
207	250
283	552
341	687
621	651
641	683
202	508
282	387
401	732
331	516
41	631
17	657
509	739
286	684
98	526
82	337
94	399
135	553
366	547
13	161
151	317
167	385
132	767
609	632
130	200
425	504
114	438
145	575
187	580
263	342
422	689
426	484
269	427
58	115
121	301
78	234
100	285
122	711
108	274
453	762
520	755
629	722
109	281
32	433
61	507
346	708
730	765
313	391
374	623
278	475
280	631
44	488
376	670
179	483
61	533
94	208
318	685
142	561
78	650
149	373
311	700
229	428
222	764
196	551
374	384
404	407
153	313
369	512
397	794
271	525
138	214
194	678
396	438
574	788
142	714
207	708
376	786
441	727
190	387
290	396
687	773
18	184
358	742
137	627
361	715
357	413
544	604
420	504
49	53
203	639
330	748
113	247
36	553
71	353
519	681
372	734
162	213
129	499
312	435
218	579
164	453
492	641
213	240
207	418
354	779
444	511
469	497
135	737
298	730
590	709
139	387
7	546
253	565
121	403
305	573
299	304
307	651
239	430
197	361
308	378
299	771
69	650
364	375
14	237
213	565
223	760
178	479
356	697
91	762
508	528
253	368
310	556
154	163
454	470
444	552
434	544
51	680
290	654
131	428
711	715
210	592
258	702
524	713
363	410
295	644
199	582
372	661
429	538
34	288
449	452
692	754
347	726
360	649
181	525
130	551
162	319
252	373
199	460
63	627
73	366
13	379
638	714
206	678
313	558
117	210
599	638
304	469
280	298
53	207
10	231
427	618
526	681
165	555
482	712
27	571
127	794
337	769
329	643
196	550
30	493
604	716
218	560
160	412
609	657
31	182
364	532
52	663
280	432
466	542
646	653
316	757
252	613
162	483
370	579
77	98
174	789
178	618
136	469
34	570
362	387
223	517
1	183
426	443
105	264
126	620
341	524
539	544
204	395
487	585
636	720
549	661
206	371
436	535
402	415
382	549
572	624
117	759
93	185
81	643
303	731
302	630
85	288
316	459
114	301
555	703
426	712
272	460
103	645
632	680
415	606
126	659
15	66
485	486
250	538
81	630
197	509
215	710
74	377
682	733
159	514
116	581
88	403
129	673
645	678
140	277
257	646
698	751
340	709
369	607
225	708
337	722
92	393
46	522
70	567
351	687
35	622
302	561
123	683
233	342
378	713
187	676
28	62
73	533
426	475
42	245
67	600
164	677
63	138
1	38
654	655
216	711
562	734
4	749
295	657
584	719
173	332
50	196
466	605
159	428
297	506
95	486
41	360
471	556
731	786
225	355
70	300
113	398
411	745
121	446
228	302
671	720
91	102
227	423
463	546
48	305
492	607
163	362
288	495
154	634
701	780
353	641
373	476
48	595
289	669
24	244
207	637
194	475
488	519
403	674
112	741
316	368
264	497
169	219
135	489
294	357
265	693
390	679
523	584
243	580
683	734
148	491
46	707
440	796
515	634
177	218
438	463
166	485
106	364
192	520
244	614
576	751
121	195
81	514
313	697
392	477
99	287
106	409
67	95
427	520
318	381
505	645
189	368
189	780
113	670
136	526
77	590
180	676
382	788
540	547
251	791
505	752
218	503
561	591
230	736
558	745
7	386
45	764
365	481
294	663
248	689
118	141
221	718
139	189
479	692
194	365
505	529
484	635
274	459
442	478
562	634
473	720
40	627
404	661
250	571
392	579
158	273
84	433
70	396
783	787
324	349
391	738
622	731
270	504
55	746
49	158
550	652
489	731
730	732
151	215
145	530
270	718
572	594
643	764
338	344
400	438
221	713
574	725
342	758
181	408
283	494
86	271
504	705
0	22
461	766
459	477
585	602
88	106
84	333
466	493
161	753
439	478
410	679
116	515
190	451
56	259
84	737
26	538
544	699
304	663
129	786
431	486
320	748
3	175
159	408
357	466
92	526
662	709
759	799
129	175
495	630
189	211
201	585
0	71
285	304
31	178
87	646
177	437
463	581
369	735
244	428
412	457
123	391
167	294
746	789
51	767
40	650
572	761
364	604
206	628
257	451
173	704
451	664
418	486
90	148
597	712
651	731
8	23
516	543
546	782
240	559
67	319
357	565
560	681
289	447
192	541
77	431
346	597
151	345
275	453
617	678
278	572
391	433
430	476
161	660
120	741
94	140
115	601
269	527
182	662
390	495
251	403
57	369
288	672
71	381
21	404
11	784
132	726
405	794
376	578
523	714
97	303
183	394
580	638
315	450
20	193
547	747
433	698
426	738
547	552
217	772
487	628
179	622
194	415
29	337
276	344
67	269
134	464
130	349
473	557
310	402
642	643
690	735
472	604
426	675
371	683
259	328
109	452
192	632
567	600
346	569
548	648
285	795
112	374
59	591
206	607
485	705
90	328
117	142
184	449
387	617
134	286
336	451
640	690
51	360
75	656
147	537
145	200
334	467
443	743
382	592
764	795
179	429
147	286
56	374
245	583
383	440
584	725
98	285
289	452
34	192
203	335
676	730
307	606
272	784
163	461
446	582
9	458
735	780
75	153
147	585
741	782
62	505
635	750
134	264
690	783
194	747
544	799
401	476
416	773
355	573
339	375
39	702
615	726
155	521
515	718
476	769
593	667
137	383
259	295
129	178
317	612
709	780
34	494
458	468
92	741
656	746
483	627
160	503
277	345
1	475
74	419
52	181
57	748
72	165
29	786
522	531
7	145
97	775
319	480
665	769
301	518
97	712
211	506
364	711
382	781
49	245
305	716
470	769
290	545
21	370
230	352
465	702
121	607
385	554
496	666
117	790
274	504
254	694
258	440
449	592
144	560
47	154
267	506
600	717
19	316
435	450
259	407
403	500
367	619
620	773
39	501
207	366
427	504
33	753
37	670
29	239
296	753
19	336
183	493
14	512
272	415
347	601
405	415
345	770
84	620
178	493
62	609
520	586
547	633
102	529
504	585
290	593
232	272
373	728
442	721
4	413
364	488
582	679
216	238
227	602
340	797
194	239
131	304
203	276
620	656
76	376
227	758
437	736
306	646
69	574
92	643
503	792
420	650
109	309
552	719
302	564
28	537
63	285
24	689
56	779
144	151
82	632
442	731
333	418
45	657
38	544
193	399
218	697
176	671
156	222
47	613
360	672
190	612
170	406
590	648
324	494
60	79
209	279
208	302
85	296
157	269
43	74
497	530
379	470
80	799
230	293
13	73
392	734
67	530
388	538
746	777
87	726
12	767
200	319
341	696
107	627
271	637
544	549
400	743
186	369
332	799
475	777
107	142
461	749
536	762
249	710
145	417
543	773
4	469
406	468
10	115
196	473
593	631
26	637
348	573
454	569
76	544
126	178
196	451
406	756
521	563
237	246
92	399
149	415
278	715
267	406
474	559
290	725
6	533
306	706
86	151
26	139
229	449
268	407
116	132
185	272
378	455
467	601
475	492
320	586
277	755
441	652
337	609
445	742
414	789
246	330
64	359
150	706
548	779
33	84
6	559
447	657
98	589
22	584
45	395
253	738
66	116
37	137
240	618
125	181
123	745
171	694
416	449
45	771
461	465
276	296
646	739
3	413
199	607
516	649
186	568
382	594
104	709
64	698
488	797
263	466
281	498
300	395
154	339
246	480
141	314
524	552
182	750
217	296
557	635
45	78
304	743
361	502
545	551
71	697
285	526
443	650
230	620
18	57
83	121
7	629
417	617
187	198
241	699
106	400
368	485
219	667
52	417
42	725
392	756
35	267
83	444
204	734
179	556
188	463
3	729
335	730
90	693
61	510
260	709
161	690
196	442
97	753
195	766
100	766
348	375
310	634
6	238
4	497
172	356
58	764
109	671
217	338
528	567
541	636
141	170
343	506
99	378
317	483
289	484
34	566
194	396
394	760
267	567
334	791
88	201
454	587
629	786
115	149
87	692
414	595
473	619
84	440
291	663
146	614
97	639
124	693
239	371
196	677
301	404
136	215
665	697
318	361
460	783
169	350
232	386
100	753
37	587
428	674
290	734
182	672
689	758
133	196
29	195
15	516
411	412
361	573
283	682
203	307
230	426
222	343
28	37
241	284
538	626
380	587
621	656
81	109
476	775
101	599
96	735
131	235
537	761
276	588
109	184
93	157
92	268
10	747
132	296
46	260
19	657
206	391
340	380
73	514
157	381
45	647
728	774
43	731
575	638
488	538
205	612
20	706
82	94
319	711
393	717
30	793
461	516
574	726
122	205
84	560
513	529
6	47
6	64
101	654
280	729
134	564
192	306
172	734
541	606
50	555
774	795
87	157
187	193
464	524
708	777
82	167
142	332
323	619
587	759
323	497
110	432
355	627
64	789
359	572
288	317
173	750
102	461
144	776
93	686
159	232
211	294
387	576
0	609
148	450
242	523
770	782
182	542
445	678
49	292
160	707
40	89
128	176
287	664
485	668
47	58
613	620
39	245
486	751
516	756
422	598
55	705
445	767
57	597
726	756
99	347
314	449
69	764
680	795
126	446
292	466
285	637
204	609
555	630
199	475
122	385
476	639
448	760
168	328
249	652
216	298
354	783
163	512
16	393
132	220
10	389
346	412
79	620
583	735
233	737
521	652
294	770
38	54
287	389
252	442
525	778
218	423
103	540
214	220
78	154
251	644
141	142
200	462
29	733
65	503
390	474
96	543
23	739
41	134
553	566
44	137
496	566
35	347
63	410
49	229
363	561
242	591
172	239
123	386
168	232
23	291
623	780
7	503
292	572
413	501
142	346
549	722
178	654
17	376
18	350
81	197
477	766
270	624
534	550
180	662
239	588
307	698
530	544
172	367
146	483
303	703
210	576
116	592
25	103
2	464
91	632
213	647
148	531
284	659
372	656
278	476
65	322
301	606
198	439
156	773
410	632
728	741
27	231
654	767
540	768
120	440
152	292
31	510
439	571
178	667
43	147
263	773
207	363
106	499
396	765
38	480
291	685
14	367
339	660
160	276
26	555
37	295
271	708
636	707
654	697
82	460
120	586
284	463
98	397
39	241
17	107
374	455
111	582
378	481
335	536
276	524
270	415
464	788
256	672
78	88
141	461
429	618
306	685
565	612
135	411
292	375
365	564
153	344
75	303
41	504
627	778
325	773
444	539
389	736
123	142
417	538
127	388
5	624
138	471
13	648
73	761
64	315
382	643
355	531
301	357
99	645
12	16
306	632
285	444
404	683
304	464
86	744
137	560
644	764
287	658
341	698
341	794
57	544
184	390
59	458
199	202
70	315
117	633
372	539
481	589
31	317
99	401
24	565
127	249
353	382
288	440
382	741
343	660
50	78
29	42
623	791
335	346
166	379
134	540
146	355
416	518
634	754
527	694
596	732
176	489
347	484
672	699
314	613
339	435
52	350
48	491
81	422
40	329
200	729
647	758
580	591
128	506
580	719
2	336
194	495
14	173
32	251
587	601
31	36
270	637
44	45
184	306
525	663
471	504
247	760
163	479
112	550
351	443
19	290
44	396
633	773
130	793
347	492
284	411
593	754
488	626
493	664
531	619
21	267
245	279
461	777
17	721
578	749
506	740
684	692
108	299
317	392
404	438
479	694
369	566
21	633
103	434
325	672
95	522
394	406
71	325
218	485
201	676
385	674
39	753
415	514
79	194
190	649
197	479
511	658
624	684
151	575
301	573
269	375
493	782
17	346
50	177
390	669
165	684
68	692
594	610
64	239
34	726
88	143
307	337
2	710
78	724
329	359
308	765
258	489
287	498
135	348
535	777
395	792
59	508
262	272
312	580
340	454
449	551
450	660
25	94
579	718
390	444
193	350
469	486
562	581
612	792
88	764
153	495
269	631
131	162
165	360
344	702
611	674
253	603
35	338
403	544
393	453
308	487
275	581
221	333
226	440
521	761
136	780
331	785
181	695
331	772
139	406
531	714
19	638
168	343
535	544
85	153
98	621
670	754
37	496
168	418
58	188
391	499
261	278
266	633
744	797
187	489
405	532
509	697
357	775
114	789
512	606
424	494
311	611
623	641
11	344
86	403
631	735
27	422
210	534
314	634
365	691
168	779
306	651
21	788
121	427
278	633
703	788
472	571
513	717
343	529
372	747
46	286
284	481
600	721
461	608
163	702
38	205
224	437
67	164
452	466
572	597
525	798
420	712
152	240
30	309
313	328
395	554
593	789
459	488
51	698
545	650
492	709
18	775
339	734
389	594
631	756
160	397
116	612
415	594
140	640
37	252
44	69
485	598
41	613
37	131
473	737
233	526
45	772
63	101
199	224
39	530
669	769
267	719
52	236
266	624
96	174
286	504
88	424
323	600
322	553
373	602
370	434
290	722
58	721
127	778
117	666
627	746
203	369
327	730
686	695
348	438
8	138
43	450
482	517
480	524
149	766
426	491
339	358
341	789
334	364
335	568
558	701
104	274
154	310
127	309
425	534
710	734
65	106
515	537
290	642
208	266
387	568
124	661
72	329
152	783
7	63
30	385
27	306
182	788
420	442
590	626
282	789
22	420
115	710
100	773
88	265
718	719
219	434
320	713
196	545
348	703
413	721
293	742
646	676
164	202
768	778
125	575
487	731
132	797
481	500
474	606
39	389
143	661
456	612
36	588
391	723
101	462
79	708
49	657
311	352
20	601
121	717
12	593
210	419
64	163
278	761
312	783
171	393
397	709
32	525
559	671
147	148
262	500
45	497
202	764
197	495
235	485
161	590
261	757
322	724
628	655
116	630
148	205
620	690
121	605
14	788
497	570
37	97
177	600
740	744
140	746
134	303
45	211
134	778
225	723
604	734
170	338
274	457
195	369
268	790
211	329
395	568
24	751
191	248
241	704
72	576
78	278
331	694
390	787
39	407
229	610
250	588
428	636
361	503
430	595
79	701
138	422
389	477
33	354
298	640
201	794
448	565
409	479
44	267
617	735
32	69
124	543
463	519
0	704
420	708
361	560
153	279
462	588
195	633
85	509
167	768
139	271
68	741
179	375
110	605
598	757
15	39
638	694
362	773
6	381
373	765
157	660
28	527
645	653
146	658
33	219
621	795
9	231
137	302
27	208
98	585
18	742
241	539
472	584
168	289
63	702
279	345
293	713
262	302
165	400
224	342
154	267
212	731
55	562
452	732
80	98
226	614
470	618
316	570
290	355
463	750
27	630
363	683
597	693
138	492
465	528
328	600
427	467
104	603
108	344
238	495
356	653
62	799
101	165
228	751
330	544
516	546
618	764
146	453
267	636
185	522
746	748
250	411
723	784
558	605
6	426
48	142
78	464
64	396
472	514
314	764
190	709
337	407
106	323
406	537
552	656
559	654
528	651
316	716
458	799
75	106
307	635
494	581
187	612
218	595
106	253
498	696
41	593
250	301
165	647
127	741
48	508
94	97
12	630
472	703
482	603
186	283
118	174
182	646
0	456
127	361
550	732
132	607
216	495
79	653
154	265
385	573
112	265
482	490
544	645
37	503
270	483
66	648
749	769
71	354
72	89
171	545
229	464
100	283
42	515
93	467
288	749
27	384
456	543
333	717
556	762
163	774
115	648
85	732
405	766
30	764
434	616
358	461
115	274
331	583
512	634
201	752
530	698
167	496
427	737
106	145
126	624
597	723
33	367
287	398
68	88
253	319
458	462
79	173
153	666
414	543
260	646
106	473
250	636
199	764
650	736
42	180
289	408
370	741
132	492
596	729
7	742
414	720
5	497
8	780
610	626
146	647
622	797
771	781
241	524
622	787
43	504
448	512
236	484
393	617
294	351
603	773
130	657
6	785
176	324
646	704
58	366
196	337
197	492
490	507
121	276
367	743
614	646
470	742
584	782
186	676
544	677
167	324
454	747
39	500
111	520
230	584
188	353
305	629
317	484
21	315
103	622
645	655
474	545
697	760
302	608
404	496
22	137
334	778
205	434
353	391
341	375
500	519
609	612
470	723
302	612
68	320
410	665
62	385
585	745
539	600
216	781
149	257
242	722
202	370
380	399
203	293
207	578
295	650
60	592
30	736
253	661
259	712
117	228
424	492
28	301
429	786
34	219
437	787
220	594
2	216
503	755
137	714
207	551
260	346
183	270
133	623
286	535
307	317
139	532
17	336
182	736
73	711
567	786
361	363
232	237
433	654
34	383
67	770
44	648
186	202
57	292
245	668
58	93
78	599
74	571
170	734
249	731
150	256
257	325
521	535
747	756
84	482
165	358
517	697
344	554
477	738
68	750
39	216
643	691
124	203
290	549
138	198
402	711
749	785
556	584
142	546
418	768
132	406
236	489
201	448
605	696
406	595
306	616
42	123
663	687
136	157
67	372
696	783
770	790
293	589
541	557
48	270
29	540
513	613
442	641
309	339
164	790
35	568
25	194
67	149
82	86
107	775
525	579
421	635
215	481
56	419
69	209
172	411
5	11
392	556
402	710
218	686
307	500
62	442
215	568
176	354
247	451
210	478
219	510
231	600
176	727
404	412
736	768
542	788
318	447
104	628
101	351
333	521
256	750
559	796
30	703
725	792
130	342
742	777
474	630
424	635
567	763
50	90
195	548
157	644
130	538
150	532
380	489
668	684
644	718
594	666
52	318
327	519
11	484
371	518
584	596
267	618
25	739
34	93
365	743
154	777
590	620
135	798
129	360
154	625
106	302
206	419
424	718
600	639
114	263
350	657
205	320
84	102
350	485
36	427
113	722
83	523
481	794
19	725
6	245
612	725
260	459
92	438
24	667
434	715
591	624
247	616
369	454
173	587
101	506
164	576
475	606
395	580
193	780
270	435
129	307
623	772
728	793
262	454
182	585
48	339
188	234
300	448
232	681
482	694
22	722
229	291
332	466
150	729
156	403
52	381
152	268
182	488
293	489
197	435
199	522
60	740
269	455
637	731
76	448
615	655
269	547
706	765
200	368
118	260
419	474
269	556
371	734
207	425
41	541
0	619
321	655
177	464
90	463
133	635
60	233
214	334
199	205
110	233
75	195
678	712
585	768
217	770
407	471
32	597
227	308
31	282
576	763
535	624
684	757
24	476
129	506
137	240
21	101
28	636
236	573
452	540
219	543
232	500
6	347
199	714
293	650
145	343
23	780
345	427
192	699
75	88
24	743
356	660
207	521
50	212
413	571
109	558
95	454
20	677
350	538
87	113
11	403
222	239
95	627
173	579
53	209
285	442
147	767
194	304
167	455
51	173
43	282
571	738
119	781
152	318
122	550
568	595
504	638
173	272
76	498
136	341
359	390
257	692
266	742
144	546
140	539
334	491
157	168
103	218
252	745
203	511
17	677
651	791
308	679
482	791
84	631
383	746
365	366
190	489
600	661
219	430
637	653
96	227
219	329
740	745
342	674
143	241
83	112
466	766
3	117
188	584
209	435
81	530
130	152
239	787
338	418
383	522
109	420
72	713
219	410
517	722
304	403
783	788
398	429
225	667
598	702
237	794
253	635
249	267
24	746
239	472
2	501
278	562
593	694
89	395
136	496
369	588
353	522
262	539
178	406
367	422
512	721
223	433
310	332
141	592
7	617
421	456
286	386
521	760
3	464
18	640
764	792
700	793
100	647
315	375
171	589
114	754
446	792
170	344
190	248
51	251
18	489
553	776
164	657
253	285
640	734
18	548
732	755
55	269
199	518
450	790
452	678
24	601
115	444
14	308
87	412
112	779
29	246
264	701
156	203
220	476
658	719
588	626
399	607
92	348
633	787
65	460
217	293
547	713
32	369
74	543
20	55
167	794
2	530
291	782
218	494
712	781
146	391
145	242
681	793
61	764
110	710
387	455
496	783
29	306
187	286
64	284
377	522
498	568
280	452
454	799
71	708
263	264
376	500
243	275
86	421
148	731
101	397
44	244
383	501
554	697
495	571
239	536
33	457
501	542
6	351
630	759
277	472
170	379
475	695
662	763
141	670
25	75
261	480
299	317
427	773
224	399
67	250
561	754
184	576
581	599
128	562
380	778
510	603
443	577
259	480
342	489
255	516
446	710
253	493
13	604
28	174
310	436
555	710
162	238
343	614
164	623
237	715
62	776
406	604
216	255
610	762
197	395
510	688
78	354
325	522
483	752
159	332
703	719
481	666
14	567
155	317
143	149
443	457
558	652
590	598
444	681
0	527
215	351
129	483
341	390
149	576
473	665
72	454
133	467
541	726
222	625
270	481
292	444
158	313
532	693
305	725
64	112
169	587
359	539
541	544
356	529
188	745
77	347
386	480
293	664
27	369
134	379
22	725
538	790
64	581
135	613
173	790
317	633
473	590
113	745
67	362
159	251
199	258
112	643
423	529
129	598
34	143
71	116
279	482
135	495
390	686
710	766
57	380
169	247
668	772
13	489
287	361
450	603
63	537
306	514
64	261
314	615
228	555
47	119
104	635
3	371
77	321
106	597
555	716
340	633
10	469
213	391
96	731
91	232
98	237
370	693
373	698
2	618
0	552
250	478
44	466
206	641
323	787
36	481
14	231
36	695
124	549
340	425
116	645
95	126
112	739
55	339
0	606
404	766
528	611
73	197
388	415
65	282
482	772
195	226
501	552
514	586
545	610
430	695
41	103
519	524
575	789
221	464
137	770
317	521
253	782
198	776
151	420
157	602
502	664
31	34
494	673
46	65
393	570
172	716
579	785
400	714
689	781
761	798
302	305
406	664
227	582
111	619
200	267
67	521
382	543
106	428
50	169
227	733
124	278
163	291
235	436
160	777
624	658
413	764
265	417
62	676
323	570
44	390
4	103
60	204
515	598
74	169
523	786
179	401
73	303
90	431
360	766
372	534
183	481
227	534
649	745
534	736
277	591
435	489
66	276
460	648
308	456
32	683
73	332
3	122
529	648
96	686
256	682
429	562
230	723
361	458
326	785
161	378
115	250
451	464
468	648
661	664
37	548
333	597
6	630
399	431
68	177
99	319
143	275
383	486
304	515
50	519
65	792
309	315
261	797
209	787
198	295
75	743
133	286
118	378
15	583
274	408
124	332
349	769
128	321
328	499
570	642
171	387
196	452
390	501
378	596
121	281
728	766
597	750
183	699
136	584
403	568
194	439
350	767
537	639
81	276
120	251
178	328
653	682
543	692
345	406
623	710
403	659
166	649
395	571
79	279
293	685
86	714
361	414
2	288
452	632
522	691
335	612
394	701
16	146
509	731
562	795
487	567
364	396
170	320
351	601
391	498
375	630
49	84
178	302
292	722
455	774
15	637
531	556
665	796
16	262
72	608
681	704
508	609
139	604
17	523
82	461
204	461
53	746
14	649
52	541
391	487
663	691
650	668
203	262
27	707
253	611
79	330
90	292
30	311
257	735
169	353
352	488
355	464
107	203
63	591
51	454
301	487
192	305
398	645
118	658
166	483
144	180
204	625
210	479
171	407
97	374
19	553
427	668
200	382
289	616
453	640
30	784
3	743
393	765
234	318
174	281
339	623
335	573
279	748
92	439
40	793
79	427
384	704
418	715
329	675
202	560
374	780
401	441
370	408
47	352
275	741
359	420
18	56
222	742
261	502
444	698
349	450
153	359
37	47
240	709
406	469
169	547
707	743
197	494
636	712
566	644
419	696
210	630
189	266
123	740
61	716
440	715
153	191
11	604
579	605
295	405
28	264
282	539
586	638
150	546
444	625
352	476
467	526
276	575
237	578
50	154
312	765
293	312
379	683
509	546
184	289
148	577
45	51
184	486
505	721
193	747
530	692
726	754
496	573
363	711
486	794
495	582
262	281
670	759
307	668
14	119
161	783
17	263
465	533
0	680
199	632
180	751
152	211
270	780
117	748
0	291
223	297
318	766
267	671
163	506
7	598
330	499
173	752
648	790
564	724
26	598
133	456
122	164
453	696
193	249
65	395
37	466
36	387
238	603
13	321
53	206
401	661
47	617
209	358
317	505
215	665
100	799
323	381
316	483
123	251
124	578
460	683
295	634
234	460
179	304
134	430
114	518
25	507
296	446
673	719
96	219
300	440
61	621
134	548
348	503
147	641
154	530
37	536
156	566
187	599
329	387
557	772
562	649
463	760
706	732
238	418
279	614
20	209
515	549
288	599
207	582
245	699
76	441
259	297
73	622
380	654
170	542
131	762
214	622
57	453
532	553
312	689
36	761
453	732
462	469
266	496
213	640
320	702
238	717
483	559
11	212
132	250
586	781
508	781
73	108
206	263
356	383
395	659
249	525
354	616
96	674
98	507
86	410
87	418
468	656
7	80
310	460
98	659
228	536
399	744
313	729
81	156
139	654
142	180
185	722
20	24
290	438
34	163
344	410
124	548
284	395
510	614
96	758
174	196
266	580
632	690
176	310
424	425
141	155
477	720
391	426
87	330
155	479
40	534
378	473
549	606
24	209
535	610
391	598
346	696
262	381
401	596
517	660
360	446
734	745
47	383
154	366
216	509
255	782
287	647
206	743
68	557
197	615
546	656
85	692
179	252
83	501
374	481
261	513
465	557
456	656
46	78
164	474
6	223
117	559
156	293
35	162
129	651
214	782
146	506
7	703
244	668
730	741
236	377
298	794
130	185
142	523
135	316
15	290
403	703
467	648
96	597
132	451
52	269
136	194
451	707
90	510
201	559
601	776
228	584
122	794
532	750
145	734
315	497
212	799
105	568
18	516
333	650
438	514
107	242
246	491
30	792
231	705
344	601
162	703
465	795
348	483
553	569
235	566
10	442
38	622
344	425
724	735
566	674
213	320
362	703
503	622
397	433
565	784
178	651
124	445
542	693
1	154
146	674
312	707
4	776
332	763
451	693
38	483
150	602
10	529
161	695
39	709
1	13
26	180
200	409
275	507
66	476
477	642
270	533
238	675
198	246
452	694
315	652
440	542
408	609
126	650
584	671
141	720
145	593
188	760
52	390
174	760
260	744
49	177
587	720
188	646
47	512
265	673
390	478
413	484
217	641
392	501
326	784
77	230
161	412
29	355
331	731
521	615
192	221
353	372
306	554
65	207
202	657
224	488
139	476
443	764
14	423
109	252
265	498
726	768
653	758
331	787
40	377
265	733
495	584
373	475
228	295
103	724
360	414
568	687
496	642
343	726
80	396
270	552
391	420
476	728
264	268
229	545
287	798
451	552
758	775
35	72
317	798
61	79
81	791
168	254
563	714
94	684
145	227
422	775
10	204
175	223
211	713
199	573
515	704
191	549
681	720
554	758
216	217
11	204
495	724
210	242
51	502
55	665
456	769
149	285
116	527
8	570
35	763
346	349
733	755
188	260
273	619
150	786
58	63
463	740
365	609
383	726
590	659
508	777
355	605
573	739
173	551
42	787
11	592
309	400
310	717
153	647
93	507
360	608
298	523
226	438
499	702
202	659
225	364
250	490
119	187
194	791
372	404
1	246
629	715
351	546
40	115
344	596
641	665
268	457
209	317
217	695
360	554
665	718
239	614
96	632
121	295
142	703
304	347
29	277
74	628
565	624
159	197
50	575
150	700
161	419
303	488
721	748
212	320
67	653
19	794
585	698
128	201
705	784
71	379
19	656
278	768
255	628
50	619
76	606
199	285
86	504
535	665
266	670
475	722
448	531
292	651
554	772
369	497
3	173
497	611
232	555
188	574
11	500
593	714
291	557
174	520
554	760
363	639
327	596
507	518
412	610
475	652
45	778
85	577
303	660
229	577
45	284
381	450
666	762
624	779
96	365
226	756
317	567
440	645
452	481
494	546
655	695
128	444
341	728
68	640
89	540
719	722
182	748
149	291
556	563
56	296
215	369
378	419
217	699
179	253
338	665
158	168
22	324
67	670
320	433
774	797
586	739
159	647
462	492
248	572
276	341
281	429
43	530
481	579
364	470
76	337
557	747
449	722
280	601
6	62
132	478
367	399
328	793
465	580
10	425
58	373
80	276
66	642
81	140
446	508
503	518
88	139
2	163
132	307
42	435
268	292
19	636
70	630
377	650
490	495
555	601
43	305
499	627
84	374
73	333
97	310
33	284
111	607
36	233
65	422
153	722
119	335
387	553
394	722
301	742
399	674
25	700
509	712
110	255
139	376
63	356
209	472
573	618
167	505
290	422
508	635
263	709
6	524
285	292
335	718
220	779
17	485
127	529
359	724
15	487
254	419
725	799
476	510
329	572
110	361
213	303
385	663
55	405
92	275
117	392
392	461
125	771
108	678
107	774
517	735
678	779
481	645
21	357
482	776
444	455
305	416
179	737
17	245
2	139
425	724
12	426
471	696
104	106
464	511
44	174
30	279
486	780
604	659
193	252
235	628
27	126
445	752
365	569
89	615
30	249
156	317
113	372
367	616
161	680
128	756
365	781
116	488
388	774
7	710
87	648
379	722
223	467
357	516
295	379
709	752
615	695
284	559
292	302
142	307
422	461
255	747
240	615
179	520
230	615
40	624
517	754
150	278
327	750
141	558
339	775
177	209
354	764
164	753
351	627
544	638
581	654
184	770
431	589
41	220
289	513
100	163
125	569
18	731
21	177
197	388
444	484
246	698
271	534
9	392
622	670
158	602
341	582
112	406
93	681
655	672
373	764
612	756
145	326
57	769
233	329
157	583
308	413
221	685
634	716
142	640
307	710
397	409
464	536
140	326
217	268
34	75
183	276
502	565
1	200
119	784
244	262
14	207
27	109
110	127
84	161
46	330
629	681
366	585
130	417
567	776
374	724
272	495
292	414
27	344
60	212
607	615
369	406
569	760
477	726
460	617
100	698
306	476
519	708
461	634
61	701
29	769
83	101
121	368
122	155
188	343
286	656
379	744
113	764
95	266
47	85
32	496
79	193
262	370
439	665
210	422
272	519
147	763
175	518
136	273
176	222
100	403
326	512
492	514
215	740
1	678
137	508
118	687
201	550
92	397
91	727
294	353
428	730
17	169
272	360
334	532
244	685
187	672
347	642
217	711
331	557
60	420
411	566
156	298
47	780
424	529
492	621
16	494
61	644
89	109
249	772
251	665
92	685
83	548
112	634
129	590
469	502
113	206
467	561
354	448
17	183
4	282
33	465
705	729
233	736
107	676
289	687
27	665
637	756
395	463
222	607
296	673
235	417
444	458
135	281
114	190
165	449
545	619
335	652
222	256
275	451
80	181
150	707
411	730
201	290
65	739
281	490
495	605
400	793
247	769
319	545
162	765
208	685
127	370
28	203
471	627
509	588
25	387
164	786
597	715
232	568
412	588
88	591
86	619
141	769
435	509
143	542
304	622
158	746
48	361
408	781
3	179
242	248
258	363
260	285
238	375
414	624
512	773
98	743
42	118
264	755
180	542
88	578
468	747
336	348
227	274
27	680
89	151
321	790
139	700
189	444
507	645
539	541
80	581
289	502
3	263
328	769
427	480
60	149
58	367
610	793
79	257
18	615
177	494
131	419
141	625
200	774
57	169
248	627
394	618
13	637
130	380
0	668
447	723
154	302
491	582
457	623
300	430
217	577
227	653
295	594
150	465
192	498
561	582
430	691
12	762
681	784
275	404
543	712
195	784
137	366
35	472
353	580
219	250
204	592
19	211
128	580
599	688
503	726
137	363
392	618
472	730
78	572
165	682
258	712
162	308
219	262
400	484
301	609
394	484
432	627
129	447
60	63
324	335
361	434
198	383
294	786
127	433
4	243
397	576
4	640
689	747
278	520
368	390
605	759
499	746
325	683
611	794
283	733
599	667
162	775
567	582
231	595
77	145
102	441
195	698
524	557
217	404
91	352
14	763
565	654
72	792
316	740
206	270
258	616
31	702
149	639
122	451
452	725
29	344
642	769
6	11
261	508
230	797
263	387
88	580
150	281
340	769
127	411
213	779
274	473
433	635
124	275
614	780
12	68
131	685
237	412
564	573
104	295
75	411
495	661
183	571
574	758
1	227
375	724
218	734
324	714
225	673
159	166
586	770
36	175
363	661
194	368
154	384
199	248
184	260
73	466
294	680
44	324
543	564
377	699
154	450
756	774
269	768
400	474
56	316
129	389
582	792
310	413
387	675
26	740
330	591
44	726
165	739
153	519
84	728
169	445
253	638
262	546
290	704
716	799
618	701
247	280
11	354
265	675
216	330
235	618
268	394
620	754
398	445
364	700
338	388
288	320
57	288
93	196
71	387
209	504
630	728
493	558
348	487
72	411
110	253
365	465
541	753
315	377
381	756
340	647
168	317
20	80
432	559
119	288
643	661
549	701
246	667
391	453
331	608
145	583
416	572
288	639
184	388
582	618
242	462
417	463
277	702
322	569
155	620
82	177
73	640
188	385
702	711
349	590
162	680
416	473
18	327
233	643
308	459
480	759
64	732
54	791
637	737
62	755
163	612
604	679
210	536
133	469
51	252
1	301
296	358
88	706
592	665
208	358
505	628
399	554
283	350
379	600
112	261
472	727
487	734
1	745
398	578
110	799
305	683
78	730
90	134
109	212
358	590
253	294
346	375
112	389
517	651
424	765
248	455
119	432
161	461
137	680
755	756
264	526
91	649
259	589
633	674
155	750
24	187
138	169
199	674
43	221
96	369
461	765
47	292
270	676
521	699
209	328
514	670
15	242
140	270
349	791
151	591
285	794
304	634
69	709
34	757
241	291
602	609
232	490
408	767
101	184
414	788
289	571
242	536
471	596
534	687
435	515
498	608
526	678
20	301
342	550
122	743
738	797
208	480
667	691
348	744
463	758
267	539
31	427
521	537
154	391
474	722
240	758
508	646
604	691
581	782
84	146
125	780
177	194
244	590
247	432
73	137
418	600
6	207
51	705
527	783
238	471
195	405
407	757
140	491
108	648
205	535
8	619
364	688
188	743
597	703
601	699
56	439
162	506
596	768
18	353
219	795
75	796
164	380
137	693
266	688
29	230
347	380
121	376
118	719
385	521
255	642
45	207
77	251
308	441
20	611
76	652
109	701
384	710
445	624
185	381
393	774
403	655
528	569
130	568
275	750
46	515
22	606
122	737
138	670
321	644
593	759
390	431
349	581
599	751
185	448
200	651
231	659
51	660
226	358
402	572
332	569
373	651
243	509
79	214
166	315
356	567
226	768
276	722
271	719
279	611
162	739
469	674
73	717
186	431
69	532
66	214
325	470
41	397
300	554
286	688
437	459
196	595
121	424
566	600
208	581
51	74
441	750
389	516
111	588
80	703
218	720
692	718
330	596
79	690
347	548
466	671
45	306
60	697
229	246
384	566
83	575
149	241
139	618
9	161
423	429
451	766
417	776
127	183
7	130
665	787
338	622
398	472
84	406
4	491
448	595
41	434
246	269
418	423
296	580
721	771
203	733
265	752
144	475
11	255
30	652
14	147
569	751
224	241
440	536
114	347
198	548
264	340
31	509
114	238
252	452
633	747
333	692
481	597
203	561
64	650
105	790
28	440
258	658
191	527
381	458
561	567
48	137
202	309
263	668
327	682
394	624
130	735
434	483
516	745
37	504
171	382
483	640
505	513
253	254
253	740
304	505
324	642
704	784
35	412
552	708
347	648
68	703
395	443
198	204
314	697
208	594
54	521
330	562
542	720
158	222
139	223
253	289
62	483
238	613
530	719
187	516
602	788
477	743
26	71
5	318
606	618
497	696
291	474
445	656
247	509
213	634
312	656
266	583
262	757
312	531
60	629
446	693
461	477
412	656
371	657
143	606
695	744
88	208
785	788
164	291
144	542
42	88
51	149
428	431
255	317
433	610
172	287
206	409
400	443
625	675
312	544
219	420
244	440
414	702
105	373
190	621
434	521
110	453
238	549
668	794
182	596
276	760
240	251
316	573
426	630
28	159
548	654
73	387
166	255
112	512
326	414
180	746
272	437
520	541
72	437
278	593
459	485
563	635
249	565
377	654
163	795
1	353
172	600
82	287
227	547
88	472
216	229
116	619
90	381
20	299
84	743
40	430
349	684
30	499
374	749
77	194
233	691
11	272
38	82
336	607
92	431
471	676
181	613
77	678
267	682
402	730
164	335
70	325
178	571
558	708
106	751
190	441
98	255
235	789
279	771
16	337
32	451
58	287
187	277
232	758
186	452
258	319
437	712
418	587
29	108
394	582
64	299
144	710
280	637
310	601
364	499
768	773
9	608
188	531
121	752
45	699
221	630
262	537
192	765
440	548
703	777
590	733
271	766
436	709
372	472
322	744
178	198
240	770
70	511
112	126
58	606
212	794
185	306
98	473
568	783
602	630
129	438
183	709
67	537
98	517
578	677
178	305
531	575
344	563
64	190
654	678
502	564
32	572
82	281
53	69
136	532
17	24
259	600
405	447
285	494
280	413
451	787
92	227
683	688
85	312
225	560
5	725
375	617
89	285
118	440
338	679
110	586
397	466
306	582
182	493
554	744
451	589
533	769
45	270
436	652
97	442
26	346
425	743
18	333
705	785
332	471
296	642
479	672
302	425
73	618
572	730
463	735
33	221
292	595
551	630
442	546
14	422
508	543
206	322
252	459
306	331
159	453
20	451
256	456
511	723
58	690
436	615
116	666
610	734
66	711
264	343
84	562
551	739
339	523
66	384
367	452
5	35
437	486
46	370
134	688
28	601
655	666
409	658
470	559
418	478
109	474
131	332
249	655
432	618
538	727
0	194
154	586
428	600
333	587
117	548
207	687
47	357
161	778
70	295
330	776
324	605
86	99
279	576
426	736
89	774
408	683
34	71
303	472
477	556
474	760
176	515
197	235
423	613
239	260
489	580
5	753
589	597
304	390
244	557
16	76
714	723
308	704
166	204
322	531
269	491
111	316
139	796
37	274
112	547
330	794
45	88
109	483
677	785
449	474
39	68
245	687
189	425
22	405
480	652
59	60
378	518
70	792
457	702
468	651
634	712
257	486
157	313
70	514
713	716
204	746
266	299
499	602
86	666
620	743
125	663
574	779
210	605
148	659
445	783
40	246
317	618
45	256
214	355
141	737
223	725
24	211
68	478
50	682
532	564
165	640
144	201
172	613
144	675
421	431
99	662
233	541
4	422
53	64
20	660
267	653
12	670
647	753
408	520
83	115
228	362
524	676
463	564
499	755
77	293
160	685
15	324
60	767
382	519
371	457
88	313
140	244
46	81
68	194
195	503
225	661
93	434
65	642
574	752
106	588
12	294
139	168
71	719
127	589
87	764
5	684
507	756
72	86
494	500
221	729
525	605
186	383
283	356
643	742
85	563
21	197
334	358
267	710
508	516
189	314
471	645
153	177
331	553
248	602
37	766
285	754
3	657
187	681
77	643
90	473
388	618
120	715
228	602
539	593
128	240
392	549
77	782
301	619
530	565
564	778
253	271
139	453
184	190
563	604
412	424
225	679
179	729
31	700
342	452
629	630
486	770
26	769
683	725
71	188
251	373
29	655
45	520
174	215
30	320
64	113
150	529
406	751
317	426
26	76
19	115
37	411
175	634
284	601
445	646
192	507
170	222
178	734
285	631
24	718
155	183
608	787
117	330
300	324
278	598
466	487
282	559
30	345
613	795
239	701
551	618
473	788
628	641
118	520
86	795
405	494
262	503
499	553
62	682
1	322
286	794
64	592
90	400
730	796
179	773
39	289
118	505
100	542
18	25
422	679
185	449
114	766
623	739
55	448
19	732
310	400
171	451
155	735
120	619
530	552
185	234
52	723
119	558
566	568
169	628
459	527
311	685
8	407
601	637
12	427
438	645
161	222
290	679
164	652
511	605
241	342
238	679
537	612
405	701
21	130
374	471
82	359
328	500
50	491
442	558
361	491
94	711
239	721
531	687
365	597
102	134
151	654
239	707
175	407
246	268
41	117
323	446
496	705
86	448
423	468
135	678
388	418
108	717
373	409
37	579
199	793
206	574
368	370
461	547
199	611
99	732
331	346
84	282
16	414
112	707
341	638
522	583
391	455
77	715
292	385
525	625
192	346
500	703
213	242
427	727
218	406
341	502
135	769
157	229
153	751
587	637
160	303
13	366
41	130
362	575
365	653
508	662
224	227
453	646
107	139
159	367
65	641
365	682
197	246
170	348
543	622
15	525
234	244
609	619
4	241
359	647
592	798
309	625
215	247
99	491
417	768
119	657
307	580
281	664
20	731
625	678
304	386
191	553
123	462
73	312
132	192
559	695
54	798
22	748
110	204
387	567
12	694
298	328
194	214
43	506
224	356
372	429
386	648
348	646
448	796
323	404
20	749
408	725
114	370
400	514
651	666
236	363
269	698
232	676
15	302
241	424
47	183
254	592
205	328
187	415
250	360
2	583
212	419
303	538
260	757
186	449
358	779
388	543
111	663
15	574
595	757
517	622
18	323
135	478
50	219
694	790
212	471
78	681
24	254
560	613
259	493
3	745
201	727
121	600
72	488
123	642
43	743
566	633
64	250
313	410
383	617
205	720
179	361
42	432
415	681
198	420
433	462
362	646
63	131
221	697
78	756
134	708
241	520
445	636
75	572
387	681
444	499
476	583
451	586
125	345
45	625
427	796
415	527
17	213
207	495
7	486
34	315
16	307
605	607
564	730
538	733
274	485
210	700
69	632
293	506
42	396
466	522
50	442
226	448
133	610
70	597
276	389
693	731
93	376
188	725
434	534
299	604
334	522
317	430
274	630
797	798
205	356
503	776
148	278
621	667
232	359
361	700
314	704
648	682
193	445
454	760
490	569
627	785
493	573
18	660
5	321
405	761
469	508
139	531
367	405
231	239
747	779
165	654
570	598
13	513
378	709
431	594
233	316
388	569
31	274
121	743
145	790
158	386
22	63
607	762
11	510
375	586
498	785
23	142
362	664
293	503
5	310
301	598
336	673
231	378
121	543
326	777
492	582
26	696
162	402
4	377
102	192
231	792
337	422
0	136
327	364
690	796
524	724
93	428
233	481
41	247
39	359
477	696
251	610
35	318
238	619
30	66
247	284
311	394
7	489
65	687
364	606
211	627
320	548
469	727
772	784
428	532
524	718
310	606
174	784
176	375
390	696
734	751
730	753
275	647
302	727
457	625
418	714
32	114
161	546
178	584
434	541
310	623
189	386
356	730
320	756
58	131
676	784
424	590
261	576
376	713
541	750
304	732
41	81
103	189
32	606
565	793
125	447
135	220
90	584
49	494
354	620
338	640
168	281
323	707
211	283
349	368
487	584
228	418
39	338
748	756
29	566
85	360
293	789
2	691
664	732
267	408
309	585
83	516
487	718
358	586
95	333
159	180
15	53
87	602
199	307
449	704
592	657
145	411
176	778
560	680
704	744
184	511
569	577
568	754
32	566
18	523
395	758
65	117
281	453
69	456
339	760
188	686
291	704
259	523
376	794
92	577
413	796
145	613
289	346
167	681
465	518
319	386
28	56
492	638
286	468
3	695
324	402
304	535
234	673
203	424
98	500
366	731
372	604
105	645
218	465
309	549
98	365
224	502
711	791
53	54
216	368
77	703
205	416
360	501
451	756
167	275
62	582
506	737
50	60
472	669
179	405
218	362
628	701
489	756
22	228
82	262
303	577
323	597
357	702
121	640
576	635
257	535
34	243
19	750
78	617
738	764
324	598
85	602
376	411
87	791
183	404
211	417
348	702
71	501
358	418
176	211
21	230
192	453
53	158
56	248
611	776
30	349
17	43
359	696
446	641
532	587
123	455
334	640
176	218
213	381
484	590
474	527
337	388
396	716
107	431
165	653
81	200
2	558
83	246
544	581
62	750
345	732
467	549
49	166
243	568
277	507
200	415
431	573
117	247
184	458
387	791
609	611
67	613
538	634
575	639
210	350
473	757
46	778
10	479
111	239
546	558
77	763
319	463
380	465
12	657
269	462
272	372
161	193
194	401
162	327
114	424
222	260
86	361
361	530
629	755
97	748
253	458
114	215
409	754
145	516
240	332
208	308
486	660
197	466
115	164
185	444
281	467
443	592
170	507
242	551
213	563
583	767
145	491
392	594
102	188
461	627
379	442
24	464
444	591
204	290
740	793
302	535
136	649
38	466
751	761
333	437
110	646
105	522
414	524
41	620
20	668
659	699
137	565
258	626
78	252
507	602
299	404
94	656
401	438
288	431
212	604
430	529
602	732
259	265
413	475
156	474
11	224
406	612
281	685
262	457
79	270
164	483
450	556
80	443
2	313
19	270
63	658
423	755
366	387
351	568
212	588
332	657
293	567
602	738
74	503
305	700
117	594
527	547
78	708
485	555
160	602
103	204
99	471
3	393
17	23
167	493
7	540
169	614
370	603
56	127
568	749
215	445
139	242
326	339
20	103
545	611
537	629
522	585
525	649
614	641
131	559
208	344
262	601
227	724
176	302
645	759
190	685
261	320
147	184
108	140
555	572
103	317
474	754
255	420
545	616
15	263
598	678
47	629
230	594
35	187
90	652
690	720
384	672
473	489
125	286
294	679
207	710
159	380
626	728
418	718
218	702
8	653
217	429
42	371
120	611
63	332
494	543
177	638
698	799
171	277
99	580
143	228
314	520
370	755
501	570
11	105
370	761
37	309
75	124
40	293
475	617
720	744
327	614
582	720
440	669
276	547
304	597
386	479
264	469
389	546
456	631
341	601
268	578
247	307
225	726
509	741
467	512
136	357
740	796
211	693
42	429
532	739
421	779
374	660
41	670
170	765
272	573
201	601
156	761
460	698
24	673
422	687
198	317
203	241
183	299
440	667
327	405
301	323
435	494
350	620
306	467
23	430
133	717
276	710
171	504
172	347
44	670
169	544
257	429
141	415
131	768
647	658
231	504
459	768
575	731
60	765
219	548
10	19
69	617
408	708
79	95
73	489
35	66
114	175
404	720
468	558
649	770
97	786
312	652
195	208
90	453
97	536
262	313
369	645
81	556
89	779
96	549
177	472
75	188
62	253
111	343
332	639
679	752
623	790
193	785
236	693
480	636
567	602
486	684
77	308
427	646
23	587
302	575
364	768
216	659
341	486
607	727
10	57
663	741
761	792
134	388
153	396
253	710
86	443
43	695
19	29
55	510
90	653
63	278
670	767
82	246
76	430
11	395
160	256
354	489
28	399
499	573
538	689
124	494
85	422
8	516
72	669
141	458
123	772
245	505
124	295
48	761
415	668
47	799
450	797
38	259
418	514
83	571
31	190
463	736
172	779
131	513
537	661
246	546
170	720
31	682
300	493
56	360
411	794
84	569
430	673
436	457
596	661
386	572
489	575
543	660
517	788
153	243
180	190
256	367
19	507
595	799
211	292
79	758
510	722
575	671
589	623
132	452
151	424
287	464
76	144
459	780
393	627
398	550
637	692
65	653
4	113
494	626
138	719
16	244
442	528
55	340
377	766
422	536
624	788
194	299
148	614
393	532
128	350
45	482
674	721
564	698
135	165
31	278
548	722
20	718
626	642
268	549
288	304
422	705
235	780
367	575
131	379
413	499
45	789
45	200
113	397
43	681
383	507
73	191
17	30
269	486
695	732
130	220
240	790
228	332
202	474
7	575
155	160
205	684
230	434
79	275
511	730
334	763
317	648
601	744
325	574
181	431
170	630
488	788
48	310
307	782
301	338
182	269
24	392
459	517
316	342
89	517
369	692
297	469
76	213
436	593
97	142
447	769
421	795
764	774
75	517
28	294
420	748
12	465
1	553
41	474
535	721
606	762
102	767
281	657
315	723
71	557
312	718
314	643
82	639
568	644
168	789
115	310
318	789
144	361
29	449
68	773
298	516
658	726
149	701
557	651
323	410
495	667
82	154
140	776
15	522
325	726
350	680
48	103
431	534
152	450
225	453
218	627
330	585
446	674
149	427
229	710
233	427
302	705
172	464
524	567
406	718
411	660
223	436
47	370
175	745
264	456
288	691
199	374
463	764
609	711
473	771
220	719
240	766
298	372
10	100
289	403
234	404
650	673
417	425
216	686
747	753
211	537
266	529
397	513
208	226
205	525
150	290
30	332
299	397
309	491
211	389
92	707
39	508
63	788
378	592
164	754
61	325
546	710
144	435
559	748
192	375
439	600
409	568
613	646
108	521
176	536
9	691
35	293
295	299
342	516
141	586
189	409
40	628
53	675
273	338
241	368
171	650
198	598
216	277
276	393
195	717
280	307
473	790
125	796
74	719
185	623
128	372
650	682
247	358
561	762
212	451
556	714
775	796
230	753
631	716
28	60
440	794
80	489
261	493
47	423
310	529
387	574
477	501
210	303
445	586
26	493
81	734
416	653
2	738
218	454
272	409
290	641
506	678
310	457
89	748
366	522
2	580
54	340
297	372
244	322
293	430
465	775
268	697
681	702
9	42
117	551
252	321
396	429
77	640
242	530
183	586
26	203
98	387
122	671
128	303
272	661
37	184
254	393
39	542
156	387
150	563
62	228
146	399
350	483
137	779
398	611
98	284
20	388
55	778
154	207
221	563
580	709
142	276
350	407
491	756
436	743
421	453
115	137
504	523
562	605
416	447
582	755
206	222
373	592
24	180
376	795
195	404
90	404
193	753
291	706
54	243
156	181
86	572
336	631
117	413
3	636
122	778
365	711
2	276
462	578
56	274
235	702
118	667
98	415
317	367
557	735
45	170
199	503
275	505
200	740
544	642
448	503
273	689
8	380
14	172
13	761
409	598
53	711
333	348
20	569
165	218
185	382
236	292
52	92
346	489
543	765
544	779
262	549
196	249
127	486
111	292
511	669
430	662
182	467
162	294
338	610
446	716
370	474
634	772
334	653
34	554
38	584
201	384
196	702
172	528
375	665
203	341
213	566
417	591
260	410
706	738
520	704
282	410
223	448
6	20
336	721
92	347
4	204
18	23
425	493
420	632
187	228
374	518
4	543
542	580
612	686
715	766
349	535
125	769
1	99
421	592
208	548
197	753
591	597
396	793
109	190
205	369
389	446
213	570
103	418
179	548
289	516
232	374
718	735
343	560
30	51
347	499
12	793
20	231
241	603
227	675
592	629
283	756
184	705
22	133
494	694
412	438
298	596
705	728
327	488
274	664
207	745
93	114
608	673
225	243
179	241
550	721
204	582
648	755
611	725
380	425
86	647
12	589
105	428
249	312
53	552
381	739
356	788
66	736
204	332
195	631
684	718
110	750
378	725
129	439
288	571
137	263
110	232
264	799
557	703
203	663
176	192
144	155
3	582
396	729
313	591
639	691
381	795
425	788
598	740
430	667
102	167
339	780
129	550
442	734
93	510
307	567
17	287
52	609
306	532
274	526
16	518
279	716
304	677
477	560
513	771
34	667
519	673
463	475
252	337
197	341
328	468
51	577
373	548
614	734
402	749
33	154
630	634
148	362
407	631
562	784
141	722
329	553
327	558
101	147
544	560
134	444
1	162
312	328
170	569
205	286
463	729
487	637
61	685
103	572
568	777
225	308
179	525
67	181
516	551
168	715
230	503
560	582
583	660
382	599
678	799
8	266
259	758
304	373
215	353
44	391
77	702
84	194
295	549
661	736
3	753
37	291
700	794
43	620
99	708
149	279
71	635
408	423
780	792
250	590
261	783
414	482
18	416
93	408
185	220
274	278
29	524
337	511
126	502
518	700
639	709
153	310
132	324
459	714
221	353
365	603
223	341
97	762
59	585
545	577
349	716
351	542
101	217
161	674
39	797
184	242
361	791
57	154
0	365
669	702
29	516
164	499
259	781
615	653
158	221
119	385
217	749
110	704
159	294
228	326
421	501
730	771
18	146
322	545
99	183
148	486
576	626
452	574
311	375
43	671
199	740
281	470
516	690
210	452
273	375
217	334
383	743
129	424
488	593
416	670
441	533
7	347
158	444
263	282
316	433
170	188
634	745
321	479
352	397
426	432
91	672
7	448
204	646
2	574
172	622
592	675
677	695
117	271
302	592
222	252
102	216
548	647
222	622
317	360
592	684
12	784
255	329
88	232
18	641
30	532
260	451
493	546
491	794
50	530
36	91
27	315
93	695
140	249
170	653
259	293
342	492
70	137
422	565
309	570
47	581
37	102
377	446
336	589
7	103
397	703
439	539
636	789
216	278
111	726
144	721
224	494
668	774
358	384
327	738
587	711
379	509
201	320
166	596
395	589
79	468
101	292
291	439
120	425
205	248
466	473
92	149
75	430
61	121
266	540
137	312
48	303
177	511
113	706
47	493
200	797
247	415
118	518
542	566
90	536
286	318
288	388
688	751
357	534
300	332
309	614
6	769
258	673
69	768
17	593
38	577
62	220
88	320
440	788
196	234
130	654
32	637
19	607
30	135
0	246
415	789
114	787
181	746
209	281
365	786
98	474
468	571
169	661
226	759
341	535
221	330
560	786
490	586
176	260
22	224
773	789
68	727
240	564
89	163
125	156
647	765
400	594
0	746
213	512
225	335
44	280
1	737
87	772
547	779
341	634
222	739
522	731
360	689
473	534
40	55
460	659
63	753
302	447
340	498
41	407
36	517
339	719
288	598
92	269
17	795
49	136
76	271
242	785
247	652
127	761
127	568
364	645
295	731
266	618
76	681
23	188
471	602
191	433
443	734
405	772
315	696
410	480
109	258
83	534
109	524
4	621
134	659
313	774
248	490
599	727
145	389
156	726
13	269
532	627
293	376
605	793
310	440
384	477
246	472
446	690
44	143
230	393
204	611
105	173
487	756
312	785
520	687
146	193
9	737
123	276
706	717
145	791
4	304
369	751
210	690
221	253
182	225
175	493
61	409
300	482
206	524
69	186
522	717
49	433
701	785
85	344
242	669
436	630
107	172
429	589
225	506
115	263
235	700
274	441
2	590
403	580
274	319
96	363
144	375
158	676
153	214
323	493
669	706
105	251
771	786
209	242
440	672
256	285
510	761
10	460
194	761
88	429
16	182
144	252
304	679
69	97
428	658
72	433
578	641
306	505
150	515
11	489
290	330
395	515
381	543
114	577
116	363
734	740
161	758
107	580
177	264
96	690
302	359
515	791
6	538
151	680
36	370
313	626
127	375
376	540
187	414
26	131
375	695
327	687
224	789
386	598
2	315
151	616
227	771
26	61
0	708
298	571
233	382
188	364
290	306
213	232
331	463
283	390
213	383
11	192
359	707
528	761
365	594
152	273
355	637
195	791
644	748
480	682
152	401
3	137
202	269
59	788
429	590
274	644
496	791
320	538
180	275
314	641
668	787
601	765
241	462
638	685
233	629
8	402
332	793
30	469
310	383
484	555
365	622
282	457
462	609
99	341
408	568
444	636
506	586
68	502
55	684
68	299
58	331
291	744
560	710
127	131
82	250
64	539
446	767
169	231
117	279
368	630
122	459
229	690
148	742
367	419
53	661
41	61
188	555
5	576
21	371
336	400
375	777
606	630
139	556
485	531
367	673
365	599
644	733
292	788
153	188
458	562
256	482
2	724
289	373
320	390
80	780
7	389
169	552
219	435
29	703
436	760
307	524
631	739
259	307
256	655
48	345
600	698
108	393
137	297
106	659
549	574
113	142
446	542
307	557
252	672
67	168
62	568
395	607
109	221
131	748
55	299
435	486
96	474
41	48
199	279
259	323
528	727
454	777
127	348
74	395
263	741
491	777
15	343
179	382
111	405
140	329
112	666
352	611
467	495
331	491
267	577
216	473
451	621
103	686
91	720
252	352
216	561
427	614
132	471
592	699
98	629
186	466
151	358
309	587
146	628
613	779
321	643
34	283
130	514
200	503
386	452
683	778
124	711
643	735
101	196
45	175
60	355
718	737
96	671
383	709
205	317
292	628
245	317
642	717
125	194
654	747
222	264
29	711
369	503
97	700
610	716
115	388
75	496
711	750
147	501
83	354
251	611
81	471
275	382
366	390
429	624
59	464
222	515
596	598
528	782
80	417
380	402
570	654
42	294
206	207
362	402
149	773
192	715
62	631
525	781
263	664
416	453
194	241
96	732
438	526
394	448
81	684
171	311
114	195
0	600
543	748
448	783
415	797
77	391
147	769
457	778
517	641
58	389
164	510
355	516
202	345
71	440
717	797
260	732
598	782
276	577
361	481
111	413
179	261
240	585
505	660
378	391
451	453
284	653
225	696
253	369
45	63
74	791
739	743
14	757
341	553
351	560
265	405
620	635
600	731
297	325
53	122
119	625
334	652
132	631
435	481
386	635
478	725
255	470
188	749
51	592
264	318
9	174
604	668
106	340
53	638
9	397
253	546
374	613
227	545
454	560
218	292
534	615
33	307
64	335
74	279
58	792
53	401
374	418
673	747
185	324
228	240
253	777
535	605
377	454
174	288
195	204
510	739
55	433
412	551
405	535
368	670
24	703
104	445
50	792
287	578
233	303
46	566
153	360
431	604
281	313
391	493
68	693
227	437
78	472
40	385
132	423
339	671
49	323
184	423
317	489
397	588
520	799
165	265
10	404
260	706
46	140
79	285
72	450
16	126
520	625
59	686
415	599
65	440
239	745
3	405
69	211
104	520
398	565
387	786
177	727
311	317
687	730
69	736
606	642
437	689
192	663
211	449
283	653
224	749
304	369
409	432
381	689
563	616
417	535
115	424
123	760
229	235
3	372
101	479
378	402
420	676
225	558
51	54
35	422
215	443
293	348
23	265
236	237
141	474
88	417
254	561
162	196
558	757
221	551
334	619
15	713
232	600
254	447
176	722
198	473
137	781
291	610
472	627
222	771
682	776
74	777
89	325
411	556
703	725
759	769
84	169
391	561
34	398
14	368
134	712
131	264
343	578
28	504
2	652
135	503
11	611
72	250
148	674
251	701
40	749
160	611
202	613
194	392
245	383
389	761
460	595
124	209
150	558
208	603
177	548
0	570
394	753
24	267
322	525
479	507
169	286
79	735
381	611
296	780
310	668
516	727
630	651
74	796
455	504
464	580
433	723
281	545
141	496
615	718
132	739
406	760
323	589
254	503
20	43
402	450
680	790
453	512
165	224
218	445
160	523
391	581
224	667
215	312
120	287
305	707
124	647
353	452
285	336
359	554
274	463
90	303
226	660
508	652
192	566
599	794
66	652
692	768
144	200
365	745
569	782
518	525
450	678
571	697
62	212
520	668
525	763
56	506
59	397
305	595
172	393
436	609
230	510
231	708
4	131
29	280
209	448
304	314
607	756
94	161
591	641
464	605
59	108
302	499
254	386
101	764
54	264
56	208
58	231
350	480
596	606
163	583
584	652
21	85
577	621
667	723
421	699
15	790
359	577
489	656
273	503
278	485
107	418
335	490
470	530
378	775
498	610
272	443
138	326
98	548
18	43
295	376
366	533
173	288
53	343
263	384
542	609
314	763
375	741
102	457
147	360
147	526
249	469
126	285
302	346
440	761
15	289
479	716
63	447
293	386
597	722
264	493
449	714
560	594
81	169
272	549
299	525
485	550
104	649
139	551
335	432
231	736
360	712
423	527
28	444
125	147
224	398
160	572
297	436
456	608
172	373
186	288
27	92
696	756
73	440
185	533
117	628
481	773
175	772
348	382
111	518
447	656
478	517
547	634
206	293
35	191
146	490
140	419
141	693
150	472
69	129
287	524
368	686
2	766
170	521
590	766
564	583
204	427
13	512
530	586
508	632
89	371
376	585
9	467
38	663
717	769
48	746
4	682
211	383
146	683
309	569
596	697
319	730
18	431
328	344
311	695
262	470
213	219
29	227
33	69
38	139
163	551
253	681
583	607
535	652
30	654
573	660
288	536
219	787
340	707
85	87
563	762
433	733
307	703
28	480
212	713
149	430
441	715
548	560
313	798
21	729
660	740
72	240
127	689
127	295
600	714
103	348
106	263
94	664
317	652
45	780
210	218
328	369
453	540
367	668
33	114
102	775
278	497
544	794
299	495
7	535
27	327
125	628
199	788
506	519
626	679
56	650
335	790
400	665
61	440
345	365
114	681
65	666
16	588
447	510
454	701
247	470
35	621
294	453
411	437
525	619
272	445
387	483
9	532
222	432
341	673
3	136
200	203
322	517
460	736
316	428
92	319
236	576
120	298
501	716
435	576
192	203
384	700
303	743
362	538
347	702
393	611
32	507
672	742
647	701
304	477
287	385
303	366
617	618
19	431
202	616
666	705
282	713
282	534
227	504
262	559
601	704
53	229
424	687
20	32
187	643
39	175
105	633
628	752
59	389
581	668
14	746
317	555
572	703
493	619
178	332
452	609
165	320
150	190
368	579
555	671
162	280
181	344
474	748
68	728
99	506
6	565
567	702
50	724
121	494
363	504
94	366
42	659
491	688
182	589
298	630
131	443
5	406
456	623
6	568
24	173
71	414
13	586
289	593
217	750
436	635
186	734
11	248
331	389
243	662
333	357
295	406
40	336
340	546
92	708
441	466
349	761
199	287
447	746
416	514
370	766
148	458
412	548
176	501
347	592
662	745
580	630
572	662
486	636
237	473
233	344
627	765
124	708
515	620
485	631
217	781
372	464
498	650
273	582
149	754
538	560
57	93
186	422
580	636
68	587
418	622
363	393
276	741
135	577
312	585
99	641
165	528
623	773
103	690
35	686
168	634
261	651
253	636
190	626
373	568
431	560
84	470
223	265
20	261
25	485
2	36
518	597
56	767
235	501
42	223
411	799
476	703
255	596
109	382
411	526
522	685
251	768
190	313
413	748
437	713
227	251
270	405
92	658
197	655
155	289
206	661
402	644
366	741
528	707
491	788
187	338
159	795
116	358
190	561
65	743
83	259
469	556
264	577
84	563
268	573
184	701
29	299
118	470
261	319
10	213
216	280
349	410
55	366
419	556
53	564
76	463
169	456
69	493
74	407
230	782
189	231
2	346
316	567
80	313
447	645
484	662
488	755
656	667
286	487
154	296
410	432
669	673
38	299
159	616
63	83
248	412
541	611
32	453
125	506
112	525
168	762
17	419
415	552
348	416
530	717
210	214
371	388
199	476
158	705
473	478
177	337
146	720
237	541
56	467
239	523
115	556
293	574
32	258
286	363
299	519
294	534
78	705
7	786
139	785
216	543
117	199
169	301
323	602
488	715
132	308
98	104
186	592
283	723
222	791
70	281
379	742
231	245
31	641
184	195
44	493
452	713
237	580
357	716
322	432
113	268
29	595
467	672
332	688
77	262
446	498
192	417
220	509
356	773
655	667
239	278
549	627
76	361
478	488
224	497
28	98
79	706
95	140
37	240
191	460
181	586
327	544
12	17
7	774
194	400
506	702
152	242
305	422
474	716
401	506
194	763
253	477
276	412
440	533
77	274
354	461
48	564
37	387
552	649
613	721
660	671
173	362
55	124
557	750
188	261
112	400
274	497
365	423
34	78
27	149
182	775
496	586
544	691
116	644
111	723
82	758
384	429
291	305
134	796
448	690
64	467
97	671
326	460
91	432
101	725
385	559
480	563
363	403
65	676
223	538
112	187
122	137
255	597
692	781
406	780
298	477
118	239
105	415
46	98
160	538
309	477
298	657
330	709
111	267
69	177
469	549
334	716
505	743
216	331
606	775
461	594
563	623
548	742
551	758
272	694
453	569
105	624
361	457
437	732
124	312
134	321
2	671
23	339
546	601
38	652
154	788
614	690
371	569
63	666
293	666
146	191
384	480
18	324
311	583
342	462
272	647
136	620
247	551
383	492
55	159
155	575
506	627
277	381
72	607
521	768
265	467
16	201
243	654
37	247
390	570
414	592
222	729
42	54
202	236
86	134
100	503
447	730
177	309
517	749
421	667
228	784
346	555
347	515
443	620
40	58
275	525
388	628
51	732
262	335
360	475
4	655
500	737
23	147
644	696
290	321
7	329
2	17
569	672
412	546
608	641
94	685
527	778
101	120
353	786
319	529
376	749
56	425
95	356
322	532
178	498
405	459
7	734
544	613
739	756
246	305
183	260
601	690
455	768
194	609
52	235
10	627
135	560
517	659
428	504
279	793
37	641
607	725
509	752
548	797
29	44
598	647
70	232
60	662
570	707
62	691
494	769
650	749
183	689
496	639
44	738
165	415
189	564
24	390
3	501
10	411
46	188
520	684
21	347
405	745
83	223
581	751
278	767
144	521
344	383
372	525
3	752
320	643
297	705
11	27
331	542
9	639
642	779
444	583
97	122
137	467
58	579
441	675
7	13
245	316
379	674
452	509
150	795
456	674
432	617
98	214
169	441
4	310
578	782
84	196
380	575
611	619
79	325
83	513
97	650
390	488
186	679
167	480
83	725
616	647
166	492
293	485
263	409
8	557
89	156
211	444
565	726
143	638
58	59
76	265
136	433
240	613
137	741
53	303
311	778
60	661
14	733
181	664
561	797
299	382
138	372
311	791
664	697
128	450
618	683
576	616
118	419
30	174
184	618
96	517
282	336
269	654
18	496
30	699
402	497
555	584
215	756
103	162
156	546
106	449
137	457
181	547
118	357
303	332
474	562
112	210
311	334
535	759
334	764
38	198
320	737
433	477
15	434
249	265
149	431
54	497
515	715
213	594
89	323
238	645
318	451
560	704
731	756
448	787
395	697
374	620
82	679
225	465
198	259
172	548
462	639
685	702
435	679
108	177
343	716
542	706
136	365
4	427
17	92
302	751
484	758
6	589
355	423
353	516
445	687
2	681
50	697
63	333
139	435
38	646
298	534
103	245
355	604
113	199
82	605
296	339
290	758
3	242
420	506
32	167
78	750
336	507
248	639
501	762
80	604
240	326
130	209
18	420
592	792
43	458
107	131
267	405
530	573
457	740
89	611
589	779
114	579
10	46
44	777
250	280
327	375
215	643
220	771
556	709
108	632
204	249
582	696
141	186
152	418
6	37
627	773
95	674
218	342
305	645
165	292
10	576
361	396
337	671
537	597
105	127
436	541
15	204
498	715
583	723
547	647
558	586
205	245
138	725
655	691
12	715
20	190
185	598
121	504
674	717
673	697
362	501
49	135
84	761
120	569
639	660
2	176
306	479
430	681
185	223
217	490
311	510
216	452
156	723
517	518
88	260
72	793
376	497
110	554
266	537
170	365
381	625
51	229
22	204
462	651
292	342
491	683
85	478
184	256
260	779
184	785
252	798
188	694
36	514
49	630
221	524
1	465
176	508
316	525
279	618
64	316
9	190
254	448
283	553
319	418
158	346
301	426
150	684
85	726
630	772
251	617
150	385
19	787
413	727
131	569
97	456
121	775
137	372
525	686
223	463
371	437
268	487
537	694
277	418
648	721
109	653
715	739
231	715
535	753
13	30
26	204
199	402
363	664
336	408
27	534
191	393
134	424
342	671
64	104
371	700
452	474
411	506
479	657
304	530
53	559
440	690
33	249
486	621
141	615
94	464
355	491
129	155
333	371
378	721
95	681
469	782
286	581
563	796
50	368
136	375
97	117
323	665
167	206
413	754
206	267
274	440
81	335
168	360
18	142
192	222
466	470
419	590
308	359
187	710
254	270
212	391
613	787
76	762
561	739
232	687
318	430
33	159
253	503
468	766
125	732
308	392
442	686
50	651
444	667
323	699
602	643
439	537
173	264
200	274
79	403
482	721
48	507
295	456
396	686
535	594
49	241
101	445
645	699
639	725
427	445
523	527
105	212
34	137
274	301
713	760
302	506
173	685
134	194
40	221
286	448
28	635
288	405
21	628
44	423
83	655
557	626
231	740
260	566
103	195
267	307
96	139
138	184
243	720
316	774
158	314
128	449
359	634
2	339
603	643
113	604
299	589
296	431
417	557
12	353
175	303
123	653
381	606
139	712
424	544
464	487
314	672
426	773
402	704
64	384
40	274
428	513
77	214
126	717
266	431
325	411
617	780
422	657
31	224
247	481
252	730
425	695
752	786
60	773
522	529
545	675
173	329
611	678
217	606
316	390
501	520
423	637
73	97
134	479
62	303
4	391
285	580
209	273
187	528
4	284
104	167
76	663
453	767
584	679
587	698
115	317
343	638
102	195
156	539
56	793
411	729
456	798
414	464
53	563
246	361
15	314
140	628
9	270
245	399
296	464
97	599
118	720
129	451
469	503
104	204
281	427
186	488
260	396
35	237
197	298
85	628
51	567
586	651
357	568
699	729
99	499
169	180
459	576
6	52
298	660
614	683
237	610
527	556
258	467
49	70
497	593
340	350
325	571
283	665
555	681
142	764
78	582
614	735
192	253
607	793
179	768
517	599
8	488
401	779
262	750
442	660
19	111
40	670
206	225
440	785
141	349
530	712
39	413
247	735
296	368
96	329
0	3
54	746
164	265
90	149
373	552
276	725
43	456
344	571
66	699
413	510
23	582
40	436
4	51
465	759
296	771
484	535
156	638
117	328
328	498
299	700
62	437
746	788
220	229
103	344
635	714
478	486
92	631
467	652
381	392
266	553
706	751
228	559
381	775
248	579
585	758
6	110
484	584
546	707
465	553
225	795
86	643
150	204
268	449
117	606
540	600
163	454
96	159
58	714
490	522
258	566
41	719
57	495
121	656
233	322
5	628
6	680
132	291
105	284
57	532
447	661
122	394
33	612
200	338
294	322
147	162
95	670
81	442
99	742
231	466
537	747
418	719
390	447
237	343
240	757
177	242
299	751
628	638
474	705
81	477
637	729
307	622
472	728
168	666
228	361
179	761
199	765
229	793
407	724
542	783
81	524
122	244
18	702
71	334
383	558
153	272
210	329
328	516
131	750
0	546
31	758
417	791
576	625
353	608
215	483
50	146
54	291
135	244
171	790
651	790
499	579
159	272
134	723
449	451
67	498
46	48
410	702
333	646
508	601
289	536
107	176
261	779
658	798
113	710
112	214
5	168
28	180
224	418
6	722
231	785
363	589
397	434
56	139
234	285
638	759
134	140
276	559
338	736
514	521
38	380
92	574
225	373
172	495
593	629
46	417
405	750
84	763
95	330
311	390
325	545
198	308
157	720
122	390
244	767
604	727
491	658
369	492
148	653
157	634
38	335
265	481
524	627
555	616
108	310
176	420
321	499
106	702
212	616
366	472
387	435
247	596
5	636
53	332
45	615
145	787
570	599
6	510
35	587
172	747
307	773
544	797
127	551
443	706
39	316
507	683
283	306
119	486
461	799
713	769
350	366
418	797
293	631
0	378
0	259
280	741
365	542
243	279
365	721
676	772
13	734
46	349
324	706
292	612
450	634
260	751
285	778
215	231
348	392
496	700
141	714
75	597
69	496
642	658
181	756
16	198
48	77
73	331
120	263
420	530
717	750
478	730
452	638
0	549
305	529
107	392
268	387
228	509
165	254
96	734
91	551
328	647
119	180
611	629
320	665
152	558
41	351
645	715
104	673
354	508
134	617
280	378
759	774
414	479
156	444
350	396
264	366
89	437
188	419
102	688
416	664
247	749
23	406
273	591
259	440
37	637
490	609
144	674
67	421
454	611
314	690
318	341
7	749
229	457
169	173
165	228
54	771
52	232
248	640
168	675
309	550
625	677
145	782
162	735
53	742
236	469
320	785
258	375
456	529
310	684
249	620
93	195
653	728
626	691
106	412
82	708
389	470
27	55
749	792
398	512
362	669
379	723
259	310
407	510
361	380
52	163
68	360
591	632
328	410
475	737
508	658
188	771
397	750
177	186
72	600
338	697
256	447
95	555
46	569
188	462
748	762
206	245
644	679
8	252
295	583
304	450
70	581
95	438
169	273
574	632
511	688
348	772
375	530
46	66
10	616
681	683
57	662
20	549
168	492
311	345
409	423
348	492
172	512
138	682
115	769
303	634
539	782
239	383
7	782
199	524
432	531
79	93
43	71
224	741
129	257
2	680
292	649
2	269
623	692
315	675
310	750
44	401
278	362
246	370
222	565
1	40
196	543
292	535
249	284
420	575
216	505
106	755
294	505
422	427
137	702
144	683
217	270
425	750
493	498
480	578
365	518
382	674
466	738
325	644
160	530
316	452
145	673
2	548
490	541
231	438
255	701
98	313
650	738
13	616
247	738
73	246
426	794
263	351
490	554
112	590
109	365
654	745
476	751
522	681
257	366
328	471
582	692
432	668
402	569
444	585
77	128
155	409
4	292
125	413
439	668
498	659
69	154
130	586
385	721
551	642
79	207
30	267
206	491
462	534
657	699
157	360
84	103
25	504
106	343
152	536
100	458
113	472
573	640
67	452
28	752
190	295
35	599
581	678
421	704
661	711
362	403
397	556
444	665
70	774
189	517
318	624
284	731
315	486
7	533
24	325
265	466
104	394
177	654
546	549
370	736
75	246
190	205
274	594
515	581
303	791
43	664
573	759
612	789
328	454
76	530
327	338
363	792
568	634
245	490
89	624
512	627
449	781
196	328
319	461
275	604
584	641
142	488
259	385
593	770
410	470
271	591
67	645
55	137
161	745
152	402
68	526
324	389
303	320
293	352
146	358
597	613
111	665
302	562
1	648
201	332
310	501
200	752
300	455
557	795
57	657
67	547
11	556
65	746
255	754
520	708
664	794
636	710
191	669
454	745
367	448
164	748
234	313
130	175
561	719
239	531
43	280
384	505
6	36
121	737
419	714
598	711
156	519
584	798
85	412
499	648
320	348
489	675
168	533
555	645
254	334
177	293
312	791
554	660
138	404
174	677
140	726
32	36
62	195
169	375
220	532
167	451
562	772
496	696
393	602
728	779
638	769
120	449
131	718
318	472
245	409
6	502
35	79
211	749
458	712
224	712
49	334
85	596
336	625
306	319
95	339
691	713
160	494
692	699
494	522
522	743
159	596
285	417
444	683
461	731
53	583
577	700
105	440
749	764
23	453
318	540
137	349
93	475
130	679
118	738
222	238
299	603
557	673
223	298
162	233
683	775
61	529
10	285
232	459
443	591
210	247
235	793
164	289
650	670
492	746
86	637
128	509
567	793
22	117
34	634
545	713
550	630
64	786
512	712
621	670
41	315
391	570
210	787
161	422
313	604
304	789
209	413
77	385
592	756
101	447
552	634
249	325
585	626
44	612
342	482
84	578
349	404
126	509
1	514
325	745
525	718
465	482
604	666
358	757
583	797
346	562
211	347
46	371
37	463
138	290
68	479
128	680
399	504
79	402
143	633
663	721
23	431
309	669
132	362
194	312
4	214
7	480
189	340
602	617
123	164
355	759
314	581
305	341
497	656
173	313
250	485
246	347
565	615
362	378
216	635
168	632
74	629
109	541
131	145
573	577
392	398
278	549
16	775
367	685
220	617
19	393
371	589
628	783
322	672
190	409
318	625
462	505
266	748
46	780
472	589
472	553
48	645
125	329
210	546
155	319
380	393
256	362
451	666
468	759
203	477
742	783
239	455
110	684
413	646
58	689
548	581
558	746
7	259
304	529
199	410
15	361
94	494
748	761
490	581
107	552
94	619
405	451
366	524
376	560
204	268
345	779
196	689
86	680
172	756
250	302
30	464
39	199
81	114
11	660
406	598
139	459
477	669
181	776
105	252
56	738
475	778
359	437
567	581
321	440
485	612
64	637
339	661
167	365
164	626
147	698
243	792
35	150
12	748
321	648
106	121
421	607
352	543
295	492
570	623
122	646
320	519
406	680
272	420
27	793
432	785
452	503
105	240
118	275
443	513
221	234
226	644
343	690
229	794
112	465
280	675
23	39
487	525
80	771
1	234
155	625
69	579
250	415
285	668
613	723
120	714
29	458
388	392
248	444
566	747
124	555
624	759
378	679
25	300
208	274
234	374
573	590
446	732
157	165
274	299
112	714
34	654
624	630
428	792
15	488
57	692
160	179
507	592
658	766
282	456
184	407
10	395
78	700
168	766
321	562
314	620
136	360
223	638
313	793
17	312
415	724
473	647
408	442
469	612
42	181
79	393
184	637
428	531
229	499
177	664
139	236
118	531
618	753
773	791
152	555
253	382
5	180
497	538
182	753
95	279
172	488
437	608
62	460
245	779
222	384
355	572
293	773
143	162
208	652
46	301
449	614
8	130
18	571
141	178
30	205
104	581
64	336
69	556
114	269
295	604
154	725
57	355
98	123
12	72
124	622
374	541
44	262
110	417
228	774
95	683
662	686
262	520
215	402
67	171
111	468
101	168
44	68
211	556
297	322
303	333
53	96
611	716
64	344
28	695
156	526
79	357
302	373
161	678
56	736
136	471
125	489
541	550
182	403
361	535
115	396
57	589
85	156
118	192
278	586
105	594
145	297
26	792
312	695
208	256
357	773
269	540
363	484
40	692
617	635
189	649
633	635
161	738
50	160
112	348
155	231
45	500
193	472
64	420
194	458
9	349
182	778
50	195
43	492
612	659
290	432
56	571
81	704
93	692
341	707
238	648
480	535
189	562
298	572
325	702
461	698
43	114
366	468
590	760
214	768
116	234
0	25
73	708
118	205
545	586
190	321
211	394
623	672
205	758
358	715
137	757
440	550
96	595
334	730
144	320
483	566
567	727
38	589
6	719
556	701
83	92
5	300
601	648
14	36
309	481
236	406
335	737
69	459
263	321
101	374
352	565
389	633
296	327
192	224
304	526
14	470
205	577
328	517
302	703
279	495
662	746
106	239
534	570
406	787
153	281
411	550
63	613
460	489
343	576
50	657
119	541
432	747
109	251
0	113
265	447
21	67
401	469
62	353
75	107
327	753
217	729
271	705
428	737
5	384
234	551
417	605
582	751
146	269
97	693
39	98
202	661
89	643
38	398
329	754
667	727
6	625
184	634
317	620
430	656
96	470
168	740
338	379
73	271
117	531
236	310
14	196
38	606
411	655
21	93
476	694
32	412
371	652
558	736
518	799
295	373
481	721
233	419
197	754
27	552
79	353
48	444
146	204
118	656
628	676
123	359
260	351
246	681
232	465
193	701
166	310
119	250
2	468
77	757
21	437
528	534
266	701
82	750
0	641
49	218
373	716
375	744
189	478
12	535
228	612
33	431
133	701
280	575
329	369
69	73
635	713
325	511
49	172
135	494
26	146
80	160
7	787
159	394
185	536
510	728
39	707
124	438
281	601
338	776
108	323
288	491
10	273
55	385
76	150
68	245
364	461
409	793
247	464
201	305
684	793
59	192
102	528
628	751
27	122
359	469
417	655
85	667
277	454
486	604
95	204
43	457
163	183
74	116
31	335
145	386
37	635
17	258
207	525
527	643
147	798
268	554
569	684
512	796
124	370
337	706
497	626
208	433
19	677
618	759
30	674
21	298
65	270
228	511
223	722
229	598
478	615
306	511
205	321
100	630
48	696
274	536
363	798
736	793
36	653
623	774
102	353
111	197
461	617
349	681
159	492
107	606
68	361
480	713
193	689
347	394
563	779
79	666
693	762
392	531
209	349
774	784
277	758
12	233
295	545
404	526
150	192
232	742
136	488
76	617
249	264
294	620
390	611
52	446
62	593
180	489
444	743
514	646
426	765
583	755
543	770
592	791
63	550
139	354
24	311
80	161
13	589
21	516
75	791
243	296
550	771
211	300
332	427
152	465
543	703
177	504
178	614
1	499
23	87
278	406
527	759
402	490
440	588
307	721
374	792
2	688
380	577
152	471
73	715
620	755
697	732
101	341
697	761
200	514
440	753
39	307
75	708
178	601
280	380
62	656
723	751
167	482
657	793
352	715
436	613
369	596
470	632
550	551
155	280
42	580
53	653
131	477
393	744
296	704
260	789
310	369
222	695
173	411
551	707
2	218
300	343
205	559
239	316
764	778
449	482
204	323
372	723
236	475
100	468
57	191
4	793
39	771
168	169
96	696
157	641
622	759
210	293
678	796
2	268
0	219
588	692
298	332
235	713
576	715
400	656
425	559
154	635
467	717
233	262
508	519
334	505
450	488
169	676
25	45
360	706
78	292
557	656
92	430
555	610
386	671
553	685
293	662
211	526
244	619
151	386
68	341
12	576
84	176
236	397
88	663
129	222
133	232
103	750
422	635
57	674
578	594
328	759
345	419
472	741
113	490
84	757
123	645
231	551
166	574
76	93
204	265
58	218
590	672
270	679
132	496
71	335
132	743
257	614
32	635
614	751
9	431
144	720
259	528
220	344
620	775
151	530
142	263
292	679
359	794
623	658
289	525
109	385
373	436
235	590
16	674
78	580
48	315
178	218
525	639
540	688
63	420
222	534
133	214
627	791
569	733
32	789
341	595
388	674
254	266
596	779
518	553
281	646
172	387
586	763
435	750
49	257
180	252
447	772
674	796
466	544
379	499
13	794
77	473
744	790
560	730
387	783
37	671
498	504
283	502
165	437
494	646
202	783
282	769
260	682
171	493
594	797
215	368
177	428
292	477
159	461
301	400
374	761
244	716
207	389
46	249
447	796
85	633
335	533
61	628
221	571
34	728
499	538
186	626
239	567
187	417
121	799
223	267
338	565
455	773
230	542
116	690
447	554
731	759
142	211
11	735
765	769
550	631
218	644
49	729
149	593
164	664
455	543
112	165
78	409
300	587
280	551
637	774
54	487
306	677
18	741
260	693
493	733
657	748
500	617
89	658
52	413
117	767
590	676
559	706
302	481
74	141
130	147
428	464
485	747
302	531
536	679
360	456
175	372
153	280
54	76
220	701
76	141
143	666
365	460
473	663
315	396
381	651
533	650
288	339
264	607
61	523
300	339
438	443
76	206
100	139
419	749
19	38
289	490
287	449
276	506
89	324
469	671
275	469
95	314
360	625
32	559
183	487
213	722
57	628
483	592
585	774
360	599
136	568
64	259
701	754
90	795
719	766
478	676
200	678
241	624
577	726
158	535
7	15
140	201
137	251
25	204
275	568
726	743
43	517
74	779
432	532
60	396
488	772
7	793
30	623
88	191
74	463
27	478
12	649
89	137
85	620
294	349
496	582
550	642
300	717
213	625
233	757
143	159
0	54
318	500
19	156
323	656
357	727
281	339
100	655
456	519
133	442
35	481
586	743
114	321
133	263
286	394
36	685
266	590
558	718
71	729
460	797
640	709
364	789
722	764
243	469
731	764
431	601
333	520
119	289
84	296
187	619
300	634
212	385
12	522
421	588
599	786
193	545
258	437
17	138
682	730
20	169
489	768
476	668
5	674
99	553
61	171
91	199
95	156
29	705
707	723
454	529
286	546
623	748
117	242
483	731
327	678
10	635
742	764
63	139
252	439
303	417
197	374
385	399
454	699
136	571
64	565
358	456
238	528
314	381
155	350
506	649
12	188
60	545
155	419
4	635
302	417
463	649
77	253
568	716
325	467
77	614
105	135
135	584
161	427
367	434
169	715
161	398
22	77
257	356
605	692
419	463
78	167
703	799
61	331
696	760
246	456
68	457
321	712
246	516
48	576
321	782
91	143
30	549
187	497
257	545
197	375
350	622
27	260
446	475
126	172
169	737
313	659
16	75
78	212
37	447
464	688
590	670
230	762
297	731
114	350
71	766
152	421
431	511
42	517
365	509
78	754
544	545
504	576
52	704
446	705
3	694
154	181
115	753
344	551
186	666
297	699
445	708
188	378
335	706
109	544
246	690
240	512
36	572
119	611
90	181
3	157
307	597
568	623
314	529
352	480
412	753
35	473
227	588
273	674
338	516
438	673
121	350
8	145
398	607
151	672
316	727
420	430
224	656
137	742
314	508
96	598
374	421
52	146
157	670
34	152
259	521
198	406
216	265
557	606
289	300
370	747
563	577
51	722
140	402
240	643
69	382
556	572
14	60
438	642
436	729
39	75
18	357
378	513
325	345
104	451
182	782
361	557
195	370
288	597
339	438
54	491
1	224
43	267
216	358
565	716
334	710
0	230
484	583
398	508
37	497
411	415
145	418
537	588
461	499
437	551
271	509
26	407
540	791
95	324
242	765
30	545
455	457
69	423
205	523
317	707
431	776
68	147
86	441
394	434
129	343
33	360
196	302
335	563
124	550
55	443
286	571
179	718
20	626
530	570
565	691
94	433
515	673
695	722
529	697
49	461
32	490
442	482
700	784
477	798
207	226
91	224
451	672
48	640
466	651
157	654
451	708
567	578
210	664
188	666
352	671
404	541
13	494
332	480
313	317
533	670
172	408
724	750
102	342
342	630
261	753
111	763
329	616
645	749
8	797
6	138
374	718
508	779
58	558
472	498
227	521
421	575
225	431
64	343
5	385
458	691
476	670
256	317
99	727
271	434
697	745
58	175
364	764
434	558
613	755
589	775
166	325
69	570
422	797
559	587
185	582
262	630
249	607
42	323
693	773
595	709
444	536
138	260
315	495
522	551
82	414
381	402
109	661
66	338
62	549
314	748
362	417
100	791
477	633
87	249
315	741
433	696
121	761
623	718
144	796
47	437
584	602
145	619
442	623
569	749
151	540
143	548
282	581
496	528
40	789
255	579
86	420
97	198
80	245
268	493
420	776
495	528
24	787
59	447
538	716
314	339
150	574
437	693
542	690
633	649
287	541
220	536
113	476
334	418
528	580
370	587
389	713
195	664
146	416
15	786
74	125
526	556
422	483
144	619
6	475
425	564
114	303
219	499
95	713
503	508
235	419
79	310
342	463
153	294
150	797
138	556
175	648
102	768
237	577
42	420
352	684
237	753
135	461
571	773
354	510
223	262
246	787
217	316
250	719
125	592
326	593
78	643
517	681
409	496
662	731
28	81
121	319
666	737
182	241
7	171
198	647
370	773
677	760
116	377
252	661
183	398
206	229
286	538
433	649
127	272
547	629
72	110
70	728
188	344
103	573
137	585
119	368
491	548
569	582
238	748
341	663
517	550
292	464
720	784
121	329
15	136
266	668
51	374
122	219
236	332
67	501
212	409
602	735
79	793
428	767
132	620
364	382
37	174
307	684
12	139
25	42
152	339
213	562
77	409
430	502
280	438
14	31
79	240
654	732
713	740
127	573
473	666
22	347
192	230
289	402
67	304
98	505
510	691
161	460
62	204
104	454
46	670
72	652
277	486
77	286
175	670
323	475
60	284
602	656
458	481
2	693
314	784
275	554
375	647
340	481
267	358
236	544
433	668
72	626
214	663
33	247
409	535
1	568
288	796
46	331
629	747
280	493
309	676
88	421
571	698
161	684
264	519
633	799
282	536
41	330
393	538
147	523
13	350
127	455
366	518
233	507
308	393
121	151
264	766
32	546
211	462
212	288
281	694
655	737
398	642
216	378
563	773
4	433
99	522
170	638
32	685
98	393
466	553
344	779
152	249
364	634
409	698
595	668
306	586
321	585
223	720
186	336
508	749
633	713
181	685
176	678
735	761
29	33
302	386
158	326
384	790
565	754
346	534
370	618
15	486
428	783
510	692
424	582
545	699
510	630
291	768
106	308
98	605
520	560
381	753
320	325
9	122
324	619
370	498
142	485
105	413
333	756
63	280
424	685
274	665
423	754
202	462
89	702
292	471
220	273
114	254
289	706
289	306
535	552
317	374
343	724
356	422
200	537
208	490
580	614
385	618
94	410
94	705
230	443
21	484
11	246
3	203
291	435
14	107
528	571
32	702
208	554
382	765
607	717
0	181
91	745
215	400
507	705
107	788
18	437
75	366
425	515
451	531
369	476
19	578
252	255
56	222
237	359
655	786
236	247
524	551
306	341
362	525
177	580
18	632
369	501
285	305
613	615
369	639
11	288
394	579
291	777
306	496
245	366
215	589
552	798
274	791
15	258
736	787
55	445
43	713
150	331
165	730
55	722
181	755
321	729
272	408
238	378
707	730
34	81
240	500
592	728
288	562
336	354
615	771
233	616
429	571
7	490
468	646
254	377
225	556
215	426
322	328
69	513
774	787
675	681
231	568
608	697
549	737
235	598
120	225
45	707
551	575
286	491
197	427
139	657
495	644
378	417
157	327
225	449
305	693
397	641
279	601
325	770
201	688
178	722
610	684
108	220
141	306
85	624
485	510
541	670
63	600
659	763
142	737
498	673
100	643
155	639
97	581
217	715
117	564
415	600
22	365
24	37
392	560
405	514
93	493
495	596
443	509
356	756
439	528
458	681
283	396
231	487
10	650
22	712
51	111
188	449
22	254
110	271
362	610
364	431
148	232
638	697
220	516
573	649
747	758
335	540
435	796
569	658
347	614
62	139
71	344
64	763
354	527
161	485
723	766
137	694
164	552
53	775
242	315
655	715
228	347
341	429
567	655
529	634
354	648
258	266
606	634
273	413
13	592
264	722
165	497
134	721
182	602
353	577
164	536
446	603
163	440
521	706
235	290
282	761
13	585
46	300
131	499
171	751
729	767
251	427
458	784
316	431
255	778
307	494
33	329
567	742
574	714
133	266
608	629
614	703
107	243
73	485
196	733
28	89
464	612
151	225
169	452
89	719
159	212
21	454
220	548
730	797
70	729
534	618
366	621
329	339
173	222
206	407
110	184
198	533
405	552
348	723
155	309
96	487
202	447
67	722
172	189
371	688
78	431
239	499
102	608
568	656
126	161
435	792
441	516
52	206
237	636
144	667
455	660
53	254
438	665
96	740
177	444
5	533
390	707
177	442
203	209
541	723
443	478
409	572
353	785
435	488
43	741
320	530
704	785
348	358
85	225
92	112
623	740
701	703
37	319
231	588
76	771
257	630
217	560
26	770
273	718
652	708
265	736
611	644
139	172
508	665
477	562
699	701
265	335
15	104
433	436
424	489
626	637
37	791
409	447
266	370
111	795
78	561
6	707
531	651
29	508
26	113
128	494
16	651
80	409
188	748
32	404
449	663
241	741
308	703
225	529
69	608
401	688
206	745
240	645
557	576
154	518
40	647
219	472
223	614
11	740
37	446
581	622
675	729
176	699
15	458
198	343
1	470
218	624
291	487
541	596
494	727
75	156
269	792
452	491
160	783
13	695
363	634
124	514
115	765
195	354
86	758
566	764
482	734
28	183
463	714
515	746
165	556
53	509
54	71
396	440
14	167
549	743
140	266
201	434
711	790
272	300
241	612
363	385
395	409
8	201
10	383
562	636
59	232
476	551
276	579
402	776
108	406
474	591
191	438
191	281
149	436
381	679
18	376
104	586
439	780
577	661
27	770
87	747
74	91
504	734
153	371
459	586
321	369
9	519
447	652
217	297
92	793
491	762
261	733
645	760
205	778
181	454
661	669
382	482
264	460
493	565
257	591
384	418
194	335
228	658
150	525
196	286
46	290
454	606
430	764
262	656
73	613
57	370
164	680
81	620
441	567
145	722
411	426
218	479
486	641
146	597
500	663
397	482
63	688
78	389
39	402
653	745
25	41
518	543
166	293
587	592
394	773
443	666
163	468
63	349
174	274
1	97
364	549
297	595
638	770
284	590
417	580
262	332
662	750
196	521
216	228
4	715
333	366
221	520
302	485
218	410
559	586
328	717
239	319
94	121
0	208
241	338
113	466
576	605
113	131
243	276
182	283
297	406
30	685
93	244
64	472
175	740
145	361
544	729
154	210
524	781
87	214
250	359
424	703
246	379
310	685
40	394
182	377
586	711
47	121
487	605
127	712
324	360
157	631
397	580
232	512
167	443
162	601
70	783
294	378
350	373
128	413
278	481
20	137
501	753
71	396
140	796
326	677
191	288
312	626
395	484
686	797
2	414
182	376
184	377
172	695
285	454
104	480
722	766
131	421
100	382
360	652
525	708
411	711
163	637
246	369
25	733
317	665
90	388
15	175
212	687
51	67
310	522
412	590
271	753
13	650
566	620
569	693
683	791
260	372
493	643
512	624
29	592
91	259
249	399
515	582
39	765
292	324
497	671
502	734
599	695
189	286
368	530
43	590
277	587
111	759
137	759
454	601
119	509
325	740
450	567
137	237
258	589
117	781
485	496
233	326
200	799
181	258
96	409
546	683
243	266
43	722
737	779
331	658
390	540
286	752
145	244
519	534
130	582
658	679
363	449
130	767
525	546
282	306
212	695
181	584
399	449
109	409
87	649
338	716
641	690
70	702
309	509
316	610
563	646
201	682
399	617
355	583
98	279
279	375
64	217
278	649
742	794
197	579
75	681
99	222
369	498
56	268
282	437
183	280
66	244
371	684
546	742
347	683
505	569
57	196
648	795
427	609
377	605
321	472
294	521
537	795
3	149
438	522
10	199
562	733
573	669
68	630
57	72
263	500
509	554
370	483
379	796
111	462
310	719
54	651
100	360
83	379
210	799
111	682
49	133
156	288
181	383
35	302
47	650
142	146
15	140
44	154
143	286
578	738
456	492
239	656
266	598
538	551
255	354
204	621
99	392
55	710
232	599
36	295
82	599
100	613
22	163
235	380
285	490
106	654
101	448
250	770
4	259
364	489
425	565
520	628
598	767
461	582
145	315
98	143
126	506
443	530
166	626
45	184
373	513
608	631
319	770
123	131
31	366
113	343
34	198
461	589
234	783
257	331
469	677
483	683
117	341
268	680
533	634
597	698
328	596
96	283
424	799
269	338
297	510
252	712
229	442
268	633
271	686
262	620
17	277
752	762
569	687
357	678
283	439
556	795
410	720
283	739
222	472
164	424
311	590
453	583
455	580
90	522
155	746
403	621
258	314
170	464
195	594
229	327
421	423
81	464
239	518
486	620
66	374
119	359
279	760
62	387
581	790
245	436
30	640
63	641
105	281
192	782
31	788
236	285
785	790
395	583
287	319
80	607
16	309
71	639
233	274
404	508
288	332
434	625
396	524
204	607
230	296
95	367
148	683
679	781
208	255
152	650
286	536
112	796
316	604
150	293
15	321
79	458
287	443
160	261
224	442
122	158
8	242
327	608
57	222
7	48
639	686
513	776
246	410
12	434
119	656
299	648
571	779
167	241
197	299
404	639
305	377
779	791
441	692
96	663
453	537
504	739
218	619
114	131
142	604
187	469
501	720
404	690
239	441
609	652
654	710
317	467
380	788
14	619
99	765
47	782
632	776
182	728
502	714
522	578
109	228
311	714
76	742
329	690
180	741
258	379
536	778
303	454
627	767
56	697
5	293
480	781
190	604
269	663
529	651
49	537
443	506
20	433
162	391
149	426
84	714
374	394
257	494
105	484
483	729
268	501
79	385
29	140
91	624
252	629
101	671
99	446
21	84
524	530
255	350
506	666
126	240
272	419
521	601
129	458
83	211
741	783
178	629
472	702
458	577
162	488
543	656
48	438
53	60
311	403
231	787
128	416
247	458
123	167
45	146
223	689
275	549
203	747
148	447
3	37
116	273
49	640
362	666
429	750
22	305
306	585
118	536
226	466
619	629
603	723
709	767
492	681
218	287
188	399
146	397
192	649
346	449
187	552
125	426
644	775
122	530
135	547
405	712
60	762
204	777
279	366
279	635
139	329
42	771
434	683
77	300
187	237
397	457
496	635
114	485
304	379
478	607
323	579
95	236
154	783
567	660
5	204
431	618
486	583
266	323
156	716
127	274
547	737
78	732
768	786
586	650
28	529
575	603
144	559
280	365
305	485
385	463
219	445
211	284
207	303
468	606
553	599
178	379
40	147
61	111
468	663
272	583
624	739
116	169
440	566
233	420
206	338
574	598
232	739
373	444
585	709
504	607
221	411
148	413
521	628
2	3
3	171
76	619
731	797
143	195
139	157
281	524
12	215
252	610
211	792
574	689
115	555
272	472
176	752
95	346
270	297
432	501
722	757
362	668
560	763
349	518
272	417
5	487
239	571
277	575
92	482
20	84
208	383
217	488
443	542
448	788
74	422
242	307
212	427
324	703
308	511
516	751
111	437
220	725
237	770
474	595
2	596
660	741
112	626
75	333
203	387
327	549
327	726
103	472
658	687
447	524
507	725
343	583
347	688
311	380
133	201
553	696
311	386
207	712
165	229
439	706
427	556
390	524
44	292
130	784
434	634
138	425
121	462
496	671
260	777
313	665
369	565
427	568
147	528
62	644
260	426
52	517
167	583
722	798
561	767
71	348
198	404
1	463
705	737
640	798
136	737
416	435
335	550
142	726
653	702
679	743
412	506
369	612
220	365
142	192
163	749
659	738
538	728
378	544
504	701
190	670
516	652
249	266
429	791
110	736
451	799
48	217
68	317
265	626
202	750
515	710
161	457
69	305
197	451
120	716
219	231
73	518
376	665
23	277
148	372
195	610
76	103
542	723
39	237
51	195
21	653
298	501
689	716
612	695
247	669
580	594
170	190
466	503
623	704
140	331
358	447
598	654
316	544
166	552
332	459
421	459
140	172
142	441
400	570
725	747
165	710
83	199
625	695
523	706
321	361
50	649
493	600
35	259
642	756
99	128
43	288
66	662
246	387
27	460
121	294
95	281
34	672
71	240
465	531
217	291
315	356
713	792
451	711
0	130
134	307
10	585
124	153
712	726
720	733
227	448
90	708
49	739
88	415
126	323
431	779
123	184
174	773
156	707
520	664
7	303
537	582
10	96
15	781
57	631
422	606
27	131
2	147
47	199
181	250
82	234
658	755
602	613
75	191
299	388
414	438
429	685
34	91
128	694
661	760
156	533
218	716
35	375
157	688
169	593
568	744
188	676
515	716
347	645
9	435
535	597
62	80
565	664
480	556
523	787
228	479
689	760
353	502
20	374
579	655
262	771
454	481
118	714
311	597
101	769
82	241
244	537
78	492
439	597
296	310
491	538
340	452
154	670
343	370
35	708
168	412
322	677
649	666
128	523
631	713
101	289
235	275
57	363
300	313
657	766
232	678
767	799
666	790
42	734
477	704
98	633
287	564
230	789
262	565
290	304
130	187
71	420
214	785
142	376
17	231
195	700
219	418
335	506
211	485
45	326
614	657
531	547
7	100
175	479
120	486
371	740
440	603
33	600
347	761
487	503
80	556
601	652
59	549
32	447
680	703
408	619
339	538
150	639
266	432
355	538
65	150
155	693
220	605
433	608
362	440
434	659
410	503
413	757
198	489
415	721
284	330
103	125
407	576
18	784
120	588
520	557
257	362
281	789
316	752
541	682
2	217
1	211
292	688
111	523
325	489
600	772
438	761
248	582
530	710
611	754
390	510
325	431
45	425
200	209
458	461
173	305
281	568
184	795
365	648
76	698
70	371
162	548
305	559
162	335
18	180
244	581
0	10
239	679
362	578
34	215
738	739
434	750
755	787
148	494
437	451
138	371
366	397
132	455
605	738
135	381
307	767
216	778
240	283
538	559
203	405
289	339
32	163
155	651
87	179
330	768
156	452
158	624
247	741
269	439
435	581
31	610
499	572
319	596
232	606
695	719
332	774
18	485
235	722
141	680
364	678
317	687
91	764
478	685
62	604
327	439
19	448
519	521
159	163
51	261
377	512
371	456
254	560
316	330
19	497
70	529
54	235
369	488
450	550
354	771
93	674
25	638
592	632
251	417
586	784
83	745
527	600
33	421
30	212
259	340
302	673
408	646
50	260
375	713
79	137
439	444
504	684
127	702
158	437
264	552
445	696
597	791
119	641
209	537
22	30
66	201
520	552
10	455
169	773
304	744
195	407
20	794
338	686
563	648
174	353
344	512
29	419
4	158
359	477
194	260
11	40
208	585
135	637
143	574
61	228
120	393
76	227
279	677
593	712
53	483
363	730
86	356
351	385
124	323
260	575
369	752
74	715
243	645
294	482
566	670
256	488
462	758
474	479
56	141
74	328
13	14
657	774
218	608
178	656
592	637
525	796
636	744
412	676
156	195
228	335
737	765
333	556
669	719
470	655
382	499
60	680
342	752
153	369
97	321
383	591
265	450
450	786
279	439
45	383
580	618
150	665
128	550
438	446
294	775
217	519
291	633
571	786
284	398
253	779
87	724
1	414
424	442
321	356
81	106
66	224
1	777
282	331
280	555
156	232
222	629
108	236
182	590
301	679
467	694
477	607
401	473
101	157
330	516
327	378
335	631
156	680
82	139
666	761
414	610
192	357
10	17
39	256
240	565
336	788
85	389
128	738
427	534
306	670
359	792
312	389
714	731
280	701
325	481
271	362
283	633
55	267
177	742
177	330
158	753
161	347
160	554
25	512
181	360
624	706
499	757
166	353
49	392
207	271
284	718
255	334
393	531
93	429
370	738
16	99
253	586
7	518
310	728
171	567
572	637
114	312
527	676
299	316
341	479
370	371
237	459
168	503
495	563
172	783
427	674
256	700
287	622
76	109
178	264
340	438
117	265
594	685
488	720
485	538
42	674
246	609
328	462
349	487
722	755
109	574
230	299
261	335
41	284
274	678
427	437
25	668
274	344
454	517
25	353
159	531
630	730
608	677
162	193
179	349
347	352
361	680
248	779
448	544
100	296
478	740
445	680
63	557
289	671
66	697
20	252
129	210
395	623
174	676
498	596
416	602
401	548
182	768
54	522
30	771
21	270
222	769
197	279
332	473
365	698
43	105
494	551
471	694
78	538
441	590
287	734
144	772
407	408
403	426
701	786
150	476
578	752
136	669
176	378
250	724
332	509
6	118
20	571
316	477
349	436
204	731
548	562
327	729
13	784
238	700
84	88
151	440
462	586
132	535
422	631
118	399
306	694
9	51
387	534
322	342
553	672
131	209
26	53
251	760
286	381
176	215
204	520
35	321
242	377
256	375
637	793
396	638
140	743
422	475
106	194
325	646
539	757
509	622
428	684
719	791
326	408
514	785
298	459
186	485
450	798
534	578
126	643
19	772
642	783
197	247
392	405
454	794
79	302
229	263
12	202
322	620
693	736
64	477
177	550
391	748
312	498
494	713
84	720
656	691
284	473
104	602
252	549
25	593
65	120
162	273
176	380
201	276
19	329
150	582
116	302
34	186
324	745
182	532
173	394
145	312
322	416
5	234
37	662
692	743
310	476
382	767
214	448
342	719
500	690
340	406
119	507
181	673
68	554
182	783
610	782
322	757
181	489
135	264
575	640
127	392
558	752
372	571
148	568
381	733
647	735
160	521
79	688
172	247
196	495
144	229
267	734
84	492
190	596
181	420
145	741
511	650
34	342
335	605
111	568
61	691
394	527
217	280
299	315
231	656
185	434
212	345
114	781
11	181
31	764
713	791
23	461
243	566
48	165
46	449
217	507
555	557
420	729
68	470
329	445
390	657
121	734
424	740
479	571
10	124
156	521
61	735
396	773
360	789
473	486
144	767
2	511
91	219
239	769
547	757
508	608
578	732
81	92
332	549
493	531
303	451
107	408
9	557
285	721
89	431
194	540
153	421
198	725
270	329
123	259
616	626
473	541
22	337
498	611
366	751
364	529
280	556
6	562
58	302
42	690
439	674
613	749
258	481
403	675
91	703
209	412
328	649
244	609
30	203
394	642
611	799
1	689
32	403
354	475
26	764
474	498
644	746
212	523
593	779
450	744
298	301
238	413
296	297
278	327
40	153
619	746
500	706
517	574
291	556
442	568
157	266
121	187
266	407
92	245
68	152
2	331
67	686
581	772
717	796
46	483
33	382
198	298
196	289
729	760
227	590
731	798
211	484
191	786
546	629
249	797
524	698
6	171
187	588
286	771
91	182
76	352
296	674
51	379
251	646
277	356
474	618
149	681
693	746
214	494
53	195
91	582
90	676
372	491
536	646
175	622
46	576
77	411
63	251
53	581
289	679
294	708
18	150
430	750
269	645
299	679
19	177
320	779
16	50
668	679
262	614
279	700
236	598
289	298
42	569
561	600
77	459
712	796
527	728
181	671
65	309
288	537
77	671
238	357
246	494
28	688
125	617
111	572
474	475
334	486
524	630
113	160
237	364
352	357
333	471
336	623
540	697
506	710
6	367
705	714
191	695
566	680
358	619
80	482
285	335
246	633
308	776
375	685
84	709
15	651
23	448
215	668
218	531
365	552
412	501
139	320
57	498
15	630
542	712
128	721
417	529
238	722
143	248
143	526
769	786
88	449
343	632
677	780
276	738
339	343
168	345
180	688
136	236
0	526
123	290
521	630
101	717
223	455
1	33
244	358
433	469
165	547
140	741
267	278
14	501
135	738
80	500
224	786
161	283
415	540
291	657
404	745
365	563
85	772
404	621
109	114
496	742
105	558
546	752
468	724
238	677
121	557
251	730
441	469
377	618
324	420
7	790
462	484
156	427
382	518
74	155
157	767
215	500
269	778
136	312
72	707
55	233
312	710
600	634
623	719
447	628
304	357
342	721
477	510
56	630
21	33
286	387
388	644
98	692
113	351
75	294
76	608
706	776
248	443
55	558
241	654
161	703
1	300
141	412
629	770
532	598
37	673
196	271
71	425
95	502
190	598
228	292
400	593
472	624
333	482
547	728
351	615
394	447
342	441
585	765
456	496
75	525
166	559
354	664
391	529
514	572
247	478
64	446
221	631
178	422
287	624
93	683
567	577
432	435
5	235
223	770
91	509
86	651
291	724
183	715
525	691
83	592
178	672
585	794
393	692
702	760
375	442
240	341
346	589
392	773
122	487
546	646
51	481
146	458
9	288
661	671
210	356
599	607
188	474
422	708
729	795
421	579
21	40
171	636
74	570
81	281
278	295
372	601
111	452
69	566
64	508
632	703
142	686
489	592
97	489
395	703
307	628
192	394
410	453
509	621
263	630
167	527
64	643
187	324
567	595
497	768
30	753
106	380
33	799
256	679
370	551
181	202
118	263
9	798
138	365
436	496
343	505
59	285
336	384
779	788
139	238
135	442
140	301
210	746
109	490
149	396
99	410
181	436
347	464
131	143
81	194
488	587
492	678
189	555
55	329
42	679
39	484
167	376
376	616
343	590
582	674
407	475
143	391
122	262
196	273
591	798
136	479
536	782
592	687
339	774
730	754
718	770
171	354
84	384
84	707
565	729
374	441
40	252
180	269
355	409
491	755
334	360
524	721
492	646
172	195
591	735
602	634
26	545
351	699
295	581
5	227
191	565
438	780
72	322
173	174
21	598
11	745
343	727
544	789
128	181
146	772
633	670
145	427
374	423
456	680
149	320
100	459
285	622
78	660
317	716
76	407
526	548
39	406
42	275
182	364
366	697
151	405
402	767
327	656
57	577
114	635
269	373
634	654
72	515
9	329
33	158
224	782
509	570
187	260
483	739
681	689
603	675
656	786
156	572
432	744
177	645
249	333
291	679
97	728
65	748
332	790
9	24
69	111
373	702
24	547
399	532
273	441
52	676
90	423
390	666
93	214
84	237
415	650
291	585
208	737
90	310
214	385
161	517
361	709
368	742
388	485
310	683
30	539
193	394
300	443
31	198
424	555
366	465
157	638
8	525
549	751
511	560
315	714
33	733
228	626
46	388
129	502
284	538
412	569
106	249
265	795
153	749
69	584
89	99
736	745
42	632
166	228
678	702
478	678
232	437
274	283
225	314
363	494
640	767
71	514
1	561
8	19
52	337
554	613
332	743
13	771
427	456
324	666
227	551
110	195
410	637
184	418
190	483
742	755
90	604
473	623
424	696
430	728
456	457
419	617
298	420
328	374
68	743
8	689
294	721
38	731
430	694
221	391
235	754
190	716
227	262
748	757
517	596
330	646
241	656
39	425
433	557
40	753
143	234
620	663
332	731
221	591
304	433
73	532
187	462
0	542
271	438
651	671
121	725
126	690
261	761
764	781
401	781
126	318
335	629
454	570
385	691
158	604
487	597
333	767
348	552
529	719
414	735
309	599
210	440
97	236
430	556
354	464
102	506
422	449
759	790
129	526
353	756
414	686
209	616
343	674
334	567
218	272
342	509
745	767
127	784
277	741
491	511
441	505
497	667
375	642
103	447
381	602
94	451
47	696
409	446
351	391
532	677
551	784
132	479
494	715
362	672
77	482
457	790
442	524
303	602
538	770
29	751
407	691
0	255
483	778
85	385
258	423
10	110
128	559
216	757
336	422
168	592
50	644
177	586
541	639
594	671
178	627
133	257
13	265
114	756
212	472
379	700
149	395
356	378
173	378
348	572
149	159
225	586
610	785
1	701
300	522
387	544
610	620
447	520
164	797
394	799
501	510
104	189
250	629
208	552
107	620
453	579
176	662
114	203
191	398
61	715
126	700
487	675
43	598
93	732
31	311
674	738
380	518
107	701
295	707
324	487
243	635
50	452
433	592
174	311
138	588
153	350
29	111
394	473
181	335
233	338
133	341
376	669
60	591
247	607
465	583
225	704
40	668
179	458
84	796
88	175
137	570
258	366
193	672
175	273
119	766
90	725
15	31
314	573
684	730
386	738
177	365
356	476
70	175
278	574
502	538
14	180
91	439
32	99
343	790
416	566
0	679
161	436
288	386
140	372
25	325
36	324
171	566
146	711
537	678
511	555
250	348
247	418
442	707
171	304
546	602
75	500
642	767
169	402
205	776
237	718
625	627
692	752
279	471
402	424
57	737
540	543
321	792
216	522
2	623
52	351
483	510
76	179
4	438
444	757
182	796
270	672
174	427
185	471
149	486
10	23
183	575
173	333
206	696
657	795
274	795
632	636
77	645
28	214
485	592
475	563
444	647
5	478
8	61
26	632
585	590
71	158
430	525
670	736
427	500
160	183
548	637
628	664
742	780
143	342
378	469
233	588
381	648
115	780
296	313
99	660
378	384
58	182
143	679
207	715
49	719
384	521
590	783
32	51
285	727
279	524
520	584
209	318
68	584
117	567
112	610
372	607
5	33
361	634
58	142
198	237
375	629
210	256
294	323
65	505
468	499
646	652
111	654
355	722
450	538
86	646
114	141
289	368
78	108
594	755
131	560
221	251
214	613
5	770
248	662
248	629
33	179
100	284
189	580
169	181
360	585
178	187
79	551
29	122
5	587
238	703
417	602
645	796
58	259
81	287
114	293
160	515
44	59
523	597
319	716
60	369
441	708
262	379
370	413
119	689
263	495
372	480
345	563
340	377
177	331
134	506
98	683
177	398
55	745
670	695
124	577
132	154
22	747
33	571
234	525
123	757
111	634
82	296
641	784
38	276
646	679
173	544
297	541
283	467
170	294
154	206
109	625
43	725
571	688
150	312
449	726
495	718
569	774
283	451
16	582
441	723
115	641
221	247
550	556
533	592
1	149
109	173
34	142
57	641
17	388
210	547
13	211
140	473
136	410
497	686
48	399
391	613
40	559
332	373
36	671
562	653
63	298
751	792
253	474
484	537
285	543
413	745
121	742
547	564
180	183
428	695
105	289
474	724
550	797
7	61
559	622
37	677
254	320
355	645
18	358
305	608
29	517
611	757
189	477
421	466
339	797
281	295
277	385
128	239
674	758
560	714
52	659
446	491
27	784
298	428
475	659
401	697
464	789
304	763
265	299
47	562
123	680
246	425
263	642
463	517
295	655
116	549
33	48
592	759
121	621
2	70
91	767
302	382
29	97
492	722
351	427
207	739
304	527
121	375
169	568
217	721
403	607
242	586
540	687
80	747
362	454
203	313
382	603
546	591
442	683
79	340
539	608
143	614
56	797
647	674
672	780
103	577
25	359
290	780
190	314
22	634
578	590
562	592
101	500
201	389
663	734
518	735
201	664
358	645
189	244
155	475
154	281
674	767
210	215
77	165
472	716
245	256
538	658
219	653
22	451
39	135
271	592
704	794
175	474
38	356
315	340
544	556
129	655
425	752
185	791
350	628
652	777
41	208
464	566
353	454
535	635
27	626
212	678
524	661
223	742
525	551
199	345
163	413
327	647
1	680
390	556
272	649
211	341
530	715
244	274
169	184
207	239
372	759
27	695
310	655
191	510
559	790
49	458
348	488
497	692
250	547
358	616
53	386
232	749
296	418
378	532
88	633
296	472
237	478
366	793
88	507
17	268
246	304
452	562
473	498
544	783
380	453
101	106
417	703
435	734
195	422
77	708
420	550
507	633
431	789
34	96
157	713
378	798
118	460
523	666
2	87
58	143
37	786
153	526
99	310
313	350
299	798
386	676
181	719
0	257
608	651
30	585
443	669
73	156
597	668
497	673
555	793
325	639
292	621
105	353
486	547
270	275
223	792
352	734
26	349
136	318
397	658
38	92
70	384
342	554
70	376
502	670
5	708
65	112
319	644
211	694
60	168
595	597
19	93
8	629
213	543
103	784
15	357
46	166
353	494
312	549
488	522
268	441
263	637
39	531
339	753
243	442
31	259
255	670
179	442
120	575
152	370
248	583
103	737
146	419
130	689
92	555
207	372
165	704
536	553
308	461
397	782
257	686
130	610
593	725
537	775
386	450
268	753
441	798
280	503
544	764
31	730
85	299
504	578
79	253
568	720
229	582
694	757
350	698
45	249
484	636
278	306
106	447
468	725
38	702
16	94
177	249
38	542
396	733
106	279
425	703
22	101
101	388
125	785
298	504
178	488
71	283
191	319
252	744
362	539
562	683
331	706
395	782
229	328
197	587
99	324
120	380
239	328
53	755
294	479
121	741
438	513
153	595
286	607
52	709
608	685
318	640
149	779
93	650
216	590
268	734
161	591
349	678
43	45
38	115
101	387
605	645
586	602
324	624
368	420
76	118
441	515
96	458
184	631
277	566
256	356
290	747
407	711
270	596
101	375
249	521
182	270
196	641
620	707
159	293
205	770
114	297
429	616
306	686
38	225
176	710
260	301
282	704
598	662
46	622
430	467
209	529
456	763
147	485
44	78
31	643
660	728
716	755
0	4
370	556
338	636
563	570
96	542
126	263
293	359
603	612
348	695
643	763
102	308
413	439
510	526
218	540
76	754
240	784
51	209
727	743
12	491
330	439
565	761
494	695
100	695
130	409
73	337
156	478
168	209
376	498
115	270
251	538
133	657
599	707
582	648
343	511
614	739
256	497
537	662
464	765
35	394
703	746
157	309
419	772
60	763
186	637
97	546
325	647
285	671
157	246
349	521
204	560
617	681
368	606
452	769
150	350
295	671
438	528
90	200
253	380
28	459
2	791
377	412
250	639
176	544
262	588
297	402
176	290
34	221
375	672
244	584
278	407
254	661
195	447
155	244
212	562
466	722
210	595
170	314
661	683
3	158
155	277
389	471
27	602
4	59
572	694
671	775
565	575
617	625
507	770
553	726
51	401
585	598
95	456
35	124
75	326
468	730
61	683
124	431
544	727
547	635
376	532
328	397
37	617
141	691
166	372
615	740
131	609
324	618
22	626
207	439
217	738
525	575
42	716
159	320
329	366
110	314
183	323
152	569
624	769
32	558
176	373
241	541
62	174
14	58
122	500
356	757
31	424
247	272
319	683
363	761
11	677
112	139
72	295
442	787
200	518
639	684
92	527
250	539
182	563
409	541
69	277
621	752
155	352
686	704
264	502
51	211
179	286
342	689
430	797
370	743
247	694
41	687
361	386
135	385
239	285
1	248
208	597
497	618
424	714
133	188
374	452
405	610
720	751
260	447
243	308
428	624
323	522
205	507
340	437
95	601
117	763
275	626
498	579
358	639
47	653
50	208
205	377
42	406
435	545
337	582
112	744
347	556
45	163
327	482
543	604
42	337
101	452
9	225
315	726
100	362
433	560
646	668
37	428
175	186
14	232
220	733
622	752
361	432
321	738
541	629
272	446
616	780
350	658
121	271
514	709
478	497
374	549
199	687
270	578
281	514
37	470
424	654
437	685
690	713
398	563
134	730
321	512
85	230
474	547
632	683
433	472
347	526
341	362
425	468
545	751
451	597
227	443
341	494
174	455
1	608
223	733
181	747
45	410
255	707
638	657
40	770
29	442
313	324
55	400
351	606
156	630
182	603
492	713
101	242
401	756
63	629
99	276
39	648
181	588
6	49
167	549
164	416
465	671
31	37
200	342
494	734
580	787
452	556
89	142
94	558
72	284
81	731
588	759
70	797
109	694
442	664
413	581
163	221
352	796
315	470
553	610
96	711
159	311
263	347
50	777
168	571
56	541
205	419
480	760
140	526
66	331
382	789
123	784
227	288
104	641
71	98
40	779
201	548
40	143
231	732
162	696
477	751
328	519
589	774
99	707
136	391
361	719
181	545
507	541
568	583
101	470
144	404
394	673
200	517
149	751
17	119
30	85
307	468
264	504
312	319
132	442
20	654
364	685
496	738
703	751
133	799
149	671
107	769
244	482
199	576
556	585
294	684
102	404
108	526
452	571
25	644
445	794
602	741
53	265
158	597
81	192
13	421
533	651
541	709
682	753
659	701
572	667
319	530
365	726
164	198
297	300
388	548
291	326
57	734
433	603
539	677
344	741
250	681
360	744
726	784
129	620
125	431
439	557
390	465
29	104
211	547
281	461
312	532
44	446
78	460
341	419
316	741
406	757
605	659
100	740
87	121
200	642
96	417
121	383
28	598
635	638
15	524
201	379
310	492
10	561
507	686
195	209
188	757
570	708
247	756
523	779
159	787
379	615
0	155
184	648
524	702
654	797
404	485
600	784
188	397
213	253
212	773
83	624
7	113
35	238
32	551
199	512
4	701
442	629
29	332
141	648
128	568
304	543
351	677
436	577
661	687
388	720
387	658
77	81
220	533
302	391
410	534
271	303
181	614
8	368
139	217
361	391
476	682
79	753
164	634
179	741
137	747
152	262
105	418
75	746
566	750
72	145
518	779
137	535
421	448
216	565
350	748
234	440
56	637
171	716
62	200
246	442
417	698
578	779
707	769
155	384
40	763
284	443
298	422
199	799
199	546
25	348
292	655
65	208
267	648
103	773
391	605
222	300
437	502
167	183
214	432
583	748
54	321
226	709
431	445
117	773
506	696
511	549
44	618
132	562
392	559
700	711
601	609
615	700
540	714
712	772
634	684
21	341
33	352
180	193
54	245
199	651
503	796
76	592
422	694
295	417
206	513
87	716
182	443
224	466
292	341
305	395
33	441
240	578
192	437
143	759
626	770
33	501
341	394
1	415
141	203
201	271
164	556
9	247
124	694
173	793
343	625
244	602
55	111
249	320
139	340
315	646
501	626
5	183
579	781
47	588
490	660
534	692
635	659
249	713
366	500
672	678
502	724
179	721
68	377
35	627
304	759
21	50
81	378
142	244
220	324
511	588
614	655
281	504
375	688
63	387
43	520
94	681
430	690
19	523
471	559
444	670
133	658
56	669
20	254
285	680
213	488
219	482
763	772
386	534
225	430
47	217
99	492
514	614
179	503
361	639
703	705
494	682
634	635
206	571
130	486
569	707
570	663
650	775
12	407
107	687
421	737
259	544
642	672
132	326
161	525
162	742
755	791
436	480
500	589
0	329
398	413
5	153
616	666
38	770
168	203
244	546
87	360
381	770
75	403
226	492
370	581
135	662
495	617
602	626
43	476
234	752
364	779
562	719
184	473
168	689
174	450
322	713
36	286
70	177
16	528
155	283
101	543
100	178
363	623
15	666
611	679
429	615
171	679
28	316
36	312
161	409
132	153
226	342
220	702
56	641
638	761
22	751
271	655
401	584
461	567
645	683
460	781
621	682
79	574
119	528
45	360
308	416
693	732
276	558
326	635
82	432
242	631
542	584
271	468
151	269
361	477
105	430
472	573
111	693
301	603
372	662
488	552
246	322
217	506
266	517
72	75
60	328
178	376
633	733
65	255
380	512
70	491
531	712
78	299
283	302
59	262
407	619
339	773
315	775
99	340
77	116
302	728
73	277
270	584
137	476
215	294
442	794
178	183
49	738
64	290
8	263
104	298
133	532
385	725
73	212
46	309
112	395
347	494
643	679
34	135
255	698
342	623
161	311
11	547
18	390
8	119
132	407
206	279
107	214
377	640
462	483
459	644
198	208
179	398
27	241
340	616
203	736
12	692
465	489
149	670
415	550
399	466
388	625
24	419
90	104
111	456
173	387
82	728
86	654
400	662
139	798
601	635
329	702
308	412
223	359
160	563
172	315
272	321
84	292
26	715
229	306
182	575
374	662
396	498
188	214
754	794
92	331
493	779
212	351
203	660
77	624
458	678
141	585
469	712
606	705
560	711
90	376
77	86
291	522
499	763
397	621
702	735
674	746
298	774
124	284
121	699
69	381
318	715
179	469
553	756
581	769
199	396
552	769
55	785
102	269
144	693
17	696
275	481
114	177
81	260
407	745
119	703
485	549
83	557
124	220
55	162
361	522
316	317
280	797
68	746
38	474
416	627
214	268
186	248
592	743
125	755
253	269
118	612
57	527
130	780
220	665
159	259
212	400
393	604
159	500
346	716
714	753
412	781
126	595
386	772
85	157
381	483
25	514
188	312
219	314
208	766
19	559
325	786
426	632
259	631
242	739
694	730
202	266
298	778
619	658
44	725
25	568
65	175
131	584
191	712
461	794
579	768
339	472
44	102
37	647
632	793
599	714
176	334
0	556
323	369
70	120
520	797
281	495
158	637
421	647
555	796
155	770
136	363
357	570
240	684
101	320
155	581
329	642
55	207
64	372
679	700
451	492
33	187
358	721
167	525
73	724
635	747
572	670
336	353
393	739
304	643
305	777
85	790
662	717
461	560
389	403
65	203
506	644
336	403
325	776
98	530
270	380
377	769
449	548
385	441
341	379
224	409
101	418
245	636
30	227
118	177
691	725
44	471
218	766
234	571
344	500
413	657
341	791
186	675
409	765
699	795
272	681
493	534
388	440
349	542
13	41
642	740
225	351
572	796
286	481
169	367
152	406
169	361
279	797
523	734
293	674
172	615
237	242
510	564
506	578
582	682
9	338
174	441
493	601
226	666
142	245
538	574
217	605
210	526
154	619
432	701
185	694
98	494
152	364
451	749
742	792
13	297
297	303
435	456
402	626
442	467
409	706
27	346
94	471
396	512
344	790
251	542
480	550
570	621
435	448
46	237
117	428
208	562
494	544
240	729
373	424
106	320
6	667
26	270
180	485
317	678
222	651
649	712
73	785
143	729
248	561
317	375
85	345
371	690
674	733
340	399
628	632
40	137
102	133
491	601
213	548
136	501
595	761
39	363
313	748
327	702
94	238
24	88
429	491
198	782
267	615
244	446
239	790
454	633
267	662
513	652
487	619
502	575
80	641
410	578
415	501
131	773
531	560
157	527
83	98
452	612
235	704
430	748
353	403
401	645
254	365
103	568
75	237
611	706
213	579
453	718
531	753
182	657
498	542
40	577
15	580
38	107
410	657
175	419
254	380
12	769
73	407
510	732
208	324
297	770
666	797
172	563
15	401
538	680
323	434
172	760
273	476
359	564
149	490
50	319
718	721
260	672
223	703
294	400
471	482
108	244
47	120
743	798
642	745
343	369
181	246
108	305
6	619
206	787
130	243
350	559
489	635
91	456
675	792
313	458
253	792
133	305
168	190
704	799
265	333
106	157
153	643
533	630
124	415
335	459
696	766
493	798
116	194
378	543
184	250
382	517
246	646
596	773
489	498
531	589
427	527
83	263
157	391
457	540
286	775
43	184
45	187
564	584
117	650
487	511
230	321
32	286
279	484
317	631
336	632
237	683
288	615
56	217
402	416
311	566
23	131
216	446
496	623
490	743
332	593
764	776
156	186
274	294
186	438
413	583
190	426
653	673
604	656
123	187
242	427
341	448
388	512
34	146
73	772
208	369
139	566
66	192
109	461
90	238
84	392
145	776
393	625
545	614
167	604
642	690
211	788
163	300
275	476
208	615
263	548
18	574
527	623
446	607
163	431
232	620
200	631
465	556
595	683
116	642
290	387
158	318
373	591
579	778
234	257
120	309
13	669
112	563
113	770
148	767
194	700
53	425
195	663
308	783
462	638
84	490
206	749
44	257
538	610
263	325
105	416
665	705
482	670
194	261
603	799
677	688
233	381
589	658
394	794
442	616
368	619
249	667
316	700
393	513
121	239
64	389
378	536
32	323
291	327
608	678
290	297
36	254
369	580
43	635
168	765
511	722
80	183
351	378
208	578
298	594
24	29
20	701
234	771
269	646
239	412
43	701
610	699
171	662
537	684
266	664
177	476
116	600
436	483
132	360
500	609
273	604
40	82
129	196
53	497
80	299
4	237
401	510
35	199
47	511
197	698
278	780
27	408
55	225
633	695
101	755
497	586
324	424
78	285
483	536
22	33
101	784
455	776
77	417
197	223
486	602
211	426
21	426
452	528
286	700
359	493
137	206
520	780
427	672
234	390
487	629
137	227
309	450
137	478
438	649
121	306
211	606
15	203
96	730
346	453
427	634
27	484
80	720
90	313
666	724
191	426
677	685
586	685
266	377
191	428
343	729
260	556
11	111
203	234
377	602
668	728
293	663
13	447
45	622
463	542
172	492
162	372
567	672
91	144
211	230
345	761
732	793
447	687
191	716
554	602
448	460
606	683
29	485
660	780
701	729
179	346
388	505
305	407
167	533
601	781
167	647
44	286
30	430
140	385
235	715
539	642
160	224
163	744
593	609
126	130
163	178
486	748
635	709
17	783
527	552
48	634
584	673
312	508
146	763
501	723
77	333
583	795
134	240
533	600
11	166
473	617
173	699
288	361
47	360
66	449
191	588
89	131
465	561
282	785
116	655
371	636
601	685
241	711
325	459
586	712
152	752
164	455
23	783
252	507
72	583
288	764
154	643
593	766
330	487
524	584
286	337
111	384
125	496
408	479
337	513
177	655
71	701
275	794
95	292
152	332
11	528
27	265
230	731
47	740
291	643
49	557
113	161
126	631
179	360
628	747
143	768
197	343
265	728
4	527
151	370
528	532
285	491
281	597
428	776
28	273
236	608
22	601
488	570
317	751
377	556
246	683
274	692
490	608
450	694
362	419
125	779
358	362
257	460
21	369
572	582
277	667
294	746
480	642
499	749
63	569
2	271
555	683
187	365
279	594
216	475
767	794
179	333
73	305
44	150
649	663
24	731
5	395
546	653
99	554
95	472
313	714
529	551
103	309
480	737
614	726
25	657
68	427
474	659
195	279
11	661
465	559
7	374
136	400
178	350
471	492
275	419
116	775
188	279
279	655
159	360
129	793
16	437
207	657
285	743
208	450
442	726
70	297
215	465
82	180
618	781
225	699
59	728
521	639
407	772
262	536
219	342
649	704
79	695
84	314
155	362
572	706
219	491
71	535
383	624
477	604
64	208
689	757
386	389
168	458
351	457
401	652
252	621
16	65
256	733
113	547
467	578
137	718
15	635
220	298
38	181
131	786
16	691
263	635
122	374
252	598
50	602
122	680
398	647
181	730
30	475
212	237
247	332
563	642
407	726
67	110
308	717
322	514
786	799
598	605
257	398
155	548
200	247
321	631
167	212
155	629
419	520
169	656
25	471
419	599
385	497
148	392
9	491
402	665
143	674
154	631
300	427
36	333
192	195
269	794
438	637
76	257
440	479
105	466
619	676
262	676
381	408
150	269
300	485
225	790
99	388
93	154
617	728
102	589
51	76
18	51
343	429
102	118
19	514
466	555
53	252
508	638
15	436
169	481
146	558
303	314
44	360
97	120
139	204
71	176
84	770
31	257
257	444
406	771
28	241
290	651
157	675
443	672
169	391
204	516
299	373
107	370
286	461
160	696
671	777
383	642
156	277
130	700
642	753
376	520
179	792
276	424
487	558
154	637
388	539
474	647
387	718
254	741
574	645
204	214
59	793
434	661
174	683
389	588
262	734
117	544
94	738
228	539
301	363
153	494
351	574
320	350
189	398
381	401
107	225
696	731
32	337
57	320
17	616
479	691
227	735
91	149
254	784
374	769
358	702
124	527
229	606
196	685
374	466
127	489
68	162
256	479
89	524
200	550
27	581
181	483
383	417
45	599
63	668
157	618
605	655
247	349
48	676
105	445
443	746
236	415
562	567
649	777
10	197
98	706
66	692
93	709
145	356
486	526
554	681
362	772
166	230
338	591
499	624
443	667
523	682
704	786
101	221
0	267
333	773
576	590
157	194
422	769
452	492
469	779
548	671
219	433
83	299
158	421
208	527
72	122
335	595
283	621
204	322
556	614
349	420
197	315
590	615
413	690
201	400
227	640
688	708
154	460
385	771
148	183
163	194
255	353
249	394
235	641
779	782
31	447
359	669
770	780
143	418
207	664
313	489
243	327
25	395
119	394
511	581
618	655
406	735
175	461
63	453
275	467
517	683
289	517
631	682
216	774
53	504
98	180
68	751
163	578
147	349
508	564
212	715
43	756
141	331
225	487
287	640
665	798
720	798
17	581
0	720
45	308
313	715
257	307
553	614
447	600
54	122
48	541
103	780
210	276
552	679
573	671
297	730
163	556
157	776
151	374
480	582
336	463
345	431
303	489
197	228
39	798
179	682
146	579
114	376
334	644
58	742
148	603
304	405
561	737
71	716
158	197
29	734
312	627
152	389
274	293
464	671
501	622
51	247
47	291
409	507
232	408
37	172
603	736
51	238
523	774
99	771
253	404
335	434
151	730
654	763
625	740
154	307
57	245
27	426
99	753
245	539
507	759
100	584
492	618
49	674
374	775
75	243
49	246
106	549
197	417
392	427
245	367
269	332
729	758
564	602
418	422
17	635
41	217
389	618
383	795
159	755
74	675
629	690
123	243
446	625
47	410
122	635
213	773
229	744
288	592
388	751
213	287
361	703
568	629
312	559
448	550
557	637
33	253
296	443
57	746
509	648
664	781
254	523
21	762
331	762
81	449
141	725
214	313
506	706
649	765
335	364
235	665
275	537
90	661
363	482
496	512
120	765
266	582
690	770
352	486
616	694
312	789
36	584
333	490
287	756
280	615
361	669
339	786
380	576
237	616
58	337
487	512
1	548
761	769
163	495
196	235
359	643
399	483
237	293
232	598
98	597
355	639
96	441
621	644
153	563
418	575
69	670
149	784
69	473
548	555
295	793
151	311
344	523
6	58
540	544
7	333
131	370
60	240
571	599
228	766
644	726
127	627
38	708
206	621
528	688
333	518
160	370
154	231
16	275
129	737
9	279
81	175
128	356
335	428
265	676
130	249
531	760
70	89
615	798
15	510
155	465
332	408
106	530
254	482
103	506
73	509
334	551
18	748
86	110
92	668
390	565
686	743
478	526
128	338
251	655
354	367
271	758
378	487
192	246
138	187
66	401
92	302
359	709
447	732
530	763
643	758
192	638
230	247
99	541
702	706
657	710
137	686
246	744
234	510
654	795
560	575
387	512
188	619
17	395
228	520
53	506
32	585
451	718
327	514
351	597
71	203
54	752
198	480
503	757
222	544
184	549
89	619
216	343
332	425
144	793
371	705
180	589
338	387
139	628
375	405
83	521
85	199
174	541
27	170
233	505
393	542
273	485
288	411
79	587
357	718
611	654
528	751
62	374
385	477
278	480
94	217
8	300
69	341
27	37
49	97
309	485
226	257
671	691
199	581
403	640
179	601
653	715
471	756
302	567
35	684
196	542
290	646
208	693
523	649
404	406
92	619
48	51
349	702
228	279
31	199
43	153
157	388
374	650
578	793
219	592
112	203
1	35
385	707
316	453
9	486
300	373
56	130
295	504
118	194
80	399
158	451
318	644
37	702
300	641
486	644
34	412
303	611
416	774
452	789
296	452
341	435
159	181
137	348
165	546
96	265
8	604
252	259
306	762
538	760
246	267
268	302
185	463
135	402
457	618
98	333
229	411
545	555
209	290
13	190
606	732
407	676
15	569
292	647
138	392
38	780
432	449
45	781
427	654
732	759
386	532
15	739
583	672
428	799
259	765
196	306
180	397
124	406
461	614
374	389
4	229
52	633
38	235
437	674
150	487
233	299
26	196
146	739
184	394
21	151
18	473
310	464
42	570
273	638
50	132
22	195
122	133
20	61
639	654
223	759
272	530
183	195
203	728
659	770
522	662
100	105
165	770
297	689
100	573
279	381
322	680
601	616
417	522
374	572
157	595
256	414
165	339
233	405
211	319
493	720
430	677
337	631
115	167
163	672
65	646
323	757
111	541
162	536
449	609
152	551
222	412
665	672
133	367
218	337
339	532
32	130
398	630
48	247
70	377
223	641
187	727
165	604
621	663
467	509
660	717
468	784
160	476
88	559
323	687
62	792
338	740
603	733
13	410
602	705
277	718
131	487
350	696
746	770
262	566
141	470
334	502
230	580
387	427
332	472
148	448
74	785
70	577
158	174
525	680
399	417
244	442
74	756
283	388
240	792
240	337
157	793
22	473
170	580
38	80
310	552
195	348
307	719
153	564
418	596
225	769
76	507
134	550
144	454
466	681
67	745
223	366
523	570
491	552
88	660
41	417
38	195
386	409
86	195
528	631
333	530
71	280
382	579
29	130
129	283
305	425
170	177
91	770
199	580
240	628
419	676
516	762
119	620
514	782
135	557
507	650
163	404
439	529
199	318
711	774
451	725
217	283
412	774
72	74
191	670
12	728
593	618
280	580
256	538
442	704
322	746
91	384
311	754
330	779
294	669
88	760
40	702
28	425
120	672
720	763
306	752
96	268
542	682
383	684
545	785
96	768
580	684
98	521
540	795
91	105
599	632
111	772
297	401
1	744
113	794
84	587
460	470
605	619
220	391
254	722
384	650
37	323
86	364
55	718
233	251
376	698
385	538
359	656
211	774
265	427
191	523
446	661
277	326
197	365
1	646
515	747
59	320
486	668
670	674
274	670
487	686
116	307
18	661
430	527
122	720
119	190
275	637
310	693
12	302
58	384
0	505
726	728
271	429
78	87
286	787
10	791
12	581
116	469
405	781
184	367
148	600
527	558
29	637
442	587
260	436
387	524
240	471
555	749
704	705
132	233
263	392
222	352
118	534
8	153
436	675
114	569
306	713
309	441
132	603
6	775
71	752
59	299
628	677
137	750
67	182
95	393
614	721
229	470
185	741
201	774
433	474
139	793
43	514
509	577
43	49
27	43
109	438
638	785
186	797
201	686
144	665
100	319
146	722
54	154
95	357
480	616
473	655
400	705
365	642
422	579
584	767
257	752
538	792
95	461
304	552
269	622
181	203
719	743
272	317
145	541
186	695
204	767
73	611
95	222
396	706
476	577
346	551
290	491
744	773
387	637
230	730
511	631
80	323
589	677
60	147
133	541
469	559
276	510
171	453
17	45
261	290
322	509
413	545
163	762
154	224
285	598
15	341
62	747
297	368
474	670
247	330
234	634
6	230
594	606
159	188
260	569
588	790
68	455
47	356
403	639
687	736
2	210
22	263
387	391
686	742
311	674
500	582
192	583
585	637
177	324
252	639
513	565
478	489
376	682
327	526
266	756
724	782
324	400
188	488
302	372
135	269
196	470
406	745
139	482
202	337
228	465
275	276
320	641
304	730
50	301
18	205
393	518
382	723
207	773
455	527
727	787
284	486
407	562
44	173
89	494
2	172
602	644
147	504
1	668
62	633
629	639
222	259
299	515
190	718
1	547
154	675
217	317
686	728
122	381
554	635
159	775
71	463
201	358
247	719
74	621
181	473
73	605
33	218
101	260
202	247
513	653
91	680
86	261
289	765
358	670
324	681
181	513
92	197
97	278
207	368
86	176
285	530
223	500
79	226
128	697
321	431
273	751
108	334
201	592
283	450
361	766
597	696
235	650
397	675
118	592
591	745
69	454
257	587
100	691
450	708
99	643
73	601
6	763
528	636
216	372
147	466
556	692
331	556
583	608
65	786
169	208
472	630
579	789
614	729
164	650
442	669
23	555
55	169
198	215
253	791
530	653
124	293
111	657
446	610
178	533
67	429
255	525
521	524
306	416
46	518
423	767
541	585
268	350
99	356
155	540
38	102
188	295
64	118
277	789
183	400
354	761
696	748
429	671
235	588
55	470
219	742
622	714
45	221
64	252
464	507
228	493
149	643
238	453
340	480
368	655
332	406
296	671
270	311
63	242
110	329
360	718
204	267
94	128
705	732
627	722
287	347
76	230
645	690
299	575
214	514
403	539
121	625
17	166
182	742
80	451
95	334
252	756
319	437
20	186
272	295
215	263
68	136
24	776
548	596
292	346
323	519
91	304
344	557
34	628
48	522
325	691
219	519
52	212
226	772
12	659
703	765
235	791
558	603
266	561
466	517
72	686
607	731
234	262
36	561
715	750
161	309
41	560
435	537
170	396
403	774
89	666
132	591
313	472
502	576
50	796
220	547
537	710
153	163
426	781
26	483
625	733
664	717
382	407
224	797
209	458
121	444
69	749
375	613
156	479
244	420
155	401
96	225
478	650
105	480
55	442
86	636
404	708
274	524
27	755
277	468
678	707
231	697
175	247
355	665
40	496
169	311
17	466
103	657
60	265
405	523
463	582
103	359
510	579
542	589
90	323
308	366
101	703
84	605
306	418
627	702
465	686
353	563
272	406
545	580
5	681
231	685
48	790
520	542
107	143
385	734
127	500
467	483
7	605
42	770
130	566
133	464
531	744
66	215
142	155
437	549
677	759
47	723
236	453
41	694
308	394
79	319
184	784
90	447
666	774
23	349
304	310
130	140
2	92
452	499
229	355
225	420
720	749
364	607
447	547
741	785
360	734
115	463
281	474
528	786
65	186
316	798
481	609
128	399
89	503
64	366
138	557
101	177
16	635
322	417
137	359
228	269
538	603
398	623
92	517
11	352
23	245
357	753
67	672
131	238
252	315
217	300
158	352
738	765
375	728
63	724
100	534
648	747
215	722
528	746
115	462
38	242
194	692
632	742
570	716
275	650
61	632
177	632
246	701
132	513
523	702
49	54
59	774
26	116
195	683
184	581
272	763
208	285
695	766
147	615
43	495
454	693
148	309
167	488
323	561
73	259
81	718
170	797
77	735
351	764
213	274
207	498
229	691
479	758
199	335
267	435
297	714
167	195
101	571
129	794
33	418
232	793
598	737
194	432
467	499
321	494
242	352
46	769
47	575
293	550
209	527
451	512
625	793
529	750
97	234
59	73
160	432
463	547
237	530
415	429
458	588
63	777
457	470
497	554
216	399
119	691
401	784
164	263
282	377
361	453
136	237
118	358
176	764
324	547
133	787
147	549
155	582
12	33
530	601
83	364
67	412
749	762
37	280
148	165
315	761
46	347
114	755
67	779
172	392
107	401
43	126
265	359
299	330
438	718
11	522
123	203
93	562
335	712
584	764
735	763
35	388
621	641
30	662
253	522
177	752
194	334
445	758
462	757
374	385
16	129
160	186
274	446
558	688
653	783
210	387
479	757
296	752
227	354
330	346
59	710
299	513
332	714
274	797
150	522
234	486
87	103
86	426
30	79
211	793
634	686
112	534
425	775
334	461
598	603
665	702
460	576
45	396
652	710
615	617
268	787
64	136
229	311
354	465
318	484
385	754
584	701
368	738
503	720
275	738
211	453
350	376
306	515
7	26
246	638
222	721
169	470
199	516
165	425
368	392
214	625
119	600
82	508
42	464
27	48
123	776
328	785
6	657
149	261
17	326
533	786
253	400
28	546
92	748
242	407
33	444
108	296
481	742
246	463
477	736
487	769
510	730
251	268
185	656
104	446
679	694
272	390
438	748
419	707
127	300
22	91
108	361
483	749
32	565
209	793
659	747
351	709
11	729
243	638
331	378
109	552
147	674
6	685
49	734
352	532
116	518
706	768
39	417
456	761
66	243
163	679
240	264
196	238
409	667
340	346
242	438
122	256
509	743
41	730
336	602
97	784
243	309
331	367
449	556
138	595
131	427
376	615
285	577
309	508
117	497
631	706
306	450
130	499
130	297
452	569
114	396
387	537
49	121
224	401
134	143
32	648
184	610
351	737
566	731
194	510
213	529
454	507
52	224
64	635
16	93
526	771
501	689
178	317
344	635
707	748
184	689
22	695
123	313
24	363
24	281
279	429
66	781
257	311
126	330
369	782
7	717
174	588
695	741
168	783
48	472
688	736
266	502
163	223
424	641
486	765
318	785
532	720
340	563
160	194
587	673
68	675
158	725
419	773
238	392
30	516
741	780
265	526
88	564
1	700
170	327
504	538
81	234
215	356
71	451
383	534
173	180
613	652
285	763
97	367
101	298
13	352
587	641
210	227
59	451
219	620
52	708
83	649
133	640
141	657
136	667
291	723
191	434
538	588
77	534
172	403
293	657
641	660
102	709
87	267
54	576
510	676
119	743
70	323
145	365
117	565
499	711
271	284
383	567
422	712
601	783
127	139
391	572
513	679
676	697
340	751
215	270
240	453
378	620
531	778
591	704
72	778
43	172
1	361
39	195
302	334
128	187
52	401
421	627
465	622
122	492
179	202
533	695
382	672
110	709
380	564
45	467
445	761
179	616
197	622
282	720
48	499
245	633
464	794
21	447
68	462
317	732
515	623
327	467
280	769
624	679
189	510
70	252
384	671
181	390
389	616
110	396
112	194
433	483
522	783
32	123
115	338
550	750
398	420
49	118
214	299
233	498
631	705
293	462
573	690
367	573
9	774
156	285
184	403
40	281
199	298
270	418
330	543
504	574
248	595
222	595
58	128
343	378
268	330
38	761
0	400
6	150
12	347
221	259
250	409
115	208
171	252
25	111
349	642
400	448
43	440
568	609
499	703
549	576
170	770
22	237
300	314
402	656
240	318
233	497
25	678
148	711
341	771
269	774
28	383
6	407
169	263
273	592
425	739
34	370
19	648
141	347
673	699
323	388
135	597
665	738
21	458
631	709
258	638
115	590
510	516
698	706
378	392
341	547
587	746
553	622
469	623
633	646
189	349
427	433
312	390
1	439
87	123
54	772
195	507
41	674
165	468
605	760
144	468
281	543
187	789
441	629
229	352
355	399
270	406
8	391
116	189
510	599
34	607
616	771
203	544
605	736
179	396
143	528
442	526
40	676
70	263
339	649
41	528
167	639
107	260
533	623
97	349
213	622
7	678
394	764
46	274
488	556
152	207
98	140
204	717
351	738
93	200
12	147
6	21
531	699
335	412
172	448
2	786
38	371
122	637
538	584
124	591
221	749
196	546
688	696
667	790
106	254
317	389
440	716
637	700
170	520
393	565
283	690
219	739
29	578
46	229
352	463
335	685
688	697
42	411
325	528
105	162
213	236
26	283
559	702
613	777
62	639
187	542
7	101
91	300
566	694
73	327
242	611
7	90
118	173
133	561
227	503
332	678
74	423
247	412
383	488
233	613
103	142
130	788
96	296
55	555
561	588
296	533
210	689
239	405
6	199
91	265
169	339
522	678
471	757
213	778
487	778
145	191
34	798
565	713
30	94
398	504
631	696
469	567
525	553
656	661
255	727
562	627
59	614
358	795
344	744
443	469
109	247
62	169
98	293
337	762
254	771
51	446
353	392
143	263
207	537
153	725
380	438
543	797
224	340
71	723
243	285
140	300
532	639
285	506
153	553
569	771
665	676
97	248
112	733
38	408
401	409
180	443
155	764
541	591
709	771
536	560
403	680
20	733
176	732
99	583
241	602
459	713
550	785
294	583
393	598
386	530
276	318
493	640
64	427
8	323
460	463
1	29
124	357
316	423
278	684
378	557
732	748
478	738
46	315
284	363
140	661
273	464
193	668
115	777
169	303
260	537
60	422
368	467
210	459
161	229
417	708
56	438
38	720
460	481
665	784
574	793
439	516
184	560
396	584
61	570
256	581
151	230
174	266
112	287
106	504
381	627
562	695
57	415
652	757
15	795
63	503
209	292
347	527
464	485
421	750
100	506
151	579
427	723
291	389
556	662
47	560
293	570
332	520
54	240
246	540
72	446
488	614
116	540
97	510
199	363
244	587
418	530
477	641
232	641
409	756
437	606
583	794
264	732
447	768
666	678
678	690
221	706
297	751
223	553
54	393
132	189
503	642
152	659
540	617
117	723
186	294
343	758
503	513
38	493
85	554
83	195
399	613
309	608
569	573
314	322
594	632
381	388
143	538
440	600
344	568
5	632
225	759
499	633
256	334
431	644
265	531
229	561
61	706
68	749
163	172
136	475
602	631
648	726
77	581
8	606
300	419
638	688
381	454
322	359
732	756
299	632
103	762
92	246
196	212
617	684
76	768
36	115
25	498
286	715
40	706
96	705
242	763
146	771
183	357
249	391
364	735
451	604
581	687
221	768
331	753
228	459
469	618
70	75
130	478
642	768
689	773
35	719
539	612
487	623
52	748
492	576
314	648
354	403
88	618
383	451
12	287
478	616
425	719
417	459
105	119
380	729
330	775
414	468
84	414
295	513
557	711
321	723
168	484
192	345
560	675
13	260
613	765
616	794
438	557
76	531
141	214
16	550
6	246
372	447
439	522
619	725
14	140
225	676
534	560
206	688
602	737
113	483
191	744
225	665
343	773
386	656
134	404
265	464
94	274
84	125
76	556
26	794
314	742
412	499
367	656
292	631
667	671
0	24
7	433
54	683
12	672
652	687
3	258
354	516
59	208
293	335
558	716
91	500
2	535
337	449
27	258
194	509
112	243
72	418
266	534
305	752
3	584
354	737
324	671
240	446
4	417
74	759
55	224
48	741
454	487
114	280
19	65
629	768
45	279
411	425
258	307
537	743
626	752
339	785
187	442
91	316
94	751
389	540
164	591
593	634
266	721
17	260
206	362
189	452
211	475
14	479
766	794
540	651
470	674
681	691
279	739
631	699
506	629
399	403
330	663
642	789
56	554
134	337
118	323
540	638
262	278
126	766
598	679
272	655
19	547
335	760
227	798
248	576
388	526
51	688
42	572
489	660
263	391
308	690
158	351
125	674
135	751
240	759
419	788
302	318
40	205
420	451
56	102
169	686
198	470
364	409
348	567
401	452
468	537
140	730
251	769
429	661
508	563
552	647
563	708
105	750
535	710
359	368
217	674
153	789
125	142
676	729
31	611
656	765
218	486
110	463
134	594
227	235
514	647
48	127
692	778
292	620
165	715
384	406
136	556
110	391
303	671
147	316
401	494
70	225
20	264
633	684
705	733
461	623
502	626
681	722
80	388
216	389
293	562
391	690
82	468
20	722
600	647
88	791
239	780
331	572
11	197
109	248
386	709
619	703
498	687
404	440
522	781
641	763
334	560
429	597
278	473
17	252
160	761
449	674
249	429
589	712
429	474
637	777
320	467
542	685
180	757
34	193
212	534
98	568
77	418
684	783
276	660
320	534
110	706
361	455
333	606
88	355
133	339
354	575
24	511
222	599
521	550
364	698
36	66
39	163
252	578
178	536
166	439
93	234
151	516
214	746
34	123
228	666
437	584
336	698
35	252
67	84
126	138
63	671
107	753
212	660
95	521
362	464
82	452
106	165
581	786
255	498
506	686
236	547
154	511
197	328
413	518
751	797
66	348
368	663
0	137
493	693
340	508
226	481
116	141
458	532
186	694
130	279
86	760
185	696
689	741
43	58
137	285
96	179
445	537
26	445
8	437
231	455
138	349
412	668
597	672
642	656
461	551
226	722
631	664
557	683
16	555
388	718
86	708
113	668
316	503
497	620
700	761
583	682
254	721
456	619
191	741
26	313
430	589
586	782
51	610
365	728
259	287
641	668
604	661
158	489
146	780
686	712
77	505
609	787
225	775
23	594
96	781
139	362
613	616
67	240
7	621
340	561
364	715
322	798
313	717
544	607
450	609
45	67
135	745
640	683
295	399
496	651
85	564
584	690
429	513
459	518
102	730
10	431
322	625
94	718
358	540
249	665
396	580
268	542
18	71
188	240
81	268
662	669
156	610
65	571
25	545
415	619
529	580
162	617
92	419
595	698
590	643
195	468
376	477
454	621
653	676
28	266
654	757
426	626
347	560
119	322
263	740
723	790
152	423
126	156
403	441
258	264
359	729
249	585
36	261
46	202
6	714
372	660
518	556
18	254
56	674
168	578
249	388
120	455
160	589
31	59
64	406
338	771
640	779
97	229
193	592
402	565
207	618
349	548
100	199
126	139
550	755
557	744
1	69
668	677
452	527
475	750
703	735
390	575
353	463
124	713
230	498
82	692
363	696
204	248
98	760
78	566
428	599
124	170
317	766
370	514
346	610
252	603
148	431
4	579
642	752
574	720
307	440
326	335
169	681
347	606
77	222
113	598
595	762
60	368
29	546
128	656
109	443
23	412
106	552
210	624
521	660
555	754
356	588
107	614
151	257
51	642
576	649
120	475
52	796
350	494
372	776
309	377
262	592
83	394
183	649
397	586
175	350
170	243
120	556
33	616
548	761
538	675
165	406
137	787
466	668
290	741
26	505
265	488
495	741
528	555
130	705
113	180
514	601
40	513
702	716
72	498
357	743
510	575
546	720
597	770
664	785
75	497
218	488
33	341
440	519
299	542
527	798
180	768
445	474
512	667
130	143
241	600
32	477
2	494
186	204
347	386
39	570
120	774
154	503
211	706
632	685
645	756
642	704
136	786
713	787
218	245
546	788
443	546
10	435
73	726
524	633
253	567
215	499
458	791
304	799
105	451
15	620
307	361
581	585
253	543
150	341
96	223
415	659
269	695
29	515
404	767
342	446
419	716
199	319
35	487
18	130
206	666
138	167
431	690
449	799
336	481
40	231
80	651
663	675
151	768
129	739
73	306
523	651
15	552
88	108
186	724
651	784
30	731
429	777
381	644
96	249
163	573
391	730
31	486
156	548
4	372
113	782
254	483
490	592
7	476
167	728
249	683
361	752
111	764
367	670
144	775
174	705
5	199
277	690
252	614
321	482
331	442
293	328
207	488
185	454
761	784
491	600
462	559
1	363
358	478
333	609
69	228
38	207
536	744
312	790
195	252
205	703
176	381
472	689
772	791
10	250
151	369
74	274
299	328
138	324
160	590
632	795
484	735
20	135
244	272
372	719
358	369
20	173
151	652
406	637
212	780
343	747
125	427
249	631
250	613
350	781
39	278
93	575
159	170
562	705
483	643
24	305
439	567
18	249
441	725
46	60
39	642
198	502
201	285
353	554
70	145
552	725
231	236
143	773
58	703
626	634
295	562
13	135
684	786
347	595
198	528
490	689
692	726
601	606
57	461
85	319
208	401
595	625
180	497
619	714
528	530
38	628
225	417
140	157
389	784
0	287
345	426
66	445
270	438
150	621
228	727
72	350
392	722
242	303
86	401
234	683
597	738
377	562
7	623
460	494
166	419
513	536
79	191
266	460
123	690
383	798
112	557
156	660
405	507
600	606
315	518
40	520
645	659
9	76
81	715
379	404
123	139
254	422
333	557
19	466
456	795
262	657
311	635
181	620
323	409
412	706
347	457
23	248
338	533
490	532
620	766
270	286
551	665
346	689
58	489
145	684
48	256
50	628
243	401
62	93
146	211
12	366
58	727
33	519
264	576
361	532
245	478
148	449
33	509
652	749
88	450
416	417
14	325
224	478
68	460
455	500
152	315
461	486
350	460
76	461
625	642
21	22
41	654
245	320
493	610
536	557
2	517
29	455
301	625
163	534
443	652
512	575
86	142
367	472
308	610
479	652
338	416
620	645
116	724
493	732
166	551
567	592
100	323
448	543
133	433
422	587
454	738
396	781
607	668
377	750
341	731
0	75
67	102
209	364
567	640
50	492
418	751
109	337
447	751
533	714
149	584
475	657
401	570
306	356
394	525
18	633
265	453
10	628
28	50
187	416
561	573
58	198
161	642
357	478
185	288
247	259
194	460
358	712
177	313
275	658
44	364
128	791
313	431
359	589
237	418
401	520
207	524
254	284
610	686
376	412
211	607
7	366
200	393
258	362
595	629
76	112
202	614
686	698
271	650
60	728
575	585
416	554
676	703
71	170
46	167
20	778
251	439
196	616
213	712
701	764
320	698
517	677
652	657
301	313
32	134
247	346
321	590
437	482
69	379
641	754
247	696
297	573
618	700
52	712
7	93
433	716
490	718
177	246
155	556
241	409
373	414
174	290
148	735
523	699
277	481
183	193
104	279
566	622
145	384
43	760
99	333
286	528
582	653
258	635
171	212
174	720
136	187
243	318
198	444
311	614
330	465
455	750
335	371
447	622
37	64
192	284
38	262
333	460
372	638
90	792
202	533
205	479
167	582
329	502
358	785
192	398
308	684
37	194
208	314
402	716
132	748
557	733
307	585
77	338
499	591
249	295
69	647
87	394
33	785
530	558
88	185
117	693
374	495
233	255
229	642
57	738
19	250
256	359
627	712
448	462
206	691
206	656
138	575
79	244
34	52
138	554
376	654
589	717
224	625
216	603
386	718
359	423
86	288
12	74
40	214
184	763
630	676
243	316
439	604
133	767
280	574
409	607
24	234
56	550
17	93
183	515
341	485
451	758
613	641
645	771
552	638
10	14
260	288
395	481
560	789
306	325
340	575
283	791
80	727
668	759
237	765
37	610
588	627
35	716
329	355
114	721
13	237
106	419
248	527
84	591
230	351
30	129
380	678
127	393
127	232
323	612
281	617
248	469
646	772
25	137
386	686
444	770
337	508
459	598
291	570
459	472
54	298
117	421
213	285
42	494
134	758
169	295
619	701
596	752
297	550
240	642
65	362
420	572
167	456
130	332
142	591
115	536
274	703
212	624
106	378
292	540
432	682
607	648
165	564
368	709
28	271
27	407
318	439
518	722
536	792
220	482
546	790
275	524
344	527
67	708
11	512
45	581
186	656
290	759
283	363
384	678
303	684
102	419
92	294
65	240
223	484
117	145
476	493
529	780
6	143
122	152
650	684
163	247
145	445
294	760
84	661
654	784
549	764
49	359
265	469
644	760
348	658
451	759
204	704
319	369
391	729
157	659
92	217
194	561
479	630
71	654
397	438
341	392
376	652
66	410
56	326
164	394
80	377
314	378
413	449
112	781
390	529
112	526
295	739
202	501
75	754
210	301
706	771
274	557
328	608
100	289
464	750
568	650
204	230
277	759
192	797
221	356
102	347
51	497
231	589
398	649
25	121
526	734
2	720
428	761
455	562
350	489
297	692
78	664
10	336
515	612
456	489
79	234
270	707
186	564
209	521
17	297
40	313
78	493
218	296
470	796
85	623
55	376
36	382
118	560
49	776
344	381
480	761
240	560
529	701
11	38
123	407
45	485
250	660
103	699
37	461
280	308
152	553
465	757
12	398
4	508
300	729
266	427
599	723
666	717
507	679
291	414
693	761
325	495
241	417
12	301
412	496
27	140
599	732
128	513
52	656
154	282
18	304
568	611
197	368
751	779
314	747
152	706
427	636
261	507
12	264
505	656
13	772
120	705
323	444
60	266
215	540
47	218
359	601
371	592
221	289
440	612
280	394
370	673
195	238
383	761
167	714
419	643
88	646
358	414
342	415
200	450
390	438
354	626
363	423
17	686
76	84
255	691
406	643
30	144
5	521
197	794
587	793
382	739
26	549
630	662
268	599
218	339
215	650
89	622
89	141
369	463
154	611
553	791
28	561
766	795
85	427
473	681
169	260
336	599
599	767
54	480
226	465
248	665
317	788
91	239
42	627
111	618
26	405
2	188
499	588
200	206
123	482
15	771
305	505
101	456
72	700
622	666
20	46
5	354
399	726
724	774
70	199
16	610
221	474
82	792
118	425
582	627
137	771
205	442
591	762
349	495
559	562
476	599
97	284
134	645
34	666
70	280
99	429
66	189
262	597
350	457
554	669
65	365
399	642
304	570
69	583
14	337
377	519
9	572
622	687
299	638
122	705
181	754
139	713
371	428
119	186
120	162
145	535
387	520
109	305
204	309
71	434
435	440
577	652
511	519
275	449
171	346
428	668
162	222
490	492
176	191
156	614
237	508
310	499
428	781
323	465
353	358
45	47
498	554
150	737
54	783
530	540
242	301
81	686
78	317
376	742
158	570
217	539
176	647
90	577
176	248
592	593
53	292
296	438
362	409
259	659
711	752
287	681
235	465
170	450
122	716
213	792
2	306
74	416
740	762
255	602
158	726
438	682
334	503
381	592
153	671
35	776
600	680
391	785
149	169
273	393
644	682
615	791
125	529
528	601
254	354
142	195
249	598
475	795
121	324
681	758
42	92
94	179
702	726
147	759
156	344
274	750
199	587
667	709
507	513
269	733
408	696
28	414
74	516
441	635
99	766
392	443
231	548
279	494
52	491
170	787
116	225
240	706
177	414
330	404
395	685
95	234
189	715
354	756
101	649
19	273
583	651
212	348
110	193
114	498
348	402
430	766
63	711
437	733
580	725
384	446
146	534
491	644
39	209
471	660
396	699
518	564
299	323
434	624
703	726
258	383
164	660
41	707
344	422
459	648
470	602
67	71
195	536
53	512
35	204
425	567
255	402
44	549
194	516
68	700
129	553
290	788
351	529
135	351
98	572
187	724
91	521
49	495
281	296
143	440
274	333
129	657
188	492
208	759
47	602
279	712
668	693
34	343
75	346
144	754
271	580
122	652
598	798
39	743
268	392
197	546
79	242
231	430
255	586
562	796
109	218
314	698
292	493
129	213
587	636
25	70
563	655
466	760
321	454
107	322
374	703
256	320
118	481
14	226
237	275
450	597
167	621
351	503
308	502
28	787
701	769
531	715
55	557
123	339
535	751
58	396
14	256
473	778
204	585
122	481
532	583
442	472
460	572
43	600
115	632
72	239
218	260
134	288
403	673
484	606
39	167
373	689
47	263
316	529
323	370
42	779
266	443
223	339
388	789
80	197
338	352
253	312
214	715
514	627
159	537
298	595
49	307
246	769
510	686
28	715
654	728
35	183
57	159
314	479
143	559
9	427
426	790
0	15
399	665
29	604
628	665
324	497
398	485
213	308
14	494
80	781
337	587
464	496
215	478
293	696
732	746
321	653
606	677
207	222
301	649
381	763
365	744
359	600
26	716
393	407
163	596
382	743
207	643
132	261
225	635
263	457
58	569
204	654
471	520
146	254
628	700
225	650
80	391
12	131
164	169
259	790
207	510
294	690
323	662
495	743
51	61
678	689
58	534
202	318
573	606
93	465
103	147
546	797
35	574
480	649
273	396
278	641
287	514
244	330
42	405
227	606
103	146
241	669
352	494
348	740
57	74
1	615
57	426
208	245
317	758
481	554
308	607
633	786
55	387
312	394
2	416
31	288
448	514
135	606
345	605
212	663
70	495
657	750
196	736
110	394
168	290
304	624
340	533
106	267
481	638
347	602
550	692
81	660
258	760
17	230
147	396
624	674
409	466
412	792
527	624
36	113
749	752
416	618
289	511
272	582
185	558
100	302
5	485
127	574
62	217
397	401
214	672
522	595
468	763
69	99
363	791
247	265
356	624
416	671
133	678
629	649
164	782
420	693
423	572
706	720
275	694
253	381
34	63
197	750
161	455
355	746
158	435
410	717
171	796
250	730
15	152
109	325
253	464
242	449
244	783
253	746
274	656
11	48
570	723
589	643
195	589
49	181
44	358
146	234
466	595
477	695
245	709
255	705
467	711
96	161
289	584
122	777
738	791
431	651
268	662
101	163
232	299
273	310
18	400
146	578
233	442
545	638
184	249
133	480
174	667
84	252
199	487
572	720
616	717
362	581
326	718
279	750
18	37
41	568
129	159
409	529
191	548
180	791
428	712
435	622
608	763
149	760
505	746
190	660
654	691
85	664
3	526
504	758
31	419
31	83
268	669
63	399
543	555
100	417
528	562
281	660
176	697
193	722
25	279
13	32
60	609
276	328
105	586
116	265
495	771
247	688
238	662
262	632
506	605
17	492
12	265
182	721
770	794
60	683
337	359
80	713
312	502
34	718
46	121
156	210
10	685
194	588
138	319
240	415
235	486
17	184
84	400
188	773
279	518
539	708
22	340
361	701
1	172
54	336
225	619
324	616
577	656
320	440
334	372
393	467
303	708
173	567
589	693
429	657
99	141
83	244
111	118
595	776
551	735
145	263
142	336
106	799
317	719
253	639
235	779
419	551
51	83
618	652
9	460
243	779
214	382
446	555
267	660
24	568
206	296
70	200
495	672
321	402
263	794
73	211
219	349
404	713
266	461
743	790
273	468
532	788
205	452
213	692
639	746
468	716
355	795
186	777
253	726
358	787
536	625
456	507
666	780
48	241
622	739
332	391
309	591
72	727
26	345
150	685
384	459
184	197
318	353
193	504
603	793
240	400
458	498
199	231
53	725
484	643
319	549
108	778
121	176
194	378
13	58
571	577
256	494
161	756
537	765
122	227
87	656
413	675
470	787
342	512
129	556
12	392
185	422
188	614
121	581
307	462
97	316
224	636
143	747
600	701
391	777
309	664
554	786
656	770
252	791
78	497
301	325
183	552
192	401
55	143
327	715
120	326
313	618
165	266
334	777
41	590
373	753
338	414
226	794
493	684
58	774
102	136
503	546
270	391
159	309
180	307
8	31
358	615
270	545
227	567
20	797
210	338
140	286
210	788
474	731
369	794
286	361
229	272
407	789
25	724
260	295
149	796
268	703
277	760
124	373
399	427
104	355
60	761
453	783
380	656
48	653
77	162
671	704
42	563
129	767
245	345
574	581
183	377
402	567
50	446
631	758
206	492
462	643
254	755
567	682
384	575
10	187
301	647
475	525
211	682
243	295
511	789
178	483
582	709
1	332
222	353
52	291
349	414
43	389
136	495
475	788
189	245
175	287
83	160
190	639
573	727
521	726
658	664
18	360
92	711
656	787
331	755
238	415
268	544
543	547
107	118
169	519
565	690
29	621
368	382
369	388
134	786
32	367
357	381
164	261
281	452
230	334
315	631
99	124
181	257
533	654
176	213
3	740
411	787
222	491
332	723
630	726
107	679
149	737
534	788
512	673
61	130
70	571
434	619
37	510
321	696
453	648
526	584
581	636
45	155
322	476
207	314
212	583
328	560
166	782
113	233
330	567
30	142
206	634
427	768
69	236
73	602
410	565
92	422
360	546
133	222
424	550
274	553
0	147
390	652
153	658
577	619
440	602
307	562
303	346
375	735
137	659
210	648
306	699
229	351
442	793
244	410
320	419
107	226
8	188
324	535
209	274
3	567
173	177
131	132
415	750
56	711
581	716
6	72
181	775
572	698
228	449
369	760
38	748
20	559
207	238
28	391
89	405
389	511
16	97
474	732
485	575
242	627
465	544
19	486
219	381
587	751
615	673
258	267
46	405
221	778
4	550
56	584
421	512
79	749
16	184
440	751
245	356
275	478
116	736
673	679
537	740
469	583
78	714
76	673
36	749
102	771
162	712
86	511
4	226
152	518
42	368
110	742
236	543
62	135
308	578
28	650
23	704
110	584
165	384
96	293
119	350
734	778
77	153
506	510
127	289
283	543
455	472
184	792
154	362
323	510
247	288
112	276
349	465
304	753
179	751
291	631
140	708
97	722
329	684
455	486
154	168
32	662
145	783
545	622
258	315
490	624
291	763
323	448
259	750
269	641
455	648
286	412
330	788
71	190
139	751
428	562
160	469
385	666
195	450
100	348
133	346
62	451
499	698
15	681
557	610
325	618
230	403
641	736
69	407
579	684
533	649
434	733
285	781
39	693
28	655
269	534
196	459
82	142
479	643
47	566
147	371
26	430
196	631
84	516
322	787
223	478
315	318
478	653
133	410
99	338
654	698
45	661
348	405
78	525
400	794
507	628
107	416
39	635
121	226
70	513
350	738
5	289
337	363
206	600
276	501
449	523
325	533
58	277
59	586
647	684
453	578
95	546
378	799
62	130
657	787
55	586
214	774
316	704
600	736
240	583
148	681
181	285
592	621
578	626
358	691
41	514
26	666
338	427
447	483
81	656
476	659
494	670
134	336
493	586
400	737
5	602
350	448
225	276
545	606
251	742
164	237
238	778
143	422
332	701
611	773
376	640
64	423
6	750
647	766
11	140
8	760
412	741
105	219
119	347
607	743
317	390
64	114
218	725
52	102
195	738
106	366
20	501
64	357
229	518
534	601
79	220
98	592
313	374
298	690
609	735
34	65
362	606
700	775
462	702
228	437
412	467
122	295
231	362
237	762
59	708
26	479
231	544
487	583
290	632
382	414
575	630
19	35
546	583
558	700
513	785
378	695
193	735
5	426
103	776
412	705
423	556
136	507
134	624
206	753
195	374
692	693
129	552
254	417
201	731
182	204
621	639
81	226
270	500
532	726
159	661
103	233
328	402
287	425
129	288
208	338
223	451
639	699
284	672
32	688
355	577
544	679
224	380
2	24
711	780
125	678
98	644
16	222
452	577
318	375
129	319
88	436
39	437
229	240
297	513
332	641
257	613
119	366
106	785
19	384
35	772
11	634
202	679
444	520
202	475
37	422
52	666
249	404
144	607
596	698
484	499
670	700
140	480
43	444
160	347
275	376
50	476
69	370
194	423
543	638
665	750
135	470
321	511
160	466
10	164
333	726
482	518
372	647
121	207
125	301
511	695
472	477
382	759
441	745
64	83
307	672
222	593
160	486
457	683
551	746
74	535
141	712
187	348
172	429
33	324
323	678
315	422
282	580
461	507
15	274
110	524
195	675
317	610
12	149
168	191
173	449
191	693
10	702
300	533
402	407
664	674
641	657
108	777
339	387
321	342
63	510
568	776
114	313
570	778
310	626
384	434
146	493
40	671
458	745
348	697
357	541
338	514
120	122
64	143
405	608
154	372
141	153
63	71
1	214
203	698
147	555
308	508
89	560
70	432
221	738
195	373
609	768
198	692
77	472
391	701
199	329
367	374
569	734
105	300
74	671
509	704
283	516
154	710
599	652
53	645
235	329
109	158
397	581
154	350
189	742
309	343
252	704
620	729
143	403
33	327
87	108
339	442
43	120
260	659
77	401
377	781
221	322
723	724
675	750
30	701
294	798
376	693
6	579
392	577
52	725
32	710
66	428
448	476
423	593
612	731
100	273
196	627
297	439
337	649
324	348
64	713
215	469
50	256
85	165
258	374
366	438
127	642
638	741
86	434
3	686
498	588
246	584
303	462
226	275
13	302
504	526
260	479
488	717
103	259
34	616
277	593
145	173
697	770
244	625
30	459
142	487
548	658
15	358
581	632
195	201
255	729
145	161
2	662
629	653
59	431
43	623
316	624
668	721
367	584
91	600
641	703
66	760
351	448
13	95
193	286
79	195
313	537
284	348
242	571
7	311
75	227
201	541
600	609
309	429
78	104
33	270
284	309
101	655
107	410
363	476
193	681
35	715
378	564
445	497
388	706
624	647
550	592
406	746
150	363
235	647
171	532
193	291
705	731
375	773
329	490
388	503
15	119
457	591
518	585
116	421
195	537
253	431
594	599
16	202
74	660
37	176
253	482
101	309
7	190
57	410
234	367
647	779
534	767
434	668
156	415
115	135
617	712
200	227
195	256
96	344
39	67
208	672
88	588
509	613
414	460
193	406
60	710
639	759
510	673
509	526
309	691
321	491
217	608
172	326
476	646
130	413
107	601
383	404
266	571
326	471
144	638
256	305
163	407
656	688
52	519
4	538
684	748
301	666
144	784
137	241
12	39
358	563
39	426
9	501
10	205
591	683
9	413
61	78
7	257
77	557
65	142
271	360
220	682
329	605
572	673
361	623
114	790
521	668
398	662
463	597
300	390
190	704
11	102
132	401
14	21
217	374
18	694
127	245
40	544
477	756
272	402
94	775
236	751
559	719
188	216
585	644
574	580
173	282
630	727
415	604
69	477
54	391
193	543
408	492
253	694
110	668
313	533
305	405
185	692
430	444
363	371
117	697
36	472
235	399
180	270
74	292
323	418
130	237
234	699
280	647
448	517
715	718
408	510
279	403
629	739
363	368
359	385
164	742
143	467
6	592
559	598
216	643
379	585
117	776
22	402
523	795
394	592
537	677
177	429
396	732
409	415
308	595
222	490
142	459
62	497
360	567
460	486
346	498
362	719
165	316
6	636
25	694
134	531
275	472
145	205
13	20
427	659
333	651
64	199
354	598
664	693
457	752
143	256
501	793
7	526
38	215
235	243
331	469
354	546
78	162
735	739
36	799
658	678
134	765
34	604
12	490
466	707
42	388
486	727
237	595
124	480
190	763
10	76
274	434
206	403
257	493
59	776
429	525
222	610
237	727
177	743
429	457
372	762
143	573
237	379
14	123
71	104
200	240
212	369
483	629
204	311
182	383
659	739
98	402
56	788
703	737
147	740
40	426
218	369
19	140
665	795
291	449
130	212
388	766
117	770
371	393
405	474
1	728
179	783
25	541
609	649
42	308
190	345
603	772
297	517
593	601
540	683
478	761
94	651
316	647
199	226
9	297
56	471
102	398
373	761
416	725
502	542
419	750
347	796
199	212
403	769
270	636
26	122
127	644
208	520
82	536
312	657
390	547
316	532
611	633
589	646
29	222
74	182
640	716
0	405
665	730
263	538
341	625
124	474
553	559
139	585
310	520
543	603
128	752
44	341
358	489
527	744
82	124
528	559
611	648
522	600
198	218
614	622
452	567
392	754
272	378
91	601
70	665
527	636
32	54
126	215
96	698
13	788
221	263
652	750
339	354
284	388
151	611
272	388
133	703
26	680
558	787
410	662
321	401
315	742
205	454
304	653
67	378
56	399
94	593
297	683
212	437
283	763
519	748
159	590
75	217
263	615
248	707
500	620
501	693
367	436
256	743
392	758
141	791
318	680
145	465
145	766
185	541
68	565
350	586
378	507
26	208
650	712
142	426
380	599
243	298
51	606
36	635
53	402
34	213
403	573
488	613
270	608
341	374
262	452
454	629
59	347
593	699
19	748
350	733
429	680
123	592
110	169
81	161
394	635
264	383
170	470
404	662
538	696
6	586
207	429
216	684
72	459
315	611
498	765
85	118
180	654
695	799
617	792
178	716
12	774
163	462
134	369
139	140
434	652
620	705
228	544
244	782
390	724
311	369
47	112
53	279
78	798
266	720
201	655
365	578
144	737
120	265
635	771
556	779
531	768
472	602
480	598
21	703
164	176
16	351
57	759
359	762
113	272
74	793
238	742
127	727
224	760
133	774
591	714
276	665
684	743
240	407
368	553
456	678
335	474
232	588
122	255
613	742
104	675
1	115
637	706
183	596
272	703
396	677
343	675
393	799
433	599
457	668
147	364
396	775
77	208
203	675
517	725
56	732
568	718
541	651
441	588
39	235
425	798
718	775
368	488
51	293
361	402
608	790
363	627
143	660
14	230
3	632
443	612
139	143
178	365
676	779
229	230
269	516
37	147
331	434
5	208
182	462
64	461
135	383
189	680
204	591
285	660
362	756
52	434
347	610
52	319
74	701
56	688
146	744
381	605
117	446
184	401
297	428
289	562
529	751
100	188
180	636
194	452
144	472
108	794
114	322
126	633
148	581
384	605
449	622
378	678
406	609
206	298
351	718
459	757
706	714
114	281
281	658
95	216
448	786
254	692
131	478
149	242
300	708
178	403
601	646
435	782
322	762
601	760
225	745
109	794
253	471
242	411
115	577
732	781
635	716
167	352
157	334
128	453
70	459
22	326
91	395
423	537
341	446
72	339
155	185
67	761
282	283
609	635
97	128
32	429
17	487
91	502
168	626
83	542
491	617
408	523
296	737
97	542
246	321
9	213
47	478
518	532
662	722
608	760
713	747
164	172
353	652
120	398
19	114
18	714
237	645
287	509
605	789
413	791
59	589
333	509
537	615
35	83
243	614
513	556
80	775
71	328
44	513
519	542
229	506
340	600
220	763
362	704
71	194
676	731
670	749
209	308
461	666
161	468
30	101
600	715
262	304
29	420
143	651
757	790
38	745
431	691
287	305
308	767
695	710
240	734
711	733
467	573
50	566
16	21
530	757
603	685
152	796
183	502
343	426
333	541
787	796
95	433
391	441
34	641
546	590
323	761
372	738
28	418
90	299
179	344
375	403
215	243
183	682
595	658
245	417
474	585
479	547
73	190
66	321
479	737
288	690
39	617
67	99
24	519
489	503
98	391
152	765
223	746
74	554
61	355
439	655
69	555
355	405
539	671
269	459
130	170
109	651
243	670
95	525
54	405
59	416
379	686
515	562
80	434
567	661
482	701
172	475
319	476
195	227
493	552
7	35
501	662
129	789
309	431
325	701
393	469
541	774
73	169
31	387
232	583
179	730
103	736
265	282
207	390
132	424
417	441
431	448
62	114
360	715
328	750
28	652
116	181
171	741
523	728
221	688
115	698
5	547
194	766
128	660
157	749
425	571
9	194
60	699
37	562
27	279
172	789
186	409
78	343
0	200
426	595
9	772
85	233
155	157
20	256
101	509
102	348
295	302
127	713
241	771
674	772
45	399
109	734
43	137
53	745
279	761
51	275
123	705
307	604
596	782
190	326
445	740
498	771
219	411
253	685
9	545
131	424
238	705
348	409
426	478
161	357
59	310
335	653
648	727
321	684
39	631
167	704
198	798
22	371
318	391
222	436
689	730
356	572
211	301
9	787
224	404
134	304
376	772
170	659
373	620
191	763
465	605
330	453
326	621
493	574
305	735
598	714
323	758
127	313
187	245
125	241
207	717
510	718
73	151
352	774
322	371
238	638
687	769
204	232
234	453
694	763
201	509
39	362
26	706
42	717
9	249
176	406
565	720
119	342
451	521
288	594
192	193
512	587
151	281
161	780
285	445
277	415
88	551
92	630
65	570
222	619
605	799
67	453
70	736
552	582
672	728
582	615
348	637
313	597
353	420
316	560
37	688
350	644
356	533
293	575
540	653
2	129
311	453
125	338
159	431
422	496
244	583
117	205
1	657
348	639
570	690
431	738
36	423
40	459
708	714
333	762
372	760
250	752
554	721
128	146
310	716
196	629
319	464
228	375
369	670
157	387
400	695
699	782
24	397
610	646
431	525
532	655
174	217
309	663
588	716
244	725
404	784
234	513
100	697
210	287
266	586
49	320
59	318
557	571
8	125
369	450
353	576
90	731
82	396
475	665
148	255
606	770
632	696
137	513
6	788
126	496
147	281
144	609
232	413
694	733
402	604
120	758
177	436
251	316
89	421
334	698
190	628
240	787
89	791
52	53
720	747
596	737
285	675
572	634
106	136
230	794
106	208
163	584
44	720
676	687
251	509
329	796
411	599
394	419
110	537
0	652
482	630
489	657
109	567
46	379
487	744
80	429
316	654
482	744
144	250
652	669
36	38
312	361
466	501
1	114
102	606
97	323
262	576
90	234
36	163
89	185
225	347
322	764
27	171
349	622
370	431
243	731
58	705
44	470
148	655
282	723
16	273
3	370
216	632
581	623
26	469
656	736
123	752
174	724
87	678
87	172
291	296
222	591
51	294
694	755
248	485
341	509
60	453
591	761
446	694
606	748
316	536
52	285
456	632
292	792
2	584
348	779
453	487
199	548
105	489
468	627
72	770
135	778
71	269
15	35
367	462
443	473
457	743
219	417
163	353
172	461
23	590
389	601
117	596
344	450
620	717
13	556
128	190
86	286
32	408
370	659
337	785
256	695
22	173
345	619
203	758
209	576
199	381
413	556
414	527
540	799
656	751
524	622
41	194
27	591
432	483
140	369
176	344
72	223
554	598
76	708
115	348
103	665
210	470
371	430
33	688
414	541
524	543
417	771
105	774
593	621
250	385
195	557
52	739
529	586
624	695
30	770
88	382
426	603
213	786
326	327
200	279
9	359
40	444
134	696
347	447
535	560
468	649
305	519
71	615
130	572
523	748
116	274
569	695
364	773
460	578
341	639
100	602
217	226
81	365
470	748
191	495
145	632
760	764
185	555
744	754
464	557
143	655
78	489
51	645
486	529
608	792
365	409
2	368
299	608
16	191
225	786
625	753
551	616
246	555
3	549
336	497
658	691
106	584
510	525
281	531
297	745
135	223
345	663
154	664
69	235
167	605
143	460
186	282
343	391
149	383
61	147
131	616
488	550
60	407
530	736
106	498
266	421
216	517
159	665
543	549
275	550
180	661
53	179
10	15
206	684
299	485
413	622
11	49
187	314
25	178
231	440
573	644
40	715
88	353
27	400
533	703
207	768
320	569
40	771
114	249
161	589
356	785
152	173
122	641
374	633
69	626
115	453
35	335
430	521
108	441
107	387
30	408
518	624
138	474
451	482
302	565
162	757
54	95
121	430
30	728
110	476
316	515
203	429
328	480
72	363
214	574
284	569
166	290
163	531
322	595
157	199
373	480
71	398
242	788
252	308
631	679
124	163
402	784
159	173
83	383
192	308
373	697
751	780
241	259
233	676
456	475
194	772
477	547
44	351
412	628
163	686
74	679
509	735
172	360
506	763
58	421
520	779
369	543
319	387
327	520
18	726
482	621
160	723
440	469
400	749
551	576
174	671
169	563
202	334
152	476
116	730
32	677
128	267
1	134
285	287
244	399
208	799
427	785
390	770
508	536
51	517
446	738
11	685
7	705
264	720
9	455
373	736
302	355
307	681
139	297
68	633
377	475
339	378
205	772
232	540
756	767
183	506
309	782
217	229
667	702
140	589
285	785
5	568
187	295
338	797
195	729
485	553
103	698
624	664
159	208
249	600
68	506
59	199
22	354
256	525
403	709
386	744
208	416
178	416
655	767
349	370
35	247
252	698
356	638
380	780
221	365
425	444
379	662
441	519
440	774
181	435
574	777
451	588
282	547
79	238
43	304
709	769
133	693
280	500
547	708
459	725
661	737
454	588
247	736
55	618
543	626
581	616
497	565
134	179
226	298
132	418
644	735
17	244
172	614
361	567
177	389
297	492
411	587
225	571
528	785
338	733
26	507
109	403
110	395
346	577
387	438
58	624
245	719
250	518
442	542
255	647
570	587
265	645
285	374
78	782
439	714
99	194
25	254
387	413
14	252
234	731
38	462
334	440
392	744
225	598
64	541
558	728
255	491
508	767
568	796
81	653
251	496
7	529
589	681
595	764
204	305
305	381
248	363
595	750
705	725
216	291
264	758
157	529
142	725
530	730
30	556
130	372
304	454
89	575
152	795
76	95
167	776
559	649
504	670
698	715
528	787
80	562
652	723
306	682
270	745
72	151
70	579
632	799
223	737
735	746
404	751
31	377
711	785
122	650
252	590
258	604
334	335
332	526
94	405
330	639
89	252
242	399
433	744
145	281
451	620
400	523
181	596
240	631
574	710
521	617
257	576
125	591
510	785
84	502
211	325
390	541
258	664
4	673
170	204
573	574
346	706
385	641
374	451
25	500
67	720
309	425
305	663
6	637
101	514
183	660
322	454
165	630
410	649
558	610
284	329
157	497
297	546
502	784
518	609
140	699
183	711
344	713
122	147
233	268
198	376
227	685
272	651
604	646
36	206
674	766
382	504
266	754
194	767
22	570
50	185
86	172
119	254
320	426
18	677
298	784
166	550
0	783
303	525
49	196
115	225
172	383
69	123
260	600
113	340
385	718
465	729
425	455
47	79
259	494
3	649
147	776
230	476
304	596
561	635
134	637
72	588
654	668
133	487
606	703
114	671
322	704
165	313
255	290
263	770
53	607
515	579
406	587
629	631
402	544
125	242
391	402
351	464
401	622
58	317
203	308
346	748
419	666
272	526
250	347
256	452
357	392
538	732
380	509
240	573
391	521
55	511
466	571
247	276
242	282
170	477
570	745
105	292
1	67
363	397
249	473
353	602
59	243
689	748
597	765
9	717
262	753
259	564
163	340
324	536
261	681
352	610
432	797
370	449
400	420
240	414
55	252
432	661
20	419
112	515
57	303
25	32
105	379
253	472
240	505
246	497
289	745
467	703
334	574
17	44
298	329
129	435
96	385
107	495
385	593
170	413
55	61
159	584
416	485
23	493
319	717
641	659
91	222
10	406
447	694
317	568
75	379
122	382
258	376
548	559
420	619
274	752
63	774
120	198
341	619
496	613
183	437
338	528
535	638
487	706
308	498
546	673
371	435
197	584
269	438
194	616
265	741
490	737
105	225
194	210
488	783
103	223
558	785
357	576
468	753
628	678
202	344
79	775
271	570
466	616
517	585
140	616
153	709
406	509
353	642
486	614
280	417
136	458
147	765
415	631
159	489
298	592
535	586
259	458
344	530
375	694
323	694
595	765
78	137
616	742
392	447
100	384
448	499
33	176
301	340
59	516
230	589
478	714
368	403
131	708
522	598
337	433
231	640
32	577
126	269
424	643
539	772
303	593
466	609
227	499
132	602
103	124
245	680
387	550
636	702
181	359
23	185
122	187
263	519
143	330
475	653
106	410
174	352
612	752
319	774
165	515
198	300
620	625
383	610
76	210
74	493
213	642
260	415
220	329
0	507
558	682
33	59
188	744
712	770
704	747
147	409
90	557
104	485
226	555
181	701
395	718
506	728
214	791
251	424
226	544
403	766
14	526
52	115
221	707
77	699
505	679
211	229
206	788
438	578
139	760
152	260
75	700
206	605
115	329
115	179
50	507
113	789
1	760
353	470
657	734
673	677
500	769
36	410
160	746
113	588
37	285
188	350
325	711
169	765
103	631
365	464
418	753
340	753
94	567
95	763
26	354
97	418
103	378
147	529
20	462
252	276
176	404
225	381
221	434
194	729
309	594
688	699
132	294
254	330
538	773
5	457
539	685
358	611
205	588
443	658
89	296
124	671
85	525
522	682
440	574
144	671
130	328
333	623
35	630
426	674
103	116
141	552
81	724
192	196
594	714
9	189
20	597
494	672
6	166
278	687
566	698
132	644
23	66
423	759
151	287
81	787
3	126
4	794
34	297
421	730
304	476
296	364
388	462
608	701
281	708
540	560
323	649
414	752
475	494
125	748
87	622
184	604
165	340
378	492
156	701
370	594
93	393
371	462
402	485
529	696
90	222
3	770
58	296
10	281
139	488
37	342
58	730
2	728
169	653
387	688
79	342
176	594
284	468
535	648
90	354
266	616
57	145
321	616
480	537
414	600
254	339
197	498
95	510
261	332
109	481
333	345
59	402
408	576
737	792
406	742
433	585
114	167
51	485
129	341
391	424
72	381
108	710
677	764
13	258
44	781
14	748
54	197
182	373
321	523
712	758
211	717
13	543
76	159
24	239
211	244
55	469
466	719
493	522
411	717
151	681
566	710
460	536
518	752
313	556
357	499
139	777
226	503
427	585
309	710
41	509
505	643
112	642
51	661
96	279
299	478
191	391
292	671
455	636
20	102
453	622
204	764
622	628
229	398
393	641
100	445
376	533
187	402
383	519
171	685
677	726
43	615
607	618
257	326
583	678
184	584
566	788
257	510
200	535
598	622
68	617
669	685
40	106
353	798
299	347
278	567
197	605
47	747
41	703
329	518
58	340
23	473
181	512
110	712
229	493
313	710
148	794
161	602
277	283
445	736
580	799
0	321
4	298
233	385
38	113
293	746
567	685
78	476
155	663
26	281
263	361
138	339
211	410
312	451
9	601
91	635
284	760
21	763
164	604
630	754
99	163
310	526
25	437
463	775
345	580
16	679
466	608
503	690
122	774
302	688
450	495
7	345
74	541
156	413
293	758
94	160
601	627
271	706
207	723
256	709
201	520
366	433
83	555
352	405
246	728
372	540
298	723
101	510
337	528
523	532
105	245
16	150
282	428
321	797
258	371
163	635
345	766
114	595
433	529
151	224
142	174
387	750
78	341
355	357
362	720
123	710
274	405
540	585
167	388
642	738
376	639
455	702
151	764
430	588
387	698
0	711
746	798
105	552
390	670
144	558
503	536
563	594
570	629
158	701
281	611
394	672
39	498
115	771
268	454
79	247
100	361
452	637
383	511
224	709
405	738
223	702
29	302
104	631
382	538
90	420
285	363
616	668
394	534
556	579
150	694
447	752
252	266
104	449
192	654
84	398
475	534
621	706
193	340
109	584
269	273
585	620
45	66
76	386
685	705
60	798
537	580
465	632
203	711
209	286
67	243
483	557
124	675
347	370
251	371
369	762
274	567
82	151
206	553
423	565
8	276
323	431
27	542
546	641
273	709
499	503
626	710
663	730
233	455
645	685
106	647
458	652
73	614
186	455
253	553
472	633
551	792
33	115
718	730
631	708
333	404
155	230
204	390
241	583
187	490
34	484
56	191
128	764
10	763
44	701
336	342
98	266
635	692
668	674
287	422
110	617
409	709
22	512
121	253
272	552
446	481
16	616
125	451
38	86
289	775
115	159
371	587
84	159
648	679
192	545
389	732
548	635
42	90
703	744
274	657
518	746
84	190
394	793
164	299
162	572
312	716
353	375
518	659
107	662
153	382
579	741
603	628
328	417
440	738
463	577
148	398
229	784
566	605
39	429
216	767
94	178
292	409
638	678
374	667
738	759
47	398
606	772
339	752
358	366
404	795
161	507
298	753
164	578
221	498
170	341
634	644
634	704
17	548
367	601
29	413
246	327
90	231
148	776
325	714
192	734
489	588
395	558
127	408
433	558
62	429
42	434
252	508
583	712
284	371
417	779
411	504
161	394
342	504
173	220
400	574
350	478
234	427
124	751
158	485
587	590
32	452
423	540
217	756
92	496
114	768
40	278
479	593
108	396
67	202
277	732
271	670
78	631
385	422
171	648
387	467
1	459
315	770
412	636
152	196
248	417
368	482
677	772
315	441
53	196
494	632
283	610
335	721
456	755
368	571
19	309
28	737
598	655
674	795
258	633
91	221
566	637
84	625
158	290
100	757
117	172
177	465
180	570
139	636
381	652
554	714
383	585
562	694
394	505
377	592
181	738
416	446
15	131
212	620
93	419
417	487
165	216
506	773
201	613
309	543
98	186
608	717
229	565
481	584
273	444
314	611
108	253
360	399
383	750
101	565
17	458
431	631
574	688
109	265
186	350
423	773
195	723
584	637
585	597
363	584
246	276
568	704
1	141
418	528
405	557
103	652
411	718
184	582
550	653
225	570
74	462
339	683
147	629
93	361
202	770
254	321
115	697
112	677
277	633
222	344
476	786
212	230
698	746
198	730
450	630
489	576
178	448
132	693
77	726
110	259
637	750
228	351
255	689
88	366
282	657
514	677
158	791
627	792
527	646
618	719
270	634
65	285
145	255
410	586
278	305
290	437
21	300
157	181
524	532
408	758
300	356
377	794
388	754
309	602
169	383
119	129
436	561
301	751
217	587
20	782
110	379
717	781
92	690
241	509
276	595
267	709
44	165
165	176
376	775
5	65
54	135
92	283
31	150
195	309
102	454
489	569
426	489
88	215
165	248
538	766
184	799
245	639
187	494
66	199
575	716
408	659
64	333
72	187
483	646
563	741
281	627
86	439
377	525
351	521
489	618
224	637
720	728
4	768
100	344
583	698
367	757
128	394
221	343
69	683
670	696
237	567
303	308
157	467
381	640
455	744
212	444
363	713
339	537
72	720
342	731
95	158
290	481
15	125
225	231
558	569
474	539
135	736
437	703
68	694
537	766
205	619
32	699
21	624
248	306
73	558
490	630
470	646
374	691
356	629
28	473
92	524
13	94
87	781
657	773
90	632
11	758
102	300
318	319
256	263
443	791
2	107
58	364
360	773
0	597
423	478
571	661
215	752
108	716
22	600
15	338
189	687
190	202
276	590
60	158
441	512
81	503
78	766
126	167
133	755
442	788
70	521
435	475
90	794
267	712
129	182
267	585
207	701
106	512
59	607
378	764
102	661
580	640
320	346
28	518
203	797
593	643
156	302
108	450
389	456
46	129
425	670
426	724
448	688
159	779
90	709
231	623
280	750
68	109
190	320
502	654
387	799
108	420
524	544
186	524
555	715
376	758
139	221
336	421
25	127
422	788
35	339
59	384
210	316
70	679
176	484
492	740
36	594
46	785
120	336
11	433
41	701
55	72
8	30
54	333
439	526
668	704
383	391
483	577
584	723
15	117
80	358
33	304
363	425
129	370
244	627
151	559
396	791
525	673
91	470
268	634
249	487
197	576
431	707
146	156
347	749
0	667
190	677
199	341
144	166
264	757
401	722
596	755
756	797
76	237
309	716
93	564
369	658
130	795
70	381
236	614
95	97
191	198
132	476
20	789
342	582
507	678
115	608
348	379
5	374
6	35
23	507
249	749
249	687
384	785
96	201
97	522
233	502
495	527
203	541
210	628
675	770
238	591
41	512
195	713
46	70
224	693
327	658
177	716
100	712
365	626
198	306
189	247
69	301
73	344
312	699
11	84
379	560
14	320
198	662
409	599
494	664
73	663
305	680
350	560
611	647
124	346
111	389
302	399
414	561
8	776
82	715
30	651
76	609
74	234
64	776
194	259
584	704
530	709
9	655
373	538
115	226
264	620
509	772
722	789
122	740
98	432
338	560
34	585
133	650
344	423
212	227
643	653
148	701
383	465
16	647
379	502
36	668
93	797
384	444
209	417
247	704
17	720
271	446
607	683
420	425
422	551
469	542
450	512
586	653
17	189
394	725
153	334
276	508
606	656
110	431
20	105
307	336
344	734
140	768
439	698
447	658
396	556
160	648
114	449
524	703
377	634
209	257
318	360
492	759
58	320
238	309
344	570
747	757
219	354
617	734
732	780
5	431
422	792
403	767
246	388
604	619
257	523
335	485
638	679
42	400
12	720
258	580
609	749
469	522
476	578
61	560
56	86
254	487
314	333
247	566
289	636
346	538
68	757
173	620
41	392
53	528
267	679
42	219
113	341
711	743
67	392
119	732
587	653
140	675
613	720
466	632
180	719
20	723
2	556
304	790
561	787
71	433
220	348
106	537
71	467
84	494
64	119
0	202
526	691
504	531
295	451
523	596
207	287
203	749
174	188
87	109
223	680
126	743
91	375
27	225
12	361
623	784
542	749
444	535
373	446
58	306
415	611
276	701
497	553
536	793
15	221
266	315
671	750
212	245
376	645
432	752
13	619
180	344
250	470
687	744
441	470
115	342
66	630
227	413
287	410
261	649
427	794
514	565
251	402
431	467
234	792
534	547
588	795
247	397
171	223
95	777
480	698
225	655
263	295
280	589
178	764
684	764
81	615
105	407
89	675
70	452
421	470
441	687
11	234
281	761
411	489
174	330
674	703
232	700
430	706
102	238
156	737
401	416
126	248
144	448
583	624
132	158
35	701
110	333
83	287
319	404
89	336
663	784
109	495
591	716
111	253
650	734
130	396
566	678
356	500
136	285
207	411
441	705
287	638
38	401
330	417
203	755
52	444
189	273
324	436
605	683
338	342
261	341
222	387
466	757
429	480
720	773
38	237
356	384
482	652
425	644
186	710
482	541
156	580
173	618
266	385
378	478
94	542
121	143
376	625
269	321
31	217
257	303
123	165
128	196
326	403
134	417
420	584
91	715
14	796
329	480
230	603
190	732
551	657
54	226
545	760
179	625
236	550
188	263
306	708
383	394
371	497
467	552
416	726
119	672
471	783
368	646
624	672
213	351
642	707
354	571
7	765
9	187
128	358
210	675
19	481
412	687
177	748
49	503
506	721
241	427
59	317
148	515
47	513
25	746
9	615
480	659
151	760
230	332
435	485
399	661
17	127
418	454
17	311
276	288
236	600
408	635
355	490
156	412
85	272
50	715
485	782
584	718
373	754
385	413
243	245
415	577
67	173
553	705
333	631
559	703
178	369
263	559
51	381
156	596
134	738
32	493
532	676
246	409
343	736
206	423
120	580
579	757
374	590
293	325
48	347
203	536
728	796
658	700
721	764
288	631
252	367
407	431
102	323
349	365
734	758
312	507
409	548
451	714
113	263
667	735
243	547
13	517
351	635
221	384
267	718
17	636
174	746
626	638
421	773
339	566
41	749
144	371
362	484
267	781
298	731
286	629
19	50
596	678
713	758
61	777
99	295
321	564
236	287
240	324
368	483
520	575
27	616
630	797
52	87
445	557
375	703
53	749
77	515
155	303
695	713
77	88
196	643
116	603
117	717
101	244
511	527
188	440
24	570
317	411
355	376
53	205
690	712
99	531
445	716
324	773
298	649
559	746
437	614
242	393
100	479
446	484
100	359
192	400
32	244
8	626
524	651
224	586
31	187
115	237
379	396
29	342
404	569
91	527
442	539
206	250
210	532
138	175
107	792
206	547
527	533
473	576
54	589
63	440
20	344
200	472
66	351
269	392
545	556
315	751
61	746
500	707
250	344
228	297
698	757
109	171
644	768
276	556
119	775
23	180
94	613
272	554
30	297
31	152
147	219
386	688
198	760
122	398
523	640
437	585
68	251
99	488
390	497
136	199
376	754
239	758
27	444
140	792
42	465
17	298
375	446
463	510
719	765
274	588
625	679
41	526
570	666
543	758
277	727
322	621
775	791
581	779
473	585
161	405
283	680
189	420
196	223
256	574
108	458
160	425
304	764
181	657
171	383
50	463
207	750
145	580
207	689
409	436
403	582
308	799
178	480
266	436
321	340
461	475
416	713
520	712
470	475
570	658
203	620
438	794
504	782
170	330
10	490
750	779
510	777
47	534
32	402
289	363
261	731
25	660
38	124
165	568
667	694
536	705
354	589
638	689
153	442
513	601
191	412
452	597
225	345
188	582
264	598
57	79
263	296
97	110
127	276
77	143
582	733
40	117
28	177
101	438
424	692
216	459
15	389
76	127
162	670
2	625
347	793
89	559
224	481
598	721
95	515
87	684
150	206
81	402
137	192
550	678
67	706
231	710
5	556
339	675
153	685
488	731
358	417
549	692
426	615
219	336
368	566
509	517
260	583
295	471
345	522
418	432
315	436
42	537
405	662
389	798
90	390
15	223
432	689
60	749
315	669
590	706
113	778
114	474
297	444
406	531
626	743
546	688
265	463
113	371
440	789
94	379
53	210
688	787
456	662
381	610
532	667
424	509
339	367
75	300
371	452
158	384
261	759
684	700
111	504
322	524
345	597
533	543
209	216
304	381
621	684
60	685
333	752
515	752
79	787
341	415
16	446
163	561
243	352
361	555
428	575
44	70
289	699
285	698
393	501
70	724
640	769
394	529
66	508
100	767
303	388
594	618
39	115
537	621
60	371
172	193
234	754
341	776
378	385
163	392
129	162
161	420
470	669
219	630
328	701
63	533
93	515
336	442
436	723
214	520
53	79
7	129
394	518
107	327
24	592
177	443
110	325
421	514
239	492
183	789
307	736
13	426
585	690
274	513
556	707
78	524
242	484
521	574
551	669
423	520
46	193
15	490
262	740
103	260
27	362
129	337
218	413
50	313
208	292
233	796
448	676
530	752
90	765
405	622
282	571
378	537
427	479
136	355
35	114
295	717
137	471
118	576
427	779
203	385
116	380
37	168
623	632
272	725
306	537
70	690
428	793
12	531
504	616
24	153
37	157
6	397
20	648
202	392
160	296
150	406
527	682
649	731
100	247
189	691
192	694
526	562
202	555
92	136
564	788
141	384
438	712
669	771
127	534
450	646
253	784
220	581
5	609
298	346
43	577
711	716
250	567
48	112
23	535
121	241
278	652
392	468
73	417
633	667
85	322
0	441
273	622
496	792
161	771
663	766
647	763
698	740
481	528
394	538
347	634
357	450
241	495
182	496
190	457
476	695
30	340
305	576
702	747
93	779
337	498
84	106
92	691
49	753
196	486
339	487
104	220
80	286
6	487
150	787
161	406
576	775
189	505
28	246
49	400
322	771
102	494
453	539
628	736
104	408
154	170
296	445
362	640
417	650
492	494
356	419
448	717
144	307
150	289
135	758
332	429
525	564
518	718
154	199
234	612
340	620
22	109
351	672
20	795
5	110
466	741
519	571
351	470
419	483
68	87
470	560
554	574
440	631
388	753
90	640
304	345
522	562
148	691
681	745
381	658
411	783
256	345
281	563
412	618
479	520
50	237
20	721
193	284
343	538
433	503
2	7
253	292
723	779
53	174
385	424
300	734
332	754
606	645
253	266
484	684
97	737
523	583
396	682
140	621
274	763
108	640
55	661
103	227
629	661
199	570
467	567
317	344
61	568
244	660
421	449
261	775
702	795
665	770
229	603
80	684
225	760
617	704
145	690
407	719
415	519
0	639
101	600
429	492
528	792
303	523
207	284
732	784
13	181
107	478
439	743
69	377
193	684
447	700
273	568
137	195
300	616
113	146
261	598
349	620
289	443
635	698
286	302
84	354
200	448
333	759
247	726
237	420
181	659
158	177
53	493
90	730
286	575
268	352
429	458
331	621
22	284
113	626
99	142
131	142
111	713
490	551
50	605
351	416
281	420
340	499
455	625
473	628
26	404
411	525
179	363
142	173
74	113
479	660
474	583
479	702
130	426
119	460
247	389
192	619
518	753
7	497
159	210
715	768
197	533
121	792
82	500
308	650
214	527
352	495
214	730
339	768
168	350
751	778
82	229
405	551
43	47
502	635
8	312
380	482
210	279
29	305
128	763
301	417
336	609
224	697
62	515
7	357
241	489
454	493
190	297
578	608
91	789
396	647
141	431
272	462
496	674
247	535
166	329
222	589
341	797
72	622
201	364
170	347
337	796
170	745
337	688
403	494
363	443
91	201
58	237
357	476
128	687
199	455
726	750
10	314
53	579
153	567
169	332
121	768
112	477
356	366
504	533
439	548
221	349
219	775
110	507
12	798
20	303
180	683
113	755
56	651
112	695
26	138
538	663
401	614
6	30
67	716
702	704
58	789
272	361
93	156
359	488
71	172
370	699
91	372
212	270
369	622
516	654
262	616
232	702
58	564
201	623
455	524
279	665
216	765
57	422
550	583
513	760
207	392
277	577
111	697
159	257
375	437
566	762
357	475
191	197
289	602
649	744
198	483
176	579
148	759
22	730
368	570
686	740
351	545
312	427
319	422
271	297
769	789
124	566
157	757
185	703
96	507
33	67
250	429
545	576
414	782
353	578
416	483
111	209
302	669
63	460
70	161
421	569
41	501
295	348
545	593
304	366
540	699
353	457
81	735
45	584
482	487
514	576
326	413
192	617
95	792
221	632
142	177
307	738
364	740
236	690
161	330
159	796
466	573
298	750
155	445
312	437
173	483
588	761
120	168
25	393
77	636
425	747
26	562
551	679
99	516
314	619
252	530
479	655
94	493
179	291
459	522
324	730
24	249
125	767
145	666
344	666
595	640
40	612
370	678
30	199
68	307
448	478
504	661
93	605
288	552
91	418
227	440
274	661
338	509
489	604
57	592
126	517
491	534
109	719
278	786
232	419
691	752
506	511
21	786
296	705
235	721
56	645
51	538
532	749
310	511
605	615
207	382
219	563
93	604
233	517
251	507
527	754
608	640
326	441
323	577
295	790
610	674
199	290
409	532
156	177
121	214
195	708
233	577
355	515
194	733
110	732
437	516
538	673
263	759
498	664
496	729
579	733
144	188
157	587
35	661
87	593
446	536
79	255
99	264
337	412
342	612
15	265
138	558
258	551
114	386
495	671
541	756
273	763
81	469
533	567
180	771
231	282
122	229
443	678
166	434
99	368
622	732
62	544
166	458
272	693
78	263
208	465
430	723
63	196
351	730
71	748
579	715
721	784
247	295
18	478
29	37
179	555
422	639
597	601
478	681
44	708
137	252
280	454
220	561
521	715
311	479
51	154
35	515
55	424
150	421
110	708
432	434
55	343
142	241
286	402
504	689
273	735
170	688
83	155
294	494
139	487
8	143
525	759
50	762
38	724
55	337
53	398
571	737
20	314
472	593
14	141
156	742
305	736
70	758
449	692
21	160
465	496
6	307
560	702
479	718
498	674
439	632
366	372
2	462
273	352
234	359
391	681
429	431
18	90
102	548
86	379
189	501
41	522
73	311
373	465
366	799
55	452
568	693
709	777
26	246
123	408
203	372
290	320
492	644
304	356
242	495
600	757
125	689
204	271
381	549
43	277
604	617
11	625
652	725
91	761
52	505
369	407
525	681
654	685
210	621
438	521
59	281
169	755
704	741
231	532
555	758
22	503
305	771
136	703
139	724
701	765
287	623
403	698
228	549
191	195
197	488
222	381
631	747
129	570
350	537
498	653
429	711
282	365
246	670
647	744
1	133
308	720
131	280
275	517
291	316
137	364
461	659
199	387
287	485
189	256
303	475
150	489
599	736
243	717
150	316
452	766
0	605
400	736
416	732
388	730
276	592
652	695
57	651
474	695
249	559
600	607
173	788
246	564
440	797
166	558
513	700
506	560
281	351
548	622
131	743
252	655
83	456
163	789
322	716
656	699
304	688
217	737
282	475
161	323
117	629
72	737
439	758
201	377
241	292
432	708
493	523
209	295
162	780
631	675
76	432
625	663
173	492
225	343
164	712
39	497
68	446
284	645
389	729
28	185
504	592
600	668
455	540
613	653
514	519
312	371
286	420
174	388
361	771
172	792
130	201
169	576
51	509
213	447
253	684
184	338
283	571
231	473
187	596
119	242
193	424
487	534
71	297
645	739
339	340
81	358
232	762
520	697
161	240
0	713
57	95
672	705
15	437
278	386
364	514
177	262
669	743
386	492
299	738
275	567
651	755
554	575
201	263
67	780
434	713
225	532
568	757
308	564
8	584
32	325
339	543
374	503
405	435
222	656
153	641
89	602
164	272
666	684
100	730
73	441
35	359
269	498
178	429
103	708
215	583
171	323
6	479
266	588
47	627
374	796
549	768
250	501
327	415
84	170
104	116
426	590
143	214
115	512
225	709
494	656
141	721
83	348
575	608
523	638
536	759
124	265
354	694
259	335
120	221
59	139
533	749
640	747
323	477
401	632
233	669
286	790
654	672
130	340
222	265
43	781
34	651
230	588
66	452
522	654
5	389
388	746
188	677
377	563
96	527
222	681
476	564
17	282
180	736
163	592
142	620
267	301
20	221
724	733
351	547
260	438
229	626
362	680
316	670
352	585
185	219
140	448
137	634
119	277
38	725
194	777
257	341
383	473
327	759
449	749
669	785
622	775
347	732
432	507
60	135
80	648
108	279
438	533
187	290
100	782
396	735
543	700
109	185
546	740
713	744
406	545
505	717
549	553
194	552
308	334
259	580
191	557
583	776
154	222
202	683
196	347
404	414
238	576
489	624
173	576
601	684
52	484
209	773
191	474
29	315
181	248
28	343
649	748
95	342
364	555
442	756
164	445
96	177
8	476
254	578
258	322
94	305
323	405
232	397
392	481
70	254
331	449
345	621
106	181
217	668
160	189
373	523
170	393
680	733
79	700
158	761
211	612
219	509
124	166
25	104
94	712
215	788
358	683
622	741
221	355
286	660
701	715
657	708
381	434
51	406
154	239
87	265
618	657
398	752
774	793
486	613
110	667
297	544
113	315
296	656
374	498
182	347
63	723
31	491
574	590
226	363
241	355
179	296
40	164
374	756
346	394
476	576
642	716
442	449
724	762
358	460
158	257
253	489
93	201
491	734
296	699
189	414
85	485
434	476
619	731
455	705
244	727
397	706
505	591
138	771
44	509
459	775
214	680
236	239
330	535
538	788
379	487
521	549
74	335
539	702
98	582
252	546
218	738
622	795
236	589
51	346
259	705
397	564
95	182
460	660
226	593
606	797
196	540
606	640
786	797
116	584
158	354
89	546
269	476
313	658
476	572
366	534
319	640
471	797
581	781
456	699
128	330
150	237
734	762
47	264
128	314
299	572
407	653
397	777
285	437
166	543
51	636
196	496
481	606
375	494
30	406
342	786
224	480
60	636
290	723
196	480
4	85
244	776
322	385
268	707
34	269
571	734
404	419
177	297
73	314
519	675
300	411
471	591
300	629
70	708
371	623
47	215
509	637
150	493
107	561
60	357
351	501
542	624
361	628
26	526
345	739
514	725
92	586
288	517
503	754
82	313
545	591
506	778
263	271
475	481
234	533
88	771
31	252
272	471
488	666
147	725
183	719
98	211
633	656
297	475
404	434
59	327
135	361
25	100
61	473
154	794
131	240
40	470
635	742
122	511
91	534
222	450
349	689
216	441
248	584
222	523
537	690
145	742
276	715
128	163
209	593
68	141
24	101
438	689
451	623
133	738
420	705
417	420
396	635
505	710
367	705
283	313
161	598
98	742
41	517
462	522
390	550
137	413
335	395
398	451
215	633
18	483
2	318
500	570
487	588
268	726
268	610
594	752
128	570
64	165
398	757
143	202
75	312
10	55
521	609
11	739
335	616
245	741
435	755
170	645
77	547
268	279
237	447
49	285
584	667
123	176
32	752
366	450
483	740
683	773
235	577
611	660
241	464
271	765
16	234
149	528
337	492
205	781
297	604
615	772
114	602
232	393
429	721
269	616
69	268
500	556
427	611
376	558
142	741
361	369
6	798
110	365
279	293
365	606
488	692
10	49
202	570
16	533
633	716
131	749
406	774
211	628
93	346
306	512
396	571
477	528
515	643
562	701
11	132
541	563
648	777
375	460
445	556
269	617
103	769
346	731
124	452
260	663
334	639
326	459
461	654
19	234
296	693
112	493
89	485
640	662
641	737
156	199
588	693
555	579
135	145
94	149
711	713
418	567
218	368
310	566
62	514
422	760
162	658
713	794
610	690
398	433
373	501
250	699
118	580
206	467
113	520
655	729
15	139
237	711
600	676
324	404
276	381
517	685
493	702
118	264
156	736
194	280
67	474
339	554
309	374
366	432
17	607
125	499
464	556
13	23
28	700
55	161
255	458
696	773
15	476
67	461
266	609
215	523
228	785
256	593
187	499
152	571
318	730
78	198
259	569
444	551
172	241
2	653
416	720
438	626
726	749
109	275
236	485
173	215
712	723
460	534
324	565
128	214
184	489
412	515
201	631
568	764
112	671
317	738
16	636
383	758
550	791
256	342
127	485
0	576
124	399
514	541
98	695
128	658
32	610
9	660
338	389
466	597
448	608
479	527
577	650
400	638
282	373
765	772
39	384
441	494
93	480
308	338
255	369
591	710
223	421
259	577
69	631
175	700
170	760
482	617
288	452
61	587
66	507
95	706
467	536
58	206
421	598
238	788
671	744
162	565
91	790
78	508
443	516
143	501
31	212
67	528
374	565
62	715
137	600
218	558
498	636
153	462
333	666
226	792
322	390
225	330
84	517
198	744
135	166
228	708
508	639
284	320
221	296
420	598
155	292
420	768
501	685
403	692
118	119
67	97
1	758
265	501
51	286
153	407
607	642
220	564
43	597
225	777
607	758
559	777
86	634
20	589
220	489
478	630
271	569
369	758
403	641
254	683
187	721
184	627
753	785
338	484
101	409
708	771
454	703
219	726
54	404
91	276
540	573
65	288
743	759
0	780
203	710
133	629
647	798
354	784
258	388
90	466
748	768
92	362
334	789
289	431
31	196
318	466
168	179
184	199
162	365
353	360
294	329
16	84
264	655
358	709
348	599
159	713
222	322
148	246
123	652
459	724
103	546
22	507
254	441
303	775
398	434
167	363
68	260
233	652
51	637
60	530
23	435
14	116
52	452
168	487
369	534
48	788
554	615
12	207
114	250
294	792
127	597
680	686
112	363
215	635
288	378
18	197
525	683
234	465
391	733
167	500
156	623
475	799
278	594
663	682
14	145
267	650
128	605
305	307
396	452
101	512
117	750
386	680
160	344
366	632
3	90
368	607
314	659
124	726
383	580
183	333
272	375
63	639
349	606
337	491
536	707
638	729
508	690
107	574
211	726
536	662
442	781
288	483
651	798
106	635
360	430
123	575
58	622
123	786
116	796
445	635
144	668
647	710
50	123
122	301
689	787
461	523
189	302
332	617
487	641
103	701
484	503
406	499
685	774
47	643
65	771
123	186
323	587
535	672
31	430
167	762
515	794
306	308
507	572
116	476
155	219
102	526
50	347
628	696
382	428
141	687
780	784
387	548
295	446
311	579
151	430
554	564
230	449
215	496
643	676
176	266
12	722
339	458
77	430
581	644
151	711
441	529
394	700
249	458
472	554
528	550
9	317
85	729
325	675
572	774
194	201
129	244
284	535
173	569
182	378
11	350
647	733
491	607
376	642
236	697
293	322
131	355
222	356
154	773
502	716
109	797
365	783
466	679
535	718
161	792
170	790
248	722
666	741
340	627
276	361
398	735
315	706
185	394
341	661
362	520
745	780
302	427
173	585
67	609
425	490
2	284
324	425
297	796
479	484
375	719
242	426
13	79
126	512
294	391
20	291
169	597
472	588
331	740
49	404
442	755
8	401
28	366
356	358
419	675
474	529
416	756
62	337
455	720
172	717
392	460
72	759
311	505
707	764
591	669
259	646
351	423
465	771
239	255
291	785
48	353
298	423
449	476
3	727
130	719
41	85
13	572
340	477
120	693
338	799
154	444
182	419
601	618
55	482
221	547
236	342
510	601
252	647
144	302
224	634
294	388
126	536
600	747
663	672
105	514
22	580
460	779
145	420
327	425
12	545
204	378
147	772
291	390
474	691
98	307
134	214
317	386
191	346
300	351
204	747
463	528
227	267
321	324
457	613
92	261
92	657
83	110
32	520
222	621
6	98
124	470
10	198
259	585
276	495
14	63
270	696
97	437
509	548
480	665
107	421
111	303
61	470
245	552
1	66
14	636
320	744
664	757
540	620
149	214
171	574
472	579
11	77
403	552
25	630
101	109
172	348
101	493
110	364
91	459
223	461
550	607
10	604
702	777
105	761
197	673
434	508
301	315
330	367
322	360
28	95
405	731
485	625
8	21
56	363
299	610
15	121
378	630
284	543
441	591
93	453
25	276
298	663
32	157
556	761
54	442
76	478
14	17
624	708
410	539
37	71
16	637
233	486
534	572
315	781
240	743
623	795
333	583
266	778
101	691
223	497
216	742
670	784
586	780
72	279
295	454
381	778
133	211
4	120
307	442
273	740
361	378
287	551
108	383
125	747
46	474
72	688
422	753
609	773
88	509
401	582
60	77
73	507
174	544
277	338
397	661
612	677
591	644
340	798
52	788
24	457
278	413
255	509
73	631
32	419
206	398
381	783
357	361
77	387
331	393
240	375
603	642
568	624
409	741
557	731
74	587
224	565
184	644
235	747
203	239
30	196
35	783
370	600
268	510
175	342
185	517
458	735
572	584
586	747
121	764
470	525
259	719
400	683
33	532
36	416
25	407
12	128
139	295
2	647
664	678
319	351
381	467
172	245
328	406
288	469
176	425
252	421
386	781
489	769
480	506
21	539
13	66
52	750
42	640
208	352
535	621
98	709
196	504
197	224
219	629
600	617
33	448
470	597
578	601
175	508
52	112
382	542
676	705
29	88
491	527
144	212
15	777
159	327
86	311
497	743
132	227
24	301
62	261
360	466
226	645
411	519
15	568
23	146
423	619
72	227
311	511
534	794
518	530
171	516
313	744
261	495
503	675
119	612
468	502
1	173
244	678
232	786
107	672
185	781
497	747
112	120
32	224
13	282
22	385
249	470
363	369
234	279
264	305
33	371
213	536
191	560
325	561
367	674
82	676
288	666
231	462
91	234
100	529
128	476
112	661
404	492
256	799
279	353
369	709
464	604
302	489
99	292
374	487
439	620
55	623
345	412
636	690
15	38
278	589
590	726
295	774
416	535
483	529
46	147
446	608
163	268
10	33
593	669
62	104
640	799
230	437
15	129
276	478
395	500
621	678
132	713
571	614
556	687
114	421
100	256
292	390
481	696
174	378
452	507
394	578
171	708
252	554
18	474
240	778
185	214
77	574
96	308
374	556
123	179
83	580
286	667
698	761
382	782
132	754
458	682
129	599
205	768
535	695
156	351
357	511
187	785
346	707
329	587
170	789
31	708
25	456
5	573
553	765
197	370
6	224
160	348
139	177
258	788
88	221
193	292
65	344
283	429
598	670
732	745
61	267
152	712
406	783
107	660
654	766
296	499
211	671
134	584
211	527
2	522
412	560
165	169
338	364
497	585
553	671
429	765
176	582
149	730
137	548
174	243
249	528
437	655
726	788
650	694
293	788
593	645
316	410
571	681
612	697
55	696
118	422
343	797
78	230
98	618
513	522
211	488
50	250
195	603
447	638
381	510
132	162
47	377
157	741
561	611
404	540
80	420
171	450
230	372
241	483
217	412
101	183
197	490
55	168
139	162
298	367
33	147
49	608
368	767
275	571
397	740
56	546
53	633
268	778
297	424
545	752
58	103
55	101
419	627
711	726
272	523
96	660
471	671
92	427
84	651
161	344
168	309
196	727
159	538
165	517
39	481
279	433
253	455
156	250
451	605
30	657
85	381
348	561
640	785
27	538
422	447
180	715
625	734
578	599
77	510
174	636
124	653
306	798
421	747
193	591
113	409
314	719
97	778
704	772
342	551
221	784
104	414
471	621
27	637
461	549
140	494
323	442
433	452
396	692
184	200
536	741
136	602
368	375
487	506
198	588
309	574
307	582
39	461
403	690
337	485
314	442
354	634
590	727
0	60
145	177
448	654
49	431
258	514
207	646
23	331
464	543
353	424
90	576
278	643
709	736
227	361
209	441
133	273
404	699
83	618
87	241
242	470
584	611
190	472
223	546
381	566
33	768
26	84
312	363
276	356
110	228
78	392
440	700
443	537
82	521
312	541
247	355
344	376
424	789
269	657
282	445
666	777
249	639
544	702
132	736
33	489
364	406
70	433
240	378
312	562
142	798
152	461
566	753
129	358
23	627
100	505
501	606
246	517
23	500
313	344
174	533
264	412
14	133
562	685
154	699
373	486
163	448
257	651
8	733
413	779
416	678
329	637
436	713
54	659
227	694
541	688
666	754
356	632
159	234
487	587
40	462
23	145
247	404
242	294
295	515
769	779
572	588
302	789
608	645
445	616
249	468
605	691
197	725
4	547
266	768
219	718
290	515
539	791
215	429
63	685
271	424
467	704
99	763
266	762
119	535
99	575
167	777
249	303
442	471
20	128
457	488
92	210
192	555
279	445
44	749
7	447
648	662
598	645
381	535
324	741
135	590
351	502
141	713
86	402
688	755
91	148
76	192
257	436
139	304
53	147
609	782
189	575
183	265
62	693
213	754
3	509
645	762
287	560
683	746
63	566
393	741
111	288
370	426
576	697
279	790
203	474
589	746
146	255
442	491
253	335
259	769
271	375
20	367
174	210
427	648
16	464
342	372
20	739
387	397
25	490
120	268
544	639
21	361
403	788
188	483
524	699
30	795
343	396
639	773
446	623
277	517
549	660
397	744
16	758
277	333
257	582
106	230
592	754
150	213
192	477
32	65
149	352
195	308
92	684
426	672
73	743
152	707
732	777
468	659
55	582
486	768
571	796
288	665
612	640
299	354
83	87
360	584
237	713
109	144
96	525
117	196
675	786
170	621
184	243
107	153
432	563
138	632
183	321
126	762
175	332
451	546
19	751
495	600
415	685
319	713
238	653
164	778
499	752
704	723
23	613
300	549
23	515
383	715
54	204
36	682
401	572
251	567
91	613
268	586
166	612
301	773
33	694
578	760
27	428
522	698
217	499
73	283
710	754
147	233
519	693
158	309
684	794
184	315
332	396
2	202
30	59
243	280
20	512
264	276
653	790
72	603
85	709
390	435
292	398
205	653
23	419
723	756
316	789
635	699
80	225
109	533
170	583
182	339
45	127
48	674
464	749
391	636
252	524
322	479
109	324
583	729
85	473
236	500
79	142
164	258
215	321
108	278
368	399
314	500
250	395
250	341
520	754
158	164
401	730
72	505
308	332
579	740
127	405
361	732
271	658
25	458
304	577
22	680
251	703
361	589
48	539
110	310
21	91
346	413
503	671
505	750
508	696
49	590
634	642
413	479
554	632
44	543
414	520
190	740
154	205
450	687
15	317
443	796
347	635
206	650
85	471
86	746
255	463
514	659
165	166
16	85
4	170
369	478
553	596
4	202
100	599
415	488
40	473
208	481
490	610
586	673
117	546
344	589
58	183
451	506
185	226
265	349
16	543
214	529
353	537
249	437
261	440
4	15
41	171
183	603
356	582
329	431
139	353
529	795
403	548
522	672
594	691
153	417
155	373
13	108
125	571
442	584
476	540
13	179
630	718
426	662
553	594
77	741
491	687
544	608
609	747
9	526
683	767
21	55
368	449
69	531
569	628
390	400
397	677
102	726
361	570
82	224
589	791
415	480
696	754
635	766
231	514
266	454
126	490
219	507
214	600
359	627
761	781
80	416
166	546
121	213
143	181
415	516
376	607
285	657
328	626
153	601
587	779
123	794
448	552
445	495
499	659
335	614
225	350
413	672
293	448
415	548
323	567
59	796
636	713
143	626
29	605
102	220
548	557
608	749
143	583
169	548
11	304
556	740
302	390
58	195
134	346
125	679
423	664
23	299
107	509
237	470
331	690
52	721
529	575
97	233
345	762
612	657
678	686
406	535
125	581
176	261
641	713
422	789
142	519
47	50
243	517
380	765
137	155
427	692
39	121
378	387
139	768
483	708
269	690
268	631
107	722
697	796
96	186
541	739
532	779
355	794
566	720
450	776
110	220
220	226
210	724
79	604
356	620
453	772
348	659
308	559
494	505
153	584
275	687
401	598
194	621
403	740
503	756
166	544
649	691
438	612
556	654
599	635
231	778
3	151
662	797
171	457
151	155
681	710
456	774
120	241
82	293
397	743
83	363
625	781
507	765
531	602
41	535
122	712
487	495
280	683
230	264
357	391
370	499
163	609
211	415
341	621
757	764
39	792
94	218
51	152
355	467
198	589
105	479
179	620
373	386
89	424
337	520
108	357
420	439
151	687
267	383
355	589
207	566
155	749
241	750
594	597
49	429
463	557
310	700
199	364
255	570
243	553
395	518
360	507
175	563
258	542
440	642
602	611
662	775
160	771
532	570
114	181
49	101
579	774
193	447
16	614
412	608
239	408
240	440
324	582
511	601
615	755
466	655
23	154
259	774
223	679
481	796
678	770
399	463
347	679
386	633
287	797
723	752
72	423
402	775
216	444
575	705
107	346
485	752
635	763
66	211
330	333
516	796
217	549
94	523
182	367
106	142
361	517
111	317
279	717
334	729
73	776
323	485
191	296
44	546
630	758
530	759
85	93
141	449
253	703
405	406
241	725
565	614
590	608
442	506
39	386
165	170
721	737
529	659
359	736
479	778
260	798
95	793
431	639
166	350
223	329
98	604
330	589
242	778
570	577
35	294
143	395
350	363
76	252
60	299
161	296
337	467
399	575
360	781
97	417
341	511
124	273
241	716
131	552
51	92
33	228
282	436
579	797
213	368
533	593
491	545
483	704
388	567
279	498
6	291
231	699
567	740
498	570
451	648
470	500
12	205
69	551
431	457
222	314
190	541
299	444
390	445
308	458
314	621
88	155
765	788
168	383
120	798
66	372
115	234
56	416
270	755
645	670
50	336
56	612
107	247
353	594
224	491
424	477
592	716
59	722
245	662
153	316
520	758
21	503
35	462
415	772
37	75
475	771
185	643
569	784
476	710
664	763
240	786
262	308
649	788
474	747
24	223
266	644
21	103
129	263
213	349
418	557
598	769
587	721
263	715
564	640
510	721
280	286
302	685
532	560
153	166
372	651
96	613
6	482
50	596
80	690
551	667
128	138
191	633
377	411
210	691
14	225
302	412
99	306
80	131
416	624
513	762
27	486
274	652
177	763
256	556
57	264
107	708
379	706
353	383
16	224
59	603
150	423
43	609
54	378
187	445
68	296
154	437
66	387
576	682
356	441
506	658
43	485
432	641
443	659
94	333
173	245
213	605
397	730
158	681
439	788
28	29
546	633
143	577
161	628
229	238
158	160
21	231
135	708
98	201
271	563
103	673
290	754
76	437
271	296
611	772
146	752
197	349
251	302
223	767
233	354
121	586
325	342
76	638
318	646
273	334
98	351
324	327
264	560
3	257
209	478
25	242
147	667
101	334
73	572
104	217
399	609
553	674
251	257
469	495
278	596
587	627
226	367
185	733
256	396
76	704
437	705
22	449
352	517
63	565
208	447
237	352
101	706
14	608
67	591
303	700
152	178
332	334
43	171
342	643
198	795
301	470
295	609
478	717
563	652
130	203
448	762
518	574
199	413
661	672
51	724
197	208
77	551
151	704
312	425
320	400
639	652
84	629
39	488
171	322
255	646
265	272
211	320
378	661
156	197
22	578
735	783
84	251
94	497
133	348
11	501
212	324
425	632
19	410
49	83
473	775
388	661
152	182
290	314
76	403
366	797
64	138
52	696
612	747
30	428
291	537
432	676
41	45
333	433
388	404
57	500
348	614
140	179
356	740
117	323
80	367
66	506
301	432
479	540
668	793
441	653
168	744
138	715
279	365
380	553
22	605
439	679
172	674
21	328
60	217
5	79
190	624
377	435
202	552
170	398
422	779
251	705
280	554
164	346
21	515
40	171
412	783
90	474
470	763
218	519
158	192
26	529
555	577
47	563
19	598
222	446
173	637
294	706
519	730
209	337
109	470
258	348
198	503
462	678
179	505
38	100
194	220
87	529
384	425
796	798
47	346
233	729
25	322
94	191
8	169
470	759
89	277
187	780
9	266
381	442
180	256
102	392
105	706
228	797
80	673
444	719
661	773
108	168
55	768
464	569
507	777
427	762
239	785
38	302
328	694
445	479
157	459
501	508
20	295
341	677
91	684
651	737
317	391
228	632
243	502
390	418
72	715
396	712
79	586
72	469
469	757
386	524
568	726
327	567
172	443
346	721
126	667
370	760
104	625
149	653
630	658
335	734
389	418
129	642
75	726
247	500
152	524
162	353
102	119
92	365
641	777
172	271
119	608
52	280
2	267
595	705
266	390
189	426
290	719
233	501
159	532
164	360
325	611
574	685
226	249
577	794
114	720
323	430
558	641
368	757
126	344
642	662
35	770
255	460
391	724
744	792
242	373
628	695
42	282
418	484
187	285
27	87
548	731
76	246
133	311
533	598
334	552
95	784
375	708
707	780
306	415
332	574
312	668
68	697
9	348
8	195
49	555
143	733
196	443
140	626
12	412
127	503
188	729
180	311
117	720
586	614
62	423
133	777
723	749
5	359
177	639
656	668
70	158
154	234
51	161
100	218
195	443
124	172
297	685
156	184
112	177
92	234
73	542
496	779
531	766
280	577
349	424
147	195
20	142
171	774
5	766
158	741
630	740
481	752
68	241
296	668
8	695
510	584
224	774
132	466
449	488
3	108
320	549
383	724
288	510
33	578
281	285
191	516
23	410
51	362
232	650
219	632
525	565
559	583
509	788
26	774
242	441
7	107
516	693
670	735
752	766
15	570
188	533
114	659
251	616
85	747
332	603
370	415
392	672
192	245
9	409
325	397
40	447
349	457
284	493
50	753
277	608
724	788
243	747
602	654
122	491
91	292
136	348
527	553
473	765
14	136
135	337
25	191
88	301
154	563
268	488
129	749
345	424
593	751
155	368
309	747
272	780
694	735
195	512
11	122
219	538
83	603
6	327
282	775
375	677
111	733
202	632
563	580
464	786
306	579
239	443
20	466
125	469
86	234
245	591
66	101
460	607
328	623
271	742
635	796
285	324
394	438
561	589
189	397
106	759
26	160
400	744
609	680
283	688
437	621
325	384
91	96
552	566
13	382
246	306
3	147
213	313
519	788
42	351
131	688
365	796
234	381
189	218
282	532
151	406
471	794
503	693
642	684
32	294
507	548
371	746
38	413
246	732
624	699
162	764
576	695
47	765
416	593
689	708
161	689
65	279
636	766
311	438
666	722
111	690
93	102
409	732
349	431
45	276
357	629
251	405
437	440
5	95
418	729
144	388
683	701
215	711
80	752
574	599
430	773
454	779
42	766
330	568
399	491
14	508
245	324
181	467
187	420
182	236
180	312
169	528
322	609
584	614
304	348
598	760
71	577
81	304
38	133
204	689
131	361
401	625
72	346
16	127
324	508
161	482
27	376
487	742
260	648
540	583
142	469
264	547
344	444
194	234
225	302
255	333
175	268
89	470
478	561
464	705
401	444
415	649
106	511
58	566
198	775
158	475
56	383
271	443
169	359
40	210
208	329
218	541
252	395
264	587
29	707
60	287
52	553
208	491
252	325
567	692
432	660
547	640
239	570
110	335
144	246
198	370
83	297
10	268
140	409
719	761
114	557
327	435
18	143
278	733
246	294
438	704
255	583
207	448
156	202
293	756
511	736
73	92
58	704
546	651
98	450
297	703
258	380
112	595
423	522
193	374
179	237
549	732
440	673
666	736
241	710
243	758
125	160
463	484
107	507
66	235
32	358
596	601
684	703
167	344
10	172
308	429
41	735
308	471
375	726
187	347
298	538
10	426
341	654
663	737
562	568
127	649
59	250
440	632
105	697
10	666
54	770
148	320
569	779
207	620
17	295
356	621
109	224
425	527
115	676
182	391
176	672
560	595
451	637
137	473
108	715
162	729
457	573
29	790
74	643
170	764
186	445
555	756
143	217
38	378
211	258
329	589
180	378
91	270
200	670
126	276
365	750
249	489
293	389
188	692
152	747
240	464
18	200
237	318
305	697
539	788
181	645
280	629
487	502
255	606
683	762
152	385
173	481
35	100
216	273
295	363
669	696
74	581
116	787
283	496
428	617
88	691
295	418
186	605
601	713
194	718
37	554
657	797
209	741
558	624
667	755
101	568
483	712
203	761
352	367
16	319
333	603
611	627
586	740
79	654
154	614
4	699
60	673
485	568
328	795
173	219
652	753
532	582
58	699
195	329
570	743
296	589
10	416
199	366
456	702
659	734
157	173
533	653
264	690
321	408
66	334
64	798
310	475
76	490
321	695
153	393
422	778
292	533
311	423
312	387
212	596
356	512
257	770
600	604
212	517
343	596
492	791
142	663
330	518
54	375
40	280
210	421
193	690
158	774
90	627
265	459
406	788
214	773
113	587
284	603
39	42
83	338
44	140
53	131
261	390
233	599
237	524
539	698
273	387
557	641
66	420
249	740
273	418
711	760
606	754
91	410
181	751
483	572
62	716
462	471
314	678
196	361
154	272
261	710
108	402
83	285
113	762
231	330
64	647
334	550
214	796
339	409
373	554
225	405
167	574
261	409
539	645
429	556
55	738
171	413
61	292
54	401
388	572
325	627
77	718
42	635
39	325
527	684
225	472
675	687
659	742
236	776
190	400
79	431
122	526
627	693
255	505
326	358
4	209
303	458
548	642
196	606
175	771
162	568
2	456
417	649
486	697
326	377
527	620
187	340
697	743
116	757
387	424
101	111
486	676
664	700
637	764
28	136
300	425
132	188
237	600
410	527
124	428
315	791
307	748
418	698
454	572
371	744
525	761
53	99
508	798
488	571
87	464
122	642
590	761
172	275
76	518
375	615
69	639
245	781
227	314
395	447
546	567
351	442
308	533
381	713
106	277
496	569
259	331
33	186
498	667
109	551
583	769
366	712
208	704
45	766
6	691
41	601
365	737
49	685
147	543
324	521
140	530
9	648
9	656
434	724
261	462
402	508
221	346
542	554
21	210
552	790
148	293
49	330
218	277
2	492
247	434
395	504
192	328
305	704
164	497
32	196
76	125
472	789
179	727
331	587
43	359
312	637
66	510
151	745
165	183
471	735
407	476
90	770
304	488
560	602
392	776
204	258
475	560
205	501
0	685
373	704
70	719
376	608
0	37
219	760
179	708
43	404
607	788
327	501
254	454
482	699
231	512
71	548
434	582
353	727
78	694
205	663
441	651
109	349
127	221
74	369
295	439
319	343
479	513
314	335
469	745
387	395
465	776
41	314
301	436
525	757
368	457
655	659
214	301
65	432
70	693
405	544
250	441
8	789
43	645
189	465
285	424
54	588
352	695
110	698
746	751
269	539
6	393
201	792
519	529
143	325
316	440
76	491
232	342
420	479
214	738
226	599
568	571
130	259
64	350
126	559
507	685
527	797
105	246
528	753
19	785
314	455
23	696
378	486
94	374
106	114
428	787
298	499
109	759
114	375
348	491
170	400
217	263
591	680
204	480
124	764
482	540
141	790
732	752
258	776
277	576
142	403
159	693
75	91
726	797
264	665
587	651
539	594
411	664
258	650
209	342
213	344
495	507
503	700
238	692
428	563
273	345
145	146
392	593
38	785
3	540
291	307
123	229
324	797
73	424
178	275
577	609
270	580
329	507
248	258
66	158
194	721
250	380
299	655
578	658
276	743
82	704
456	613
125	553
20	673
186	238
5	589
305	340
14	105
547	771
307	718
384	558
176	284
77	468
218	393
256	261
33	683
397	490
287	677
166	395
255	469
477	514
331	582
205	445
591	610
123	366
358	382
539	725
462	670
413	597
11	776
96	379
24	293
630	686
318	408
245	533
268	606
117	384
56	483
142	412
231	241
38	778
340	352
165	793
357	401
321	587
673	766
159	347
2	606
24	331
233	568
98	171
347	792
25	544
334	601
384	771
3	169
69	262
72	790
579	636
202	600
318	387
324	440
235	512
575	578
389	609
230	698
700	705
358	699
321	595
345	716
31	237
400	465
68	566
33	92
137	170
156	428
718	786
627	753
354	563
706	772
504	580
58	487
225	235
207	573
594	736
351	752
368	793
415	759
23	635
458	793
136	191
252	429
196	607
22	127
337	600
145	368
104	391
398	654
186	348
10	536
40	634
68	254
325	428
722	727
58	73
136	552
167	680
697	752
109	641
56	183
195	530
108	209
6	94
151	337
288	556
54	209
87	739
224	554
32	527
241	302
86	477
91	743
487	618
7	522
420	547
372	701
234	363
165	574
111	382
496	747
444	469
297	411
215	797
147	607
114	582
303	493
40	699
452	724
259	433
383	626
361	484
588	620
362	676
388	657
202	353
50	513
311	485
380	457
342	559
451	518
160	181
384	541
112	670
139	183
131	547
120	450
32	210
215	521
370	397
51	729
14	28
34	632
0	653
62	190
189	720
2	48
194	422
77	533
338	358
405	711
368	465
425	713
475	677
30	456
368	759
166	187
206	645
655	766
122	379
183	781
16	209
38	288
235	262
314	551
202	525
457	754
386	464
92	95
54	745
229	365
109	683
160	569
579	672
526	694
127	560
15	615
182	477
197	422
41	118
223	288
356	530
603	627
232	401
160	635
150	728
179	413
457	624
99	501
563	771
652	656
207	258
463	701
81	300
177	477
38	150
601	753
72	335
12	452
425	640
304	415
53	125
505	547
237	239
351	706
566	740
31	69
16	180
25	247
121	506
90	523
99	193
100	742
658	725
510	528
72	297
731	738
411	511
188	690
195	231
304	334
332	461
51	225
79	231
54	784
357	531
303	482
323	548
417	632
516	585
99	190
461	709
474	781
322	777
1	411
141	705
239	676
4	561
130	322
393	503
98	731
378	684
569	683
127	172
272	652
733	754
162	725
232	679
286	352
367	371
17	364
73	745
165	633
137	529
117	235
405	764
20	145
440	748
282	438
239	586
92	392
128	411
229	482
73	302
48	570
465	495
65	275
369	787
137	278
434	764
162	231
704	763
431	636
79	378
507	652
89	629
475	752
89	500
401	650
221	303
197	362
623	665
635	783
382	627
639	648
450	697
164	613
321	434
189	539
243	430
732	753
333	399
188	427
224	591
17	275
312	480
191	791
607	639
43	334
22	56
481	688
687	785
466	762
306	717
305	749
199	269
402	432
159	328
137	557
146	163
82	130
100	364
51	277
94	323
11	762
301	610
61	189
443	452
575	755
46	751
248	594
274	667
100	774
100	771
414	729
99	432
427	515
106	273
342	728
475	595
409	726
268	755
83	591
369	556
211	633
440	649
151	483
173	373
21	500
230	657
107	208
532	568
595	711
310	502
293	653
74	243
249	679
564	659
9	90
229	783
571	634
0	687
258	287
494	513
102	533
378	453
11	630
305	470
123	646
152	493
234	782
265	646
414	774
44	555
440	637
138	762
488	708
166	718
291	400
331	362
443	548
108	169
330	542
7	613
172	220
86	109
529	579
20	736
76	149
677	681
770	783
454	485
511	632
59	741
239	375
382	733
313	578
278	385
88	683
249	798
258	704
239	648
103	352
230	572
16	73
25	384
508	780
281	549
415	489
532	674
90	295
412	746
158	418
280	427
132	435
133	328
4	595
11	219
202	676
517	763
9	238
389	525
212	501
78	295
563	778
344	540
314	466
104	405
374	688
131	225
84	659
296	323
59	681
540	773
289	372
294	555
24	127
86	96
32	126
129	632
158	638
351	668
576	584
216	445
486	790
274	760
309	335
627	751
267	608
313	379
599	774
133	756
644	710
87	139
53	208
129	400
415	525
54	447
282	725
217	487
524	778
627	682
319	788
187	313
109	159
373	448
602	716
93	110
286	651
355	445
130	350
84	364
306	535
232	501
321	343
15	267
142	493
336	355
606	702
656	720
58	609
628	732
364	626
137	388
55	60
504	610
107	706
284	614
201	594
231	647
232	495
305	650
326	394
307	720
133	293
113	426
55	527
13	355
318	539
96	224
289	601
440	647
320	630
194	326
462	790
492	577
464	489
523	589
492	645
278	524
260	656
541	692
437	497
340	703
604	797
384	458
244	718
88	634
293	394
20	253
659	687
152	184
658	721
17	47
263	377
325	608
568	643
8	478
90	152
143	178
212	689
52	731
99	217
58	581
474	698
419	442
59	760
228	299
138	735
399	771
592	751
234	574
324	451
617	721
113	594
204	729
395	789
110	298
231	337
219	467
22	331
176	775
115	528
190	206
295	693
182	219
127	773
234	698
425	763
469	571
547	782
170	449
6	409
531	581
171	211
206	623
154	737
263	379
270	660
188	262
61	792
294	394
71	484
595	657
108	725
602	749
481	650
156	562
272	735
342	740
545	736
561	729
575	709
119	283
72	587
118	493
147	374
28	471
722	781
22	556
172	254
179	563
366	405
586	652
509	708
269	495
532	694
76	632
231	794
222	770
97	309
217	234
212	244
161	658
235	241
62	703
329	725
412	592
513	517
303	372
35	761
76	416
4	710
35	681
342	765
744	795
210	516
124	651
258	746
161	442
467	765
456	578
339	748
597	745
372	380
41	576
490	529
309	708
428	595
457	503
396	628
208	739
47	761
83	733
239	776
358	407
202	569
385	416
181	598
129	559
38	790
53	587
472	759
18	204
33	784
516	524
378	777
63	299
74	413
146	172
346	493
23	520
115	533
309	329
408	478
386	629
310	671
15	230
246	538
103	401
399	755
241	475
460	602
270	586
191	397
211	736
14	80
50	497
614	745
179	689
41	268
19	485
627	629
153	456
229	358
230	688
288	563
180	259
245	707
68	690
124	506
228	542
22	775
313	323
323	766
356	478
56	701
490	607
290	621
233	591
52	86
61	225
142	659
164	549
680	750
30	434
468	542
427	799
721	793
80	337
303	692
321	391
305	768
269	444
134	670
133	688
297	772
122	648
325	592
316	787
366	606
160	537
485	599
335	647
324	570
15	371
271	738
563	684
624	796
326	472
225	309
108	752
104	693
750	756
327	643
44	50
179	723
607	704
224	257
3	653
55	551
301	687
58	390
180	317
502	615
233	271
111	153
385	749
11	428
99	143
566	776
185	715
116	331
568	705
330	746
151	640
377	514
13	31
418	759
446	595
222	563
83	719
108	764
434	748
252	643
753	797
486	606
455	697
610	623
709	786
477	636
497	606
478	658
481	681
333	513
66	168
219	761
103	376
423	561
496	677
351	751
110	659
46	82
55	478
289	457
77	336
71	724
127	621
550	742
14	726
165	511
83	402
158	378
3	778
488	646
123	338
532	733
142	730
198	427
281	575
205	471
330	770
4	65
155	649
410	693
125	697
79	752
514	747
462	569
685	786
555	766
138	515
110	275
471	555
403	617
21	509
147	477
479	565
53	781
0	215
174	278
166	435
654	670
88	466
302	521
213	461
227	700
142	370
406	425
14	693
20	276
432	495
279	330
198	257
33	730
46	369
257	648
140	593
74	197
568	582
534	625
376	770
453	575
122	397
369	436
590	771
251	634
118	757
76	209
24	729
478	612
392	403
425	774
8	299
232	468
499	754
24	274
623	738
30	561
748	763
732	795
348	728
112	679
257	538
100	356
79	770
269	559
141	267
513	516
218	383
123	605
119	684
692	698
481	788
90	645
1	384
328	365
468	757
268	730
241	468
447	795
172	329
276	544
72	78
258	583
122	567
65	781
434	584
225	538
18	605
438	772
119	697
12	161
121	751
29	124
308	517
85	380
236	664
22	319
552	555
122	184
113	156
464	695
65	66
97	136
67	654
204	266
198	525
363	591
202	317
319	323
183	431
217	426
621	638
488	694
378	694
28	269
523	654
405	698
229	601
166	622
80	446
573	768
28	373
334	547
23	102
50	58
738	781
29	153
353	728
364	387
545	761
111	230
304	428
94	561
135	317
70	781
215	284
415	506
77	613
71	454
169	769
416	777
9	630
248	372
687	771
273	594
558	693
652	694
31	359
142	411
89	362
409	591
147	675
538	708
425	433
271	653
518	774
180	704
617	657
261	306
353	650
448	738
424	588
267	705
100	761
172	405
62	224
160	477
153	586
164	586
363	773
120	300
301	605
365	641
699	799
207	605
310	530
511	744
536	686
116	662
488	662
380	732
694	734
209	444
598	716
528	726
493	788
50	215
256	275
647	771
523	784
519	632
51	711
478	718
528	633
170	361
517	665
306	644
503	679
116	253
14	369
32	531
351	645
611	798
246	449
1	104
528	694
1	220
81	551
1	421
224	673
166	606
287	704
549	676
169	708
306	393
516	788
508	551
726	758
22	676
104	567
421	634
427	778
215	778
218	572
256	758
94	345
743	793
27	244
497	598
357	387
564	790
521	728
199	640
660	676
318	572
348	566
9	770
528	766
32	53
518	693
162	268
484	790
322	639
258	342
3	550
141	167
180	587
111	737
50	240
119	506
160	241
300	503
109	162
118	382
56	201
82	218
174	495
307	379
482	620
24	606
54	508
421	447
190	222
452	706
93	254
32	207
302	496
550	739
61	794
200	607
22	286
9	179
489	558
637	727
236	630
549	736
294	518
114	572
277	590
426	707
406	611
11	310
47	788
376	696
77	298
602	674
239	350
142	416
265	456
123	450
176	663
324	395
33	685
112	149
185	497
409	668
257	367
420	496
449	778
374	664
103	666
238	678
296	748
22	409
376	419
221	339
667	756
245	318
98	243
276	712
402	763
437	725
308	310
123	466
52	631
433	682
416	550
361	376
70	755
211	432
122	593
68	366
103	167
225	762
682	785
338	462
428	735
139	772
47	708
62	741
544	720
24	777
203	518
88	96
403	681
558	692
178	325
216	356
143	188
210	585
5	420
248	598
536	616
54	299
104	289
381	799
21	443
436	741
562	725
409	521
629	772
22	723
120	156
197	663
586	605
114	388
210	786
126	304
656	679
198	479
366	521
21	799
217	647
474	496
250	342
125	456
137	224
89	263
476	653
519	719
230	514
82	575
134	662
274	286
61	458
563	613
27	635
313	587
253	473
354	755
477	718
223	513
398	761
45	763
635	712
519	625
46	304
120	267
37	188
71	150
36	530
29	767
337	606
544	795
245	540
86	652
209	250
513	604
37	246
124	510
553	558
374	612
408	694
36	375
365	654
50	395
130	550
143	383
514	518
267	312
148	359
410	718
219	478
86	620
7	655
24	206
650	699
179	596
110	662
15	528
207	242
30	455
68	348
569	744
51	184
318	536
350	548
35	246
27	586
182	317
65	738
200	482
28	75
621	707
468	687
501	518
460	664
223	607
487	662
466	688
135	395
32	215
146	760
299	732
334	495
297	374
378	463
53	180
309	395
404	449
515	516
335	510
72	128
171	395
299	602
464	533
135	208
187	368
236	471
84	642
97	623
211	797
555	705
584	618
40	355
2	398
180	699
393	552
762	773
511	611
31	727
201	646
50	683
232	642
690	747
110	603
275	465
523	790
88	573
89	584
464	759
112	517
339	443
380	531
292	333
62	361
422	474
101	203
244	461
173	773
32	708
181	319
35	253
198	552
641	673
88	389
2	370
225	477
273	692
93	627
510	668
233	319
175	183
397	514
40	213
94	557
277	357
380	467
252	347
185	575
32	592
148	308
160	255
202	388
146	670
1	5
124	551
145	302
572	587
153	196
196	490
676	688
262	351
109	548
32	392
257	263
650	653
400	487
101	531
76	122
41	713
237	460
505	762
365	689
454	496
181	209
468	679
415	547
53	86
127	161
106	736
553	584
365	418
121	410
10	532
449	791
72	244
349	399
210	288
388	421
164	205
72	191
226	592
116	797
282	530
168	799
85	597
471	772
135	235
296	638
241	270
291	648
304	662
83	191
350	386
323	782
459	631
441	552
182	388
315	764
459	544
252	620
273	319
100	138
288	515
174	474
206	413
135	263
50	559
742	770
42	65
93	739
327	551
750	767
326	619
331	687
327	394
556	680
69	201
779	787
120	727
332	482
389	665
319	700
569	699
198	666
192	333
434	722
526	614
164	165
18	520
120	417
137	418
281	381
227	715
117	799
387	701
235	693
501	661
361	493
171	355
46	110
390	543
69	328
24	277
118	668
347	786
25	429
80	552
245	507
364	554
396	535
360	768
173	438
257	676
107	299
68	217
345	420
341	755
366	370
76	367
34	46
77	370
88	168
171	377
252	743
51	652
638	682
34	39
81	484
660	791
9	682
158	623
133	261
369	484
407	428
8	679
155	510
168	221
543	581
269	722
27	638
112	282
58	652
95	496
117	327
148	198
330	390
287	714
443	708
256	328
259	724
518	547
247	684
371	526
6	601
585	688
392	423
103	663
27	118
260	616
8	787
47	171
368	505
397	796
363	677
225	460
10	142
494	611
83	406
188	485
137	444
148	508
330	735
243	385
163	601
175	559
92	470
381	425
220	410
22	211
69	797
112	262
400	560
59	175
263	625
493	496
147	610
468	639
78	326
300	367
723	758
20	524
114	682
127	570
99	154
122	422
231	387
65	678
191	422
5	563
217	704
611	752
13	200
30	244
421	621
683	740
719	723
19	510
491	784
250	461
482	637
376	771
199	559
247	675
152	506
28	454
374	501
34	693
602	645
7	348
475	574
344	583
427	620
236	587
161	371
319	361
40	415
230	709
186	261
179	687
339	352
574	791
542	633
19	445
175	738
128	669
532	647
328	767
305	443
341	704
561	648
259	771
467	577
223	362
698	739
291	523
107	715
498	555
273	340
402	548
111	174
336	454
358	679
329	526
270	365
16	311
367	494
239	565
167	555
548	663
652	732
69	747
138	273
385	784
442	645
328	381
14	51
69	310
142	228
651	725
58	359
362	644
508	763
638	762
332	619
220	325
669	793
475	600
141	144
238	395
270	778
205	512
233	787
231	338
735	799
29	539
76	779
128	702
190	349
508	710
159	578
380	538
376	441
359	555
287	668
106	594
691	737
177	605
351	418
148	613
448	650
671	693
9	198
136	775
90	773
554	689
456	498
332	730
43	195
34	784
127	195
379	446
97	433
561	697
60	643
196	213
128	243
518	716
95	759
66	542
633	769
34	783
443	785
152	610
179	709
788	795
9	140
772	789
280	442
473	770
430	490
147	443
21	691
60	799
399	655
610	639
427	602
3	428
23	148
165	407
324	586
547	555
203	744
269	596
153	239
209	229
368	551
7	451
450	699
585	790
63	431
495	682
131	589
281	402
343	776
181	788
84	577
293	735
464	732
105	458
467	622
310	651
181	682
446	557
295	676
467	516
458	748
68	89
677	739
145	463
550	774
49	710
210	328
573	633
429	737
221	483
165	477
484	564
330	673
721	768
244	400
214	466
350	640
256	782
117	136
68	392
83	407
6	111
238	472
100	682
248	355
105	590
457	570
249	705
128	273
226	591
171	203
366	536
380	651
409	630
594	611
150	360
72	425
293	583
25	468
232	779
548	599
700	701
72	202
51	689
257	342
81	173
34	457
231	635
533	797
458	600
20	280
414	550
120	351
576	673
598	631
125	668
483	648
317	733
553	789
428	647
254	509
150	764
278	502
9	358
147	198
331	343
285	317
530	750
192	326
183	548
362	546
603	786
323	412
51	634
80	315
202	678
339	571
653	726
404	446
308	522
648	791
419	538
284	437
13	726
21	406
115	538
74	114
79	235
325	404
117	240
138	139
148	484
377	688
250	616
78	291
260	597
109	646
64	65
643	784
243	396
418	503
19	391
232	428
133	749
42	398
657	679
632	732
100	741
22	486
21	792
385	515
70	476
141	365
156	455
333	727
360	732
20	131
196	704
197	661
154	364
21	258
250	495
268	686
22	433
78	331
17	234
379	648
10	782
387	645
103	428
138	484
207	324
653	679
266	271
149	570
197	627
145	696
4	423
620	677
633	791
297	526
170	721
59	608
563	645
92	441
281	489
245	413
98	531
168	325
334	473
192	251
349	671
66	140
55	579
603	683
483	542
17	397
360	474
345	368
317	524
82	428
647	715
490	623
214	255
660	756
15	605
94	341
270	791
420	727
22	592
300	409
223	405
550	744
57	88
619	716
253	504
726	791
569	651
184	281
272	698
453	638
338	655
276	345
133	225
51	289
25	676
360	490
287	351
362	597
428	701
128	260
357	658
365	792
324	720
457	464
178	650
179	226
608	702
228	384
476	762
564	668
416	437
313	649
155	538
71	179
92	580
455	727
617	679
65	156
141	632
767	781
226	439
201	551
143	254
381	384
607	775
8	175
171	173
27	780
231	643
485	767
447	640
434	700
419	493
142	586
141	381
170	481
340	442
486	578
5	10
152	513
363	379
274	530
296	543
15	655
394	649
86	729
357	421
507	704
127	495
78	615
225	727
184	457
407	473
275	326
471	611
161	456
175	260
489	766
14	286
25	265
21	501
463	570
228	794
218	328
268	589
706	748
235	451
552	690
135	139
46	652
64	554
453	728
64	287
148	527
306	419
63	212
304	316
289	626
590	660
528	755
182	213
436	678
338	727
318	592
448	582
43	75
630	642
449	602
570	693
438	607
196	407
579	665
94	677
283	431
189	779
176	207
186	699
290	377
479	772
40	90
18	50
259	266
278	670
16	389
41	479
9	500
471	697
14	85
219	747
475	762
5	759
303	586
254	368
372	775
238	736
262	310
175	222
130	466
90	349
164	787
593	651
445	603
5	705
214	300
345	393
115	406
716	753
327	536
441	672
154	317
123	672
38	251
261	263
22	271
182	582
98	616
656	695
652	719
401	555
184	218
327	464
289	564
597	746
153	703
102	749
480	685
517	758
235	777
8	87
127	365
45	285
16	80
15	725
111	743
601	607
31	241
408	709
229	540
199	612
56	356
97	197
40	384
213	272
58	159
496	644
409	587
74	654
426	680
263	469
483	760
172	459
50	61
195	367
11	427
304	446
335	622
344	559
192	391
517	545
243	290
28	237
296	723
88	207
296	462
365	507
465	563
9	643
481	784
106	777
47	193
391	611
278	533
429	630
105	740
42	255
252	537
364	602
144	744
104	437
424	741
111	154
3	438
440	543
318	370
169	687
486	764
370	378
476	554
277	436
574	757
335	764
161	766
332	422
593	594
210	342
475	520
123	365
267	394
528	628
80	95
484	649
233	667
369	541
344	413
415	459
49	74
511	591
469	772
174	331
241	313
506	551
249	453
554	766
44	637
395	605
237	291
158	735
129	510
95	298
235	424
202	502
138	646
313	768
270	398
244	611
449	582
216	589
190	470
387	578
78	543
145	578
539	572
497	505
8	784
480	569
542	688
515	763
38	129
208	381
160	381
457	615
140	376
165	757
379	721
239	300
148	551
251	345
394	421
262	604
121	122
517	740
82	126
226	394
61	132
183	556
136	397
132	314
322	398
135	426
116	563
298	421
388	767
177	738
354	568
497	560
127	474
468	576
148	341
434	765
524	752
262	271
172	705
341	549
605	638
274	659
485	778
91	181
168	335
157	611
22	287
483	488
370	420
628	637
110	730
50	334
139	273
72	193
21	42
213	789
67	305
570	679
682	792
171	700
119	517
8	710
564	632
297	314
89	168
356	430
67	590
607	733
286	486
457	574
37	297
177	545
724	732
3	333
113	705
248	522
720	789
480	653
750	771
319	447
169	590
313	792
274	615
18	744
279	731
245	513
111	767
451	540
48	752
17	502
75	97
79	282
196	205
89	349
374	669
172	582
23	379
452	613
81	310
272	482
509	683
267	525
174	363
100	376
77	746
65	342
618	626
87	308
477	781
518	596
156	346
279	451
30	449
23	543
36	377
204	659
375	468
377	516
168	569
226	499
317	435
327	357
646	769
369	617
108	566
214	556
421	593
206	512
574	691
502	533
122	305
206	602
438	781
100	431
374	551
88	550
407	717
135	300
674	760
348	454
288	779
28	446
79	674
21	122
200	405
88	769
242	657
289	521
501	654
351	533
472	666
75	272
4	152
523	648
212	791
296	510
86	699
540	644
66	200
480	728
19	265
685	747
703	727
88	520
581	708
199	770
286	490
295	388
510	604
113	528
129	248
223	527
114	164
524	730
227	573
275	782
225	240
385	662
735	789
88	540
65	762
158	517
11	764
219	584
131	692
536	631
143	556
92	374
313	378
603	623
185	350
335	567
476	612
1	506
302	401
49	288
161	564
246	775
488	514
249	504
584	615
377	479
602	612
1	360
598	602
220	614
598	712
123	265
381	588
130	443
185	429
610	798
567	632
73	491
263	265
535	732
242	506
83	178
75	783
224	489
392	553
526	600
317	597
237	497
78	239
262	548
346	682
350	757
241	798
296	708
17	727
229	587
450	530
436	662
95	364
381	597
95	580
314	799
412	545
347	393
11	452
277	678
319	796
304	340
180	677
586	608
410	661
26	594
176	558
354	673
169	455
27	488
390	750
87	327
150	263
781	795
42	559
422	552
83	710
180	461
534	634
202	602
24	559
242	459
25	260
66	768
21	320
228	747
229	537
586	736
123	272
582	588
435	472
132	433
31	406
490	539
391	667
51	433
281	655
96	298
511	797
102	766
10	346
376	467
192	668
511	720
87	785
408	456
489	646
83	138
38	700
332	729
54	605
321	509
112	212
242	381
121	489
145	723
28	484
40	299
491	661
52	161
490	589
347	452
479	574
200	223
283	384
251	501
503	581
558	578
62	168
171	601
402	647
248	758
138	480
25	571
126	253
61	148
219	626
128	549
153	223
191	305
259	376
49	589
38	764
240	543
193	222
314	594
375	547
618	755
519	662
49	643
282	779
478	504
534	661
142	365
342	344
436	527
598	788
262	372
219	523
502	749
518	550
117	432
420	556
593	681
153	354
528	704
213	377
493	785
594	605
340	795
398	553
120	364
200	264
611	623
99	714
242	483
466	566
156	165
132	626
175	489
474	554
31	494
298	458
447	479
177	441
388	450
33	786
455	470
395	529
189	269
560	785
94	402
30	195
65	742
172	696
99	329
494	733
94	678
149	384
206	475
420	538
231	698
6	419
17	749
352	640
28	626
337	611
193	767
299	462
305	563
520	654
152	688
99	493
281	571
596	660
256	650
18	465
33	232
434	635
297	555
262	523
118	431
31	474
390	771
498	738
158	440
212	455
308	709
194	257
74	104
471	502
311	364
52	345
166	576
233	394
180	767
31	170
302	404
584	796
427	538
653	669
568	641
190	695
247	309
582	728
426	687
115	116
102	585
102	534
445	771
60	279
257	759
23	124
347	667
268	642
109	161
145	623
540	738
589	617
211	653
0	748
0	688
782	788
469	480
119	511
648	783
576	734
189	538
155	607
197	383
550	695
17	25
165	413
560	766
14	517
557	759
166	246
207	436
166	639
227	541
15	735
37	538
353	440
574	649
38	59
63	289
124	794
89	693
71	508
174	223
268	565
750	766
123	195
27	266
258	405
33	223
318	422
171	495
70	414
341	764
15	613
656	669
70	794
26	186
101	628
493	738
375	495
65	583
409	654
457	734
86	497
255	447
46	480
294	551
655	743
102	624
198	727
83	400
441	749
64	349
231	398
286	778
445	524
677	753
150	775
665	716
234	659
272	367
336	401
225	688
63	529
296	783
187	589
568	792
176	729
484	680
557	738
99	426
325	451
191	579
309	412
9	576
276	667
186	636
573	785
173	496
265	669
530	555
17	186
31	394
439	711
374	398
118	293
43	150
248	288
316	478
614	761
8	182
213	717
404	635
193	630
67	727
90	575
461	762
212	565
79	90
92	699
93	269
16	461
350	465
296	732
90	610
320	726
191	404
748	750
296	384
355	715
306	332
69	304
58	574
383	399
261	351
25	315
354	415
757	766
140	544
295	493
596	642
3	751
44	744
253	267
84	700
6	672
41	627
33	144
98	406
355	670
429	541
204	753
552	728
89	115
92	659
155	564
139	583
751	752
436	718
181	531
311	368
96	272
275	642
290	668
85	703
536	776
147	790
125	392
36	216
268	470
47	672
83	222
128	218
658	791
52	243
537	692
332	454
290	787
321	445
49	248
484	708
352	440
53	787
311	684
120	567
228	502
95	520
370	695
423	430
68	603
227	474
102	270
507	713
248	771
560	698
121	348
415	530
74	133
380	383
665	783
147	645
506	607
60	270
201	750
198	567
43	406
51	643
101	724
257	724
465	527
208	630
168	673
544	790
366	740
190	534
214	540
312	574
100	387
99	608
41	80
268	660
175	751
321	784
193	309
44	74
65	237
233	453
408	650
372	672
297	431
303	695
387	627
596	751
330	339
2	578
226	738
307	414
128	223
138	714
214	428
100	174
1	374
703	708
82	187
415	520
399	685
108	644
41	404
31	547
445	657
21	684
81	231
37	667
100	211
361	675
747	777
698	778
82	721
204	356
211	466
129	489
34	366
647	650
397	639
516	605
2	420
108	214
186	673
624	775
321	413
97	370
21	412
256	335
119	315
243	408
590	647
427	523
388	419
53	250
718	728
21	224
206	285
430	451
405	439
86	350
201	421
569	720
17	435
185	202
577	785
325	658
134	282
140	685
253	281
402	409
305	658
43	643
211	436
564	587
90	114
533	790
289	509
73	593
388	788
597	646
110	439
388	390
396	449
124	287
253	429
118	259
295	712
323	331
379	772
333	519
780	790
203	481
740	786
466	673
34	660
69	368
56	212
159	292
466	703
254	700
285	369
87	342
358	364
255	681
275	378
82	464
77	619
552	722
457	518
315	615
350	543
552	595
458	675
306	506
178	303
69	732
347	769
59	532
343	401
403	419
355	587
338	639
21	110
259	430
163	339
28	791
473	785
334	451
393	450
382	761
131	797
149	682
542	764
60	214
297	499
478	510
329	401
29	396
214	344
156	207
510	647
133	295
75	717
230	270
291	794
87	156
443	502
320	734
339	795
568	665
163	714
167	256
278	695
224	271
339	522
317	740
218	728
18	174
295	687
180	369
162	543
297	470
49	64
229	242
63	552
634	710
7	548
13	72
427	795
155	671
702	728
425	483
155	263
378	718
51	791
121	534
21	167
216	272
519	779
85	341
13	710
232	789
113	203
525	594
314	453
207	395
290	451
313	749
174	630
294	473
519	692
250	746
220	571
328	523
196	581
526	756
1	188
341	650
114	317
182	779
486	533
102	748
27	714
592	688
31	621
200	243
276	282
4	273
481	616
70	506
274	432
229	668
404	728
319	450
154	237
281	329
290	298
399	409
51	797
128	185
86	203
279	615
333	723
362	482
18	19
212	667
346	546
515	632
1	425
300	782
39	620
55	291
14	134
216	269
83	680
67	339
336	501
27	343
630	696
8	446
36	151
178	767
180	635
143	648
366	794
171	329
82	608
220	708
350	790
288	504
2	76
242	648
261	337
199	385
17	132
79	261
33	619
599	658
426	542
311	330
93	365
257	262
165	442
49	594
159	387
559	742
5	799
26	144
580	641
92	123
296	474
233	395
379	729
146	198
240	518
294	797
496	630
108	242
603	782
256	309
510	581
11	76
211	361
145	165
114	786
320	624
321	663
103	209
214	667
565	630
32	374
130	327
454	731
175	373
130	651
560	719
246	455
12	380
52	466
99	245
196	386
114	619
288	620
15	95
156	290
89	749
106	474
146	785
283	747
331	735
521	751
188	466
181	698
114	726
443	521
410	602
313	471
636	745
484	683
388	574
515	690
4	773
351	438
277	334
285	472
681	696
65	225
620	700
79	254
68	418
613	709
51	68
685	744
594	670
39	615
485	610
120	458
119	459
345	521
89	647
343	444
269	677
210	782
276	724
297	618
183	753
3	543
245	509
694	721
109	667
266	435
308	516
41	462
90	671
28	103
571	746
307	540
75	349
198	221
58	275
257	623
234	532
564	776
304	689
0	461
294	692
222	501
399	566
319	623
76	108
475	604
704	754
532	572
95	490
221	367
258	394
264	788
112	467
228	298
112	346
498	694
495	504
220	792
44	98
74	685
9	626
426	641
236	753
608	683
24	192
2	608
229	448
211	376
179	765
158	608
484	596
490	701
54	232
212	272
131	293
151	233
460	527
454	522
374	742
185	574
117	306
397	411
458	672
290	504
168	543
313	610
304	695
285	505
184	700
294	697
531	663
172	664
180	381
397	630
340	451
159	340
7	409
527	749
482	580
114	777
348	575
69	292
640	706
80	760
138	279
426	745
238	521
577	758
305	698
140	333
106	170
568	575
139	440
266	363
432	741
38	326
196	696
419	610
180	483
232	709
494	764
147	650
243	439
480	718
218	656
101	191
119	429
295	752
421	671
669	783
12	537
277	449
78	667
237	560
511	732
41	471
428	534
173	206
76	554
213	421
577	753
477	618
456	590
197	238
159	777
536	650
454	499
119	467
82	179
558	691
91	540
37	659
255	719
699	709
19	590
560	712
152	346
286	451
125	626
600	739
26	531
371	499
341	798
102	439
555	778
155	516
299	403
170	668
65	259
46	74
239	240
261	297
417	501
198	756
438	447
240	307
587	688
198	542
657	665
119	442
169	691
364	403
35	542
353	568
156	541
468	557
133	135
62	208
559	591
123	126
63	448
34	302
366	752
58	181
331	732
256	259
69	405
51	364
427	511
531	795
325	445
63	105
71	185
49	85
401	690
34	170
665	793
97	403
251	305
656	674
200	529
165	687
258	693
236	679
276	687
242	692
119	581
308	418
52	661
195	753
237	290
12	742
545	731
533	665
43	72
690	740
314	652
52	597
100	589
166	587
264	631
289	537
396	650
116	245
130	184
211	355
597	779
237	435
749	794
141	782
61	668
201	478
177	326
272	729
356	737
364	599
315	785
475	503
41	251
151	796
212	262
215	767
21	712
88	583
729	762
74	433
104	147
218	556
23	94
230	591
44	166
111	750
403	431
127	585
306	470
7	299
108	771
412	440
33	351
615	768
527	653
133	262
368	781
502	793
588	739
367	384
532	597
101	499
14	178
138	369
103	781
513	635
635	644
440	624
258	274
8	80
111	421
297	531
238	429
76	317
344	556
396	629
459	507
112	753
177	277
288	727
231	461
575	679
154	315
255	563
272	736
124	612
349	428
253	515
145	762
16	436
700	746
294	420
579	786
52	483
138	449
87	238
397	591
503	779
474	577
503	512
60	326
176	237
396	550
193	346
475	668
112	546
292	699
454	620
58	515
59	256
249	314
122	388
349	530
206	397
35	156
386	755
3	516
652	788
17	276
161	334
91	467
148	560
460	700
326	421
337	599
137	200
142	509
352	644
351	720
188	504
64	230
601	795
310	483
403	528
193	402
144	355
317	590
438	483
18	32
182	502
123	717
32	701
190	615
446	574
438	465
245	369
630	699
57	733
8	655
78	520
40	551
108	609
152	378
39	404
269	396
315	446
4	280
445	525
50	486
580	786
93	216
291	674
674	684
154	176
28	433
321	481
242	625
301	517
160	269
42	81
84	133
90	614
186	540
37	281
313	640
600	697
415	745
401	447
194	431
470	690
27	662
235	546
363	573
271	477
288	767
416	540
3	178
54	681
36	663
5	554
421	756
11	399
133	781
609	702
322	767
702	780
169	613
291	711
381	662
289	405
533	765
426	763
67	719
107	475
549	789
9	303
484	775
413	628
305	694
205	220
664	669
107	402
517	584
357	750
126	417
86	116
340	695
112	114
58	445
338	634
30	206
508	664
143	631
133	452
436	538
653	752
250	339
742	753
35	564
218	321
260	549
534	600
325	619
56	564
76	777
450	629
267	491
423	609
197	541
214	487
117	611
89	563
77	386
295	470
423	504
258	574
307	353
295	751
381	493
180	229
162	224
200	252
191	325
187	463
12	746
433	695
427	719
260	473
48	648
209	269
382	390
285	571
384	689
182	599
55	66
116	709
458	528
125	249
400	668
128	789
310	630
308	746
8	320
62	199
515	603
178	553
188	316
408	571
111	257
212	428
7	612
50	230
416	420
322	354
327	720
289	668
358	415
409	511
244	382
556	616
434	482
103	480
277	627
110	123
699	738
536	578
285	723
288	601
287	670
81	189
242	504
243	636
243	313
356	729
193	744
597	706
23	630
547	683
204	551
622	762
36	225
202	315
538	714
720	762
202	323
248	617
357	638
263	564
682	710
175	764
26	355
219	311
308	462
254	624
185	775
129	294
447	655
80	687
197	689
133	191
499	599
138	150
290	521
488	738
360	644
493	583
397	724
269	480
74	499
190	260
101	604
45	48
498	746
376	526
417	570
372	425
255	430
490	745
221	285
565	759
17	299
705	772
206	503
59	660
426	523
164	541
8	631
70	487
273	764
714	758
627	645
528	535
49	211
621	624
368	626
660	693
592	617
26	151
34	54
290	692
304	715
500	734
92	288
25	203
85	704
284	531
200	425
29	695
78	629
54	115
287	758
228	379
119	653
10	718
552	693
237	244
255	756
465	480
220	437
42	485
85	523
201	544
179	381
171	547
181	279
577	748
124	637
62	446
336	460
20	702
23	212
639	719
105	500
272	480
601	745
114	669
2	317
181	223
314	696
343	575
56	563
509	516
348	683
216	744
162	230
151	714
252	274
217	255
18	207
350	496
200	713
290	431
235	782
643	652
16	583
33	625
5	520
24	613
123	578
123	258
221	486
306	777
21	780
141	677
56	388
460	592
92	786
236	401
577	772
12	44
11	426
2	154
90	392
97	238
80	316
474	690
538	753
365	499
537	656
141	215
322	796
49	519
189	293
128	464
312	733
442	693
234	434
47	59
191	318
115	575
167	724
103	594
540	784
234	635
103	314
139	250
115	563
427	489
35	117
145	220
112	343
24	108
340	384
120	352
249	709
263	374
151	217
149	647
29	348
315	357
440	743
330	463
394	781
170	769
656	762
159	634
392	432
605	709
67	695
515	694
476	613
57	687
341	609
378	397
510	794
536	787
159	782
68	328
181	393
237	545
223	570
111	286
120	667
103	169
10	677
134	676
690	780
428	784
69	451
615	705
62	267
98	661
60	179
190	482
328	781
301	414
754	793
257	779
25	566
505	633
553	725
165	383
409	416
233	650
5	164
273	297
14	288
767	783
182	663
93	439
94	717
42	538
268	624
286	453
226	765
75	394
199	523
309	399
582	732
40	175
185	426
207	391
55	716
265	314
282	638
369	523
311	783
271	671
199	418
61	434
49	764
415	462
262	733
28	609
404	749
47	341
275	714
150	209
325	771
220	599
12	318
598	639
481	707
423	611
238	371
45	408
66	620
175	276
106	281
186	432
475	558
365	508
83	142
556	696
123	296
194	543
112	650
70	680
420	758
264	376
65	131
533	791
128	686
35	144
122	623
108	117
27	494
21	344
181	502
60	164
207	496
1	396
62	555
116	219
282	694
132	694
104	256
175	603
642	712
228	752
561	749
732	766
169	529
33	254
202	252
149	707
402	721
76	714
152	414
62	673
143	739
124	234
533	718
52	263
19	433
54	640
324	590
616	618
114	656
470	699
111	695
433	619
415	770
400	464
214	571
169	557
288	407
101	534
100	547
170	761
500	665
219	492
613	785
105	332
217	526
93	324
397	449
14	370
566	576
11	445
117	349
667	728
161	700
12	773
115	255
20	188
608	782
56	450
25	96
127	618
335	409
341	425
323	764
483	494
53	342
337	429
411	720
191	271
262	675
546	554
215	682
26	615
18	582
125	422
153	416
196	520
46	550
212	278
416	689
131	348
222	786
46	629
484	723
329	696
85	489
314	625
436	732
283	518
175	180
280	515
657	743
168	447
179	660
230	722
43	130
263	678
44	373
407	621
354	374
140	677
528	745
525	604
252	781
421	601
367	418
62	601
169	605
269	588
225	730
52	746
112	454
91	759
477	748
218	513
86	273
316	366
147	481
483	598
87	152
234	658
517	706
207	659
188	417
34	770
434	549
126	221
461	563
404	490
91	331
326	775
322	433
241	360
69	167
356	626
11	786
114	217
32	121
84	337
427	651
208	598
135	352
294	686
129	774
280	355
230	281
24	541
571	710
278	565
531	750
479	518
61	425
140	770
392	604
180	549
552	731
379	741
653	779
443	571
667	668
347	625
477	741
74	298
59	185
5	268
229	303
237	503
35	507
488	537
151	792
2	673
441	769
89	138
21	133
25	392
93	138
426	731
181	492
148	490
338	713
330	375
346	572
174	664
179	743
564	783
197	752
529	642
575	601
147	236
124	536
665	699
284	295
696	743
779	794
144	253
387	473
203	559
35	547
378	580
376	710
161	764
248	654
454	603
61	213
66	730
216	645
415	603
66	574
148	516
378	700
78	222
359	397
276	607
74	560
299	355
90	501
321	652
300	487
89	512
201	525
149	734
570	712
303	474
389	778
193	666
181	370
599	620
497	691
138	551
407	638
400	653
153	207
348	370
103	393
310	519
556	645
350	486
136	491
365	571
432	696
346	435
224	328
500	554
60	459
6	552
305	776
97	468
544	672
649	747
45	557
262	547
46	421
86	222
23	680
477	631
400	719
265	529
243	283
37	478
14	174
136	282
37	572
40	731
641	765
264	657
729	739
367	383
136	790
0	574
2	170
368	393
268	317
319	359
274	471
249	439
425	481
420	684
72	767
443	489
267	463
109	534
15	506
78	166
61	490
612	724
62	765
288	681
111	287
312	521
494	702
475	499
654	719
20	136
402	425
773	784
144	548
16	422
294	605
76	602
125	646
321	537
610	707
350	388
380	468
195	357
684	795
318	371
1	407
361	627
267	457
309	693
261	685
295	706
120	271
94	602
116	376
543	675
124	427
342	571
235	268
36	752
269	400
75	506
592	725
78	408
316	558
336	787
399	514
208	312
173	742
358	774
426	683
512	573
330	511
29	395
540	630
276	329
153	402
185	580
202	343
339	792
264	374
529	681
53	689
272	347
33	332
460	770
135	296
329	398
98	679
466	796
370	622
589	711
335	724
136	789
179	338
530	630
554	686
487	594
186	363
291	318
324	579
113	325
432	653
743	761
413	679
11	596
185	721
157	401
580	619
180	586
21	567
202	710
298	673
15	640
667	673
13	16
187	406
478	565
91	411
268	744
201	481
471	724
181	765
584	612
63	367
279	745
518	744
170	561
13	353
648	763
135	353
84	581
179	445
375	774
191	230
64	766
163	644
73	560
264	352
125	551
15	22
13	678
225	751
692	772
426	588
356	647
118	715
225	516
144	374
303	334
26	411
390	600
34	712
49	728
30	193
447	642
59	374
489	752
171	366
100	429
435	517
731	776
126	401
25	173
383	569
220	497
421	740
474	613
326	577
273	529
131	769
175	742
165	545
123	595
236	780
617	726
3	299
15	82
524	570
178	387
569	715
158	172
78	410
101	205
480	656
127	549
31	784
475	538
591	609
20	792
317	536
668	777
434	780
274	501
408	498
445	711
464	792
180	723
60	672
632	640
168	237
532	658
454	484
240	376
217	789
155	422
619	753
107	333
393	652
160	191
104	699
258	657
234	324
207	797
337	570
23	115
64	107
124	418
504	747
30	531
231	754
442	505
202	205
329	784
84	776
396	620
324	445
302	661
1	392
71	536
222	590
448	525
132	788
408	610
2	610
437	491
517	657
428	430
746	762
33	50
302	781
627	655
250	327
316	421
77	729
249	662
65	632
427	532
196	203
167	263
148	597
135	588
272	528
135	638
270	540
627	717
89	298
700	799
86	728
544	599
2	130
577	779
185	550
614	636
300	340
272	550
333	480
153	439
1	386
97	438
551	658
4	652
489	690
169	315
24	147
230	338
144	150
338	471
237	659
51	292
378	623
34	375
442	656
310	686
461	632
5	505
249	297
358	488
154	613
150	603
470	634
208	786
573	576
297	766
579	725
18	751
120	496
429	705
183	292
107	674
387	587
437	602
39	783
483	714
229	236
172	678
473	706
65	430
461	691
422	440
154	683
209	565
372	557
426	456
333	705
98	689
514	714
235	458
306	318
568	741
97	298
2	698
286	335
221	668
334	759
148	298
142	511
15	189
178	759
202	332
381	539
301	572
280	766
338	542
295	643
116	501
198	721
75	389
107	420
184	760
19	672
186	750
467	637
26	134
408	533
159	238
264	770
203	490
24	84
89	752
368	414
160	310
110	410
2	485
90	592
69	503
35	249
320	533
283	311
190	678
288	415
322	484
117	308
119	663
211	569
195	260
180	279
713	715
611	635
288	430
591	626
446	569
483	671
562	713
295	410
167	468
190	546
134	455
284	341
192	499
58	328
36	397
84	705
23	255
120	766
120	443
6	305
440	621
633	641
106	513
238	452
111	458
180	504
62	335
115	714
277	534
266	418
394	544
307	589
238	473
32	686
361	592
329	491
332	528
36	431
259	747
570	711
328	538
437	738
327	620
38	397
80	634
143	691
19	365
131	268
520	566
374	383
143	677
147	423
180	731
102	621
265	777
528	588
44	344
286	634
121	296
170	422
448	779
93	525
6	455
113	634
371	446
231	677
248	395
527	686
242	594
307	571
87	444
602	632
133	675
387	490
218	402
26	35
475	511
574	663
244	755
292	771
273	571
538	609
276	761
54	376
137	321
110	317
424	649
732	733
285	386
415	592
320	632
86	398
104	366
157	685
50	503
580	700
347	488
86	734
736	775
168	651
650	798
5	213
567	781
617	629
101	779
233	366
426	520
307	790
390	456
269	548
188	203
350	708
299	387
382	398
28	503
27	676
502	777
183	490
226	288
241	250
459	759
300	560
411	734
158	537
57	443
32	264
159	420
498	606
156	544
315	778
222	552
78	608
104	194
513	561
12	157
467	590
115	169
344	574
331	763
407	536
41	536
22	692
512	708
398	581
30	157
469	570
78	380
93	615
154	623
50	752
170	678
402	506
175	313
213	279
86	704
385	397
235	630
343	643
326	513
218	712
103	139
438	496
325	523
21	216
206	228
60	637
508	695
17	150
399	531
451	563
329	543
157	608
591	719
9	113
247	260
387	664
387	762
44	623
157	212
153	192
136	623
580	794
330	630
424	746
548	714
242	680
699	770
210	633
363	544
610	614
64	76
405	542
484	569
151	655
408	652
213	508
64	614
399	660
128	542
389	620
140	618
637	690
112	296
195	585
33	726
5	523
478	557
328	671
43	537
388	420
434	792
294	565
55	126
242	636
213	633
161	465
459	776
531	717
372	397
507	517
167	310
290	337
576	784
438	713
624	666
0	734
662	702
227	469
158	193
140	147
707	771
103	764
475	774
3	211
90	378
708	785
108	544
351	573
494	531
52	718
551	682
454	634
108	476
304	721
95	310
115	667
460	491
418	749
100	705
81	559
284	333
206	470
157	764
325	727
539	607
354	458
86	510
397	652
396	486
3	610
294	592
627	796
12	341
141	294
509	761
109	124
5	351
403	737
95	164
138	790
221	755
227	416
164	462
27	78
369	678
360	402
258	716
216	605
30	686
51	584
30	185
184	620
171	643
245	501
396	581
282	356
221	510
562	665
395	629
344	619
10	163
101	668
119	431
588	752
116	695
238	402
350	743
650	664
308	372
328	632
55	641
115	230
300	660
447	567
436	518
191	538
556	790
30	62
79	763
34	474
156	674
249	657
493	753
51	124
81	765
102	381
505	614
372	558
386	465
26	271
98	488
211	683
247	529
99	663
63	117
58	176
4	418
210	703
485	697
338	517
202	376
132	312
518	590
192	364
169	524
74	217
780	786
73	87
56	567
51	785
40	455
204	426
758	786
592	685
308	440
125	695
287	553
191	642
23	428
447	492
79	739
146	743
213	273
415	787
163	593
7	768
227	336
387	502
117	586
582	760
8	635
37	636
461	706
74	515
158	187
588	675
302	512
495	656
595	778
100	315
287	344
13	763
99	275
193	799
642	729
154	250
115	559
375	743
66	569
513	560
412	718
217	594
60	230
286	416
132	332
288	794
700	771
672	759
16	133
133	643
226	383
17	687
213	489
27	351
578	764
511	606
740	750
36	480
506	764
407	648
60	480
57	684
23	714
107	771
295	508
187	602
149	411
465	548
306	697
707	787
302	529
377	462
104	627
93	289
220	790
8	461
119	551
5	215
317	680
180	667
280	640
411	635
72	190
15	249
493	696
89	387
96	456
67	491
516	569
171	278
29	445
186	308
328	729
162	477
579	603
127	496
42	719
453	616
592	631
262	295
235	426
435	667
371	627
100	752
50	117
412	643
229	512
38	717
221	775
429	754
343	531
449	684
403	791
198	684
346	650
704	795
132	753
16	468
268	326
75	662
322	709
94	555
32	78
141	582
585	763
173	668
204	243
12	693
19	530
166	232
206	303
602	733
267	550
154	615
133	445
171	361
211	702
139	420
22	528
165	624
505	777
299	761
96	536
425	586
193	636
223	446
560	637
1	124
39	222
210	217
177	555
271	601
128	596
422	625
479	595
223	384
331	601
456	747
177	207
117	395
711	742
19	629
298	495
291	317
119	536
71	409
355	375
626	652
206	438
293	681
336	565
425	792
199	629
579	738
478	744
123	522
251	259
31	163
273	337
252	265
119	344
20	637
306	710
360	510
71	288
105	355
98	630
211	354
430	471
490	536
241	628
77	796
0	465
328	335
44	653
219	648
346	634
217	467
580	754
276	636
228	445
61	660
768	774
274	414
399	422
168	576
16	135
113	733
121	287
357	461
432	695
385	509
258	557
417	652
7	556
122	435
714	773
632	783
61	671
280	545
18	93
576	732
239	637
133	368
276	711
667	743
285	771
460	710
288	575
311	782
363	446
198	211
64	489
282	421
51	114
52	418
443	491
439	670
304	666
65	400
230	732
65	215
64	487
12	676
316	380
80	385
321	620
147	254
408	667
58	675
138	620
39	207
562	730
137	786
85	404
329	746
10	528
65	424
30	503
225	385
459	715
64	752
535	793
289	574
438	692
81	251
597	681
407	580
83	168
150	560
279	603
175	739
284	346
112	330
252	424
335	431
388	705
186	212
729	744
230	464
527	688
577	782
371	642
8	408
385	747
59	187
357	785
66	673
347	724
404	417
59	379
375	481
217	730
491	495
683	765
52	256
155	358
53	496
165	534
56	759
123	664
17	278
59	214
101	347
253	340
288	731
497	499
467	519
293	604
324	799
3	286
129	398
473	697
38	552
2	541
519	678
151	743
488	794
42	322
72	291
313	721
448	581
248	482
145	377
242	295
488	610
71	227
571	745
106	467
302	740
110	234
551	558
23	258
178	475
534	765
198	786
108	385
394	446
370	482
4	636
149	714
167	633
328	398
616	671
227	390
293	405
77	544
72	406
259	636
221	794
389	392
1	150
318	379
441	657
351	604
462	750
93	113
179	653
46	796
288	612
217	436
276	581
482	779
148	481
280	756
542	573
43	425
163	499
379	527
406	621
218	496
2	707
516	647
20	170
303	652
284	772
497	504
234	331
234	372
63	501
506	681
650	777
263	400
437	650
710	744
681	686
737	789
117	469
195	264
286	508
506	732
196	313
209	376
117	673
118	229
131	334
503	603
310	315
142	765
36	731
32	165
536	584
356	485
135	475
22	624
131	269
116	451
333	551
16	696
108	263
534	784
384	593
179	538
343	568
256	761
365	624
558	618
271	672
138	701
187	388
751	796
600	751
192	315
173	478
169	620
140	349
36	591
76	90
68	674
596	709
157	438
108	787
178	490
99	670
496	784
101	517
645	719
229	437
294	339
278	753
335	664
382	654
565	695
203	500
15	354
111	377
370	536
160	488
41	240
383	783
271	791
59	483
248	313
182	469
417	471
199	313
649	733
646	672
150	643
341	782
440	586
273	321
329	708
516	791
359	487
371	728
543	639
501	763
390	623
0	188
418	721
39	674
145	586
724	793
599	669
125	608
374	446
78	481
242	466
302	731
457	473
154	490
417	419
104	341
114	495
118	199
306	430
424	794
348	742
327	775
429	623
195	470
187	568
154	220
337	519
394	724
70	257
122	443
18	153
90	615
467	720
285	322
242	298
300	737
748	783
758	781
114	127
128	637
144	535
111	418
287	688
477	655
726	793
539	609
84	136
255	565
56	198
227	775
324	709
124	532
89	210
346	397
650	696
40	52
144	722
210	326
352	637
8	510
624	648
10	97
227	292
395	753
188	682
260	719
497	689
213	538
220	694
538	630
481	541
380	472
539	770
20	609
327	757
152	482
738	775
116	324
130	599
337	782
228	504
154	245
115	389
259	300
529	655
77	296
621	747
176	600
170	666
96	695
272	345
617	770
413	788
144	221
326	649
154	590
71	233
575	771
671	685
113	672
156	282
361	671
443	656
79	651
284	436
397	770
412	623
53	785
391	683
342	637
64	755
38	617
170	179
82	586
132	763
28	71
409	644
684	694
301	571
239	696
137	597
389	624
40	449
550	752
27	666
88	202
282	551
82	386
624	650
162	535
436	766
34	372
164	730
164	330
70	481
416	684
0	521
26	785
178	721
306	357
359	789
584	633
661	751
103	360
23	662
37	304
89	191
633	692
208	492
548	767
364	767
199	211
317	718
83	689
160	733
327	412
562	783
114	760
29	510
67	322
240	705
214	638
99	130
367	531
220	758
101	319
507	559
139	272
103	591
111	225
43	408
91	711
185	338
269	577
293	571
514	746
367	518
26	426
119	324
225	304
354	498
122	324
567	572
42	556
5	140
322	499
315	317
61	723
431	549
497	573
366	798
164	612
16	721
32	561
603	681
384	606
594	641
183	252
221	617
346	366
158	516
403	779
179	759
297	600
228	535
9	172
171	678
304	602
292	327
17	514
275	425
44	531
3	119
87	227
371	724
312	671
402	660
220	519
10	153
457	537
34	194
251	502
89	542
232	794
419	677
267	575
24	210
16	779
320	399
390	620
79	687
527	566
285	515
163	421
383	651
405	787
494	714
121	280
476	589
159	721
179	322
29	551
176	333
0	387
693	767
225	499
4	232
363	799
265	451
58	398
123	180
405	776
569	613
40	99
156	280
499	654
8	607
94	581
349	759
434	769
593	633
33	447
84	279
120	675
31	148
95	445
107	576
275	344
99	120
262	681
309	459
286	452
59	695
292	348
668	779
121	786
323	504
113	538
550	788
637	797
566	612
573	687
115	660
76	646
278	537
433	510
48	204
171	473
223	620
280	338
572	743
98	670
404	563
259	556
40	626
108	195
311	767
491	602
94	520
144	676
86	516
256	481
50	570
394	403
188	296
263	366
492	737
638	677
4	254
418	639
234	493
254	720
159	324
323	658
351	652
760	785
19	258
420	434
353	726
411	414
232	732
185	702
35	133
262	516
417	747
273	559
503	766
387	757
643	790
75	241
506	556
86	378
646	784
589	657
268	523
309	712
113	241
483	734
246	762
165	283
515	708
375	455
44	698
9	229
566	765
99	649
285	798
97	390
416	549
27	222
24	230
62	664
58	357
226	638
187	363
609	665
193	215
108	355
238	641
190	741
170	794
264	756
356	531
196	420
387	398
203	607
327	769
39	321
534	641
561	646
142	330
58	562
214	660
125	487
49	244
299	775
364	441
524	614
98	373
85	392
485	789
135	332
451	547
474	565
209	380
58	83
62	347
103	150
71	756
173	654
54	453
77	366
197	716
3	236
249	341
0	532
160	528
182	479
403	678
71	363
794	798
114	743
315	416
31	39
218	320
337	736
675	784
193	407
97	210
251	699
33	231
354	432
562	794
584	625
106	168
523	600
406	694
145	451
273	614
289	327
124	740
6	59
504	668
451	743
211	503
274	292
145	559
589	737
0	50
385	742
552	572
491	772
626	727
181	567
346	588
243	500
11	163
296	322
542	700
157	578
131	598
114	519
257	711
32	394
254	673
668	715
435	646
309	515
538	575
111	625
525	678
205	394
248	795
77	263
57	673
324	610
427	696
10	584
186	520
465	499
132	481
29	291
252	536
25	435
665	782
277	740
396	708
314	446
460	552
477	715
575	702
319	615
45	344
92	759
88	619
554	621
446	754
13	35
138	201
221	767
55	278
258	606
39	427
579	641
93	336
76	408
333	380
25	420
262	512
88	796
106	246
381	564
13	71
112	499
24	516
77	570
71	229
191	658
161	447
199	715
90	236
491	515
51	439
83	386
450	583
140	650
204	632
738	780
14	645
261	714
452	599
270	553
386	617
92	181
50	444
715	723
445	588
215	242
619	733
194	508
680	722
167	347
82	145
370	708
658	660
377	742
353	656
209	553
405	734
595	678
156	419
332	764
403	445
115	606
33	216
201	213
9	114
277	552
74	273
328	554
63	602
17	256
42	599
39	211
218	358
408	757
66	482
73	630
723	731
246	448
38	484
106	560
553	798
306	385
314	389
151	457
33	563
86	252
82	407
56	119
102	761
696	732
163	480
21	718
91	796
236	304
236	582
92	109
33	98
144	415
178	399
42	407
174	507
233	296
385	421
503	561
590	602
261	453
85	314
401	757
117	219
231	720
405	719
64	386
176	669
169	570
108	760
43	589
176	371
234	343
253	272
34	486
186	685
28	44
292	632
248	486
349	592
73	561
528	640
668	763
521	712
652	715
431	724
24	58
13	151
279	405
373	505
138	452
193	696
183	727
204	562
283	301
55	584
334	557
266	602
572	605
659	781
441	690
268	404
141	747
66	114
91	726
103	171
268	557
502	524
215	799
63	484
35	652
66	679
98	696
348	537
484	740
139	633
33	539
553	573
242	756
345	541
189	257
439	764
339	722
135	789
216	583
443	555
43	275
555	729
226	443
516	786
472	479
131	610
462	629
43	328
169	695
561	668
318	781
171	268
8	206
15	171
377	391
723	747
277	671
196	780
604	719
441	645
383	393
608	739
39	661
523	652
69	667
124	649
140	636
52	358
709	734
561	799
79	401
219	427
354	545
66	240
611	736
111	204
522	650
136	167
92	367
649	729
149	563
15	241
641	771
382	387
709	779
357	587
585	737
369	643
188	536
520	587
93	237
207	374
414	434
196	397
29	626
371	439
105	400
636	687
389	537
132	744
119	654
282	572
21	174
223	261
154	353
27	560
131	409
1	228
190	656
123	597
9	512
216	299
183	646
293	721
321	667
2	505
311	709
373	710
557	603
447	500
258	398
610	729
221	725
731	791
479	577
241	778
463	696
90	240
68	77
200	250
236	716
329	459
79	239
513	737
637	643
30	609
8	51
252	405
22	549
16	568
613	797
484	568
216	336
364	569
31	564
25	318
695	769
555	784
428	501
390	549
84	349
579	712
292	711
54	136
133	600
48	670
651	794
12	195
517	623
27	158
540	669
208	604
74	502
68	573
103	792
328	396
515	685
37	550
465	718
254	590
4	112
209	555
146	784
116	182
325	472
338	394
276	432
351	404
354	636
56	162
411	570
295	742
326	615
192	607
239	606
413	588
67	520
353	511
725	767
724	769
204	366
121	620
37	374
96	126
504	726
98	353
209	436
442	767
81	261
144	591
62	678
1	84
9	405
188	464
261	545
251	706
593	614
51	505
548	573
48	182
355	402
25	455
181	278
585	667
22	447
710	762
55	754
9	581
284	756
84	99
429	552
756	780
356	472
313	716
504	540
310	673
432	705
425	637
368	754
21	642
304	342
153	412
431	694
108	490
419	790
234	341
555	608
269	561
243	493
514	529
168	321
28	291
13	90
507	795
261	654
213	646
226	452
175	587
455	668
331	788
392	793
508	602
597	652
201	322
357	754
119	706
323	421
98	254
78	443
226	485
313	796
133	256
90	703
552	675
374	488
269	615
525	608
300	385
139	667
260	688
231	576
370	596
296	547
64	347
146	346
196	409
193	225
562	594
179	757
399	616
238	350
171	214
636	754
313	709
342	555
5	366
8	774
492	546
422	610
40	421
6	599
341	652
176	256
401	633
401	557
465	655
404	622
417	640
301	767
34	501
37	81
70	279
266	514
106	287
200	508
52	757
150	356
260	776
285	749
201	468
28	121
307	427
320	452
77	404
576	578
557	682
140	320
411	798
406	455
14	666
46	245
225	344
140	161
246	422
292	551
241	620
118	682
53	629
236	755
329	599
24	712
110	212
222	673
140	497
386	570
161	580
491	747
459	719
479	717
117	309
53	586
181	726
65	472
732	786
559	638
131	359
421	727
467	491
315	740
257	658
232	585
269	707
16	490
88	658
270	600
81	376
166	234
202	735
269	762
123	280
412	420
20	341
273	636
470	498
118	433
253	308
63	125
138	314
62	566
304	727
252	311
119	573
325	539
368	721
320	583
548	627
161	761
127	387
221	774
390	595
152	687
32	41
288	375
138	622
364	695
73	700
598	713
36	165
184	613
368	548
124	769
174	273
50	632
134	247
71	139
80	111
235	282
77	610
179	359
29	370
197	633
318	635
375	422
644	645
255	523
421	568
137	158
722	762
17	591
191	287
658	747
408	600
21	785
234	583
201	472
501	686
266	355
87	128
181	306
758	768
140	428
223	365
499	534
150	615
355	792
190	642
201	289
150	347
180	415
265	567
423	638
113	384
45	637
233	580
62	738
739	747
260	730
21	90
524	640
45	201
361	781
512	631
307	331
546	621
695	712
181	762
63	404
493	625
232	591
366	380
467	643
205	790
382	403
180	529
349	421
29	587
472	552
286	313
263	738
366	755
229	640
56	795
132	462
487	626
263	648
521	527
255	271
72	312
577	699
482	656
57	708
293	356
271	351
41	337
188	740
521	762
336	415
30	484
125	314
234	305
107	159
373	708
293	324
558	704
7	754
90	358
298	793
513	654
18	642
302	581
282	767
513	666
324	718
67	465
626	664
502	503
34	729
439	687
357	457
569	754
170	529
68	397
294	522
139	567
111	791
236	479
553	686
207	614
301	393
113	418
145	233
164	171
71	156
443	643
300	416
2	255
88	793
236	352
195	652
45	791
64	181
133	791
382	727
10	679
573	751
251	355
448	570
398	693
174	336
92	155
228	494
472	504
59	684
41	408
176	353
6	561
7	255
349	537
283	625
272	636
464	596
648	713
1	60
288	603
63	603
542	754
285	429
168	456
448	691
98	418
29	318
383	692
414	539
469	565
144	655
292	703
167	627
518	678
201	692
205	384
594	724
34	673
185	473
115	278
449	530
16	161
307	753
384	512
78	98
390	498
197	320
39	293
35	598
198	789
507	528
549	723
206	260
142	569
118	607
223	615
40	769
522	705
645	783
20	384
742	789
104	460
33	398
5	102
654	778
54	764
184	750
191	446
98	739
201	694
221	773
281	695
423	659
361	702
227	372
247	793
121	152
675	692
258	592
53	184
149	599
6	187
750	765
232	634
436	608
277	501
16	617
23	85
737	746
345	403
125	177
94	192
247	569
241	310
472	636
384	526
360	656
22	301
139	292
172	269
492	615
307	727
7	326
762	781
415	744
360	500
302	700
579	767
618	670
149	190
277	599
33	251
23	78
338	550
447	459
112	152
472	539
8	590
94	629
285	329
271	469
12	640
223	317
5	516
423	445
299	441
124	560
421	557
27	205
254	485
279	726
432	600
339	615
480	625
549	654
236	257
266	625
52	525
360	657
278	464
19	527
24	226
26	690
68	315
181	228
18	718
238	469
309	336
206	785
215	309
775	797
253	376
288	548
278	432
68	590
73	636
116	239
320	762
17	713
114	212
242	784
466	548
176	177
508	702
409	789
5	315
382	772
418	665
238	241
558	622
532	675
424	679
584	664
372	449
271	634
255	677
155	257
35	685
464	609
123	443
268	313
559	751
489	606
309	516
420	789
158	520
584	776
398	713
479	530
254	492
342	757
168	334
193	199
384	675
478	708
136	611
125	548
269	424
338	604
152	606
20	443
519	734
537	758
686	723
87	617
486	674
38	578
56	744
290	473
568	631
32	108
478	777
320	597
167	371
447	764
154	242
101	532
345	695
74	642
120	605
270	330
332	577
10	212
278	328
139	788
353	595
112	653
333	600
517	592
69	249
215	399
700	773
44	489
263	699
82	732
348	706
112	266
264	609
206	635
720	754
298	728
627	736
276	284
752	782
213	680
78	619
435	629
333	398
322	797
197	589
96	455
352	406
124	654
35	297
195	565
213	770
113	556
202	461
279	449
271	677
192	618
488	539
88	407
38	704
178	465
339	463
477	643
134	468
113	679
615	626
655	735
247	660
206	271
154	348
46	749
339	341
513	539
450	641
297	384
394	465
258	545
50	204
385	486
276	335
155	778
562	788
619	635
211	669
15	776
427	757
751	774
168	566
178	247
351	599
178	731
68	624
492	669
429	702
16	23
353	704
308	474
291	617
18	436
353	599
5	574
142	247
116	570
153	512
185	193
365	416
45	744
219	270
185	570
180	565
41	58
198	653
166	654
146	281
184	671
283	357
531	799
272	414
148	285
67	702
228	522
296	605
169	310
123	676
88	399
487	581
445	493
319	765
257	790
333	532
8	173
355	764
563	611
618	766
260	481
501	695
741	768
546	608
306	354
225	264
53	163
6	411
468	671
307	783
295	669
70	405
404	454
463	506
215	382
526	567
447	463
135	499
171	596
742	784
30	562
86	417
360	735
296	566
237	393
348	696
741	765
20	120
170	351
112	452
41	149
2	718
139	359
260	403
182	572
205	526
407	571
517	617
104	637
64	364
357	782
159	641
327	605
0	112
459	494
83	772
299	543
399	506
30	442
105	462
112	790
260	605
252	619
51	452
740	792
500	691
453	629
194	651
165	500
267	418
543	637
17	380
453	533
110	266
112	410
56	298
34	761
269	666
94	721
107	624
228	253
408	432
239	434
108	295
400	739
473	561
173	795
171	585
147	393
173	525
85	516
469	756
462	537
547	792
527	724
97	571
581	610
51	488
560	622
16	100
114	691
684	729
791	795
156	168
284	583
327	783
104	135
5	283
132	595
388	714
111	247
22	761
383	704
423	647
198	563
398	560
642	685
22	765
572	766
661	678
112	533
61	546
649	780
150	249
509	573
301	721
657	678
287	575
97	153
349	727
243	541
53	699
328	429
14	126
263	301
106	238
353	464
250	279
177	202
354	381
175	753
432	659
41	212
17	281
43	696
247	748
316	751
223	690
83	457
305	568
140	395
78	117
253	282
647	749
394	612
255	745
122	427
39	190
392	707
228	266
46	184
648	766
3	559
198	632
489	649
71	793
395	692
36	145
0	369
85	782
309	556
173	577
448	556
165	775
585	668
306	659
396	700
171	647
58	680
260	463
539	739
115	532
35	726
62	466
460	480
75	378
374	514
128	527
532	533
243	359
44	711
290	629
161	723
177	682
27	450
327	389
153	744
528	689
37	541
651	695
43	401
419	703
599	624
335	516
250	258
674	779
401	649
110	470
491	729
153	377
152	343
248	492
679	699
289	483
113	288
37	731
137	272
233	670
64	438
469	694
486	511
175	238
66	753
503	657
274	355
107	517
427	560
27	606
423	633
7	654
57	217
472	799
682	763
215	470
89	400
619	670
16	158
434	688
346	735
58	501
181	434
188	700
110	789
51	128
397	521
175	626
165	797
229	771
512	679
563	567
685	710
6	78
280	790
136	550
433	765
106	477
135	285
566	624
95	392
591	617
60	280
315	431
135	185
201	782
228	315
116	536
339	540
132	463
234	579
165	759
71	107
649	752
461	770
55	83
296	796
166	591
89	641
361	431
313	783
162	611
647	655
270	501
372	487
356	732
298	686
542	780
14	209
463	632
79	424
117	491
372	720
488	695
58	212
90	622
244	325
253	439
492	647
245	581
51	564
362	700
751	777
161	385
595	749
431	617
85	191
77	185
256	744
67	640
366	696
284	533
4	341
575	623
36	477
260	441
17	708
98	445
71	220
333	523
168	370
46	389
64	368
344	494
32	311
653	729
195	625
64	178
368	786
370	763
402	531
342	502
679	732
277	376
197	715
228	336
164	417
284	532
215	771
326	721
83	324
19	64
284	354
298	709
274	787
714	796
65	382
208	535
299	548
184	412
693	780
73	576
40	595
334	484
164	295
743	791
17	642
31	743
236	517
504	759
113	638
397	468
473	525
153	681
15	269
120	428
143	641
513	723
34	525
412	621
135	359
406	791
51	160
118	773
163	202
115	305
75	206
365	675
457	762
350	454
70	657
8	97
148	598
186	549
12	795
39	43
357	646
78	145
239	754
106	794
477	653
61	585
11	360
326	353
619	653
296	639
491	493
205	296
6	484
176	530
244	348
48	364
290	669
227	742
172	757
32	761
53	187
6	398
156	662
521	730
190	672
500	783
234	511
444	776
181	550
288	458
280	381
182	594
372	561
544	770
41	602
174	775
197	578
560	741
110	505
74	374
417	464
139	323
5	281
391	791
660	738
73	210
67	107
496	753
263	582
146	566
208	632
194	642
266	506
478	705
753	772
185	356
34	284
412	459
509	624
414	466
329	620
478	485
226	621
683	785
12	623
483	657
676	780
616	646
223	673
327	683
283	465
310	635
232	560
76	796
170	780
389	682
232	391
75	646
169	335
77	367
632	678
199	510
212	489
80	364
340	422
202	733
368	710
17	763
214	302
26	398
5	379
289	473
128	553
528	602
288	444
290	606
247	359
112	785
310	747
217	765
578	696
164	415
128	775
26	605
271	463
69	306
23	165
454	520
185	301
289	556
166	193
101	127
406	412
104	767
537	724
375	761
478	600
233	346
245	336
8	471
180	250
252	488
611	743
599	664
125	133
726	790
248	354
68	433
87	159
605	674
590	731
185	218
67	206
535	794
524	541
134	581
332	411
270	470
474	569
486	734
211	350
20	271
2	381
391	539
118	644
21	528
313	524
453	586
12	453
469	786
530	720
44	682
232	579
291	569
327	684
102	753
99	150
437	664
244	355
21	343
78	474
550	579
125	561
6	476
336	578
256	642
369	481
380	787
108	537
176	433
431	492
9	282
186	612
77	123
284	400
241	332
723	757
291	731
466	711
452	693
405	604
142	227
87	119
209	705
141	211
718	746
1	508
481	728
94	748
351	428
263	684
561	661
29	76
44	168
424	748
81	424
460	652
176	745
311	771
394	560
128	436
309	733
260	590
283	648
438	740
487	664
51	523
142	438
305	675
577	732
368	490
174	410
256	361
37	177
252	526
154	572
54	300
242	310
721	729
317	527
187	437
361	582
292	613
107	405
402	403
267	317
533	546
679	693
275	309
336	743
308	722
93	586
359	510
82	610
60	651
46	631
86	683
288	382
47	463
18	720
246	471
122	607
90	450
50	548
440	461
13	210
379	418
765	794
156	188
83	538
36	592
9	166
704	739
85	753
304	481
171	484
707	733
158	459
401	727
131	676
183	550
96	535
172	355
540	721
366	563
362	407
233	489
442	670
74	220
124	306
45	183
158	267
487	796
71	293
93	304
177	266
427	786
136	767
84	175
198	422
24	678
229	243
557	752
431	778
134	370
71	327
121	425
550	764
269	648
22	360
112	162
671	719
380	647
138	254
266	450
198	381
50	66
102	384
134	180
270	289
124	217
51	77
173	792
605	687
50	287
261	298
569	602
43	679
57	274
12	208
84	153
15	179
77	217
107	292
323	420
218	528
611	766
222	641
120	303
92	603
43	193
59	534
586	618
438	779
139	475
461	786
592	799
261	393
529	731
103	332
548	724
68	570
324	358
597	624
547	773
375	636
389	415
288	399
310	579
44	47
347	438
523	555
310	498
4	370
322	449
463	516
326	682
383	712
254	790
192	275
72	164
128	688
162	676
572	734
226	361
234	785
186	483
260	432
338	345
592	595
49	620
77	467
45	727
458	626
284	310
116	625
396	632
104	563
59	378
476	509
696	706
66	360
36	419
549	699
187	264
7	313
516	615
287	739
405	473
661	730
315	319
233	362
286	301
81	326
742	791
134	228
697	790
623	720
348	755
406	705
753	766
475	583
231	615
529	737
124	134
469	670
501	613
385	643
167	628
360	434
439	458
225	720
348	609
283	355
238	423
161	208
235	363
416	637
129	292
131	638
196	357
119	520
310	461
72	525
184	265
479	494
382	545
199	399
41	444
114	647
376	395
495	754
511	670
391	600
684	781
575	662
254	574
239	320
73	506
426	726
131	351
599	703
381	731
98	223
478	766
165	768
244	353
118	550
8	152
406	586
543	602
27	248
11	154
267	616
233	285
350	395
8	352
460	522
461	571
404	561
287	614
53	556
423	494
231	317
342	544
88	388
570	730
26	692
96	378
690	732
169	688
479	606
193	442
233	430
578	720
31	581
293	530
105	294
351	682
124	759
5	331
146	751
88	553
301	631
86	186
61	356
166	208
91	369
318	582
191	581
535	631
403	420
204	796
279	561
386	427
126	727
211	332
313	368
372	724
159	633
323	542
62	250
280	431
409	788
95	327
51	656
218	436
50	192
474	777
302	340
126	369
676	723
506	582
156	261
637	721
643	675
350	768
248	299
535	697
433	605
68	452
659	663
385	726
195	542
743	789
150	474
260	729
38	409
483	587
295	333
561	674
559	771
274	423
223	575
47	200
424	678
258	685
32	345
471	711
347	657
31	136
610	683
182	315
506	670
281	752
600	733
292	712
697	747
378	386
85	397
205	301
515	590
195	280
157	580
439	662
209	494
267	674
106	644
331	512
285	694
70	554
79	281
348	602
267	553
208	682
128	433
373	725
157	601
49	797
93	730
115	344
27	81
46	434
529	657
351	559
48	365
229	325
512	692
479	579
69	624
438	711
1	168
384	638
130	489
410	577
253	339
203	573
81	692
2	252
108	492
223	344
418	425
334	537
23	511
144	487
365	457
177	784
330	615
363	738
250	318
148	191
45	770
468	697
193	532
43	248
17	725
194	742
454	786
113	257
317	446
131	436
373	735
245	452
606	647
89	469
468	744
67	268
88	626
391	658
671	742
80	566
86	113
123	639
489	725
207	261
471	546
54	611
462	700
243	710
563	727
419	575
67	652
289	471
76	326
162	755
561	751
15	407
471	608
491	581
356	590
315	793
95	111
382	715
7	792
396	637
640	682
116	204
343	383
102	490
147	487
356	522
221	284
66	234
61	719
201	519
46	284
695	778
27	610
59	579
625	774
236	328
125	350
426	553
409	584
260	651
111	402
12	235
376	648
424	639
371	485
397	605
675	776
322	407
601	721
102	173
349	393
311	745
400	505
116	360
196	725
648	703
540	731
230	241
425	506
211	270
41	422
414	681
309	619
216	618
54	592
386	790
267	315
145	569
148	521
574	658
433	751
163	174
354	361
312	742
212	458
276	459
561	758
516	720
196	354
80	626
212	287
233	717
457	469
258	438
192	205
138	235
363	599
395	511
54	381
367	671
248	333
507	711
36	464
44	737
87	135
6	440
601	709
271	506
267	468
338	773
271	699
291	779
49	777
440	740
152	516
536	724
95	245
156	798
782	790
306	675
558	629
183	755
399	632
630	752
184	476
120	534
63	747
594	723
303	539
244	771
203	329
367	632
208	483
571	641
321	594
145	488
756	789
156	515
432	764
499	608
176	788
475	539
261	652
478	481
188	329
608	797
303	648
45	475
377	672
169	380
771	788
113	249
598	606
26	603
213	327
305	325
115	299
767	772
61	626
177	691
158	321
188	269
201	505
44	477
134	513
512	677
211	273
55	598
450	522
443	674
365	789
620	654
149	496
147	257
84	199
11	566
134	665
489	566
127	772
515	543
279	720
502	555
442	523
540	740
88	797
74	630
501	788
651	707
19	791
45	644
0	633
299	712
607	645
49	347
639	788
38	180
472	640
233	436
53	181
175	681
203	665
232	423
165	356
96	516
186	442
536	543
404	578
74	396
35	353
535	669
689	728
443	685
226	695
185	286
522	549
456	462
557	698
145	489
510	552
146	271
2	143
205	417
329	371
70	170
693	744
544	567
562	632
484	585
120	209
118	200
117	449
482	552
504	697
628	669
721	781
103	437
36	523
129	555
192	432
501	571
206	414
192	492
359	393
510	535
11	16
187	346
19	208
147	268
416	553
244	779
370	724
504	733
428	757
182	767
46	235
70	91
23	585
408	497
11	112
22	588
373	598
256	584
466	557
644	663
315	766
116	268
130	628
19	21
358	524
347	406
124	520
338	527
226	259
481	770
472	536
496	771
302	670
53	360
540	749
430	534
456	567
108	408
289	323
211	225
65	359
533	657
357	416
243	383
293	786
87	665
426	741
36	513
45	732
268	539
293	455
0	225
255	577
139	330
492	587
299	555
422	724
489	547
120	438
562	666
5	583
28	395
104	715
203	324
41	301
287	655
16	286
40	738
559	774
234	607
257	666
134	231
43	516
103	187
678	700
126	389
262	507
289	693
290	559
386	668
240	468
439	479
90	554
100	228
487	679
190	587
290	389
434	646
296	661
370	607
482	529
56	745
263	345
30	400
359	436
714	772
207	487
423	495
144	424
488	492
220	447
10	608
251	709
64	116
360	514
160	481
82	531
194	615
419	632
17	606
386	792
332	616
39	117
28	370
108	759
175	450
208	545
170	783
332	724
496	610
181	728
14	202
47	242
107	193
499	769
444	588
6	436
124	484
227	718
28	97
353	694
196	660
78	633
146	470
286	753
572	688
657	771
442	757
512	768
189	407
17	403
182	417
44	524
24	784
236	737
197	444
163	658
50	681
312	666
31	699
190	399
640	695
165	417
157	588
261	588
65	486
85	759
171	435
106	485
129	712
47	471
32	540
167	450
99	320
261	370
320	422
42	547
84	742
600	778
217	303
215	738
85	760
51	337
462	540
417	496
716	770
80	81
658	695
42	183
588	748
142	369
96	349
258	531
508	642
179	642
163	283
267	377
64	348
549	614
25	655
185	639
178	713
608	732
343	607
277	438
545	686
158	367
246	466
91	496
619	743
717	784
177	223
442	666
264	282
13	219
141	274
160	354
303	608
133	661
166	765
495	573
617	767
188	374
218	736
308	363
605	685
505	705
225	273
95	274
102	714
224	681
2	379
72	113
342	771
197	692
98	662
87	709
145	707
143	588
437	577
306	424
627	775
619	748
463	679
45	267
51	144
596	680
182	531
321	732
483	757
35	177
365	669
332	370
354	574
245	447
440	755
325	436
408	719
154	298
586	639
491	654
68	286
264	718
230	574
714	798
365	585
149	545
62	478
614	648
307	341
342	753
298	745
13	374
667	688
749	756
705	761
426	544
202	646
221	660
134	747
612	647
279	455
317	463
238	555
449	687
401	769
497	628
207	397
235	488
107	617
569	783
633	763
102	554
448	714
270	684
94	701
496	637
9	428
292	522
578	662
147	681
486	662
89	654
349	409
264	392
255	749
56	426
364	522
215	455
452	555
151	272
124	447
483	798
327	565
267	331
579	759
390	537
87	511
152	203
158	678
125	576
56	240
455	520
215	257
133	649
89	276
214	306
47	593
35	500
165	208
31	65
442	473
361	556
551	727
553	759
480	701
471	570
37	288
350	444
51	654
627	665
308	380
74	468
588	615
66	740
519	592
461	536
213	532
318	561
428	454
343	355
505	619
656	666
138	156
544	573
141	364
586	715
197	740
208	773
34	168
465	582
243	657
87	200
43	398
76	354
272	405
517	723
88	218
234	385
326	442
276	582
116	679
244	693
55	341
35	214
583	662
527	747
54	788
274	622
701	776
208	353
270	314
132	718
231	481
184	484
690	772
407	700
454	758
606	752
377	403
96	416
543	671
632	713
533	750
463	689
212	666
216	430
263	696
116	413
637	782
36	440
547	787
125	132
312	613
300	572
109	706
669	768
665	735
14	537
421	623
231	529
524	734
522	560
283	379
591	769
699	760
430	744
120	579
114	178
251	519
94	792
324	617
218	630
211	375
248	346
324	406
296	325
23	133
6	439
275	366
257	449
415	755
153	234
304	320
596	636
141	534
240	681
357	789
441	532
218	765
27	64
215	418
352	549
380	757
102	732
86	127
187	511
59	148
143	292
37	277
281	438
344	439
259	346
187	629
338	789
609	690
670	719
192	606
450	612
348	627
28	372
317	330
193	768
31	47
475	567
282	653
733	756
416	730
329	452
679	718
29	58
214	584
173	419
380	510
186	262
409	798
344	777
172	503
542	745
174	783
3	554
275	592
237	406
395	622
582	650
83	439
11	430
554	794
65	284
174	448
56	607
157	536
776	791
64	171
231	738
515	588
229	465
228	366
164	313
191	233
235	457
513	622
141	380
108	435
35	407
390	630
289	681
433	636
153	515
237	495
4	135
224	507
247	353
189	651
29	214
26	399
7	568
436	616
524	529
218	670
194	503
35	212
430	583
31	747
150	198
517	573
48	506
63	397
172	428
25	246
274	604
292	663
409	418
432	519
402	663
27	67
379	637
552	641
0	698
285	391
90	531
196	425
441	631
35	513
63	614
47	460
110	696
430	788
144	162
414	696
92	390
331	548
207	644
403	666
181	705
230	243
399	707
678	721
441	587
5	348
468	661
426	601
473	480
363	580
146	642
58	754
44	625
258	560
63	166
465	687
712	751
159	312
21	64
527	790
239	733
244	720
45	533
110	349
279	535
123	273
23	334
391	732
337	750
135	177
16	624
322	578
164	636
467	513
308	676
117	386
677	793
425	522
739	753
645	676
526	656
624	628
379	654
46	175
533	753
279	333
216	573
496	764
363	756
279	723
320	618
362	435
456	771
137	301
402	733
157	250
16	790
425	728
125	155
421	624
478	736
336	753
404	598
171	327
223	518
267	565
133	531
229	346
144	637
453	774
45	154
155	775
437	467
274	487
200	591
32	97
236	649
333	448
295	615
514	560
361	469
112	396
245	282
120	530
94	343
250	564
49	264
203	742
233	473
398	751
636	662
587	628
216	365
83	333
235	640
224	450
534	681
27	564
336	688
200	323
167	184
3	322
213	743
86	710
294	774
265	323
22	288
79	608
146	656
551	778
523	698
442	782
188	221
251	393
84	780
415	616
118	705
131	460
278	334
264	645
539	748
570	678
475	792
332	451
221	239
140	278
328	656
480	745
602	779
76	399
76	299
146	495
362	372
174	320
716	756
218	238
224	339
143	610
145	644
581	727
656	672
249	253
273	595
440	701
203	588
267	277
55	787
121	416
392	726
475	601
23	787
143	390
421	729
263	390
171	744
298	314
212	733
407	773
256	417
342	538
648	728
132	325
307	797
27	706
200	313
323	763
282	508
160	312
276	520
27	485
151	674
98	209
178	323
327	390
577	591
515	637
63	443
109	410
329	478
424	638
77	586
479	743
159	279
24	515
165	178
157	187
751	754
369	535
441	680
13	86
293	402
318	694
20	321
131	164
48	123
201	315
250	263
226	354
215	278
97	651
323	695
58	245
384	719
42	59
214	561
176	421
121	537
353	746
386	665
88	111
540	730
287	433
201	486
525	770
372	457
125	216
554	585
305	375
108	346
304	319
394	586
585	739
210	784
407	436
192	636
125	187
433	466
107	321
328	391
426	647
315	713
17	539
433	461
438	544
342	460
76	397
423	731
404	653
17	706
618	687
465	490
23	118
5	409
673	771
44	717
127	286
34	141
177	316
746	779
118	766
71	445
318	691
555	650
569	728
268	348
247	428
330	687
479	776
199	763
458	480
236	655
80	459
127	149
548	695
82	650
370	442
539	647
132	262
441	719
228	291
277	585
350	506
489	495
631	799
314	421
364	423
126	473
182	239
178	653
79	713
174	761
321	785
28	515
81	671
21	31
462	742
343	565
55	388
78	208
73	682
468	654
434	477
419	566
52	64
177	699
290	656
128	495
245	261
317	545
166	344
378	452
107	555
294	540
214	784
85	365
510	786
170	696
370	722
120	751
484	707
271	479
77	199
499	756
209	758
7	679
604	620
142	170
87	184
117	597
283	644
251	330
581	738
231	446
169	736
147	568
259	713
450	778
339	750
490	647
80	419
53	266
19	260
154	474
381	746
302	328
71	81
35	148
101	162
93	103
347	549
15	214
15	52
490	637
123	501
478	634
13	174
480	723
366	730
417	787
130	723
90	743
8	770
61	294
129	648
91	752
67	440
33	602
279	350
184	773
486	754
45	394
65	444
629	687
197	456
318	508
370	469
147	488
402	562
244	631
54	682
724	764
589	734
411	685
21	459
61	392
759	765
245	329
657	681
390	796
203	535
45	231
366	717
399	639
441	610
57	633
78	411
517	753
229	293
222	561
366	601
564	574
68	748
336	600
201	670
344	695
487	501
450	526
48	84
400	600
677	687
124	586
516	518
32	436
242	697
313	470
98	403
75	727
437	692
263	551
145	504
153	510
275	644
242	623
155	328
116	427
188	223
80	578
230	739
92	151
255	557
107	723
200	531
207	381
261	379
141	442
319	333
272	330
195	282
453	527
25	263
212	592
371	630
469	534
345	550
268	672
369	696
117	463
490	649
375	644
198	495
20	616
309	752
487	576
574	753
608	643
187	507
364	657
453	484
297	645
54	489
35	103
215	476
557	579
15	680
540	598
128	244
424	652
445	559
430	798
219	247
11	765
185	227
155	789
383	770
408	621
111	182
196	482
0	262
292	571
462	568
36	232
255	739
482	531
175	710
135	726
311	457
110	371
530	760
328	592
252	263
341	355
445	510
62	382
86	245
677	762
305	703
328	475
4	723
26	635
9	170
299	611
79	259
175	543
324	417
121	705
103	689
45	519
21	336
28	324
643	703
134	607
109	783
4	692
287	719
538	768
393	534
28	465
221	539
122	649
171	795
69	512
174	335
377	659
192	312
574	660
377	756
313	320
270	739
328	532
545	740
286	401
352	783
317	414
293	556
236	337
144	237
228	426
340	491
647	656
127	259
315	535
684	784
290	478
59	424
109	110
266	556
246	287
174	487
135	581
598	673
67	776
155	326
274	582
681	767
366	442
736	792
356	655
200	483
121	490
152	348
95	514
10	439
423	585
508	570
390	634
196	373
7	767
190	444
274	512
351	375
550	555
366	584
136	425
90	495
145	498
683	690
289	415
64	374
107	577
63	771
195	591
552	796
183	248
101	240
288	734
134	534
728	762
404	430
520	796
341	708
135	520
124	563
82	509
233	646
310	765
455	482
334	420
71	592
394	704
3	644
66	738
86	324
94	749
461	520
310	661
45	796
560	764
112	694
355	617
82	235
220	647
243	377
262	365
189	551
513	606
292	634
419	650
39	184
372	684
135	230
253	325
505	639
386	549
153	162
124	314
332	772
379	537
656	783
308	397
461	580
140	148
55	764
125	688
419	426
677	783
221	678
58	443
348	608
197	242
611	789
301	459
255	300
96	141
145	407
744	760
94	435
48	299
8	650
96	155
533	680
425	674
133	299
376	406
262	408
20	710
80	745
354	402
176	547
435	532
316	651
185	563
482	688
202	445
243	724
441	685
426	650
154	730
314	794
345	674
638	641
386	490
406	431
435	562
734	738
140	772
393	478
208	217
98	291
411	643
302	704
304	772
8	499
297	691
87	363
378	530
102	463
304	740
195	604
297	344
320	435
12	194
403	601
55	683
110	479
496	686
147	566
305	315
81	509
201	316
217	670
419	614
155	448
192	722
230	491
644	701
255	722
168	427
625	712
559	704
202	506
455	711
25	523
637	684
154	182
0	222
48	485
437	473
255	546
121	678
43	321
437	536
48	293
205	554
568	591
178	559
61	402
386	590
564	732
21	203
340	463
158	609
645	667
213	419
210	412
263	480
246	574
33	188
538	746
156	213
288	789
440	565
84	513
144	561
230	622
94	430
458	535
313	428
494	796
77	744
151	194
207	342
32	397
49	366
270	358
246	452
355	781
232	660
130	132
377	651
379	661
223	748
27	211
685	712
467	700
93	345
402	510
26	674
546	676
285	611
636	749
254	796
11	53
262	446
85	546
282	390
249	597
17	339
138	496
148	397
328	552
273	374
702	798
506	744
144	379
437	461
386	481
179	196
486	685
705	730
132	701
260	553
113	753
245	498
240	604
183	284
33	497
133	412
473	620
377	649
568	642
10	27
65	565
254	347
92	303
107	320
199	588
504	769
111	167
316	593
226	568
25	405
653	793
247	363
85	291
472	698
9	659
603	610
384	732
141	661
416	592
170	694
115	181
1	797
277	563
519	716
379	462
497	738
639	764
444	701
167	415
212	464
38	546
571	720
557	697
378	451
25	309
448	578
420	583
427	542
29	67
60	577
83	696
109	339
85	499
304	658
491	679
11	36
37	600
174	369
385	756
355	662
138	460
8	549
209	239
237	587
362	456
383	447
683	795
97	350
706	764
40	563
570	701
36	211
251	286
189	684
426	766
701	766
362	593
293	592
71	749
172	794
333	643
172	427
144	764
359	588
91	246
499	764
165	321
375	769
9	727
383	469
203	737
667	740
230	485
261	286
378	649
176	457
415	500
15	531
133	700
199	286
162	470
263	580
435	770
205	643
100	471
47	384
431	652
410	571
351	360
152	258
148	777
491	712
437	472
338	696
749	783
14	93
427	561
85	594
200	603
444	780
155	456
291	299
97	137
54	270
283	310
263	284
209	680
193	370
46	493
158	569
238	621
732	743
403	693
94	280
424	457
426	503
59	682
174	289
124	152
113	595
193	415
515	705
268	390
190	217
570	602
90	616
668	682
304	571
466	583
438	643
124	155
68	410
5	46
53	326
371	498
149	174
317	605
150	631
127	558
7	94
400	540
9	776
12	61
159	560
45	351
40	689
424	767
88	454
204	509
622	791
313	514
461	501
41	626
352	627
133	662
257	258
196	345
116	726
20	705
480	596
243	286
422	563
490	627
261	712
436	653
14	195
340	510
202	773
284	696
56	131
207	504
416	709
154	381
332	652
529	787
373	605
341	359
100	269
26	50
731	766
567	621
574	764
594	612
273	640
289	446
213	583
122	549
762	794
24	617
12	695
218	784
131	215
222	774
217	534
314	437
402	458
478	523
221	677
777	797
26	644
111	158
116	365
243	307
641	700
17	264
133	203
663	715
537	673
490	766
90	332
428	566
123	541
93	621
307	410
215	227
312	383
427	553
338	778
99	242
253	338
310	371
480	646
251	498
480	487
73	546
689	740
594	637
75	465
539	753
108	307
403	721
358	432
327	443
255	763
144	661
198	762
302	719
603	724
387	417
548	583
637	679
199	616
331	387
280	511
200	700
225	553
14	628
196	224
439	608
294	720
106	519
260	686
28	616
40	419
117	139
159	248
359	698
6	639
102	552
334	380
158	596
604	709
505	620
7	459
300	681
30	399
499	743
195	463
509	796
24	786
149	250
111	752
284	435
263	598
445	638
252	386
498	517
96	102
176	485
419	613
45	372
22	78
502	704
243	666
342	692
310	551
445	727
612	689
0	475
36	772
402	632
219	601
750	778
6	266
329	487
270	368
184	343
236	599
233	302
274	537
126	748
13	767
353	546
233	242
107	591
28	238
333	552
342	531
29	753
188	284
400	761
631	694
493	741
149	324
482	634
416	793
390	766
21	685
566	683
399	556
47	388
402	700
206	590
143	417
99	105
4	783
17	742
234	297
215	735
386	491
530	643
36	306
439	568
27	34
429	686
323	350
399	493
14	179
247	492
79	333
141	411
97	506
224	431
128	751
243	494
260	490
287	546
286	478
54	97
153	425
74	123
523	563
480	763
481	741
201	470
266	391
322	339
341	746
523	715
201	410
122	144
91	210
31	180
385	667
166	527
538	645
33	136
23	29
168	703
95	263
116	206
596	649
466	689
95	465
8	50
152	590
331	745
291	755
285	516
82	342
95	531
613	750
145	348
324	454
90	644
56	430
27	392
127	154
203	317
204	369
270	363
242	690
148	444
163	625
116	237
280	698
267	630
209	567
480	612
28	472
437	521
736	770
82	674
573	701
530	716
202	384
587	717
78	178
527	661
468	587
32	492
477	480
504	630
417	759
31	559
202	328
176	781
17	152
141	659
168	215
157	490
106	655
112	631
495	677
592	712
534	658
461	626
4	82
99	442
150	540
203	455
61	482
488	680
190	194
303	762
180	553
70	395
165	270
312	749
183	295
612	790
314	527
211	562
453	488
197	601
143	740
94	146
46	320
14	310
179	330
37	298
242	264
204	774
194	342
226	431
559	696
138	312
164	597
413	419
274	330
186	384
430	749
587	624
397	780
123	318
439	467
65	414
406	625
153	785
754	760
334	707
150	252
70	393
133	198
410	523
94	492
259	673
243	354
294	621
423	484
299	326
362	721
316	435
202	653
751	770
300	688
21	544
177	761
54	481
480	707
85	659
129	467
417	577
630	679
650	691
9	22
528	624
40	497
50	500
147	203
179	496
75	773
240	602
350	484
385	451
178	400
152	319
21	251
62	482
224	482
109	140
180	760
27	650
23	433
213	684
301	431
181	686
254	414
427	789
23	527
96	767
107	658
150	308
32	293
519	798
262	504
137	596
527	634
495	781
446	686
8	736
212	761
321	645
369	560
303	666
384	641
8	184
60	343
79	668
297	655
325	645
458	536
547	688
3	168
14	584
207	330
549	582
0	768
325	331
584	713
8	508
611	755
387	649
373	385
122	596
50	112
379	433
48	53
306	539
416	647
368	706
386	474
381	660
130	607
116	634
49	407
182	772
116	767
22	750
412	498
130	721
242	518
224	228
0	603
8	444
203	410
759	786
272	726
234	355
174	253
334	627
438	756
270	325
504	719
110	338
31	535
74	582
179	703
29	260
220	778
116	317
130	516
625	654
273	610
5	571
216	566
477	553
385	544
367	781
0	550
590	769
706	743
696	735
409	581
94	223
133	136
399	715
115	709
48	502
635	651
541	678
248	720
173	265
663	769
136	221
312	534
385	581
35	639
219	661
268	444
450	767
353	456
90	206
27	195
563	612
50	141
53	791
669	766
649	791
271	436
3	602
65	212
35	139
298	783
72	787
96	484
388	629
283	560
586	729
94	356
444	767
168	550
434	600
95	577
45	795
607	697
556	669
190	431
386	666
39	614
632	752
356	573
470	587
426	748
431	599
277	505
53	78
105	653
30	98
624	742
531	571
84	427
50	211
587	781
125	211
58	358
254	605
228	714
116	435
246	357
191	251
93	763
190	436
509	572
479	771
43	226
226	751
91	404
355	693
374	659
430	680
3	557
23	53
132	771
264	692
608	750
364	457
580	782
410	418
289	588
153	677
254	553
307	517
81	210
321	724
210	574
49	314
231	606
255	578
107	468
197	711
512	574
62	622
583	614
38	328
160	677
329	656
339	521
116	693
176	451
293	513
327	440
606	734
70	735
63	659
113	768
61	165
141	789
229	624
503	534
25	556
222	748
270	375
219	340
106	717
265	524
5	181
22	513
5	36
22	221
159	334
373	469
75	508
357	536
64	517
200	467
259	519
530	694
229	600
220	413
323	673
209	320
92	467
438	500
37	118
151	402
107	453
74	275
173	721
247	798
80	658
5	24
291	471
447	513
350	732
279	713
356	489
173	521
119	375
516	580
481	736
63	132
585	649
604	658
21	59
248	751
137	620
222	401
213	501
542	607
250	396
14	475
272	506
265	300
27	317
357	693
39	565
6	316
589	761
57	723
10	560
163	667
70	351
36	47
401	519
406	430
418	787
592	605
723	753
120	722
120	299
138	531
73	722
251	647
435	501
515	600
5	460
127	429
360	449
685	783
606	745
353	612
40	43
140	271
429	565
505	737
273	416
146	437
287	749
27	678
327	700
301	695
684	731
317	421
125	474
206	755
270	659
246	377
425	749
257	544
67	165
6	302
663	790
267	453
403	752
22	718
215	531
26	638
623	785
402	641
208	612
20	592
33	211
627	647
47	162
120	552
726	762
10	461
130	706
68	429
645	747
119	761
435	757
693	696
35	635
195	344
120	304
390	663
382	418
731	745
109	345
127	737
1	505
251	370
728	782
355	553
14	217
488	493
280	339
401	666
561	637
49	315
532	588
208	644
345	673
660	665
397	612
605	741
305	610
354	572
534	562
514	604
580	681
367	728
182	495
353	664
2	263
304	541
67	646
29	333
61	729
521	747
271	374
294	556
113	561
69	642
8	332
150	153
422	783
269	769
699	763
526	592
89	304
485	725
327	359
422	784
188	298
392	613
685	732
482	528
402	746
95	370
444	738
63	102
177	576
220	762
38	736
4	163
87	798
33	750
235	560
275	479
726	742
151	750
187	539
21	72
310	354
566	573
699	700
84	465
281	364
82	668
296	794
621	758
246	559
491	766
30	300
331	379
620	721
374	407
22	457
95	161
133	362
422	525
451	498
58	605
162	300
313	775
269	770
57	429
66	658
61	439
95	322
235	339
441	794
195	338
37	207
498	635
414	532
182	330
502	689
103	310
356	799
135	144
17	736
607	738
293	541
271	430
290	507
141	434
350	676
162	562
645	664
486	785
275	784
126	403
230	468
19	602
533	582
428	698
112	208
398	692
306	480
34	162
383	472
170	669
68	595
275	446
198	380
174	644
308	365
528	648
470	728
242	314
47	565
102	680
410	652
227	638
373	663
323	461
201	753
324	341
479	674
246	249
134	237
359	552
141	471
294	769
304	322
117	394
436	529
10	278
439	476
394	715
9	731
199	216
479	665
164	239
48	388
340	573
631	636
247	443
353	611
432	455
511	708
15	138
497	543
199	483
417	686
95	178
55	481
713	783
145	414
556	702
72	657
213	553
55	681
221	656
113	383
123	484
75	749
199	315
520	790
240	393
373	777
283	351
713	763
65	502
257	763
138	444
214	564
566	744
495	619
588	705
103	395
0	79
155	729
652	726
162	730
251	540
165	737
637	715
178	585
0	741
278	430
666	685
138	539
123	692
62	736
493	748
378	653
48	290
267	589
176	456
309	572
307	501
92	639
399	756
743	770
32	567
133	793
19	608
181	289
499	502
461	642
75	135
34	705
122	611
74	564
434	752
354	394
146	214
547	591
335	353
151	478
260	564
220	416
377	595
220	750
31	612
276	746
23	275
59	659
114	506
471	593
203	336
266	627
165	563
241	607
101	523
123	307
424	453
166	648
143	685
45	213
32	247
85	721
458	754
19	144
244	314
444	508
22	518
362	744
207	567
110	188
2	795
417	767
116	180
424	449
296	381
491	716
479	483
41	770
172	200
250	572
384	399
19	587
222	345
162	290
436	752
177	749
62	778
31	132
137	621
249	603
168	327
317	453
482	536
312	516
246	600
618	765
342	720
122	736
419	468
264	739
339	376
264	549
617	757
76	320
63	382
105	722
52	159
90	379
111	686
570	672
229	354
502	613
0	116
187	246
112	429
218	450
653	656
481	789
523	560
249	441
261	295
228	340
94	528
16	743
411	760
382	590
61	710
394	748
286	740
522	664
300	680
388	439
190	789
208	341
54	686
349	677
531	572
217	287
168	416
162	640
122	294
376	534
286	503
289	793
17	412
99	524
302	459
318	737
101	757
434	731
428	457
378	555
219	221
156	407
370	785
123	727
228	730
67	309
44	741
162	262
569	711
378	610
151	419
68	178
122	694
414	537
137	317
410	445
4	285
667	785
173	327
432	463
259	527
98	160
248	303
595	603
93	115
447	561
261	556
310	419
148	783
76	546
10	465
322	773
53	539
208	779
262	538
61	444
616	637
666	694
375	444
18	517
53	714
220	744
349	585
278	617
45	677
508	675
130	588
487	578
309	696
67	713
42	366
314	737
668	701
446	567
169	672
358	745
48	384
4	458
264	659
137	603
166	177
14	241
271	551
350	384
748	797
85	268
63	288
463	580
481	653
452	616
725	734
411	527
494	535
155	790
123	699
434	621
568	794
450	513
87	392
148	241
487	772
271	668
118	370
446	578
321	632
403	758
724	725
289	621
298	659
333	739
300	658
59	488
127	610
222	719
102	759
389	613
261	528
165	287
212	309
57	764
175	685
38	671
688	726
388	577
605	772
400	759
11	416
505	612
750	751
129	476
264	797
597	674
521	677
330	564
195	388
50	710
55	105
319	497
247	634
685	751
126	378
152	547
111	328
433	799
646	651
360	796
147	541
132	499
0	62
91	235
22	249
499	732
345	398
84	456
121	569
561	780
150	748
294	446
333	539
338	465
471	729
456	537
167	393
3	390
253	259
525	657
106	596
241	308
700	704
352	645
547	692
159	559
3	284
701	760
688	722
233	429
160	424
311	401
37	491
606	668
550	561
313	681
161	178
449	577
147	398
165	456
143	788
506	554
187	303
342	470
165	403
73	580
274	386
99	659
111	159
21	661
119	136
119	365
56	515
349	794
75	503
613	681
336	465
550	726
131	643
161	679
218	743
79	643
21	713
65	778
594	788
236	551
15	503
116	279
166	467
401	741
44	349
57	121
112	251
203	399
289	297
441	471
355	519
358	411
68	546
274	284
127	687
754	772
48	455
292	379
568	692
62	493
586	674
377	423
395	453
329	667
423	496
78	362
78	243
396	497
288	360
21	149
216	440
172	507
757	787
11	82
351	445
335	613
62	525
146	223
492	623
734	794
26	51
350	604
381	537
219	257
106	203
455	606
601	746
218	680
93	168
360	529
196	708
61	106
591	782
64	600
291	544
306	310
321	598
179	508
224	376
141	182
384	395
389	469
416	705
626	685
70	469
406	487
384	630
419	794
206	331
396	672
80	627
522	690
550	719
4	401
369	754
310	713
513	605
1	324
181	641
141	540
20	71
79	329
219	442
78	143
298	614
550	619
192	475
167	476
49	389
210	282
35	110
62	426
70	346
507	674
418	480
243	333
503	631
272	667
41	794
21	760
394	745
297	603
312	428
127	366
84	166
218	493
592	772
313	730
326	607
100	737
42	561
529	603
397	691
73	411
82	418
156	520
301	765
136	537
705	751
163	310
33	679
625	660
31	322
623	733
539	596
94	115
14	661
335	710
261	795
28	113
430	553
309	700
430	550
467	753
38	653
181	239
161	324
367	733
425	645
41	706
186	414
5	138
601	739
453	501
277	680
0	518
63	618
270	396
201	641
239	560
486	501
335	498
7	674
278	727
379	642
417	683
12	118
130	726
311	761
218	510
403	435
469	478
351	581
68	118
497	750
59	633
89	642
143	769
217	682
194	416
356	490
122	146
0	174
447	697
289	365
1	509
625	778
480	670
19	82
61	279
191	671
220	692
62	251
64	203
149	625
1	398
119	745
589	719
372	695
48	348
193	446
79	189
534	792
194	221
208	360
113	331
247	508
230	396
101	160
485	499
371	706
401	615
591	639
110	540
214	449
37	111
80	101
408	460
18	238
416	455
495	566
176	376
195	553
269	755
322	633
396	721
213	436
379	781
433	797
218	787
491	642
37	586
333	529
262	346
18	570
51	679
352	687
34	266
311	568
303	645
112	658
506	558
156	258
64	218
529	550
483	493
324	383
259	729
380	648
111	323
271	629
533	539
313	546
73	454
343	656
35	651
438	776
743	786
356	668
447	663
253	683
232	245
104	512
302	306
594	698
256	353
312	505
267	683
493	644
578	796
134	382
66	757
176	626
422	526
46	100
282	605
49	606
379	425
4	631
176	479
147	255
33	586
65	701
381	663
76	590
330	478
75	654
132	245
553	606
418	599
266	704
121	684
72	186
777	793
309	674
328	348
289	583
395	715
323	680
311	576
619	713
60	782
65	692
664	673
401	729
435	645
181	498
411	709
401	654
447	560
240	556
18	663
95	249
267	745
21	735
590	781
565	609
776	797
7	297
175	505
45	194
108	367
36	425
76	220
1	250
265	410
294	501
129	626
179	424
19	398
204	404
167	612
248	772
24	579
291	792
188	513
260	505
116	290
151	731
3	383
313	436
188	302
282	485
113	578
159	281
559	585
372	373
141	452
385	789
572	778
279	467
121	165
258	464
10	741
434	566
132	752
365	649
275	752
157	674
498	503
323	535
200	459
464	481
95	205
98	701
89	683
409	523
371	434
160	618
756	783
449	504
75	196
274	711
373	623
40	735
249	774
258	316
108	363
17	572
264	608
524	615
108	197
114	543
229	584
506	570
143	191
372	735
139	191
154	229
456	476
88	638
458	558
32	39
363	616
287	605
269	478
88	459
44	201
84	741
385	473
111	738
86	248
287	470
357	690
68	321
378	639
49	632
274	687
245	471
467	796
179	389
483	484
143	401
698	771
2	591
139	175
29	216
723	780
512	596
364	738
133	291
453	630
30	73
469	558
111	133
334	388
313	620
235	657
22	157
60	608
24	323
480	486
340	554
35	408
635	670
36	780
728	787
378	559
486	761
120	135
184	729
306	542
331	530
393	690
222	266
38	755
396	468
519	726
116	205
627	777
235	549
374	474
258	617
255	714
122	182
21	795
297	391
537	709
38	714
81	621
369	420
204	794
344	609
68	400
528	798
480	779
101	630
108	306
96	157
460	568
108	317
395	397
430	455
271	433
556	751
95	181
210	774
602	668
428	623
44	386
504	524
73	549
139	468
503	731
188	792
317	509
422	750
499	518
196	693
221	332
445	562
590	638
375	660
380	484
285	440
127	510
468	522
94	455
195	567
490	587
230	726
210	487
246	496
171	515
291	333
311	645
556	651
145	283
229	750
138	540
18	302
264	730
656	712
38	678
200	768
378	769
118	336
2	674
268	445
141	225
96	459
598	604
179	568
163	474
198	553
561	655
238	723
34	684
343	431
188	518
10	550
464	493
199	344
320	321
389	630
19	297
429	518
38	402
130	247
180	261
226	743
26	714
69	276
146	706
581	765
457	691
171	506
693	779
304	397
226	373
287	666
758	778
137	663
197	244
510	522
112	688
79	725
61	273
134	383
639	783
622	799
5	651
522	775
222	310
183	232
368	696
0	628
254	356
152	374
138	495
50	127
578	785
107	121
21	590
21	415
37	225
646	693
108	380
159	577
287	781
23	547
7	405
720	781
98	482
395	702
242	502
237	675
566	791
30	161
98	660
105	203
571	582
367	636
89	501
34	514
141	428
85	559
186	333
62	313
91	667
263	697
346	432
294	450
40	656
82	244
105	435
128	136
535	628
152	479
508	558
120	752
438	732
99	318
56	429
378	545
109	676
594	621
760	769
415	733
18	576
91	414
296	620
580	606
354	408
500	658
122	166
416	450
438	606
305	418
211	514
583	774
72	175
115	499
540	572
0	695
205	456
711	721
424	680
40	727
296	651
151	439
379	564
273	626
703	707
344	397
477	492
115	173
370	658
0	227
282	791
348	739
203	718
750	770
440	793
277	383
178	245
98	457
218	261
235	565
539	737
364	582
555	732
259	303
68	420
7	24
99	274
223	227
403	553
149	360
454	667
159	624
232	284
125	291
10	367
733	740
323	659
62	596
30	412
453	632
65	164
153	778
543	745
452	460
414	732
106	542
216	563
208	560
21	425
342	775
507	681
472	509
174	244
80	767
606	627
18	780
408	640
502	728
173	669
480	771
566	667
441	544
444	534
329	594
135	345
90	590
82	772
537	619
178	446
565	746
99	794
174	708
555	745
404	752
92	573
395	446
598	600
614	678
557	642
334	419
227	594
309	423
144	580
253	523
207	763
503	606
752	781
70	73
88	506
17	664
369	410
88	158
667	797
775	792
78	171
127	359
46	792
289	468
36	353
12	177
72	678
331	758
99	273
383	648
322	708
418	441
701	743
260	763
103	356
378	793
268	708
8	490
179	193
286	559
30	404
727	732
461	662
375	661
737	763
422	533
156	673
448	737
288	528
322	669
328	612
251	615
17	442
670	762
706	708
574	595
132	628
183	785
161	320
99	162
249	582
128	234
6	259
1	142
477	546
55	98
671	770
97	282
538	739
459	702
101	395
360	404
145	181
53	549
121	691
470	644
62	753
654	771
216	673
693	750
72	674
220	279
167	746
189	625
42	665
531	611
190	512
105	745
493	560
345	709
673	698
706	721
269	276
105	735
563	715
196	267
560	778
602	790
6	169
616	659
101	413
421	608
480	672
40	65
201	306
299	371
641	766
54	309
19	633
160	578
131	594
525	779
460	685
246	647
571	702
231	308
402	593
109	663
34	782
39	786
374	502
481	484
297	441
666	759
30	294
169	761
35	57
423	682
2	648
575	610
1	100
552	618
639	767
654	775
12	652
120	614
283	340
223	769
97	476
192	760
676	741
134	784
251	289
370	776
366	576
66	666
124	777
123	721
332	350
200	600
264	546
73	477
236	779
361	509
174	660
24	594
73	329
61	218
635	654
4	14
153	637
80	146
54	248
31	211
279	693
479	731
104	223
149	264
717	790
15	278
81	591
566	766
388	781
623	764
674	700
102	522
178	180
13	745
12	319
474	733
371	449
155	455
695	724
500	550
112	618
51	283
132	459
426	458
443	722
608	778
358	499
474	566
177	585
0	334
249	743
336	361
198	329
317	369
631	650
160	268
84	615
44	533
513	769
566	571
205	450
58	305
564	692
369	375
192	265
140	669
188	553
124	392
372	578
473	654
462	604
96	253
509	756
285	581
76	453
399	636
28	792
270	643
87	381
241	357
617	662
243	322
168	433
191	488
623	631
514	680
249	680
48	354
189	328
406	471
84	417
3	492
582	778
342	742
497	706
21	182
421	508
280	736
635	719
58	292
296	769
48	439
55	410
100	206
293	558
239	356
38	105
334	681
512	696
388	506
233	256
247	799
278	498
641	693
102	356
336	734
418	586
165	387
91	115
314	535
5	581
223	256
424	595
381	749
245	692
232	769
421	721
10	333
217	368
281	355
306	320
368	435
313	544
3	622
109	458
425	581
465	760
69	367
520	626
565	582
503	708
190	255
71	714
509	666
397	720
531	637
28	656
177	302
372	707
220	316
83	432
546	655
502	548
37	306
124	742
311	534
57	670
343	717
167	270
204	280
402	624
133	444
30	47
413	596
165	289
358	784
718	791
459	707
222	697
345	410
40	219
136	690
637	649
742	781
121	405
95	703
408	455
247	314
107	354
521	681
333	715
244	517
446	729
432	787
18	585
487	499
346	392
223	332
161	760
534	552
318	415
7	691
284	442
641	701
341	732
519	669
48	556
381	482
172	576
183	798
205	258
509	774
402	613
74	281
170	244
59	664
183	733
689	771
62	734
280	400
307	654
17	520
241	247
627	733
176	622
8	683
34	549
331	455
73	370
453	462
184	422
145	292
418	700
88	104
64	501
10	243
339	769
193	419
193	277
418	793
761	787
563	568
134	327
219	328
125	224
251	790
486	508
7	213
352	377
694	731
148	249
111	114
107	303
146	233
375	489
198	471
243	734
87	197
301	495
580	592
257	507
93	747
408	686
49	128
358	583
48	334
230	546
255	652
209	614
220	309
234	472
53	478
2	557
519	551
34	311
174	435
8	673
69	516
22	519
348	620
61	183
119	444
197	215
431	673
309	636
204	728
560	794
492	579
338	758
244	790
194	322
31	285
491	590
255	267
9	155
126	451
182	678
319	517
93	767
284	707
340	567
224	302
232	796
68	784
591	651
39	789
443	634
8	505
190	310
33	655
154	185
69	576
370	564
166	444
25	317
393	701
527	568
53	599
308	686
542	557
521	564
12	776
173	217
17	236
14	638
332	659
121	610
408	500
88	141
666	704
604	623
23	127
142	175
552	759
418	485
21	263
296	634
755	782
238	364
31	549
414	746
339	788
670	711
719	734
536	558
196	672
131	301
99	266
469	606
115	123
50	372
143	377
88	323
332	742
64	620
758	766
40	567
212	542
258	282
59	197
398	743
384	461
405	452
155	662
515	586
153	466
116	199
231	777
433	677
62	608
314	526
129	523
312	489
571	735
24	194
56	194
146	786
324	483
141	360
99	778
403	783
392	787
21	219
446	526
523	705
668	707
560	695
11	724
329	548
343	680
142	294
186	437
23	362
78	640
242	745
554	573
66	559
232	370
25	200
588	755
417	648
292	318
33	524
409	546
547	604
277	675
70	664
191	580
175	691
167	274
690	754
157	547
366	448
332	665
456	741
122	544
200	744
516	755
172	325
288	542
9	178
47	509
209	682
517	593
579	601
32	760
276	606
244	497
217	572
510	543
614	635
8	672
176	385
478	541
271	302
158	268
183	444
316	764
420	703
270	304
392	545
141	607
346	543
574	792
321	474
16	424
314	552
97	431
172	308
528	590
377	467
205	505
120	515
441	506
239	426
508	565
571	631
246	679
127	413
592	673
492	609
719	773
630	657
203	360
132	251
442	602
254	296
569	702
599	785
322	789
128	401
239	417
351	556
190	617
549	705
164	277
4	331
665	673
211	330
207	690
60	324
224	707
210	243
36	564
18	559
257	715
301	403
390	788
244	386
94	628
639	743
500	744
251	720
38	592
232	594
78	696
429	757
536	710
317	794
234	600
17	594
176	434
44	383
79	544
81	308
443	627
38	261
28	556
232	461
104	373
444	652
51	101
64	568
579	649
425	716
635	702
176	470
119	306
19	637
600	678
209	542
127	639
94	714
295	576
152	675
13	492
411	418
287	436
151	437
620	713
422	558
164	342
307	656
241	748
448	492
73	612
378	420
133	317
290	442
718	799
29	406
407	729
43	266
39	584
141	253
340	615
241	505
18	111
639	782
261	569
244	684
200	605
405	479
254	362
319	337
396	549
381	557
227	387
121	517
145	222
153	689
613	701
32	409
196	600
607	619
12	436
84	139
303	673
310	647
326	360
87	428
506	557
509	662
596	765
471	484
492	748
261	326
520	743
75	164
552	750
191	312
377	613
151	159
425	560
427	792
479	740
183	387
123	292
101	222
22	159
455	786
37	403
318	434
196	494
384	402
482	565
281	630
402	573
575	725
176	413
285	667
308	728
180	283
42	283
83	518
194	354
620	655
113	374
20	684
104	176
456	550
145	785
208	639
182	396
133	152
244	526
378	493
587	667
573	724
217	350
680	723
370	593
132	272
41	325
114	341
172	764
302	474
287	466
366	605
339	782
107	160
700	762
260	765
87	120
275	328
308	769
617	656
125	218
104	638
620	769
65	122
644	753
182	445
175	446
450	610
364	725
281	414
455	649
213	787
642	664
576	688
520	619
541	789
337	465
174	379
448	452
645	688
88	711
324	588
409	661
128	396
83	165
247	528
467	559
632	707
528	608
404	575
184	794
37	707
382	501
612	690
82	634
560	770
402	576
202	224
350	479
283	678
136	226
71	205
275	737
209	561
118	712
52	706
388	442
256	623
412	763
266	392
179	320
281	633
200	532
15	55
243	671
444	448
293	763
252	385
420	500
373	778
189	329
23	193
174	414
358	599
266	732
492	493
443	654
315	547
439	475
18	74
756	779
64	507
653	756
414	415
90	475
384	428
13	746
155	500
478	494
306	600
1	783
217	362
488	603
41	469
221	376
3	787
372	722
224	440
261	444
257	260
288	624
373	499
243	656
221	433
396	619
13	312
230	273
327	446
291	295
372	610
444	685
182	571
137	527
513	520
458	589
209	303
182	254
25	525
0	337
75	619
621	730
125	428
476	747
537	595
188	685
63	118
92	681
281	628
125	316
763	770
276	537
486	591
115	356
561	750
288	456
206	278
60	585
479	492
488	685
104	475
261	488
155	578
501	725
331	574
44	458
317	328
15	43
14	675
514	727
496	617
155	787
591	671
25	229
147	304
177	317
16	370
580	789
70	485
97	551
513	690
261	404
191	358
115	188
394	678
558	689
249	547
247	278
308	792
285	629
134	175
290	323
1	592
92	547
77	294
268	514
117	135
463	659
381	622
63	281
526	719
168	286
332	791
370	584
61	255
80	350
55	239
50	520
47	72
41	110
7	174
92	778
477	737
128	454
293	317
544	666
456	547
452	618
329	531
423	557
116	701
689	797
118	575
10	239
258	640
48	759
189	239
125	307
124	149
195	431
555	743
423	552
567	771
372	479
27	237
22	749
129	347
247	774
290	619
56	468
235	377
120	494
75	551
504	510
29	567
546	665
734	782
243	564
790	794
277	393
589	764
417	701
186	738
203	431
8	377
97	528
93	318
684	780
335	604
48	329
227	304
238	598
348	679
207	325
127	320
215	528
82	681
338	532
236	446
169	724
314	477
552	794
36	495
665	755
27	480
368	489
293	396
578	769
86	107
184	668
137	536
499	734
192	538
176	519
391	699
511	634
361	631
198	395
143	599
765	773
144	372
35	70
90	348
251	472
102	654
141	158
564	726
282	717
346	774
649	756
611	769
178	576
33	706
155	560
170	193
106	182
175	769
309	713
265	385
462	602
189	581
103	110
353	490
160	637
144	699
594	731
472	535
166	512
19	307
183	271
657	791
81	751
235	532
44	639
330	545
149	365
67	608
400	634
235	570
556	588
74	639
284	495
527	639
248	365
77	566
520	788
210	490
353	378
52	145
185	326
204	701
149	256
146	773
249	290
257	665
229	798
140	751
108	758
442	713
419	692
478	543
706	785
247	348
106	255
244	542
328	778
287	330
725	762
86	777
8	311
467	721
370	643
494	799
374	396
422	678
325	401
108	246
344	531
695	770
65	185
398	427
378	737
334	608
350	629
350	574
579	742
7	285
658	783
145	750
317	570
281	390
237	250
164	625
76	696
156	368
94	475
148	410
147	158
241	664
37	552
188	456
107	525
409	786
216	494
475	647
294	709
94	306
180	500
214	611
332	733
208	310
57	190
64	86
205	738
243	375
695	789
21	646
166	578
147	194
12	420
50	706
551	684
308	791
53	753
86	778
398	543
102	324
147	259
381	703
208	777
72	311
366	682
80	527
295	779
499	595
138	248
280	651
459	479
404	655
120	339
492	692
173	712
187	248
65	495
59	430
478	491
205	420
69	419
20	22
338	548
379	471
297	598
321	622
222	379
144	771
47	681
98	657
349	531
152	693
235	705
125	391
155	464
541	552
80	460
240	289
219	512
233	726
145	429
398	715
155	429
106	344
265	617
449	555
279	374
299	647
406	476
477	498
523	657
4	320
124	378
63	147
236	717
331	622
641	642
1	753
43	692
189	486
52	791
62	713
524	701
228	457
565	699
512	595
442	582
617	711
319	415
201	706
590	792
209	301
96	423
4	313
342	601
257	368
468	609
8	73
256	422
491	559
128	336
400	419
324	399
435	717
684	737
170	556
472	623
291	668
714	774
304	384
132	244
330	681
263	593
201	725
25	284
325	785
167	786
326	474
137	426
72	666
115	595
385	595
194	487
56	705
171	362
704	771
596	723
395	656
274	573
545	568
191	702
344	396
304	557
5	748
565	760
27	779
667	714
719	759
153	669
78	164
338	545
296	773
0	232
91	450
525	596
340	476
70	111
399	452
79	747
657	788
33	97
405	725
307	776
374	698
467	633
436	783
529	660
60	261
245	695
177	496
480	681
146	799
560	607
484	751
108	793
536	541
300	483
625	631
52	681
121	798
432	700
40	633
295	390
230	781
398	539
478	683
424	469
378	523
52	667
55	436
531	573
654	748
496	663
509	737
426	735
433	568
120	551
330	602
677	773
254	686
283	492
556	599
22	161
11	115
443	632
74	599
512	728
274	619
559	652
38	421
630	652
560	641
7	693
409	617
65	619
311	570
97	630
123	235
238	465
188	333
44	356
106	776
70	572
198	667
248	590
87	761
194	640
54	720
36	104
21	25
13	188
143	672
6	756
174	781
278	361
364	783
92	484
594	719
212	642
92	148
38	638
212	798
429	486
60	209
45	793
36	193
26	335
36	293
414	513
75	163
321	452
71	428
33	415
294	427
75	369
54	715
588	652
244	656
43	182
361	473
501	674
174	714
179	222
18	399
2	88
326	477
9	560
481	763
14	153
107	747
382	658
453	523
147	290
49	87
81	166
441	522
375	435
347	448
68	125
458	638
55	103
54	206
8	295
283	463
381	686
96	550
684	754
369	723
38	583
419	543
429	600
726	740
185	421
376	486
106	470
74	200
81	549
433	598
656	663
225	640
318	537
250	532
148	542
215	352
80	285
65	744
56	355
193	671
282	543
71	317
261	778
131	402
548	769
232	629
72	272
491	798
58	618
121	754
298	715
324	600
110	203
300	368
258	407
530	539
25	222
94	559
610	740
399	478
400	423
49	192
169	412
90	280
148	728
214	434
178	412
574	755
216	239
424	785
303	587
32	445
300	722
7	462
557	687
314	598
113	434
541	717
154	685
173	705
366	698
101	359
654	708
36	669
280	335
201	640
434	529
41	793
127	491
199	508
588	774
147	489
218	739
79	87
407	771
158	532
753	778
17	238
275	767
317	530
309	621
21	695
31	79
32	33
215	639
452	671
547	677
31	709
276	293
503	514
352	444
29	639
250	424
215	287
647	774
21	378
118	149
115	362
135	369
457	500
264	667
565	601
593	677
106	731
417	661
142	515
190	226
484	799
686	709
372	420
308	647
462	735
91	394
212	378
156	198
148	761
187	760
520	534
501	537
272	717
71	382
88	253
535	580
350	432
87	657
279	384
164	600
100	329
129	600
74	129
368	405
69	100
153	734
112	159
107	575
642	693
38	194
372	622
122	574
145	287
111	533
177	294
41	135
2	585
380	456
239	521
84	599
612	793
229	729
147	594
74	382
372	577
50	550
138	429
78	110
620	723
73	248
567	671
214	515
150	505
150	400
609	645
83	200
80	729
441	619
416	526
15	629
180	641
34	588
255	567
66	717
170	784
499	504
640	748
298	432
153	716
2	721
558	707
480	485
329	797
467	728
113	763
252	706
154	720
221	503
247	383
388	798
53	616
254	635
110	170
185	389
125	567
456	557
204	626
605	748
59	753
140	499
0	729
53	75
244	411
179	681
68	161
138	536
32	324
451	786
198	615
482	592
619	673
590	777
185	495
228	501
433	492
226	760
666	728
725	798
52	552
568	589
429	448
184	361
45	570
171	239
322	728
45	687
235	689
262	773
78	666
146	532
189	469
195	509
222	782
196	467
128	237
364	650
294	698
13	766
332	393
420	483
342	565
657	778
511	603
340	666
508	607
176	760
572	779
207	402
411	767
32	375
482	627
453	760
259	685
148	501
68	668
28	755
621	703
507	703
175	321
732	787
42	194
135	743
183	286
371	596
360	748
24	525
104	393
13	326
388	464
196	444
218	631
396	783
104	248
74	304
293	529
2	544
273	554
51	617
223	796
340	393
196	454
124	394
548	624
5	166
301	696
405	629
372	598
44	163
90	490
209	433
152	225
179	510
29	100
241	480
375	764
43	526
216	582
100	304
511	791
359	398
3	5
174	481
481	575
385	668
237	720
420	633
27	691
36	491
128	210
13	68
427	583
26	266
56	656
514	799
486	544
58	615
477	548
144	264
441	697
82	745
366	722
194	592
298	674
99	296
264	796
617	700
14	466
668	745
264	279
479	541
227	395
21	400
773	777
398	478
68	345
531	679
97	217
217	753
350	387
605	690
366	374
709	768
406	526
4	784
193	707
327	354
23	532
316	436
231	539
482	563
404	738
3	706
114	665
175	323
115	154
528	587
109	493
339	614
38	580
367	660
248	717
194	530
171	373
120	445
232	421
406	673
352	454
306	599
75	671
206	556
475	749
560	700
89	404
448	755
252	410
477	644
234	416
203	587
331	478
410	463
234	312
281	763
78	355
253	541
241	572
218	583
123	372
38	282
334	412
164	554
331	399
414	759
274	663
349	628
55	729
385	673
212	646
202	494
301	662
292	350
176	182
220	241
197	789
32	86
193	367
239	627
228	254
352	686
314	465
720	730
388	474
560	619
33	486
321	794
273	742
122	238
72	92
150	708
511	748
402	750
252	664
481	542
155	562
171	672
649	739
330	784
530	623
513	624
247	256
254	630
54	740
229	383
212	249
154	333
282	616
316	790
317	632
21	187
61	272
541	713
114	134
360	631
261	436
125	625
12	117
644	752
681	785
554	729
221	619
492	543
318	426
10	547
557	785
592	614
61	237
414	497
68	441
22	576
3	569
475	663
354	789
30	472
228	617
694	697
333	645
26	307
117	640
625	626
631	689
607	769
243	510
174	737
136	487
40	107
39	219
212	414
94	797
357	764
117	281
245	574
44	483
168	348
337	362
62	67
306	785
123	468
523	723
321	589
149	220
437	503
383	388
750	785
158	584
535	711
123	681
475	519
117	668
633	775
301	322
253	757
222	537
233	246
650	666
190	521
125	450
166	261
155	408
323	400
479	773
142	689
523	573
129	582
74	204
378	755
27	395
442	783
213	652
522	693
23	249
328	619
265	637
346	747
307	770
26	121
83	792
527	641
491	753
24	780
627	672
338	757
228	793
412	534
105	147
77	693
405	524
354	365
64	654
242	557
365	614
27	522
472	616
281	544
292	308
22	585
347	359
46	51
381	754
40	348
125	465
19	644
307	525
107	329
491	711
140	489
154	707
68	242
128	383
36	522
316	552
64	795
450	594
157	589
359	617
3	365
6	198
123	381
7	682
59	158
370	759
357	777
330	493
95	509
567	609
21	630
291	573
431	669
31	558
76	158
231	586
169	323
89	530
45	774
311	513
73	378
574	681
456	655
596	684
268	794
49	798
12	677
234	644
301	738
25	580
3	460
155	701
450	502
163	705
571	764
238	630
55	100
141	767
83	331
732	735
246	663
30	610
82	402
7	176
135	202
20	48
95	337
81	708
265	406
130	669
247	380
463	541
612	652
199	731
291	374
115	711
414	765
641	760
605	639
177	367
52	531
182	586
43	51
187	435
192	755
494	735
306	628
471	768
0	469
294	598
230	373
124	327
92	125
275	790
60	504
345	646
15	149
79	704
32	100
525	541
627	649
651	694
465	599
269	336
102	252
43	350
35	537
475	514
215	695
283	557
613	625
430	559
262	363
672	732
446	719
84	318
549	644
265	707
244	245
586	642
181	583
165	509
299	546
93	765
328	775
249	634
133	656
71	243
125	364
273	585
562	609
165	679
281	521
53	172
15	193
29	532
481	535
202	503
179	259
452	494
237	601
28	213
17	446
35	606
211	519
334	694
186	209
464	514
606	682
634	667
343	439
63	130
347	443
86	399
577	679
231	396
20	139
648	720
32	182
291	311
43	556
462	698
286	327
349	478
19	795
319	408
550	736
500	572
547	758
210	262
436	761
513	582
404	515
106	149
282	350
177	635
42	727
199	243
234	633
290	395
147	399
4	32
746	795
544	673
549	632
309	350
431	683
159	284
283	720
520	635
154	368
666	686
58	186
221	682
52	72
420	559
340	735
354	437
522	580
349	765
41	372
43	544
235	610
193	610
217	281
20	355
136	474
122	582
96	548
235	518
319	539
39	140
86	768
542	785
82	238
447	744
107	311
346	506
282	641
574	617
96	404
98	727
153	715
183	495
375	549
207	306
8	313
90	192
192	252
200	291
190	552
345	358
408	450
566	686
98	202
314	346
558	730
408	629
356	769
425	553
700	777
208	402
55	302
206	326
476	799
28	564
423	681
567	694
160	351
354	485
134	436
238	581
489	710
242	725
406	602
28	517
93	405
25	367
56	133
115	613
230	672
260	726
93	279
187	502
8	731
518	535
377	609
560	728
296	333
366	483
110	205
91	557
415	637
270	417
588	784
42	773
414	714
444	506
395	752
247	682
682	731
218	409
592	744
154	638
286	696
378	538
474	508
28	46
26	647
85	279
196	256
315	769
17	793
582	630
173	538
204	572
210	308
73	325
15	671
365	771
175	624
201	395
243	345
54	726
244	377
240	635
390	423
36	360
709	751
104	566
14	566
396	653
423	568
602	747
468	547
179	583
99	212
254	401
109	157
228	533
45	691
199	554
460	649
438	617
127	734
139	496
442	456
229	348
53	441
18	444
394	472
466	556
117	523
311	595
442	550
443	737
456	520
112	310
200	524
170	288
381	761
597	628
7	607
559	599
216	262
149	790
529	640
173	310
126	421
168	252
721	754
725	769
130	339
109	631
732	767
385	612
79	484
75	286
276	382
320	459
54	412
322	363
189	682
354	438
130	692
602	629
257	574
197	240
746	772
327	665
509	724
658	720
10	497
38	715
325	791
69	453
134	496
274	371
593	627
343	622
180	255
9	86
36	418
285	358
103	417
335	785
340	743
441	701
240	411
174	723
541	699
245	657
95	271
80	711
191	322
209	783
76	276
456	757
544	723
0	481
316	726
506	792
588	702
393	444
6	322
222	232
114	202
128	525
228	611
584	715
39	90
276	280
59	669
477	744
398	552
67	707
318	340
161	467
108	497
42	615
76	420
1	586
103	529
485	722
559	783
595	670
157	763
316	491
145	416
162	410
105	591
3	12
414	575
234	562
345	669
403	438
120	508
19	401
75	728
47	314
112	382
312	548
219	451
214	539
85	661
159	369
344	369
496	719
649	793
155	589
51	258
43	459
41	583
252	565
126	730
339	569
11	305
146	651
485	708
321	574
15	158
258	393
188	207
465	555
460	787
323	607
350	753
685	718
49	577
294	636
263	385
345	631
75	638
201	607
618	732
109	619
725	743
368	536
16	676
696	790
35	349
70	559
340	766
146	462
344	388
70	672
157	718
504	539
449	634
266	774
229	452
500	689
486	658
132	518
264	569
412	654
260	397
168	581
142	687
122	528
256	629
213	705
31	172
465	570
219	251
188	521
273	365
305	449
166	455
209	489
121	160
48	192
441	550
126	651
214	304
243	392
321	370
61	730
429	592
303	376
298	304
456	459
242	555
477	558
398	650
114	551
219	264
463	693
11	207
286	633
91	665
545	748
233	300
44	443
62	414
464	544
352	690
641	748
109	710
78	741
475	721
92	576
544	625
30	630
625	764
34	786
130	266
366	710
392	783
224	233
27	462
261	481
528	678
86	275
529	543
24	354
374	500
79	731
573	617
364	749
27	341
760	771
326	625
302	490
139	748
146	428
29	618
327	795
308	678
473	711
550	595
300	393
180	749
386	622
255	351
713	784
501	591
320	763
124	408
474	725
43	273
31	269
267	479
699	765
650	767
489	496
507	641
343	558
392	614
168	502
665	692
102	594
175	580
116	777
419	554
89	534
297	503
624	794
340	664
158	403
55	724
296	717
295	574
591	732
30	495
367	599
276	370
359	635
205	334
566	687
4	409
475	639
32	92
396	554
104	462
553	687
169	702
109	340
357	559
430	512
290	739
471	778
251	499
225	703
68	148
289	324
591	731
102	358
31	428
353	643
519	590
126	495
344	756
628	666
363	740
62	277
177	233
579	668
335	556
4	743
109	496
47	640
236	732
746	771
150	742
8	628
310	545
122	168
198	527
57	477
145	668
570	764
596	630
178	591
242	687
664	770
321	446
21	302
452	738
426	474
449	624
58	530
5	522
71	249
16	791
245	386
242	488
390	487
378	409
219	388
338	579
736	772
15	770
5	382
99	422
313	633
88	255
26	661
0	178
671	730
686	755
63	483
68	165
480	483
0	300
161	795
554	750
304	358
378	677
68	585
92	252
137	752
200	231
691	707
584	655
180	353
61	187
182	622
42	295
342	702
276	681
55	263
555	678
48	401
163	262
157	768
124	524
597	609
195	673
126	329
484	712
645	777
737	781
64	533
538	585
245	616
44	517
249	777
503	715
362	624
361	389
135	319
530	635
204	397
545	553
76	191
441	542
491	630
16	405
41	226
402	622
272	350
72	417
185	633
184	492
4	182
192	389
94	210
30	574
738	787
89	196
196	360
360	654
124	735
100	420
350	618
560	572
141	216
731	790
187	638
294	544
508	671
19	425
367	667
255	304
327	448
565	645
203	617
144	187
237	259
197	261
68	618
163	414
238	757
65	369
392	795
138	797
553	561
236	488
190	473
403	593
354	722
490	570
664	730
264	461
351	683
711	793
325	478
121	299
169	427
142	284
392	696
34	258
350	647
478	732
40	275
262	364
313	733
494	496
394	718
516	793
141	653
97	560
272	682
136	208
408	567
488	623
180	314
382	467
476	647
486	567
359	501
578	723
57	436
118	740
243	523
330	607
349	661
214	634
95	121
173	318
563	649
224	525
520	793
344	511
466	625
549	642
132	795
188	766
348	631
241	753
72	526
416	538
344	402
212	267
220	711
329	792
169	682
44	706
549	717
406	779
417	560
252	281
236	418
116	355
71	722
247	431
616	702
138	218
374	677
79	534
26	582
578	653
440	607
462	541
124	133
281	400
94	631
187	282
118	694
156	747
49	693
43	253
146	250
389	607
654	764
382	791
201	318
696	788
28	730
16	565
11	768
201	440
142	498
156	492
323	327
71	478
522	767
275	461
81	328
87	380
100	416
41	586
269	271
487	646
760	768
272	656
455	771
359	482
157	586
490	510
478	734
188	432
1	73
574	745
236	673
17	251
377	617
212	796
232	665
212	343
1	630
329	733
83	674
133	619
209	756
386	603
110	626
74	402
531	622
254	617
305	793
95	722
199	388
292	625
21	696
161	261
38	62
75	703
373	627
39	721
52	329
183	795
62	796
19	192
250	543
15	87
479	658
324	728
142	267
311	738
442	768
715	732
699	717
310	729
453	725
179	747
252	355
613	764
71	595
19	158
5	130
658	761
118	156
251	462
572	668
387	526
533	710
381	449
127	353
233	756
186	669
399	467
243	599
572	718
330	469
68	201
152	793
126	705
26	294
45	171
171	444
112	583
465	517
201	504
298	312
532	782
242	633
527	787
394	483
365	501
136	203
141	353
306	640
60	796
277	573
237	421
140	697
685	729
223	232
382	566
336	592
229	237
225	412
357	405
37	599
5	122
198	749
174	401
31	364
8	386
115	659
588	757
92	774
259	597
330	755
83	366
124	270
643	708
13	689
249	621
261	526
65	76
80	413
97	288
43	748
69	352
343	346
63	394
144	733
43	680
135	512
39	299
158	781
385	588
172	799
561	770
117	507
239	653
454	538
659	745
159	363
159	187
201	284
80	499
465	537
209	312
418	611
327	530
309	440
177	417
169	288
73	124
117	732
444	790
220	596
182	310
365	408
40	555
421	633
29	290
149	741
26	447
393	517
84	346
334	518
370	667
3	406
607	669
259	669
124	717
137	461
293	578
120	365
3	113
466	520
95	528
43	667
360	636
85	795
515	609
186	393
144	418
196	416
389	457
735	784
91	488
138	306
76	306
148	602
208	781
18	175
228	422
225	331
14	297
94	789
463	619
393	435
433	478
236	384
266	302
326	658
1	654
219	705
284	425
133	447
285	764
40	258
443	519
274	621
5	773
387	724
351	459
145	656
319	452
103	513
371	567
346	757
240	678
581	728
248	475
150	271
0	217
514	669
280	782
735	751
358	796
619	659
86	791
392	399
693	730
106	291
523	686
49	534
306	351
180	185
291	538
563	745
234	364
102	346
309	732
320	658
215	471
349	657
155	166
58	681
170	247
45	621
194	308
345	643
158	443
199	239
48	463
185	458
419	635
158	171
195	736
105	695
77	665
345	361
144	190
120	334
59	543
70	653
83	182
293	595
121	472
245	400
143	654
4	694
300	320
439	695
269	298
173	420
38	365
500	727
370	749
286	572
176	254
42	343
63	381
181	251
4	215
18	105
345	735
129	647
111	673
750	795
384	591
618	654
56	434
281	375
167	773
223	750
83	633
718	731
458	687
727	730
272	436
95	474
345	469
12	291
1	229
74	157
324	387
175	611
257	508
540	744
500	574
251	504
505	605
685	748
344	743
222	617
355	443
79	769
506	727
152	163
455	477
181	785
213	721
362	473
162	678
581	593
202	579
501	566
271	338
500	601
362	544
74	261
97	779
48	434
400	676
355	598
89	179
204	558
295	316
390	466
27	151
102	336
298	658
255	276
7	71
154	579
446	520
92	369
165	787
254	643
29	589
49	373
50	495
91	643
124	364
134	734
82	478
114	442
244	574
125	386
142	547
502	518
638	722
136	383
319	594
354	467
50	275
219	642
712	775
569	696
184	660
159	645
9	432
336	472
462	621
223	466
551	714
110	695
135	294
270	347
69	562
403	478
225	666
595	756
9	609
227	762
356	705
350	771
297	335
284	591
348	730
640	743
366	494
562	693
542	658
338	721
255	576
104	479
263	774
450	672
426	577
373	565
159	750
319	724
119	245
339	762
30	512
675	738
739	760
17	378
94	531
365	451
438	791
176	430
79	723
149	776
68	649
50	743
514	690
323	563
65	654
281	604
228	283
608	628
192	584
123	302
311	462
669	761
235	302
450	681
312	755
390	562
30	398
230	643
201	799
622	660
161	579
306	564
577	751
373	767
396	710
126	545
5	682
464	722
295	635
80	642
177	590
454	566
258	297
31	757
503	707
115	758
86	458
175	289
98	190
353	462
479	648
306	502
191	290
384	674
280	410
440	699
0	375
607	638
551	710
181	400
505	744
350	441
436	505
486	569
400	673
304	746
476	629
29	255
573	719
524	597
169	789
37	691
483	770
419	715
407	666
666	773
73	459
192	509
472	786
166	345
44	662
142	270
601	602
323	439
271	380
85	246
509	575
118	734
61	346
99	133
356	553
42	746
235	312
662	733
359	558
52	375
103	452
158	184
272	357
571	605
531	564
408	764
232	549
3	531
29	155
255	397
140	464
304	681
490	791
4	111
498	521
37	436
309	379
209	633
45	190
205	441
211	483
133	716
453	478
416	728
302	341
354	462
95	604
600	694
444	545
88	261
235	547
32	625
62	459
254	724
101	365
27	406
9	616
365	573
93	326
422	599
366	639
27	157
399	605
313	369
23	672
260	269
595	770
21	83
319	564
48	250
522	608
345	383
254	585
269	554
158	310
115	326
637	695
169	663
432	601
59	176
26	484
414	798
194	647
296	577
5	74
510	588
125	620
163	217
161	603
221	300
190	776
91	668
158	796
529	778
332	379
220	299
434	437
444	686
162	614
268	694
537	667
203	655
364	427
401	408
345	650
205	608
71	303
147	633
278	595
283	510
267	341
570	722
629	783
4	489
514	571
62	262
319	761
281	778
3	323
274	696
339	647
293	761
279	725
299	563
226	401
391	772
211	238
391	797
66	527
70	675
283	796
314	736
167	289
197	465
65	591
200	683
317	399
129	197
64	283
523	710
75	318
150	227
620	652
135	340
28	754
47	655
41	717
258	674
538	598
215	389
270	549
241	546
183	441
117	329
255	291
242	601
355	359
233	475
405	598
538	611
366	745
48	146
291	725
234	281
476	678
78	790
656	735
31	716
35	799
304	341
448	637
682	716
497	766
0	192
118	539
499	736
263	421
401	428
338	526
229	773
160	749
3	84
96	321
350	626
476	604
234	392
446	676
11	509
468	643
261	660
92	766
495	556
345	691
511	770
339	353
284	287
151	397
2	237
216	644
466	774
86	577
84	604
280	436
460	587
327	411
228	741
255	574
274	658
227	674
124	521
353	361
242	452
309	771
98	699
701	708
116	371
136	396
171	467
264	326
212	789
369	466
23	414
510	629
464	715
252	354
527	654
114	778
193	702
672	778
235	572
33	132
578	673
127	241
127	319
201	381
51	202
98	591
207	769
136	415
615	797
341	616
453	561
145	455
194	768
446	723
220	603
623	796
24	156
383	713
352	584
306	771
631	697
140	574
216	651
106	631
316	569
291	515
175	643
137	778
406	590
174	203
192	685
80	664
697	728
71	373
29	257
47	407
18	675
214	653
77	187
601	774
613	669
23	302
487	716
135	237
40	435
320	782
213	347
443	756
173	224
56	791
95	411
596	794
235	441
70	427
43	100
270	749
262	579
329	545
38	300
180	453
124	624
455	726
367	440
253	344
388	771
168	549
164	476
278	568
187	714
132	399
616	779
50	397
457	559
164	762
353	583
193	599
423	590
58	263
149	441
134	271
37	135
524	562
130	188
365	740
171	222
273	496
307	483
747	778
302	752
181	578
478	631
140	177
95	231
52	140
261	531
182	218
36	131
375	621
501	663
278	790
316	717
217	542
286	520
24	263
645	769
477	746
578	595
640	766
249	619
77	334
141	624
314	513
224	350
476	709
350	596
291	351
20	603
266	280
291	354
285	705
38	566
215	747
58	211
107	667
76	137
2	554
172	460
601	610
129	571
243	365
588	595
236	552
683	758
310	326
201	439
42	610
561	722
16	500
232	615
489	691
155	359
201	605
325	377
514	644
363	790
243	472
190	329
669	712
213	669
512	599
3	571
439	631
287	794
137	314
78	533
404	615
372	481
277	331
118	524
146	681
27	728
148	667
261	310
11	721
164	592
425	684
8	763
398	726
305	535
485	728
138	750
442	598
721	779
195	538
203	467
562	709
38	175
366	642
119	388
205	761
221	484
187	743
416	613
550	576
383	779
166	664
376	697
291	467
742	754
463	566
283	732
239	558
379	521
422	690
355	371
137	207
118	684
30	151
238	323
1	367
376	460
611	785
156	618
412	475
640	704
122	269
470	589
265	392
300	331
60	103
70	477
10	360
22	94
664	746
136	633
513	736
250	710
597	700
711	747
47	151
369	702
272	467
27	598
367	508
202	285
240	243
68	395
34	534
665	751
198	702
635	687
318	506
194	634
270	497
763	786
79	219
93	784
414	602
296	506
657	755
406	796
364	760
375	576
668	712
243	406
33	36
600	726
141	423
234	703
14	662
615	650
236	460
65	760
359	391
585	717
56	463
76	238
726	773
250	296
461	783
450	649
96	749
52	628
576	617
117	212
28	84
212	380
128	409
386	587
41	518
454	532
295	305
425	764
26	48
241	336
264	362
156	583
500	778
644	653
329	697
444	688
18	596
487	791
316	348
145	257
303	724
511	617
622	729
567	653
585	671
131	701
447	643
6	249
10	433
86	770
59	514
106	721
474	671
387	580
606	718
394	509
155	738
329	426
310	432
303	669
363	407
401	662
157	418
160	513
302	483
405	446
20	160
284	550
4	485
446	499
224	773
114	319
83	664
9	541
318	706
270	748
201	576
213	423
62	97
192	713
742	774
697	775
22	705
99	618
114	450
179	537
260	742
375	700
340	448
24	330
329	557
192	293
66	207
373	407
308	666
452	532
187	650
549	681
249	517
201	235
67	450
376	382
66	237
60	444
745	759
55	188
278	461
407	709
31	367
115	184
136	663
80	465
79	228
462	699
8	307
90	266
46	459
37	743
396	747
342	369
53	678
114	587
5	500
11	252
502	526
14	392
128	631
58	533
394	502
302	775
45	115
76	418
67	500
449	685
350	550
70	440
213	263
271	669
288	797
99	706
44	556
466	731
619	755
7	711
149	616
366	386
552	604
23	96
410	634
142	728
6	670
10	309
272	343
571	646
518	731
246	598
593	721
475	626
276	314
653	739
54	739
42	385
744	784
97	422
301	492
110	573
315	550
355	571
80	219
43	712
296	362
267	732
266	530
512	570
571	623
201	251
127	753
311	788
118	287
95	475
420	455
429	653
53	568
546	593
298	782
368	701
433	602
29	552
86	392
216	486
114	798
189	584
441	578
64	219
659	666
123	397
37	615
143	554
222	340
341	423
214	665
710	788
392	752
20	754
496	604
2	551
435	487
579	675
164	314
27	438
763	785
342	746
43	213
34	422
433	450
172	177
516	594
3	737
97	684
155	532
51	709
238	499
190	406
155	529
178	752
184	445
376	387
435	695
580	703
411	571
626	799
424	456
269	470
282	509
237	380
401	514
175	378
14	165
252	303
150	334
222	559
176	455
304	792
2	747
185	398
127	790
201	642
509	675
417	552
165	448
573	706
97	578
105	654
446	591
652	790
209	610
90	274
27	127
318	771
153	237
585	641
9	657
252	393
317	634
661	752
142	796
480	788
669	794
368	386
35	87
426	572
339	391
232	267
188	266
474	758
616	683
464	478
327	697
516	637
448	721
182	287
648	762
343	798
121	135
115	625
235	277
520	714
28	191
236	282
111	296
104	130
481	520
369	697
49	390
6	616
134	308
99	177
581	625
246	643
123	396
345	781
231	255
499	642
681	687
199	745
545	590
546	729
459	727
74	412
47	401
206	526
188	423
107	730
282	343
10	306
351	370
583	611
102	307
169	585
372	796
460	469
100	146
336	556
94	623
273	479
127	530
69	633
154	433
116	617
670	747
328	740
207	461
42	768
626	740
30	601
332	359
223	548
430	711
155	216
208	449
155	512
50	569
206	708
538	616
204	442
543	632
476	665
183	253
301	547
280	732
241	494
282	478
369	575
148	760
79	107
594	613
195	636
265	704
365	483
148	504
78	248
452	623
461	555
55	792
119	768
239	263
425	503
243	265
184	661
54	450
247	620
324	463
173	358
121	283
60	569
481	724
416	585
527	595
105	282
369	700
153	549
69	791
680	705
586	733
619	648
13	721
318	750
244	418
490	747
319	357
116	482
312	327
177	341
15	135
362	631
394	467
109	115
136	195
410	422
39	454
626	784
741	792
241	337
134	225
20	748
665	767
383	461
1	412
71	99
441	605
230	431
775	788
214	728
482	553
48	95
308	466
648	753
74	138
243	321
25	637
199	563
86	377
130	480
269	607
619	778
336	647
38	614
223	783
71	86
400	631
554	674
523	606
721	789
108	563
198	397
263	408
122	629
621	659
505	530
382	436
199	618
203	436
20	198
204	618
700	727
218	469
90	316
251	338
69	361
608	638
46	795
19	429
15	774
213	767
467	629
11	25
202	641
374	480
476	488
242	341
32	611
130	165
88	397
257	345
500	773
193	614
302	588
201	678
100	617
427	714
629	736
139	605
258	356
243	535
571	578
442	737
91	532
23	633
338	793
286	421
629	745
609	627
219	784
159	480
199	569
136	603
388	463
423	777
11	229
273	290
302	351
265	339
167	528
685	752
140	341
562	660
376	478
145	605
431	735
142	653
574	712
134	493
109	255
247	546
382	466
715	716
183	327
538	649
432	541
7	47
238	306
133	602
39	161
552	791
256	668
174	790
128	377
572	777
61	101
473	675
41	414
594	765
247	267
157	256
52	94
227	334
592	662
210	705
307	493
164	780
114	453
500	795
59	762
463	645
293	437
426	570
267	626
657	736
728	744
232	369
266	303
637	723
117	512
294	405
279	727
664	694
560	744
273	511
285	289
631	795
0	350
81	344
114	542
178	546
150	498
336	557
566	577
181	414
279	297
424	531
437	637
391	768
1	651
224	246
72	535
102	627
311	468
269	457
329	652
547	739
650	716
575	749
50	294
400	499
629	790
292	345
70	259
238	281
329	461
90	729
247	557
65	380
584	601
706	783
83	107
2	649
660	765
125	703
469	798
207	452
569	580
427	603
375	788
428	775
587	763
334	536
173	570
121	641
167	797
1	598
344	362
174	499
356	614
475	635
85	449
425	675
166	264
418	537
309	652
175	371
333	691
569	626
199	679
119	688
160	475
542	660
111	715
181	655
422	633
198	284
249	498
259	678
488	533
1	258
452	666
9	624
464	564
242	447
10	750
52	394
423	728
283	470
43	553
375	795
302	657
70	197
74	94
505	760
406	555
427	594
230	656
739	744
350	715
359	624
163	724
430	743
19	667
24	770
467	580
157	314
73	689
191	405
175	667
180	649
93	689
637	704
492	554
68	602
172	465
392	582
459	769
457	645
411	574
155	385
120	701
630	653
108	756
323	732
150	378
93	188
315	529
657	675
136	627
284	644
279	373
483	500
324	689
501	544
220	355
16	98
306	522
177	616
267	704
156	456
70	299
180	277
223	393
26	612
334	725
560	634
173	682
348	712
427	683
682	794
621	658
93	671
140	442
211	322
127	508
646	695
178	206
245	524
267	411
152	230
177	626
188	655
101	467
242	658
439	564
93	352
427	482
253	297
463	664
32	798
263	394
146	665
167	355
0	35
468	509
211	290
293	444
66	787
163	267
119	782
324	719
168	618
294	582
64	297
86	197
226	707
93	314
356	361
29	175
84	498
511	529
20	116
343	491
38	784
8	202
213	799
214	666
420	426
3	253
16	333
212	225
192	561
431	795
250	661
382	704
574	772
291	776
442	575
190	405
113	550
7	122
186	454
96	757
505	525
133	753
39	314
49	71
334	617
220	780
80	579
227	506
274	691
14	711
57	295
514	540
179	260
408	477
351	747
4	10
460	746
497	732
456	534
358	647
313	647
11	217
515	658
463	512
186	639
192	510
79	379
141	750
401	793
617	642
3	609
176	287
193	228
202	647
364	453
7	139
261	361
238	750
136	683
23	449
139	286
83	401
17	128
493	794
162	751
252	562
178	776
164	492
137	558
510	758
283	558
407	635
224	334
302	598
532	706
47	287
311	476
270	407
5	346
364	527
109	172
337	480
219	552
2	752
55	654
676	761
264	591
5	467
193	534
601	689
94	728
410	772
261	267
303	498
47	516
76	483
47	785
107	216
384	750
608	682
175	210
155	478
34	275
28	662
135	257
266	681
347	705
538	589
490	788
439	502
248	790
82	358
198	686
283	517
289	355
99	168
261	501
354	699
677	745
285	758
23	540
48	271
97	424
409	458
300	646
398	792
43	478
419	777
270	526
18	374
308	782
58	577
33	180
53	351
21	728
256	548
57	739
17	273
503	571
87	166
216	259
381	405
741	789
653	735
151	766
582	693
13	336
479	575
472	797
311	415
316	356
320	414
254	527
210	711
50	97
16	575
376	495
20	92
59	159
277	431
45	129
134	630
69	392
37	502
209	477
451	551
191	794
160	655
141	575
353	559
413	456
3	482
225	292
359	534
202	549
177	774
0	82
143	743
96	637
2	700
739	763
12	764
250	612
357	518
355	753
39	367
384	464
65	747
346	765
451	539
431	476
247	743
240	791
253	279
438	757
55	71
277	787
38	744
36	519
66	395
355	426
387	465
256	368
430	692
74	251
274	788
23	513
98	607
24	266
435	632
139	365
359	681
375	762
396	553
303	752
230	280
200	667
315	733
78	215
597	639
133	724
99	518
144	298
48	276
68	631
149	313
43	574
377	429
664	692
381	391
173	434
280	687
96	106
658	769
343	652
525	530
36	361
3	638
90	156
358	413
154	657
244	357
5	482
396	798
435	626
251	539
248	397
83	84
248	374
274	527
119	255
162	253
520	544
130	343
101	329
523	565
194	384
219	432
607	621
373	413
364	692
641	781
392	691
562	625
17	511
428	655
706	759
126	790
49	295
17	142
299	792
201	234
4	110
113	303
546	613
179	367
427	675
4	188
165	279
263	319
247	519
375	604
375	767
26	111
158	345
20	51
288	341
450	796
600	706
224	308
519	683
70	187
252	518
177	688
181	332
155	728
105	269
544	601
15	174
113	228
506	695
34	303
210	427
10	506
304	313
27	65
80	719
24	378
33	130
330	462
376	729
68	338
584	735
385	712
354	678
130	189
285	333
165	190
16	172
399	624
403	679
133	383
117	261
108	449
199	578
97	777
68	713
575	627
24	662
208	417
551	641
324	542
495	707
16	223
175	615
82	794
308	586
723	771
136	340
290	594
156	696
11	214
173	597
423	760
164	751
588	763
497	519
2	634
123	547
70	778
489	508
84	489
350	468
59	480
691	766
35	768
150	591
583	775
300	790
439	471
241	521
583	796
248	538
200	647
26	236
224	758
16	392
10	315
348	372
101	721
341	458
170	587
68	385
276	666
28	441
26	768
221	781
553	556
528	686
465	790
302	591
45	403
179	452
578	685
69	320
36	680
145	171
286	530
356	387
59	719
667	784
0	786
168	408
100	371
558	697
538	782
182	499
509	696
265	609
178	495
311	411
87	564
128	340
411	672
15	322
390	659
9	337
42	300
37	189
18	60
274	653
117	566
417	533
251	633
456	765
52	772
193	791
85	653
279	411
127	658
162	588
413	780
1	749
234	733
265	594
201	443
176	246
547	702
293	719
581	793
690	742
372	439
365	612
441	580
683	761
351	407
688	776
573	717
191	574
47	238
330	792
411	487
66	655
301	759
85	401
673	718
477	545
30	479
487	681
187	394
360	588
309	390
213	503
73	596
196	327
54	583
85	792
369	385
369	748
261	529
79	513
148	548
51	363
353	712
362	368
30	422
62	122
63	119
699	711
202	786
93	134
132	572
112	166
534	617
736	776
299	731
295	536
598	705
575	764
405	468
80	638
236	333
372	594
327	487
446	464
267	695
93	170
310	349
26	358
607	689
342	464
35	647
485	791
607	624
213	507
477	681
262	788
262	396
357	512
564	711
330	633
238	610
225	234
286	706
397	631
16	391
113	209
120	124
266	490
469	750
217	265
30	102
274	629
263	344
712	776
297	360
8	788
456	697
355	588
374	674
782	793
299	745
338	659
164	301
459	796
266	645
499	516
322	649
178	771
113	188
768	780
250	712
219	296
525	636
130	674
61	749
344	482
354	421
542	616
545	703
120	595
234	242
33	453
48	358
28	104
201	491
244	498
198	561
118	240
198	515
261	457
68	768
378	483
266	655
359	366
132	304
374	548
254	798
618	727
495	609
238	687
307	574
171	739
27	227
280	451
116	658
70	93
94	551
215	484
8	664
230	523
57	754
87	639
76	197
60	90
243	459
120	238
274	490
446	670
458	484
484	532
105	772
38	645
333	716
117	466
404	624
72	390
248	339
576	703
789	796
80	454
319	563
144	727
344	638
143	727
237	722
524	764
523	661
325	450
170	469
473	508
675	756
495	520
53	124
131	662
554	558
9	635
175	568
50	217
214	780
268	747
204	391
262	530
379	651
237	518
166	705
20	366
11	534
290	624
274	376
251	594
506	538
451	661
108	713
568	763
529	647
385	448
407	559
228	759
110	480
313	400
132	385
565	580
224	710
552	567
378	795
83	620
39	187
128	531
162	626
344	624
314	484
55	344
90	380
485	685
355	501
306	366
413	695
591	797
627	725
105	266
190	574
263	605
16	485
98	326
127	441
71	653
528	739
550	601
66	313
486	670
529	564
57	438
375	643
573	663
63	79
434	481
501	672
184	706
247	345
482	664
41	634
410	739
127	786
520	680
65	67
296	542
176	363
25	350
639	751
211	234
511	653
201	582
22	516
151	160
13	607
615	625
461	603
4	159
287	415
176	395
417	500
377	432
308	659
196	290
564	586
126	731
95	619
264	415
191	496
32	421
529	617
483	772
329	494
413	655
267	524
7	227
72	656
74	128
29	570
47	109
239	478
453	589
280	627
627	744
400	783
5	191
608	627
223	299
442	773
314	703
95	294
410	461
182	268
112	332
357	784
415	630
396	576
322	646
47	340
440	464
306	344
549	668
19	782
136	743
240	597
360	616
216	794
90	699
82	207
27	308
301	761
466	691
481	668
482	628
2	771
273	714
560	650
46	105
287	789
136	332
109	374
105	520
194	563
511	572
488	753
298	736
176	220
284	722
206	315
396	601
433	720
66	359
193	362
370	513
468	795
62	324
100	641
7	775
243	569
186	565
113	657
434	592
14	773
145	153
434	686
337	380
526	741
147	459
52	286
383	384
462	612
333	560
359	640
256	311
278	492
254	255
31	380
202	702
114	408
333	702
468	616
721	769
39	217
541	746
207	249
359	679
102	455
354	665
2	453
489	628
547	735
325	409
47	591
227	279
41	341
500	664
184	337
447	572
52	761
220	601
267	564
151	340
35	201
59	662
374	580
219	587
70	262
173	697
286	439
37	735
87	350
239	422
425	618
149	443
177	470
378	597
647	729
454	459
189	445
293	326
286	376
308	670
311	437
82	456
237	544
247	636
231	389
433	563
413	573
541	683
216	751
195	284
617	796
46	58
370	523
485	772
212	765
490	512
458	529
211	647
429	566
255	270
425	464
511	628
70	385
347	478
708	734
575	783
38	368
405	492
282	299
294	724
17	681
138	518
465	784
267	697
1	635
37	619
264	582
361	698
34	661
255	383
153	799
167	514
416	759
620	686
23	766
44	755
244	646
161	190
64	767
37	453
296	727
88	567
146	775
123	392
305	712
228	557
453	730
301	781
100	790
540	563
123	312
720	759
59	297
745	762
397	694
199	742
432	624
583	655
612	653
291	371
292	310
95	692
163	535
265	772
101	773
363	597
340	428
387	793
504	519
124	793
166	424
77	794
327	674
691	791
499	794
324	593
314	530
114	219
434	452
309	469
16	549
155	471
80	676
517	752
439	703
333	792
685	737
340	719
111	378
594	757
533	640
359	705
572	729
518	607
81	253
342	423
337	591
610	786
123	474
173	605
280	360
278	303
92	412
239	673
651	777
474	641
176	581
394	415
340	357
535	702
596	730
454	471
280	384
338	796
184	572
416	500
132	335
482	492
313	636
182	262
522	528
340	686
77	536
629	731
43	445
338	373
528	615
200	461
181	734
397	452
632	643
123	661
165	683
182	794
445	596
150	501
123	798
113	314
226	587
403	487
54	570
274	618
141	571
265	681
97	264
174	232
223	368
291	751
524	629
36	581
19	460
112	271
56	500
65	682
232	715
247	347
340	490
205	246
593	688
12	352
638	673
328	745
207	500
566	676
470	701
306	482
219	530
308	432
29	169
58	584
82	572
40	507
82	788
419	771
116	648
444	775
569	675
163	720
384	765
249	446
359	535
387	516
240	456
107	250
138	238
344	673
106	648
282	659
188	514
278	510
410	780
686	702
33	722
311	673
491	579
303	621
245	560
366	588
433	616
193	377
199	721
218	241
62	768
154	584
66	182
391	740
452	704
112	458
355	596
238	686
270	742
259	741
614	749
19	113
9	722
529	685
190	235
133	217
253	748
315	413
116	178
372	697
503	628
179	599
106	139
484	651
395	609
255	293
651	684
158	301
223	382
51	696
39	87
190	454
343	715
450	617
480	756
125	515
74	751
7	527
45	365
269	499
256	611
12	19
60	252
81	558
393	454
348	433
139	280
89	698
322	594
366	781
496	648
162	385
112	549
275	616
49	637
300	478
560	663
203	233
114	615
561	621
482	577
342	767
44	389
327	360
99	300
218	432
74	305
482	798
145	695
241	531
16	713
636	657
152	270
746	766
218	386
502	649
61	388
269	743
98	781
90	562
660	699
140	379
329	509
29	66
81	778
153	410
188	575
211	423
406	520
297	512
392	411
74	161
362	742
64	382
526	579
208	765
494	610
321	759
117	344
232	416
434	545
168	341
266	649
312	703
263	404
376	621
72	204
75	684
209	450
166	762
602	766
463	633
100	779
86	355
2	799
349	734
605	627
601	780
527	606
173	342
496	789
193	514
70	733
36	253
115	404
460	763
106	574
188	522
47	633
478	703
394	728
431	490
176	374
375	632
115	786
70	104
306	547
165	727
403	612
711	795
319	729
135	252
201	212
285	520
572	676
161	215
291	346
112	607
373	793
214	710
263	702
106	337
499	665
172	317
45	453
504	546
197	534
554	740
194	267
422	530
41	559
108	573
354	389
284	711
226	479
257	781
29	102
24	129
19	119
301	639
215	410
385	575
42	628
537	711
55	359
196	667
435	654
8	684
372	711
333	748
81	296
206	597
247	586
39	799
526	571
133	404
370	683
519	660
344	481
151	624
257	595
28	313
436	790
191	267
370	456
36	331
275	295
12	613
393	446
115	617
203	615
323	509
545	692
392	703
190	279
82	541
15	390
286	566
135	504
177	296
509	542
162	602
107	511
269	418
614	630
604	798
406	514
11	405
535	699
10	341
98	547
344	441
273	708
129	154
314	612
512	684
72	325
346	347
292	439
201	542
189	315
90	472
683	779
419	682
317	795
98	437
71	547
288	687
186	251
319	329
74	750
23	252
154	671
92	445
356	464
230	786
533	605
17	267
512	552
97	297
373	519
741	786
326	561
770	785
96	785
355	778
626	762
96	760
73	133
191	480
193	263
174	208
370	666
278	454
433	435
121	162
220	518
614	638
502	779
415	743
411	505
54	435
56	275
272	283
23	579
321	582
69	753
90	710
39	327
318	612
570	648
229	583
218	605
619	768
147	677
458	492
247	792
220	258
576	613
508	692
537	571
7	274
169	794
73	749
78	155
380	557
42	235
203	658
149	294
243	278
338	782
27	551
20	377
42	589
175	414
134	451
318	483
533	579
274	515
44	301
18	233
314	729
71	356
170	501
221	476
641	776
54	422
4	674
295	789
631	796
564	704
370	511
330	676
219	280
287	653
263	691
52	729
175	227
162	691
498	535
180	205
123	439
479	526
551	686
201	710
440	702
313	642
139	522
137	234
211	406
113	136
445	504
161	791
26	530
102	459
76	389
46	240
153	793
188	365
457	482
227	706
399	637
116	330
144	652
376	444
161	601
232	534
148	709
470	747
102	788
228	701
556	758
188	556
612	623
173	625
281	417
321	500
47	564
252	349
727	769
78	182
418	434
166	189
481	488
368	454
250	583
250	319
45	178
331	451
471	531
667	708
441	600
140	644
164	595
319	750
229	372
391	628
414	632
34	664
342	661
237	310
691	755
33	629
326	617
221	361
301	485
307	697
94	686
539	548
549	782
45	586
208	488
196	217
98	522
13	422
117	577
625	765
580	752
275	636
51	799
558	640
203	224
124	613
600	732
469	498
238	785
12	343
83	173
696	740
632	674
7	531
596	742
344	787
441	458
127	782
387	790
494	699
245	428
117	158
440	459
104	343
45	486
642	692
285	609
236	260
263	602
506	609
492	625
265	756
219	666
549	663
284	331
487	798
14	72
665	668
465	635
300	642
266	568
149	189
92	223
552	741
349	503
468	695
462	632
480	774
48	592
227	445
322	507
472	521
607	649
161	170
394	567
51	613
233	618
132	474
324	418
155	294
343	748
44	363
14	74
192	776
551	762
74	566
189	431
385	490
347	750
24	308
453	697
224	592
202	465
60	276
537	699
83	614
442	448
227	449
468	631
216	725
342	783
434	479
136	527
78	574
91	261
0	417
190	368
382	662
184	525
57	690
89	680
377	701
346	518
64	692
206	542
228	367
244	700
394	479
336	563
207	431
33	215
348	769
161	742
555	576
207	694
255	770
174	258
206	561
215	264
652	690
207	725
329	482
68	237
326	652
102	443
683	719
379	390
444	703
85	693
122	141
24	715
646	778
39	283
626	704
403	597
87	784
470	666
226	267
204	673
154	751
98	102
363	583
530	782
204	418
254	423
338	580
332	490
56	440
401	443
239	778
54	185
345	653
336	338
232	254
3	241
362	494
168	344
484	700
292	661
389	716
195	314
378	445
576	730
368	788
175	336
62	166
68	183
166	295
32	583
536	747
407	432
591	678
317	641
498	524
6	609
48	649
100	408
214	271
204	483
110	502
148	737
383	416
177	549
52	551
615	707
24	564
366	658
74	175
135	231
502	601
211	497
69	438
561	610
34	374
502	756
176	743
285	492
251	280
461	562
122	434
106	327
365	394
266	714
81	723
666	689
108	252
214	263
555	689
225	230
329	768
276	385
465	669
155	258
409	427
98	312
391	585
527	614
226	575
689	735
58	585
76	508
666	703
62	65
533	601
560	731
338	658
124	126
300	371
202	346
550	565
363	741
545	644
426	439
174	483
561	725
326	654
357	486
507	558
111	113
89	730
483	524
169	363
164	438
262	704
255	524
135	674
55	317
31	141
362	797
355	644
548	665
450	560
162	787
44	329
31	84
148	273
393	792
160	406
562	706
457	567
410	761
551	793
294	606
207	609
198	652
170	291
642	709
260	589
297	516
6	330
290	547
367	611
514	626
339	757
218	578
681	715
409	472
615	631
328	549
540	673
450	515
578	770
34	635
319	726
134	703
72	470
134	171
343	681
257	672
59	605
301	723
14	244
100	268
23	97
447	759
276	279
483	664
186	236
159	467
328	453
119	240
198	228
722	753
293	639
151	492
194	710
324	727
385	732
287	339
430	783
464	727
313	619
489	648
585	591
342	672
507	794
75	276
348	352
164	607
225	493
108	326
10	133
625	771
57	526
182	300
167	600
194	711
493	554
221	566
156	721
88	292
415	622
636	641
231	603
97	187
160	279
429	569
516	688
56	246
162	448
124	188
250	795
364	583
363	493
119	160
232	466
242	639
309	571
733	777
694	756
187	784
608	796
106	733
284	291
26	441
112	545
593	661
173	212
567	606
714	789
8	739
145	366
28	531
55	548
362	653
147	734
502	693
37	283
40	558
26	767
100	308
543	609
389	431
293	361
420	615
408	756
63	233
30	702
70	342
44	624
572	770
104	306
312	365
565	672
666	726
379	621
154	429
138	520
486	743
89	709
417	753
85	665
171	501
150	413
155	485
48	153
335	488
134	695
13	672
164	637
193	510
154	582
292	463
367	463
194	281
390	711
63	224
502	505
453	721
314	414
80	555
255	582
283	324
493	541
712	780
127	328
118	680
122	395
274	612
209	562
239	757
240	516
542	591
300	753
43	209
128	353
186	407
298	494
184	611
16	130
583	687
11	491
7	567
347	699
207	396
163	669
95	287
2	8
189	601
329	615
504	687
241	715
501	656
69	360
1	315
283	541
611	652
139	550
295	308
44	194
530	620
517	669
213	589
19	666
179	301
688	760
28	287
178	313
458	499
216	363
95	578
188	717
514	777
519	578
460	493
185	452
53	670
261	365
365	712
576	790
463	494
43	718
53	271
98	693
215	661
654	695
259	703
162	466
189	240
340	582
40	648
463	615
232	656
561	598
537	657
34	583
45	546
240	423
582	726
435	566
491	572
358	542
234	421
95	145
109	712
195	221
563	781
453	649
46	378
193	430
615	781
235	751
7	238
101	354
138	149
311	455
281	634
33	378
617	779
176	319
417	468
130	634
235	734
83	286
277	730
528	749
259	702
433	590
187	662
309	757
286	687
500	787
100	303
58	157
484	641
563	788
459	649
389	749
276	709
467	508
94	221
261	764
192	348
329	617
428	451
303	370
468	545
15	520
212	587
249	459
9	741
203	263
163	562
15	277
549	592
74	533
636	743
257	372
128	391
414	435
55	282
468	641
340	435
558	572
413	753
46	654
175	652
14	609
416	659
392	441
212	625
81	526
117	248
602	765
727	780
34	60
100	388
48	194
365	468
74	244
70	607
622	720
402	583
438	624
339	793
158	370
221	377
68	663
42	750
112	424
527	745
63	364
96	149
105	533
26	293
174	235
203	355
313	516
316	388
62	294
473	510
552	703
444	622
437	594
112	655
283	352
344	657
533	727
188	451
273	660
403	533
260	267
343	423
124	791
671	705
619	795
19	266
562	715
581	649
180	616
207	213
144	207
36	482
110	389
625	738
288	512
409	682
40	762
158	787
392	702
22	169
72	307
162	227
434	559
324	663
461	707
374	635
237	261
106	757
1	269
429	582
227	439
82	743
480	705
718	764
377	542
382	655
373	564
58	276
160	744
154	214
148	634
5	279
120	430
142	384
386	760
240	539
151	670
353	588
79	434
723	782
174	562
316	653
393	547
5	776
375	487
524	693
256	351
47	533
364	417
22	24
608	715
498	597
223	479
10	302
492	694
240	525
166	769
264	597
226	525
168	631
41	147
557	559
123	572
54	257
198	423
100	345
154	337
540	624
432	521
56	286
322	508
12	712
297	690
231	791
651	787
13	397
453	585
160	659
193	403
270	384
447	466
420	658
274	435
467	732
58	453
207	489
274	340
84	514
57	740
76	748
157	513
135	148
173	355
26	381
188	515
397	471
193	436
243	330
323	795
469	692
217	277
235	356
29	243
180	320
368	610
623	701
446	663
25	565
407	548
326	572
548	561
198	287
344	355
157	441
402	739
278	397
8	506
367	750
237	573
156	345
54	671
341	395
71	115
359	642
424	587
225	337
662	703
445	466
655	665
90	658
503	741
445	451
186	457
152	349
539	542
362	737
110	142
216	315
65	108
176	288
5	403
76	350
582	638
13	28
222	462
476	605
244	642
159	696
182	719
2	660
343	508
434	575
264	618
58	351
257	339
250	290
214	722
22	711
367	794
348	652
53	356
364	370
132	316
190	311
707	734
217	441
24	43
440	765
270	598
145	336
167	691
76	435
646	740
463	469
355	747
81	770
535	725
1	691
132	570
422	470
8	713
58	126
349	779
509	512
252	327
276	649
36	734
382	478
188	529
487	794
406	494
370	490
47	152
23	68
359	630
680	787
125	523
19	681
637	769
342	450
26	267
279	718
202	624
592	628
505	509
533	700
659	679
93	414
298	517
523	619
654	781
742	768
359	592
130	736
151	519
563	735
390	752
168	734
66	788
700	716
400	703
35	689
149	795
691	749
275	606
21	566
57	188
428	640
296	607
24	404
203	207
10	463
225	595
82	215
306	624
648	736
269	394
440	654
217	308
497	604
766	774
133	438
496	741
49	581
175	530
85	583
130	437
92	628
60	210
324	653
224	515
303	393
26	778
170	574
234	679
208	575
368	783
247	577
542	733
623	725
399	646
460	564
488	734
27	360
501	502
519	556
767	791
330	459
554	708
214	723
126	598
111	742
84	184
302	347
66	677
458	569
378	772
295	639
185	590
484	541
767	793
147	230
220	612
86	543
52	374
163	337
136	560
63	521
54	72
126	734
1	185
41	744
183	361
218	240
551	566
516	744
94	742
615	616
23	656
713	719
405	655
382	755
47	494
467	502
517	748
223	474
676	767
349	652
336	757
474	631
564	784
150	455
14	68
616	692
428	434
450	464
574	724
570	790
25	183
292	605
373	798
86	414
48	184
158	469
180	187
3	412
434	708
174	213
178	380
442	759
617	676
261	625
401	775
10	343
65	518
349	651
648	656
415	623
182	791
161	186
122	799
148	797
594	782
664	685
184	739
168	615
308	576
32	112
158	231
213	747
32	395
537	756
203	507
656	759
725	774
290	416
35	415
478	739
56	787
346	444
696	703
452	582
357	554
138	506
661	761
196	731
298	688
9	45
69	756
168	712
628	740
105	610
465	761
336	537
49	702
90	579
129	501
373	495
447	590
140	431
256	754
129	345
227	749
118	289
587	609
217	743
383	565
368	528
176	549
245	504
225	685
353	371
367	560
262	287
32	430
170	548
346	598
326	417
14	759
318	647
61	638
33	282
23	486
204	730
329	331
267	740
469	740
103	760
696	726
241	512
188	386
360	366
67	374
104	128
361	413
174	597
77	739
217	718
538	767
417	718
254	453
193	219
149	440
547	571
184	569
351	788
277	305
437	617
435	658
1	556
250	389
78	712
44	328
172	608
2	426
88	100
40	133
2	18
403	760
342	406
280	421
385	475
268	373
9	119
425	443
366	529
745	794
576	722
24	269
58	510
520	768
561	776
252	413
201	573
43	183
40	182
329	511
718	757
397	494
391	677
570	662
413	564
375	537
705	739
72	140
607	771
135	598
305	501
384	440
279	752
32	783
178	737
106	425
313	770
239	471
342	776
47	436
329	477
144	303
299	389
176	340
201	671
550	553
41	92
98	321
352	791
276	614
146	268
209	370
422	612
198	437
546	584
285	731
345	795
140	703
649	675
188	664
477	583
278	675
145	367
321	747
200	420
27	61
209	755
420	515
378	732
53	76
574	698
119	389
593	650
332	340
109	312
576	657
121	483
195	265
208	649
423	751
513	691
560	691
175	705
553	572
490	744
317	593
416	522
33	485
320	432
95	543
248	699
608	626
42	565
329	683
400	411
165	431
702	745
44	180
319	648
350	671
135	754
65	794
244	316
125	205
354	710
590	634
22	362
191	380
151	258
42	358
211	782
79	172
134	372
66	174
152	404
497	567
20	431
347	455
135	174
433	753
150	244
105	359
593	600
203	789
467	650
387	613
429	610
79	374
402	520
333	350
351	480
362	511
558	666
481	756
581	755
326	673
144	717
174	552
273	780
233	571
144	552
53	455
170	184
82	191
225	741
212	571
35	559
427	543
305	758
203	205
164	353
251	619
239	506
285	479
486	639
27	688
93	637
273	339
120	452
622	662
256	406
90	785
17	659
164	361
313	797
637	759
359	611
142	234
95	103
21	640
424	648
528	579
502	544
380	708
446	647
170	588
352	471
221	350
167	748
218	222
250	487
513	697
359	453
133	338
366	514
237	251
108	686
9	184
55	783
165	627
475	491
513	747
74	384
499	626
85	467
259	642
161	360
154	293
42	554
132	761
395	766
530	650
146	215
364	571
78	448
7	314
175	747
363	644
120	260
219	716
606	698
228	232
100	514
15	724
5	622
614	758
340	655
85	786
170	360
173	198
334	493
234	544
173	578
625	745
524	624
392	543
46	217
275	294
346	457
152	594
44	742
520	600
142	695
47	118
262	478
33	543
116	778
51	255
560	799
569	793
429	780
378	441
127	435
14	395
39	653
100	110
554	719
130	611
428	461
198	568
322	424
226	776
378	411
389	579
101	478
239	309
213	249
206	536
68	138
580	767
435	449
366	715
133	465
114	769
232	740
213	763
398	635
102	175
655	755
225	301
158	734
138	775
138	437
87	736
23	119
41	709
639	645
127	292
368	688
583	702
487	642
324	363
138	723
308	477
42	66
419	525
236	696
415	443
300	488
683	705
53	299
408	795
88	248
375	731
111	120
519	605
345	724
30	540
226	690
190	243
155	427
167	459
5	349
159	287
224	675
58	543
178	273
292	689
346	702
732	776
469	598
325	390
26	641
219	344
24	195
202	352
358	527
619	655
200	776
63	222
294	784
38	569
401	776
215	307
376	783
71	571
107	146
737	762
335	448
23	793
427	574
237	427
0	76
20	663
134	176
487	507
400	680
102	243
274	394
178	201
443	797
379	531
198	661
116	748
372	556
380	536
419	523
73	78
391	774
51	272
369	737
199	400
61	400
288	530
180	402
55	571
236	597
483	767
408	462
148	790
505	544
90	247
506	527
466	506
578	705
436	739
203	659
495	629
46	62
243	340
290	793
237	481
300	599
173	176
97	302
81	433
90	174
734	789
613	662
403	455
680	696
46	530
584	692
213	363
261	500
693	751
10	545
0	64
107	241
471	681
206	504
55	333
647	731
300	439
389	498
215	301
286	619
709	791
200	441
140	731
155	348
394	614
38	319
100	195
26	258
288	445
106	151
133	251
93	239
273	624
169	420
290	534
36	750
187	484
0	431
224	711
216	286
297	650
360	624
607	794
191	476
466	650
101	782
275	598
357	736
46	159
761	775
112	286
375	522
125	138
142	222
151	450
241	604
184	411
181	702
227	644
68	342
571	574
301	335
481	544
633	639
351	402
433	624
546	747
227	303
411	766
622	668
271	377
142	418
354	654
522	666
400	414
226	511
404	506
332	354
582	683
170	352
57	408
383	781
247	574
75	645
186	289
258	281
74	250
237	761
376	491
649	664
562	790
345	542
216	642
72	567
181	469
44	49
143	498
6	13
165	719
68	351
61	595
56	231
124	215
21	250
438	681
682	745
6	606
92	400
44	402
304	370
87	314
131	510
52	566
120	204
24	669
515	653
239	460
203	265
151	691
87	298
424	621
7	322
92	598
25	314
158	718
377	670
175	606
505	786
213	636
692	791
646	709
595	768
402	708
105	342
235	295
319	557
6	151
393	516
148	721
423	784
99	189
437	508
212	319
569	743
492	693
30	542
437	640
177	332
654	692
307	674
206	626
94	254
405	550
301	452
71	610
57	105
170	730
363	512
195	217
49	269
351	640
383	652
19	409
145	710
6	786
69	569
280	405
225	394
158	667
95	421
113	286
560	716
333	791
703	776
115	588
473	601
67	215
20	229
65	421
442	751
306	549
14	287
136	356
218	618
473	661
376	662
68	175
41	445
163	770
25	257
159	331
189	638
516	669
202	675
345	507
125	644
218	785
553	777
141	169
458	502
324	750
108	340
219	594
70	214
83	747
76	294
617	725
3	100
338	623
575	743
431	791
395	526
410	481
623	674
11	118
439	592
161	410
146	707
29	730
427	454
582	605
243	562
559	571
62	210
362	486
430	739
317	789
475	766
201	376
224	706
717	773
148	452
14	214
351	595
125	199
26	223
87	287
506	656
499	661
115	161
246	709
190	207
317	455
67	94
239	377
10	757
97	667
230	494
31	432
174	200
452	682
412	619
403	637
503	556
458	606
482	533
590	613
390	649
53	487
93	317
249	588
120	593
117	715
126	756
97	609
139	652
12	648
116	342
179	434
342	351
136	450
172	470
5	193
29	686
168	646
144	708
456	599
275	299
312	564
537	633
134	799
247	795
203	345
34	250
359	614
182	634
657	753
365	679
146	492
192	700
148	556
104	184
25	768
369	382
237	597
563	665
348	586
49	580
139	574
547	663
79	568
43	142
126	219
355	774
578	663
145	457
496	675
102	298
137	764
271	367
355	612
500	750
371	656
579	663
39	554
376	612
47	52
384	729
63	750
290	380
368	421
346	411
209	604
267	757
206	246
104	697
347	684
57	458
35	385
22	162
283	457
330	711
13	603
223	399
301	570
260	495
535	791
223	318
780	785
9	406
382	601
323	652
218	387
351	485
67	174
453	587
555	792
466	572
440	781
509	616
74	403
43	391
15	165
530	762
178	326
10	785
209	785
402	495
30	60
71	357
397	578
351	717
375	566
384	438
279	543
108	111
379	389
316	458
67	758
60	166
61	264
139	203
51	704
127	306
490	526
276	358
738	772
61	418
274	296
6	9
167	404
297	497
112	253
274	449
210	673
34	401
27	310
448	652
198	609
24	285
72	207
149	378
55	559
130	476
394	433
268	289
560	571
367	468
503	614
283	393
74	115
380	721
25	413
253	643
65	402
130	364
323	372
97	452
440	570
775	799
58	590
553	678
337	737
190	463
356	665
646	683
397	602
551	728
230	380
471	573
73	228
411	558
265	290
362	682
161	452
23	319
310	573
664	733
403	411
116	381
277	370
656	773
597	730
175	456
0	170
472	545
97	112
74	722
252	299
134	790
45	371
637	646
6	705
593	658
192	464
97	290
234	523
109	754
156	625
560	671
190	635
62	762
138	508
99	225
166	448
691	771
30	215
89	535
268	476
254	758
136	443
35	603
378	644
144	564
433	502
481	633
500	604
79	306
553	739
574	759
566	751
627	694
611	701
301	372
119	576
220	522
4	66
286	569
301	332
527	586
485	535
287	604
52	445
651	679
215	579
188	753
218	650
118	314
598	619
190	261
6	430
428	772
696	717
220	659
509	714
534	542
403	472
109	753
627	790
111	362
214	281
330	510
596	735
445	719
87	723
231	552
492	798
244	481
38	472
81	265
328	464
82	419
403	457
726	786
481	766
193	473
167	473
617	722
61	371
664	758
129	298
181	224
110	757
71	492
199	443
232	394
142	729
10	698
290	603
162	661
365	377
248	625
118	585
124	176
525	543
60	188
602	610
114	692
651	715
88	465
125	229
101	491
534	591
312	645
531	669
163	666
145	572
126	220
3	711
282	681
388	547
453	759
308	505
136	726
477	584
126	321
303	398
44	159
268	645
155	680
38	211
53	681
503	791
391	743
127	562
194	591
138	403
190	467
214	551
16	737
66	149
82	439
514	698
29	219
627	705
206	546
120	756
35	75
170	381
188	252
569	655
43	499
366	703
85	581
232	734
59	433
534	701
190	788
627	637
291	753
252	253
616	704
485	730
367	511
552	650
54	148
670	777
100	621
50	757
223	383
385	426
607	726
437	530
396	525
90	712
527	760
208	479
285	423
235	297
92	286
385	576
133	363
603	751
356	436
488	505
284	399
12	462
183	483
17	798
37	357
516	707
116	202
270	558
244	621
7	243
153	740
204	635
93	411
215	733
194	605
397	579
244	643
54	650
451	556
124	623
377	675
527	719
75	566
234	591
434	690
211	232
393	694
134	656
184	680
176	349
601	633
529	559
397	537
70	129
604	751
214	499
434	787
207	385
125	287
439	688
272	397
168	441
388	399
292	391
298	626
72	156
95	473
353	630
23	76
158	498
182	447
174	438
232	723
369	514
400	556
174	446
34	327
253	529
50	383
83	163
255	348
502	585
413	506
464	506
219	658
313	316
585	652
124	383
513	709
302	668
728	760
236	400
190	287
340	390
11	665
362	747
721	786
400	669
586	695
129	477
107	513
92	251
604	706
41	475
37	649
381	576
721	758
524	753
510	520
260	533
230	757
84	86
3	194
169	746
654	759
157	744
199	360
10	270
253	276
437	625
384	583
254	584
503	797
104	674
379	714
486	712
448	748
58	355
487	551
145	607
290	480
216	771
505	796
250	400
99	486
454	623
109	491
67	91
222	618
484	602
364	581
431	547
113	330
414	429
394	432
294	660
220	677
467	568
5	77
14	653
441	547
140	299
333	743
226	252
582	656
42	426
16	488
243	798
473	584
350	561
167	651
286	765
131	791
160	237
108	548
163	498
322	596
318	337
169	344
343	688
42	116
81	401
232	782
574	584
243	661
297	467
347	783
324	568
222	545
223	588
358	493
225	742
234	712
291	714
312	788
29	702
109	424
319	573
210	572
74	288
26	436
10	166
115	177
16	705
690	741
7	309
453	566
17	178
405	697
311	480
451	771
105	331
596	608
358	714
267	346
192	226
317	520
499	684
327	432
99	489
60	208
145	688
201	719
525	713
44	677
306	605
87	408
368	576
226	371
527	725
33	397
253	605
229	481
126	258
383	663
132	711
73	550
569	735
200	447
237	646
29	303
241	331
391	526
687	725
567	666
151	472
166	377
234	603
468	746
259	325
241	387
672	739
230	511
240	265
147	471
487	645
92	474
284	780
512	669
9	771
426	791
162	541
568	695
32	438
48	371
641	727
441	480
21	585
560	738
75	133
163	786
399	697
249	397
655	656
177	607
284	546
366	672
304	646
223	363
39	116
69	188
32	676
250	574
218	707
39	453
144	555
128	794
130	500
202	355
118	417
129	251
131	500
151	660
62	700
32	34
385	774
588	723
205	702
512	705
153	497
634	770
400	432
119	731
589	615
49	391
393	742
497	734
269	408
39	660
0	245
340	545
260	753
100	119
717	722
20	250
16	325
745	799
640	776
449	506
157	544
314	510
467	763
28	141
220	388
217	564
1	503
59	90
170	620
5	795
495	691
92	656
99	165
407	553
4	56
232	349
285	362
143	255
615	644
264	430
186	250
391	416
71	406
51	615
43	332
0	635
326	749
496	785
67	792
151	422
323	526
174	622
393	527
284	634
706	794
393	657
102	302
646	729
15	751
180	700
667	692
25	34
178	255
77	416
96	797
103	409
112	799
464	624
84	474
300	547
233	733
102	156
637	763
106	562
125	305
444	602
52	154
162	507
64	521
198	591
349	720
241	404
429	689
308	641
401	788
6	745
2	292
535	738
112	654
115	485
550	636
147	671
149	340
161	478
405	720
353	512
591	754
626	734
23	359
458	670
23	517
98	176
104	119
21	45
659	741
209	451
173	744
227	253
113	758
198	273
426	568
213	398
300	466
698	721
214	258
76	343
170	308
612	771
468	475
56	190
525	797
212	470
227	587
36	107
241	666
235	596
346	462
173	319
553	699
513	775
382	524
74	300
645	687
285	427
532	551
277	664
82	579
579	791
282	696
104	426
416	762
70	750
0	199
246	565
375	682
149	550
19	193
332	684
201	437
588	741
507	547
242	362
481	685
485	608
114	391
167	491
22	544
49	721
83	621
389	549
14	351
182	706
601	612
363	392
155	323
191	499
193	491
423	706
497	562
147	258
372	499
485	679
76	651
688	745
194	305
446	521
331	470
275	599
135	488
255	742
287	571
326	732
406	624
49	471
276	298
172	728
79	169
6	99
87	215
45	556
468	476
593	690
177	435
87	256
175	443
216	359
314	595
78	213
267	335
18	319
424	508
626	792
350	470
74	438
44	748
476	511
32	767
204	681
594	646
364	447
134	204
208	247
102	723
48	550
317	397
218	623
226	730
509	535
400	549
2	364
434	685
11	380
494	674
523	791
379	567
459	773
272	501
230	344
259	545
184	734
431	751
29	358
48	116
159	357
770	787
69	694
52	420
463	793
437	575
340	525
408	634
198	767
673	783
198	731
75	414
215	485
433	730
80	311
127	421
577	613
279	513
409	616
646	771
55	686
0	351
293	695
311	712
259	798
76	578
479	695
482	524
235	772
28	79
423	771
742	798
692	717
43	567
406	528
29	638
4	300
488	660
248	784
163	657
675	780
456	481
80	123
48	379
96	670
221	426
213	740
549	687
670	718
319	490
637	644
693	798
758	769
130	665
5	603
356	794
566	599
9	105
688	799
33	710
59	287
588	694
45	761
20	117
271	400
197	380
62	504
677	766
157	383
47	717
590	753
219	655
49	368
152	415
394	738
130	680
125	563
206	608
139	621
21	178
308	716
248	342
380	635
2	21
103	617
40	197
503	551
36	403
239	799
339	736
66	223
82	640
78	339
332	635
336	566
272	561
418	773
34	679
244	652
313	646
12	51
224	319
251	534
132	534
8	665
121	279
86	539
274	388
100	399
119	622
267	495
189	268
529	534
127	174
370	783
601	761
388	534
364	474
182	195
380	750
244	547
636	715
113	792
129	540
89	309
337	636
25	701
34	61
465	656
322	445
376	703
125	403
159	790
115	180
112	269
145	735
362	599
44	146
687	704
61	358
298	321
336	611
98	379
4	415
210	701
279	625
314	591
218	376
428	583
268	438
348	431
149	412
302	656
450	647
109	603
64	468
174	595
90	458
56	391
379	491
272	643
263	783
605	686
68	504
369	708
327	510
151	551
654	798
228	546
345	640
348	660
308	473
202	212
334	676
1	428
32	668
322	323
91	787
695	705
181	619
198	342
41	493
6	253
59	577
356	625
276	727
170	435
175	792
41	738
547	760
76	680
7	76
379	520
168	181
152	635
275	580
245	571
355	705
110	699
428	779
333	712
259	755
259	704
90	443
249	626
90	265
49	758
488	628
94	478
353	736
564	569
464	574
355	694
6	791
63	760
303	786
635	762
121	305
311	542
26	486
200	505
104	247
701	759
481	596
29	275
139	230
247	507
128	500
408	735
90	782
333	782
149	516
31	646
281	677
92	321
151	481
285	453
311	651
585	679
233	727
6	665
143	543
557	577
465	663
202	326
350	503
574	606
442	480
223	377
729	769
247	264
415	428
191	489
360	469
198	573
26	305
138	749
43	82
130	192
170	176
727	786
157	337
297	379
107	201
41	98
425	707
473	595
279	558
552	556
403	537
226	335
222	547
294	314
350	535
412	663
55	591
140	152
296	770
188	274
349	763
531	540
191	626
529	723
424	611
122	771
143	524
387	749
238	794
167	598
538	554
67	405
207	729
249	681
111	260
39	93
248	778
531	666
37	772
265	754
7	657
98	344
45	384
238	251
126	441
226	391
181	618
147	654
329	357
473	565
27	80
51	239
197	209
122	654
583	610
292	521
74	338
55	375
223	539
146	641
26	646
692	700
363	463
186	740
272	580
42	765
198	758
202	227
143	550
76	116
34	795
96	166
11	347
22	194
144	338
450	668
426	708
212	580
337	621
198	206
38	531
251	722
636	699
260	750
172	343
187	287
114	598
25	158
26	732
213	316
387	740
59	324
149	661
176	682
76	160
119	702
16	300
171	780
60	780
362	771
261	564
113	267
46	513
75	545
16	343
145	537
52	75
432	584
487	571
153	702
378	705
78	349
31	647
124	371
409	719
109	773
437	702
394	495
48	781
129	628
247	755
362	741
23	779
153	467
152	321
460	560
117	601
409	776
391	547
116	452
417	663
618	672
190	525
416	575
395	440
348	535
55	374
48	777
711	794
532	635
181	782
350	549
239	387
414	472
247	643
413	693
34	624
308	632
185	210
167	375
109	657
383	774
146	398
454	728
245	715
95	699
352	781
389	734
92	131
86	735
135	414
135	735
3	41
308	620
336	756
121	779
7	515
278	672
6	461
222	493
703	779
44	564
40	698
74	317
181	432
176	797
688	772
114	348
136	368
526	695
309	688
680	739
218	772
94	408
86	660
321	359
308	654
559	709
16	320
392	526
306	401
487	516
67	712
309	492
504	516
14	519
341	590
5	393
40	416
19	357
287	747
91	290
286	578
312	572
24	178
404	553
171	558
234	654
377	679
427	743
9	426
141	728
34	793
207	628
8	148
119	291
267	717
69	520
164	270
396	543
609	637
60	517
416	719
539	706
12	492
468	752
409	679
478	514
8	265
187	699
181	527
185	745
395	475
12	732
346	772
64	428
548	640
457	661
123	249
123	679
43	188
281	622
546	623
388	441
87	468
665	794
598	652
207	349
260	389
299	628
362	657
86	87
203	444
259	652
47	692
398	588
526	657
68	277
261	792
269	748
268	745
252	569
10	70
468	701
415	771
409	459
509	536
285	435
133	320
400	599
208	513
239	265
166	275
152	449
422	609
14	408
653	700
591	690
453	692
61	238
121	262
441	683
363	776
746	780
347	643
66	380
32	797
66	475
254	370
137	653
377	621
38	774
14	362
35	521
14	356
662	721
352	646
183	192
103	206
22	231
475	569
266	401
115	754
604	794
140	566
89	206
544	606
155	652
122	679
40	173
14	344
309	659
138	207
197	378
33	74
438	468
149	193
671	734
509	519
370	674
367	516
258	298
43	669
369	461
378	539
603	715
163	227
363	542
530	755
674	783
148	208
463	552
89	385
101	613
84	326
217	504
121	528
120	247
712	762
310	361
342	367
339	496
674	725
590	628
741	799
243	263
107	318
16	372
331	638
440	635
39	793
357	695
140	434
10	13
296	722
529	557
263	589
419	737
684	796
79	165
281	434
241	281
279	595
80	788
622	697
600	754
86	479
378	633
167	193
289	654
405	663
496	652
69	136
118	444
36	424
297	591
533	757
140	529
208	420
21	723
1	658
426	495
235	771
437	500
211	691
59	515
463	628
237	574
107	494
27	370
216	274
190	524
535	549
151	502
158	181
466	636
158	651
50	478
111	602
246	694
543	676
163	525
299	592
531	639
13	165
32	136
92	775
27	150
252	416
66	615
136	516
375	730
167	250
142	724
97	795
631	660
42	646
255	679
620	624
86	447
165	705
239	349
30	418
323	580
237	323
129	357
160	541
613	658
227	238
33	659
34	340
24	431
107	532
163	568
170	515
571	657
19	142
61	118
0	141
187	448
351	759
315	573
70	270
393	577
280	616
642	670
529	742
287	692
256	588
386	654
159	246
98	463
65	296
188	211
43	362
269	665
632	689
24	512
573	715
644	650
300	475
67	540
304	705
169	409
581	652
240	610
55	652
396	680
131	799
473	659
66	690
258	697
22	466
302	620
307	447
4	552
28	767
128	510
224	757
460	616
370	632
41	424
645	709
170	733
223	572
107	697
131	345
96	266
45	320
503	544
36	555
453	702
533	604
239	633
258	299
227	788
102	745
529	609
510	619
550	647
26	525
295	568
108	621
204	528
650	742
88	234
343	548
157	483
33	261
29	502
76	594
563	605
424	568
407	615
394	770
531	555
166	328
190	220
180	646
182	427
186	693
222	761
209	460
471	751
140	545
390	713
4	136
342	748
35	629
61	302
661	774
183	501
537	776
144	647
335	557
634	709
786	791
41	345
482	696
447	620
203	729
146	300
27	347
347	469
385	763
398	700
322	694
312	708
489	658
485	672
54	673
18	497
269	590
252	651
296	716
305	409
506	783
272	615
349	640
583	666
524	761
440	705
324	763
410	520
345	390
254	518
391	790
196	356
187	653
658	663
186	469
347	360
400	496
243	519
441	560
494	583
150	534
142	226
515	542
71	640
3	664
81	302
154	286
570	729
84	369
252	422
14	471
285	364
263	623
408	591
337	512
402	701
85	342
403	645
143	734
360	476
460	520
713	767
586	611
254	653
93	371
731	794
11	605
406	647
596	694
396	521
51	121
184	629
28	300
327	767
297	385
202	496
75	382
193	261
118	463
53	143
14	463
315	562
70	768
324	638
353	377
672	753
566	703
371	629
16	279
2	617
715	736
398	453
39	571
15	297
489	511
83	551
282	423
63	744
517	732
111	141
410	532
339	401
464	661
205	745
279	640
76	500
441	778
255	632
92	262
321	428
581	588
474	794
528	780
214	596
145	436
2	69
127	302
184	238
454	768
327	426
319	701
560	776
320	741
643	796
94	308
103	219
254	723
655	716
151	724
127	454
413	759
195	618
683	797
578	706
144	391
256	372
479	620
284	440
305	616
702	731
87	620
723	791
30	546
48	635
172	472
357	600
94	173
573	596
374	666
279	746
215	697
295	775
250	274
199	515
195	210
42	304
481	761
525	739
251	621
321	357
322	691
113	183
506	565
382	576
184	389
529	764
336	424
301	744
130	398
432	486
445	714
240	554
579	631
410	431
270	566
589	653
415	455
175	475
120	590
375	641
272	691
160	712
145	402
230	677
346	431
350	592
104	691
261	695
414	558
96	562
101	504
45	436
249	400
239	433
583	740
585	670
346	448
314	440
288	343
404	747
246	529
172	763
37	96
553	720
327	666
1	199
1	469
34	522
488	545
309	632
217	783
419	540
134	544
77	745
483	698
452	770
187	768
482	506
681	726
392	760
8	398
74	170
646	711
240	580
2	394
87	758
56	312
238	611
205	349
336	441
238	706
180	562
475	784
96	723
331	541
464	791
75	462
70	191
56	481
752	797
730	799
44	525
114	214
323	507
258	340
295	412
35	677
282	612
20	696
40	225
349	712
116	763
48	465
216	279
356	473
253	329
2	378
116	522
112	170
193	546
559	725
365	683
283	437
367	772
559	714
515	698
379	769
43	790
215	726
155	353
166	502
106	347
44	435
29	422
404	753
602	606
166	653
101	743
400	561
496	763
230	490
570	762
28	750
177	764
187	754
60	385
355	710
39	525
281	503
628	748
223	508
191	627
80	501
306	543
416	768
453	636
136	624
314	587
627	709
145	793
414	793
679	746
736	753
379	745
526	748
167	721
167	401
134	725
167	279
20	90
64	673
42	210
330	494
520	527
56	611
328	508
109	284
112	219
614	727
166	252
423	674
183	411
686	759
18	551
387	476
650	735
87	336
299	340
301	712
377	726
218	425
308	353
362	371
132	379
59	276
225	747
296	596
137	704
246	384
547	751
561	717
706	775
216	609
526	616
171	481
147	389
213	221
201	218
41	485
75	440
536	717
384	635
299	597
35	555
1	788
318	650
144	297
168	537
213	382
492	649
244	784
182	276
60	315
281	346
227	397
142	366
188	594
120	608
7	21
58	65
330	661
74	552
175	429
161	188
213	724
253	511
179	206
240	509
703	760
62	275
406	573
307	492
398	625
425	525
162	468
82	306
504	594
414	535
149	170
61	63
157	624
623	730
421	546
215	475
130	410
688	764
49	125
242	473
82	106
439	745
148	764
76	333
551	663
60	302
252	535
126	319
475	662
50	375
412	549
68	208
111	592
664	750
184	332
351	490
85	141
397	489
65	232
256	459
207	379
435	686
305	799
305	499
420	440
417	449
38	738
395	586
138	434
590	791
220	720
174	411
93	288
715	779
597	771
688	783
310	640
95	740
342	774
9	671
18	509
213	361
211	795
484	661
700	717
11	415
275	417
237	772
399	511
15	684
336	423
111	152
664	702
682	719
564	755
52	499
50	113
11	378
43	85
331	677
700	702
375	515
594	791
372	608
364	451
76	165
134	606
188	530
108	200
139	741
72	757
33	399
316	516
470	503
389	711
608	705
92	426
430	496
317	482
228	629
515	566
130	574
435	726
438	759
431	676
235	725
1	588
51	536
517	637
384	670
222	292
408	763
35	423
360	488
544	627
61	750
27	783
41	581
25	440
393	404
302	677
385	630
257	690
140	769
173	311
28	131
22	329
121	540
213	312
212	334
209	766
464	717
483	735
500	513
628	675
178	710
63	615
37	697
469	690
116	153
753	795
126	693
170	392
61	643
226	447
279	432
622	672
447	724
234	561
582	663
241	473
366	647
135	460
505	520
5	794
573	604
370	746
76	182
151	526
192	441
110	547
213	280
437	741
115	276
692	761
301	521
410	427
279	383
395	745
405	660
616	625
145	472
43	660
619	627
237	760
174	615
300	619
580	795
381	678
229	607
503	687
330	445
67	77
212	589
95	715
596	713
151	167
409	595
195	564
319	483
144	588
401	505
217	475
721	775
169	608
657	751
357	701
422	451
296	538
30	445
393	495
11	536
309	597
272	799
402	408
322	384
634	666
152	159
743	745
233	758
306	627
228	707
122	251
615	642
98	686
109	308
232	547
277	516
12	384
227	344
147	208
223	437
131	698
379	466
620	753
121	473
134	504
508	645
392	488
92	558
238	594
241	732
218	506
519	663
437	510
508	572
102	467
220	243
101	640
463	527
481	552
73	794
473	572
373	769
157	501
469	479
224	541
697	730
453	682
394	517
66	763
73	628
53	216
389	733
94	444
206	313
152	771
422	482
329	421
32	483
193	459
535	607
372	799
124	723
309	686
136	175
471	723
312	570
60	378
527	569
201	308
2	33
420	759
167	192
219	628
318	728
452	559
299	576
112	163
38	136
143	664
564	577
11	544
379	426
15	386
454	759
603	712
261	441
10	687
151	662
126	196
13	588
441	461
53	394
359	371
167	424
218	554
85	364
230	533
47	504
27	233
66	784
12	64
394	503
121	208
224	355
297	776
371	563
700	754
219	733
401	711
283	353
456	793
85	701
189	677
193	495
55	312
71	133
398	618
597	605
296	326
411	696
392	541
415	482
339	490
586	779
314	632
514	738
504	720
84	711
91	135
525	661
269	651
76	214
119	334
152	154
693	754
544	579
79	603
595	777
263	693
120	388
99	119
321	699
160	461
636	767
39	282
63	98
395	470
270	423
308	317
16	128
406	762
355	448
129	541
225	505
166	233
85	680
202	575
254	333
523	545
308	551
411	498
467	706
350	446
1	747
86	709
297	687
92	280
290	425
372	706
64	695
285	416
93	178
57	381
318	663
462	530
524	707
430	584
189	337
85	587
11	235
96	615
34	380
383	474
168	434
226	441
92	277
162	699
592	787
668	708
108	740
9	530
186	762
133	175
371	738
89	591
39	460
359	604
571	787
282	450
178	799
23	281
274	708
507	611
321	778
2	50
167	292
467	639
332	496
270	278
492	521
326	390
561	642
459	582
21	667
254	302
139	148
484	766
361	770
602	675
299	693
34	101
442	717
74	745
29	366
115	549
327	593
330	403
407	546
615	721
89	144
467	528
269	489
518	725
5	518
29	752
109	164
159	761
285	590
132	586
322	634
430	776
224	329
279	462
616	773
265	346
186	286
299	360
288	384
474	637
196	380
236	575
79	472
601	688
460	553
677	787
70	382
438	634
586	600
84	225
262	388
8	60
155	205
12	766
205	724
300	548
24	133
543	580
85	766
229	419
215	529
124	232
308	685
3	458
293	661
75	769
235	612
311	459
198	643
235	678
296	744
141	157
157	236
14	633
234	778
219	687
204	680
24	110
91	131
106	672
88	487
351	513
490	568
105	169
94	172
191	650
345	546
184	192
481	591
73	714
71	740
487	612
425	667
254	678
89	639
189	617
431	698
170	375
117	234
146	364
381	593
593	730
49	377
216	297
454	472
222	366
32	208
191	494
254	352
0	293
370	377
32	166
228	399
419	490
446	730
85	237
313	417
252	571
198	715
493	694
335	415
533	618
206	643
325	344
78	228
129	702
575	589
22	429
388	778
48	395
125	190
346	714
201	442
672	751
75	410
196	663
87	452
335	496
507	754
426	493
80	392
439	453
95	597
321	410
140	368
74	83
41	348
501	586
292	646
572	764
392	615
85	112
96	331
111	330
29	660
331	660
259	762
548	552
410	611
222	504
167	307
556	641
348	655
156	321
391	511
105	637
105	747
109	366
159	630
727	741
513	738
88	116
289	664
39	171
348	554
467	486
3	285
138	345
209	752
493	563
123	560
184	612
184	503
195	378
196	259
701	702
44	787
81	691
626	639
425	438
22	411
47	596
262	421
550	591
282	429
395	441
160	719
641	643
545	701
51	227
512	591
552	714
470	696
245	638
184	345
78	337
145	446
42	252
520	532
90	727
359	782
329	559
410	514
553	675
615	750
28	684
180	697
131	625
291	746
294	569
13	536
78	186
89	121
236	670
144	394
533	562
54	100
135	384
39	720
59	377
361	441
108	240
63	609
45	474
359	361
40	291
220	765
441	540
402	468
160	491
503	521
140	476
88	150
158	299
662	765
365	582
217	274
385	772
49	653
366	566
190	722
723	733
95	155
78	183
110	734
65	793
404	737
177	366
385	541
386	712
275	371
288	539
358	791
11	215
36	526
351	702
126	785
206	393
264	325
443	454
159	703
541	704
13	644
65	539
255	336
489	783
321	593
379	481
22	462
282	538
458	503
193	663
239	583
215	421
483	666
625	711
268	537
251	684
267	744
456	584
378	565
161	696
308	400
142	339
639	650
294	554
627	795
417	750
455	471
211	639
52	501
311	532
143	640
33	149
601	631
368	466
595	793
202	254
129	566
271	675
315	786
657	765
312	665
76	789
79	613
11	769
311	419
348	407
543	572
607	630
174	195
93	198
573	579
103	282
592	741
115	203
41	686
534	631
108	196
10	713
148	788
263	297
382	400
301	467
146	418
169	239
241	325
141	218
136	541
169	609
382	561
151	486
412	727
137	327
672	773
6	772
711	788
483	518
287	629
59	218
5	743
91	141
60	360
295	437
215	414
28	747
109	540
411	622
63	786
479	751
442	600
53	630
198	200
443	578
236	694
29	742
158	343
379	660
164	327
48	797
240	507
210	213
2	722
206	644
72	80
28	593
472	632
77	426
119	251
19	385
237	488
419	541
104	768
19	545
55	578
62	680
155	744
453	464
173	246
306	572
500	777
308	483
230	364
80	310
30	700
212	408
313	741
455	671
24	201
148	356
153	227
379	437
30	84
171	357
85	195
175	692
22	47
455	796
439	601
353	355
540	643
467	713
80	598
638	725
57	744
399	527
253	518
550	604
204	766
364	450
137	169
601	651
735	759
151	200
297	502
36	267
267	496
13	652
77	319
526	783
409	552
37	477
232	635
511	698
768	794
472	566
548	763
483	796
328	329
6	140
211	790
58	716
745	754
295	636
303	591
603	646
160	379
283	676
70	212
190	469
344	714
346	573
397	626
618	772
712	773
348	767
215	526
169	387
399	695
218	341
90	524
63	221
523	585
123	136
28	67
97	716
93	663
276	720
475	769
178	631
559	574
243	707
306	422
164	221
90	245
251	525
257	675
140	637
246	714
677	746
41	488
323	459
199	649
461	643
527	727
580	589
73	751
452	779
360	779
742	746
149	629
26	522
256	280
499	513
2	148
62	112
526	615
103	770
392	586
50	674
177	760
558	729
401	569
267	548
603	727
440	484
688	759
274	654
152	658
330	653
327	609
474	482
216	532
67	728
602	642
653	767
319	494
659	798
463	538
458	702
26	369
47	612
201	577
94	157
240	702
399	561
100	423
43	207
5	493
439	697
544	777
157	736
80	576
91	359
409	450
228	469
267	320
240	671
57	166
373	750
226	782
380	555
28	83
218	789
232	377
584	680
267	314
183	651
350	615
715	792
379	394
245	782
151	313
632	682
315	452
111	342
499	731
232	476
226	702
360	418
120	725
89	687
127	698
357	769
142	658
75	136
249	413
87	554
30	721
601	752
92	263
503	694
363	710
363	399
406	789
612	670
270	792
389	570
12	678
44	93
537	668
16	702
737	777
574	762
494	667
151	536
273	553
350	780
14	182
594	721
85	752
95	302
136	224
519	537
425	561
50	424
266	286
217	533
68	247
223	672
56	279
374	547
255	403
158	503
291	488
114	783
170	651
244	299
529	598
590	738
218	559
317	690
315	604
105	375
566	728
314	327
600	659
92	736
124	659
653	666
384	548
592	777
11	742
777	799
410	621
283	540
591	796
109	784
123	579
206	433
58	252
358	465
404	411
306	370
43	550
137	150
469	588
92	358
205	499
102	332
407	542
226	736
193	604
320	607
72	368
44	198
51	492
153	224
317	608
338	501
434	478
349	724
42	298
126	316
503	516
569	631
129	630
8	106
222	624
346	642
487	596
404	765
196	707
56	427
20	73
457	718
17	449
52	151
10	159
219	686
415	421
81	291
545	757
72	101
304	538
90	119
412	423
245	350
8	632
268	668
466	783
384	624
308	541
507	590
317	436
240	538
214	310
0	553
377	754
378	669
682	771
19	798
323	593
543	618
409	637
673	767
549	696
373	722
260	667
122	580
631	797
406	721
90	116
211	440
103	799
143	466
64	710
359	715
26	786
221	792
92	625
116	135
135	371
340	347
353	758
108	109
219	265
376	747
193	776
9	642
326	711
281	746
472	776
278	323
504	631
390	583
253	291
455	733
60	157
616	756
116	697
360	393
95	377
223	741
58	410
119	579
174	493
144	519
581	598
358	689
23	621
90	96
12	330
26	695
269	724
144	277
243	474
342	442
776	795
191	736
43	192
36	389
157	758
375	587
673	798
488	737
95	372
351	771
532	540
487	494
208	268
289	487
547	614
12	104
76	402
746	756
94	626
585	738
264	295
553	587
364	438
245	761
470	614
353	706
432	528
366	655
97	742
332	646
11	533
98	785
553	749
155	752
91	309
138	696
394	625
47	711
80	340
48	681
263	583
209	636
189	270
158	250
104	214
400	762
318	591
705	770
251	466
310	512
553	623
278	637
504	753
87	661
313	594
373	787
407	624
214	336
614	788
214	612
288	746
571	591
92	167
368	604
633	645
41	561
476	774
298	790
581	718
645	724
509	655
359	470
234	578
461	558
363	376
164	170
295	648
311	649
195	680
598	669
87	475
60	80
242	647
613	639
49	90
107	196
426	594
169	225
95	661
2	257
439	559
239	580
500	571
64	660
309	317
260	695
57	416
82	669
293	417
168	597
265	497
1	627
544	552
570	714
151	697
115	142
440	658
116	585
58	766
105	603
377	567
395	604
28	349
200	705
62	396
617	702
707	732
536	600
585	796
2	412
385	555
81	682
575	654
227	333
244	484
119	309
3	204
591	675
450	655
505	576
416	578
100	134
103	426
455	782
108	555
577	715
232	467
734	765
143	419
125	214
547	724
31	74
516	724
535	684
355	584
286	612
159	512
634	769
156	190
286	392
504	768
348	630
341	506
317	639
162	493
105	559
144	500
12	105
202	690
621	797
95	620
70	561
382	453
597	742
396	591
320	593
36	546
129	332
45	253
406	434
383	402
494	649
102	200
205	308
167	258
430	710
130	707
534	715
486	783
629	691
99	694
367	563
623	729
138	325
257	653
393	668
252	667
259	320
236	641
0	331
636	695
552	640
220	268
321	334
83	715
78	588
112	347
436	781
194	798
18	415
331	484
366	620
429	778
681	688
48	82
68	474
272	621
462	747
429	753
538	627
150	519
252	286
350	775
446	673
31	482
329	772
481	490
14	459
317	770
685	789
304	475
153	552
42	797
357	634
232	647
77	197
39	360
7	64
647	755
539	747
233	266
343	399
679	701
143	215
398	531
255	621
423	703
240	789
509	707
194	760
3	514
397	634
156	661
401	644
1	7
235	376
59	434
26	498
117	527
478	576
158	371
684	721
467	485
214	716
329	621
138	621
123	553
183	633
140	461
91	593
30	93
267	516
109	528
203	286
225	594
418	562
28	119
263	549
284	503
64	263
559	738
221	380
333	664
130	761
92	208
258	552
413	610
93	296
223	550
222	423
54	438
385	407
428	754
264	490
67	244
410	563
25	316
184	202
477	702
62	88
31	302
33	54
423	518
365	793
243	667
224	533
86	692
83	798
0	610
683	788
22	719
211	463
112	315
603	632
301	760
174	505
311	312
94	204
387	670
163	334
387	459
530	702
384	741
397	678
248	571
496	782
550	615
238	669
91	610
121	367
162	266
559	560
168	243
217	689
171	476
156	360
19	267
331	637
269	790
147	788
551	706
60	105
325	588
264	355
115	529
211	690
89	713
83	703
181	602
29	196
198	787
158	256
417	748
60	398
420	614
294	354
64	531
163	597
198	765
623	722
440	556
601	762
313	605
348	735
43	502
725	789
223	644
65	300
543	665
296	306
39	752
399	446
570	655
433	745
53	759
234	422
397	659
199	571
186	313
329	629
191	757
362	400
18	680
130	208
95	154
581	608
250	653
463	614
420	763
108	175
218	724
378	521
568	587
93	607
593	623
44	601
84	140
25	404
217	598
256	463
559	614
172	378
517	653
573	588
240	303
350	612
21	581
274	372
43	331
305	677
97	654
141	282
261	330
154	678
766	775
256	457
503	686
643	693
237	454
188	418
231	773
501	639
160	206
188	517
363	729
460	601
551	780
543	635
242	474
528	561
180	280
362	438
421	686
41	321
376	598
489	714
23	380
454	594
745	749
236	583
408	797
222	778
144	738
553	707
228	736
65	451
263	711
587	602
34	493
59	167
233	493
98	638
427	712
149	493
9	283
48	410
471	689
215	217
203	237
295	658
542	746
119	548
71	168
52	799
488	698
154	704
401	601
377	690
303	344
29	572
160	236
48	368
20	272
378	665
137	616
318	683
329	413
304	389
400	449
53	234
229	415
203	272
487	747
163	622
41	106
161	500
69	266
25	85
200	717
301	354
265	432
496	519
448	798
684	750
28	790
51	727
524	586
412	430
394	404
692	696
253	594
49	496
79	795
93	151
62	74
189	405
291	300
74	303
175	420
14	731
465	744
173	486
92	773
185	462
117	393
230	343
305	786
181	272
304	409
403	526
688	740
150	674
21	734
227	595
527	587
154	764
116	174
146	387
281	408
335	673
243	740
346	590
346	508
583	679
53	72
98	203
22	311
53	510
7	173
180	200
58	378
232	354
93	368
88	609
65	749
260	324
248	276
681	789
106	150
399	535
610	643
345	382
71	391
302	662
3	502
591	715
263	529
520	593
85	347
176	585
376	699
272	748
492	687
257	287
453	588
567	633
270	633
436	797
483	794
325	432
445	565
165	779
707	742
467	504
570	645
253	435
249	274
484	524
452	711
13	413
469	533
556	591
315	584
63	673
414	711
411	621
176	300
424	562
102	410
537	670
233	443
721	749
103	667
346	356
141	197
76	295
572	782
449	608
481	700
314	667
725	775
245	667
436	661
195	506
604	782
187	256
304	531
330	751
92	664
208	738
575	668
504	749
165	553
167	452
341	542
353	789
377	517
261	303
98	182
490	731
166	215
229	418
118	786
213	442
72	672
14	689
372	791
323	644
55	114
573	708
44	723
674	702
339	556
496	500
542	594
97	265
267	797
401	518
489	629
149	631
5	370
16	563
489	597
428	723
400	723
11	124
384	385
210	408
158	782
449	604
530	666
512	778
184	762
282	304
378	401
265	605
167	439
455	686
180	752
115	186
37	544
116	175
69	767
51	231
171	600
365	753
322	437
229	488
247	783
52	288
668	749
42	75
266	501
98	125
456	472
480	667
193	395
407	529
305	624
166	662
116	539
106	232
125	228
623	650
161	470
175	536
536	538
171	649
197	463
56	592
108	391
153	301
72	82
623	666
257	484
342	619
115	629
311	599
41	746
164	792
608	746
70	478
42	214
78	787
470	791
369	690
133	760
163	574
225	471
202	235
464	755
96	496
55	798
706	746
662	762
231	679
46	242
262	608
130	440
51	682
650	657
107	182
164	354
152	391
183	408
487	740
94	474
362	427
239	720
310	338
40	746
256	719
239	730
141	530
455	551
247	667
481	572
523	747
12	713
25	758
228	331
168	617
392	585
0	501
366	680
164	690
455	749
216	503
392	704
142	159
694	719
216	398
20	542
53	262
308	479
224	662
333	464
61	548
309	404
78	776
145	167
166	426
193	497
110	636
479	576
100	231
440	791
681	708
453	514
264	605
30	526
15	750
681	763
252	380
34	551
329	458
434	738
628	742
219	714
335	349
326	722
52	419
28	722
47	547
716	722
588	629
117	667
380	623
142	345
378	472
491	546
421	604
185	712
22	502
162	788
313	484
173	446
10	701
468	713
493	566
437	623
85	634
459	750
349	589
417	629
550	766
558	625
374	750
105	696
168	259
126	635
196	423
490	619
481	600
369	426
505	573
224	671
437	501
2	173
94	145
102	355
222	666
298	507
151	595
538	541
37	100
277	778
60	553
291	452
24	64
489	677
382	423
29	203
323	415
526	703
14	340
399	410
496	551
590	767
11	320
262	628
215	376
161	264
211	493
417	687
463	524
26	43
201	721
535	634
204	567
60	571
209	570
46	410
260	705
555	685
131	219
263	454
235	407
238	427
344	674
27	391
545	696
429	578
121	668
282	649
355	730
34	38
164	487
243	305
55	774
116	467
398	409
53	58
235	718
623	636
132	199
125	570
26	361
172	605
370	570
312	797
136	684
463	634
309	419
41	579
267	269
422	596
344	792
211	611
628	782
577	653
466	559
149	289
70	206
405	767
226	646
468	721
362	504
305	458
104	612
65	564
265	580
707	773
164	590
168	662
310	594
498	639
238	721
185	303
353	750
353	795
508	628
290	562
383	433
19	118
434	691
123	536
548	746
520	601
23	295
479	490
286	475
180	366
89	471
41	552
503	507
272	517
343	779
271	336
129	685
540	763
532	600
71	301
158	380
411	755
2	526
655	674
160	720
110	307
86	429
586	607
469	718
153	720
33	269
89	525
30	208
525	699
706	728
600	752
694	778
234	253
411	756
72	224
667	686
372	432
329	411
559	595
138	743
232	737
586	680
2	435
232	337
538	735
122	201
322	408
329	686
135	596
536	588
124	425
65	331
598	742
378	761
528	531
360	629
168	527
317	513
189	771
23	559
371	545
163	560
248	643
135	408
68	560
341	735
225	474
73	162
257	349
136	164
129	192
345	793
23	292
183	740
71	561
131	529
227	729
191	598
292	748
90	91
623	754
205	439
137	354
259	518
231	343
110	610
328	698
299	737
77	478
636	680
533	661
51	469
422	459
218	364
84	455
356	661
583	663
29	121
178	608
459	588
172	496
687	764
26	763
55	625
129	703
58	414
32	138
224	754
112	408
332	511
191	372
459	495
317	697
477	659
409	488
288	501
266	711
685	698
495	635
20	178
137	410
180	790
572	755
111	681
470	502
135	469
134	361
374	404
258	641
474	484
226	495
425	784
122	517
4	109
234	556
202	418
291	532
97	408
393	630
339	510
23	65
487	540
681	786
237	731
146	741
160	661
258	504
189	794
319	349
158	424
480	638
19	408
197	773
487	607
347	422
239	337
155	400
166	401
155	694
440	518
317	667
99	121
590	679
327	782
269	469
315	439
80	494
427	772
548	701
632	651
476	690
183	442
323	514
201	713
79	407
181	206
222	305
636	759
219	286
563	615
443	799
16	441
328	503
160	473
444	713
37	55
154	705
98	370
170	511
353	718
456	502
163	400
194	256
314	447
69	474
87	789
41	377
215	406
356	630
139	708
312	369
617	698
259	788
397	483
81	97
178	511
127	430
18	510
277	332
655	795
661	692
268	402
99	335
63	736
175	416
406	676
25	721
11	594
222	278
454	618
84	677
41	313
135	325
607	713
600	688
54	587
40	652
197	391
183	204
579	624
490	628
468	489
161	174
312	766
161	794
588	726
386	561
144	684
97	109
335	574
23	744
52	575
493	549
48	343
494	705
64	419
32	355
46	164
177	371
422	798
147	433
338	547
211	326
162	170
478	687
35	397
629	696
168	204
15	63
389	580
348	699
106	418
97	369
644	683
611	645
126	757
38	593
81	674
465	717
111	505
696	700
422	701
721	724
342	362
306	406
571	662
386	597
454	782
514	730
183	465
1	440
288	581
178	519
223	263
210	668
116	587
612	730
40	190
28	285
71	787
152	486
273	737
23	687
512	757
131	179
284	721
260	550
238	270
291	379
84	579
332	377
470	719
122	656
585	693
187	645
216	675
545	777
238	340
130	242
241	248
124	621
416	619
461	606
255	295
427	738
279	743
309	738
728	729
212	508
310	712
28	779
438	585
95	565
142	585
680	719
66	422
401	463
165	731
150	431
40	116
65	697
88	747
300	334
142	319
24	735
3	478
489	607
297	622
295	543
525	745
443	543
403	732
180	321
207	696
406	631
666	769
79	105
27	694
96	284
11	94
472	526
373	669
513	710
580	745
533	586
153	231
20	477
428	543
94	295
254	520
166	327
597	781
112	509
706	729
429	677
63	656
252	709
163	231
287	363
291	458
668	773
89	155
479	683
337	478
243	755
331	347
686	696
207	574
58	601
245	664
293	615
181	587
238	712
126	466
113	221
77	269
280	412
7	662
233	651
441	477
526	793
390	480
302	726
44	589
147	212
648	710
102	652
143	246
79	233
352	604
161	395
141	362
576	658
38	465
4	184
201	490
411	652
516	757
437	754
234	437
405	461
518	691
26	478
258	517
677	713
432	648
421	709
512	607
634	659
263	440
534	732
357	724
12	741
453	563
120	382
165	751
64	214
367	570
312	587
4	258
248	724
536	691
56	376
590	688
62	134
210	234
57	407
440	580
306	684
536	539
631	644
456	778
573	791
149	495
83	345
62	509
313	666
261	331
83	484
321	543
169	554
449	584
58	791
244	467
144	377
524	587
11	67
234	639
291	418
453	726
62	666
371	427
400	545
420	574
21	166
485	669
78	516
203	630
35	229
260	796
536	591
494	529
439	716
11	170
61	436
100	413
134	340
151	587
174	728
222	388
255	550
7	14
223	407
134	319
328	714
9	13
312	727
123	395
60	226
529	783
26	209
80	749
301	596
549	683
333	374
297	416
568	648
212	706
431	515
369	611
185	279
272	556
77	358
238	474
183	485
146	577
217	644
344	516
238	484
455	687
130	365
260	345
665	711
132	765
37	692
476	675
79	578
574	789
145	468
86	351
21	577
46	612
476	517
15	704
75	625
188	672
721	741
310	676
102	357
186	594
285	770
728	751
655	752
163	351
299	790
231	427
78	82
313	334
415	531
328	336
280	645
131	634
96	119
349	753
330	340
463	626
569	799
173	632
9	81
377	752
178	185
253	365
112	164
281	625
13	641
60	582
222	419
360	432
36	609
602	759
32	691
204	287
18	73
333	696
228	652
563	748
242	247
296	494
68	362
420	553
348	765
414	499
213	545
249	541
249	443
118	676
104	514
224	721
14	399
236	581
175	460
0	545
236	730
19	173
83	438
443	771
516	520
178	343
167	188
444	522
106	408
140	742
59	663
131	498
69	776
192	740
35	326
58	473
140	330
267	690
68	508
128	422
97	714
185	474
175	545
90	385
514	632
192	735
255	527
93	374
324	427
103	170
218	315
25	302
168	547
747	796
396	458
34	483
216	567
48	423
739	799
734	787
378	660
118	654
216	318
661	718
24	439
80	605
540	696
45	366
524	773
92	568
302	494
159	798
33	577
315	530
97	744
93	260
307	618
634	651
563	663
517	625
164	384
464	585
61	178
351	770
126	313
62	727
704	792
113	744
83	445
0	449
290	362
147	733
482	602
353	688
63	250
279	331
186	577
3	759
298	471
2	108
230	764
91	685
226	482
158	565
383	666
721	792
230	303
324	450
175	605
98	161
11	276
327	358
431	466
207	278
103	758
217	579
484	761
188	588
209	480
417	488
61	760
306	396
744	796
30	745
559	641
7	121
141	243
181	539
184	641
660	670
185	445
219	774
516	759
372	542
56	158
672	791
157	792
337	627
316	666
310	490
170	376
225	734
149	655
245	733
389	517
144	617
524	525
216	479
27	442
217	602
479	762
497	614
557	564
461	781
370	670
222	627
135	387
292	472
472	771
42	425
580	658
540	756
365	492
712	777
191	680
440	646
0	242
36	412
491	744
339	715
505	671
355	686
219	382
409	733
522	786
573	722
12	333
327	707
21	161
314	319
251	737
322	750
91	137
199	538
586	718
226	554
284	356
465	573
124	283
104	302
128	529
243	514
222	655
99	358
272	469
96	675
88	204
179	490
164	352
244	736
3	523
113	799
7	316
65	121
228	519
75	677
472	729
725	779
266	795
159	715
19	377
489	797
111	217
456	659
182	717
493	519
56	739
54	308
202	473
341	353
178	405
301	318
98	229
303	522
305	772
41	167
504	691
164	596
271	693
108	531
292	760
3	532
167	447
232	507
394	411
558	576
586	623
269	377
194	240
14	387
385	730
121	542
363	548
120	184
122	688
479	789
119	498
97	146
269	431
285	601
104	240
422	542
271	711
444	596
447	577
302	467
361	550
248	320
381	657
586	624
615	681
177	557
26	222
679	705
276	338
269	796
387	437
192	217
115	447
23	653
792	794
145	458
230	524
11	478
192	506
515	744
308	772
250	727
421	685
239	457
491	743
300	653
143	327
657	796
513	614
410	716
256	666
233	265
176	643
8	714
495	567
587	611
645	789
276	603
136	225
518	679
699	703
268	518
229	390
212	528
249	622
265	586
55	446
327	709
230	610
540	606
407	447
352	635
79	175
352	419
334	515
97	140
111	756
748	769
24	36
215	236
338	588
98	338
4	713
160	281
69	538
129	464
276	402
680	749
227	727
12	108
108	655
7	580
184	259
282	497
81	491
77	377
337	634
139	545
61	574
106	668
30	727
452	547
224	358
127	566
412	674
304	509
304	548
217	595
740	785
165	745
615	701
617	696
91	251
204	278
321	771
265	528
93	421
153	463
436	717
172	230
334	621
327	601
332	456
254	524
138	373
57	277
374	563
502	656
609	731
0	59
174	357
38	95
84	607
106	191
330	400
210	792
66	68
168	796
57	63
379	464
322	490
206	660
486	723
457	622
593	602
58	69
373	451
22	653
85	551
446	619
432	592
221	320
262	431
208	717
709	738
229	748
220	672
22	478
685	731
141	771
388	791
231	631
392	600
517	688
312	571
305	599
161	793
300	665
18	521
209	703
314	771
231	572
571	613
293	633
205	744
491	663
35	577
25	567
135	149
230	756
197	709
142	577
180	315
48	728
91	577
154	743
148	546
362	605
132	675
422	544
82	655
133	430
508	515
417	710
232	567
57	395
220	380
277	351
64	220
51	371
255	764
608	644
52	431
711	731
341	490
556	574
221	490
2	542
33	492
130	564
555	714
54	254
498	522
9	669
183	341
54	636
337	398
147	448
656	794
387	527
207	315
85	382
321	765
47	787
730	783
183	352
260	621
148	635
388	581
246	713
444	712
447	711
345	694
50	701
149	645
412	486
51	205
243	314
204	686
1	416
525	562
18	131
387	652
164	562
370	509
271	512
104	360
270	463
278	660
553	580
18	462
259	268
111	176
539	695
172	204
3	351
418	573
341	396
197	302
24	161
373	569
368	473
24	687
2	794
36	503
201	574
211	478
210	663
549	740
49	665
495	668
128	677
368	694
69	444
624	764
38	187
294	725
620	720
111	350
771	798
191	640
309	720
486	603
63	645
135	200
414	553
387	547
181	448
194	526
275	277
3	289
469	645
362	502
268	413
207	305
541	768
162	422
440	775
219	711
122	213
101	239
23	266
21	518
432	446
442	676
357	374
53	142
340	418
267	581
380	450
679	774
106	243
22	611
661	673
145	308
440	493
352	787
102	699
369	654
545	756
360	534
357	484
66	703
232	390
71	765
556	617
95	197
175	529
113	417
718	742
253	752
284	717
392	483
303	570
226	392
46	675
174	776
45	641
18	693
67	485
407	674
8	234
53	236
162	336
177	373
357	562
153	172
391	680
305	512
428	619
83	415
255	616
200	598
462	713
54	250
284	542
26	550
109	660
244	667
675	747
426	528
595	675
46	365
380	619
189	276
469	689
75	356
78	757
12	402
24	650
79	140
332	477
42	551
58	84
82	516
337	549
549	612
255	775
556	611
42	769
71	459
348	404
194	492
516	645
106	466
97	665
406	450
54	150
420	634
307	477
223	438
11	520
176	270
53	276
46	333
18	96
164	276
28	227
597	699
441	484
586	664
268	345
106	369
397	501
390	708
92	434
32	283
402	719
378	541
193	331
482	797
708	781
21	76
7	212
59	637
576	610
399	673
11	577
51	408
223	791
187	240
93	612
176	605
247	421
198	232
176	338
153	399
235	446
582	747
237	724
103	388
31	645
541	771
756	788
129	405
89	576
241	724
28	591
338	562
173	532
667	693
378	746
170	429
214	359
187	583
133	340
449	698
481	699
128	754
681	706
376	748
575	722
161	505
150	741
165	590
417	785
594	681
122	361
239	288
97	508
376	777
556	666
308	567
498	736
518	584
362	463
289	675
295	472
142	721
182	715
132	279
373	477
353	598
481	543
74	689
125	260
116	450
49	222
416	716
197	650
454	457
667	774
253	293
299	445
175	236
284	565
48	283
337	797
104	357
391	419
291	382
631	720
133	489
484	694
256	436
194	393
16	260
359	750
34	455
32	84
23	599
310	324
351	603
222	483
251	692
203	753
401	706
717	783
320	507
595	645
470	515
24	633
169	750
533	631
62	375
162	604
35	115
437	512
72	210
496	678
316	601
246	446
364	754
464	505
356	677
276	448
350	756
13	539
158	548
222	712
156	750
521	532
447	627
278	382
540	674
202	601
130	444
315	468
378	446
89	511
146	621
272	699
180	265
525	660
265	703
85	217
9	482
628	713
502	504
510	791
158	169
577	769
194	374
195	792
600	696
377	622
4	364
62	533
360	516
149	491
65	129
187	564
315	534
496	680
272	791
200	285
486	515
523	672
7	371
12	455
26	783
28	572
443	497
110	630
6	315
65	727
234	320
245	686
121	588
526	630
55	148
406	702
441	686
641	717
535	700
81	670
287	795
99	627
351	453
282	730
385	485
299	490
354	550
82	766
730	760
298	302
127	637
230	398
37	705
407	777
7	161
348	781
227	502
42	637
237	360
463	700
694	725
611	793
96	539
194	538
239	310
561	706
511	594
28	289
491	765
332	353
188	741
373	763
389	697
1	349
224	788
390	799
245	746
239	482
214	685
399	589
45	348
112	303
154	603
154	178
120	606
177	582
168	409
92	510
317	415
94	100
157	226
25	117
314	324
219	379
13	376
492	512
103	796
454	689
215	405
118	477
36	415
119	358
38	193
100	604
170	699
452	479
37	511
330	491
109	531
385	520
182	361
6	488
406	768
217	661
148	795
644	789
50	193
362	749
421	567
314	497
650	781
444	524
148	465
99	261
66	539
384	724
63	554
607	670
165	341
349	627
608	633
318	696
185	419
156	431
30	486
42	230
350	762
394	749
132	549
74	159
652	758
254	737
224	523
214	401
120	565
471	765
156	738
282	424
190	636
8	209
78	144
21	551
292	608
209	507
72	354
163	701
635	636
581	607
464	739
238	517
374	771
393	586
51	570
474	512
136	502
390	629
433	628
53	514
478	569
149	687
538	772
129	669
301	361
340	606
229	752
531	668
178	186
446	480
557	671
3	355
444	503
119	244
367	628
120	379
367	397
581	734
107	371
236	429
63	737
45	555
49	412
277	597
191	420
400	401
527	678
357	594
492	738
358	605
10	555
45	332
453	458
151	480
402	487
686	784
63	189
327	534
133	279
33	40
283	647
578	582
231	345
132	211
225	473
352	576
143	407
239	313
298	500
187	501
485	648
120	328
424	797
147	322
165	196
182	621
325	326
531	608
85	765
368	629
356	695
756	798
345	679
497	799
539	669
589	679
392	679
281	409
113	480
212	650
473	560
84	413
330	479
43	683
18	332
57	636
402	587
357	422
493	661
316	526
70	780
379	752
112	384
52	570
315	686
582	784
448	624
348	619
364	556
116	710
119	470
188	735
269	346
140	477
110	160
636	667
619	646
453	713
599	611
281	415
27	527
436	670
32	427
628	757
98	485
358	685
50	63
1	314
145	654
140	223
84	708
245	725
46	448
203	770
89	672
57	250
500	522
88	181
165	693
473	484
331	581
197	537
396	546
281	606
45	674
356	672
166	460
107	535
564	677
242	702
607	644
502	536
645	651
22	343
223	409
377	628
45	301
223	557
218	692
544	574
219	457
143	601
173	213
251	326
91	257
167	314
200	732
217	567
290	316
32	158
293	501
79	602
488	578
262	799
468	585
196	583
484	726
391	796
634	670
247	717
625	693
467	497
117	585
185	465
89	318
236	636
53	98
495	797
210	231
502	739
134	669
149	572
18	503
106	354
214	502
186	776
33	674
17	481
80	677
386	740
660	774
523	792
516	775
300	321
167	759
68	394
254	699
123	294
198	529
166	309
255	692
419	774
249	351
318	601
710	786
455	560
416	794
77	792
375	676
23	567
343	388
402	554
36	571
571	632
465	516
16	625
16	735
200	613
527	537
542	752
71	349
46	93
26	719
37	231
172	699
212	381
244	515
117	520
259	608
63	508
298	624
98	486
87	207
215	407
169	234
16	434
154	377
206	587
384	677
228	743
405	458
585	636
206	564
336	782
494	779
381	436
674	740
494	554
297	616
379	485
336	786
181	463
73	267
75	544
668	691
227	277
26	744
103	222
227	229
418	758
80	469
335	758
216	346
231	639
275	518
0	346
159	593
16	53
563	765
94	364
544	676
145	588
347	501
383	611
173	754
135	451
444	675
627	730
85	601
674	731
354	687
361	575
224	716
287	452
635	790
122	790
39	755
439	505
607	641
125	768
78	739
369	771
639	738
729	743
216	253
62	562
107	456
31	276
53	750
158	460
200	349
81	385
346	440
86	771
296	505
17	528
272	274
434	768
215	547
614	747
112	612
412	665
70	198
423	746
261	634
287	548
250	542
142	668
194	548
485	694
237	712
109	601
187	713
140	280
656	704
417	631
181	217
39	248
559	656
151	434
269	542
272	630
368	592
197	666
554	694
4	384
81	224
312	685
63	793
79	621
180	527
556	754
324	347
230	570
376	753
85	779
88	113
92	432
391	764
546	547
582	798
543	776
545	710
657	658
79	263
486	771
41	419
477	634
274	589
195	281
494	741
400	795
30	647
524	765
164	777
111	185
417	587
24	725
179	762
209	770
231	258
170	410
60	622
516	687
283	788
166	449
576	708
335	358
344	735
120	626
387	449
167	753
132	649
521	757
53	796
230	611
614	731
153	465
320	379
42	648
88	510
129	184
132	356
25	799
593	719
511	624
73	765
366	792
386	477
424	563
260	502
145	524
71	311
441	565
498	624
9	662
530	626
214	228
274	331
108	784
274	275
14	713
24	181
15	128
10	191
88	391
144	467
66	297
118	610
173	648
326	379
215	717
221	373
461	509
25	120
216	329
256	730
222	371
95	414
219	559
311	749
107	625
220	572
418	666
523	612
247	442
44	259
18	240
107	164
307	556
211	371
328	723
81	298
6	12
149	529
244	267
426	559
112	201
558	673
226	319
173	365
623	753
257	664
112	378
417	792
198	350
241	469
65	297
262	350
98	586
310	339
155	678
407	410
539	589
8	624
257	440
257	598
215	759
171	533
586	719
77	497
43	257
37	46
289	570
382	631
653	680
34	508
24	116
60	69
142	414
559	570
314	475
94	722
450	498
380	520
136	549
243	418
73	688
203	601
30	507
382	537
124	179
581	740
131	174
149	165
152	241
341	500
196	229
410	734
323	414
191	795
24	313
287	586
659	680
268	795
364	515
244	746
148	212
21	524
171	412
366	512
93	479
65	299
132	187
150	597
448	683
238	361
244	564
213	276
338	469
282	669
190	606
134	679
117	190
349	669
524	714
630	691
42	798
19	696
165	514
313	785
511	705
249	448
243	448
575	711
138	783
133	272
147	428
327	638
450	712
562	739
469	515
407	618
0	512
336	766
24	706
263	309
551	626
21	613
175	778
116	437
312	314
41	236
46	149
216	540
25	192
361	658
437	762
524	722
282	490
320	529
4	419
207	711
12	642
114	434
371	774
394	751
128	462
374	602
386	390
452	493
727	753
81	188
2	755
586	663
613	719
402	528
63	291
163	443
52	529
23	388
58	488
0	677
57	420
77	297
163	279
155	577
242	728
437	792
308	356
748	752
281	600
94	264
418	583
382	597
338	535
112	355
467	587
426	715
113	220
70	176
697	735
308	555
155	165
145	658
183	579
52	290
250	445
252	720
259	583
118	620
26	623
177	735
292	553
226	285
312	628
143	409
24	523
438	439
27	754
237	404
104	541
141	554
361	438
144	337
660	698
450	760
422	430
82	254
127	501
341	730
389	661
630	663
652	751
193	449
303	641
240	723
132	210
604	701
399	758
8	649
130	737
138	564
542	694
511	687
501	708
410	616
528	748
40	605
33	530
351	767
71	613
263	414
319	673
46	519
294	526
31	631
2	465
197	523
179	696
151	423
465	538
12	389
411	604
61	232
90	608
111	264
42	712
413	643
23	499
765	790
546	565
390	793
127	216
54	329
156	309
401	679
27	536
29	678
402	683
512	630
490	588
229	713
28	424
545	603
293	425
248	776
10	102
195	740
418	553
504	545
104	338
149	586
197	729
532	756
90	410
387	713
75	409
497	697
449	688
118	532
280	755
56	325
39	489
10	282
68	569
320	439
622	760
454	706
410	793
19	364
248	644
593	768
157	737
464	578
360	733
142	183
622	634
238	467
34	80
658	735
17	203
13	116
3	362
445	639
432	762
17	557
46	475
672	758
275	290
268	270
458	516
389	735
456	645
77	325
21	307
615	687
31	776
363	574
644	762
360	472
230	536
340	790
373	430
637	751
114	284
293	410
399	404
311	606
517	666
265	651
12	24
458	761
180	494
247	663
67	449
233	776
190	490
83	177
343	528
253	737
15	662
180	234
362	784
410	505
407	693
44	51
206	339
639	733
239	491
19	734
365	529
197	291
493	599
138	300
52	450
75	514
411	693
532	743
266	494
3	411
20	156
173	664
28	145
275	705
488	736
594	630
456	777
279	545
203	392
465	763
86	181
340	612
237	304
17	750
338	738
156	745
603	734
223	526
343	720
567	739
477	657
434	709
43	565
275	496
343	542
92	567
134	345
162	286
263	756
396	491
455	468
439	447
260	398
326	507
423	700
192	656
252	423
348	484
216	716
46	494
647	664
289	638
26	482
321	547
331	364
101	495
642	661
253	608
95	123
587	757
545	667
383	594
567	757
633	704
344	697
648	788
706	788
350	501
283	781
584	649
143	582
28	676
311	327
144	518
156	615
90	175
267	542
102	747
579	676
26	654
49	127
192	785
575	714
25	394
6	346
142	415
162	487
361	683
553	723
18	424
421	542
271	493
214	398
260	376
85	201
404	680
280	510
25	572
106	469
601	788
530	787
374	448
368	695
582	585
549	669
400	612
331	551
229	467
260	548
1	383
143	519
362	549
397	539
399	689
81	217
469	646
363	567
3	544
188	681
211	700
570	763
268	319
237	266
356	528
345	435
1	626
448	712
431	753
499	612
301	328
316	571
365	778
466	695
639	656
225	388
40	601
84	608
296	579
430	546
215	412
180	799
281	560
22	623
321	467
129	290
236	274
150	169
137	437
537	649
191	556
300	676
157	642
319	324
81	122
8	466
647	769
561	711
343	582
311	359
422	574
195	381
193	503
170	173
234	413
404	497
160	346
533	632
116	733
106	730
86	582
361	460
344	468
206	390
52	136
231	564
104	155
15	573
299	314
579	664
18	211
290	745
8	782
210	571
175	651
283	415
9	535
374	671
194	645
518	739
545	594
398	641
671	695
617	747
219	606
107	763
402	605
620	682
44	481
597	707
39	345
354	474
231	485
266	343
103	106
567	683
734	756
66	538
17	158
496	740
18	202
172	312
270	515
563	619
143	462
271	448
133	358
420	514
175	784
414	663
272	371
287	408
131	516
676	683
534	773
34	687
371	784
107	133
374	532
54	281
343	760
328	583
471	585
303	499
465	739
49	332
661	689
41	440
385	587
9	558
134	642
176	572
384	727
31	303
315	429
541	644
256	607
136	444
277	733
1	573
343	443
443	721
481	664
715	721
98	439
108	364
516	719
538	638
290	591
370	555
258	651
99	208
171	562
57	601
80	317
280	483
50	312
410	423
441	665
391	525
562	717
122	543
509	701
397	657
142	638
400	602
300	693
59	85
529	571
64	236
382	605
316	689
114	502
17	291
92	315
150	338
376	603
365	389
192	705
118	438
429	648
319	751
128	698
61	180
608	754
167	578
298	757
19	32
379	589
294	658
191	793
11	73
47	476
150	590
226	729
91	157
182	449
100	232
394	561
13	26
498	786
562	723
235	692
461	565
321	575
408	748
125	375
420	721
19	246
397	423
8	591
110	167
414	654
82	551
554	622
571	633
517	712
76	110
169	482
89	274
148	532
624	720
117	174
102	329
46	717
111	359
332	402
92	346
142	265
112	326
175	596
116	186
139	580
2	179
85	435
430	735
539	746
5	106
40	289
133	276
62	668
271	298
386	689
112	285
30	607
447	650
192	794
227	634
116	457
7	517
283	637
31	129
623	659
604	731
141	635
201	202
313	589
376	768
450	606
62	274
295	368
197	350
27	703
293	302
511	630
613	624
470	692
408	738
255	289
220	646
408	590
195	539
120	717
275	483
507	700
148	488
131	539
598	752
156	770
30	541
1	730
30	171
185	233
770	799
487	640
209	231
213	251
83	662
382	744
278	495
39	354
354	385
453	565
349	774
178	411
228	342
329	544
72	203
284	763
358	368
588	602
5	93
40	476
398	732
34	444
216	587
17	309
277	343
65	714
47	324
291	707
435	447
363	470
34	177
549	649
270	590
556	791
228	601
299	657
65	634
510	772
49	445
142	383
449	659
359	632
440	622
277	447
396	493
666	799
515	728
243	630
167	696
435	460
500	523
344	541
53	550
436	534
559	603
192	703
46	781
52	623
202	484
237	475
124	789
31	513
170	496
414	740
629	780
80	411
496	725
765	774
298	664
194	336
62	238
103	474
612	780
741	771
115	122
105	236
11	705
368	778
506	543
113	389
361	780
439	579
457	568
233	494
623	651
176	738
280	285
99	419
429	583
61	113
46	690
254	331
195	768
24	321
393	543
578	642
343	750
692	757
44	539
62	640
96	469
200	553
329	743
102	631
415	474
616	621
701	761
135	253
82	417
272	711
203	564
152	661
351	797
92	652
242	366
25	472
509	773
665	789
378	588
154	395
109	411
270	487
68	524
330	529
122	542
230	765
47	373
766	777
264	395
126	339
38	692
700	724
0	305
308	630
66	588
140	211
218	563
307	405
56	491
324	495
322	782
99	677
413	580
269	328
179	533
538	765
395	624
74	130
702	775
326	356
48	129
199	560
549	580
549	608
44	52
733	778
469	632
300	623
170	466
32	362
117	789
152	660
234	470
3	716
333	757
87	754
26	99
1	299
15	686
150	654
246	581
26	521
289	336
522	605
58	400
109	236
217	796
144	177
498	750
222	577
413	557
528	607
171	628
159	400
24	376
369	408
44	776
246	635
92	222
358	473
543	546
611	764
259	336
71	366
112	731
64	212
14	507
649	720
550	584
363	718
147	149
568	603
558	677
303	422
209	668
344	345
585	798
391	566
53	538
148	473
35	387
217	415
39	368
102	241
146	718
93	609
166	437
362	451
154	721
409	622
136	353
4	525
591	593
360	677
8	552
189	497
284	528
328	722
169	484
408	418
7	539
465	558
566	787
335	694
117	782
124	395
107	269
529	552
612	629
297	632
291	667
126	183
297	793
464	482
254	381
207	317
475	594
573	730
191	525
392	626
83	496
555	585
85	475
11	391
61	162
39	270
468	778
290	638
476	707
41	151
238	318
578	784
0	8
94	776
123	354
99	490
167	218
467	498
62	366
89	784
129	269
199	395
348	685
84	300
364	795
131	324
57	666
712	730
115	779
145	441
576	783
71	118
13	241
395	485
578	714
406	493
310	374
594	733
406	557
66	411
457	481
29	531
494	736
345	635
577	767
301	753
174	346
79	338
200	750
408	428
359	447
74	430
328	506
97	707
485	760
493	781
70	549
108	347
63	258
432	443
142	510
154	493
199	373
310	778
404	642
523	736
492	578
540	732
15	27
329	505
690	759
72	379
95	460
343	394
230	488
266	383
332	630
54	535
137	673
575	643
421	792
45	708
319	528
79	572
265	757
564	693
163	265
411	625
437	613
466	752
88	167
18	262
221	615
312	434
424	738
219	462
343	393
122	770
133	171
94	650
279	591
80	174
372	786
251	793
84	733
30	273
665	753
49	520
56	493
32	45
313	522
281	397
16	698
272	512
579	690
177	697
206	648
627	670
313	742
319	603
185	354
605	606
87	710
614	785
635	684
772	778
275	676
13	357
43	215
7	318
216	733
39	733
405	716
263	670
45	313
61	234
314	726
330	731
128	207
47	413
132	759
283	634
675	706
143	782
18	85
439	535
123	643
12	572
610	731
77	774
598	671
203	571
163	725
585	722
69	351
680	734
174	245
27	730
483	783
382	476
397	551
206	473
130	521
707	719
3	348
242	617
32	115
191	472
551	789
181	568
222	317
150	415
284	290
120	283
314	782
560	797
159	264
49	709
447	688
103	312
184	287
10	471
283	673
512	671
192	798
277	322
199	505
75	120
116	489
266	414
508	574
161	300
79	456
311	435
22	637
280	489
456	781
562	622
128	663
266	773
458	694
12	209
87	507
255	390
136	506
245	398
83	785
371	731
37	83
568	647
202	752
372	790
542	551
492	688
16	552
27	677
173	184
26	230
281	513
141	437
487	566
113	630
70	114
141	382
114	315
531	610
93	257
525	737
572	765
682	735
653	750
60	663
693	711
357	636
742	788
427	455
540	781
244	483
340	611
561	603
63	323
183	451
63	157
538	623
91	287
223	685
333	659
137	257
562	668
184	598
6	168
371	639
13	64
549	565
567	689
105	630
252	681
13	129
421	741
100	313
145	431
278	632
343	435
233	410
319	581
109	163
168	610
324	478
178	352
241	320
285	294
205	485
526	758
276	398
249	410
29	31
82	567
58	370
439	486
231	448
273	532
249	329
205	431
763	789
414	703
276	395
580	744
106	265
268	397
152	460
50	225
25	340
418	741
203	519
737	780
423	737
619	738
718	769
238	388
13	755
242	500
149	750
215	468
352	710
101	366
154	453
214	744
449	677
22	621
339	349
273	389
619	671
314	787
221	396
143	725
532	625
80	746
560	720
585	653
341	473
21	561
320	649
7	624
23	130
550	741
92	260
160	374
46	733
4	41
410	619
135	255
135	338
504	751
372	740
456	614
338	401
351	431
273	741
348	741
695	715
186	281
387	488
135	227
338	612
349	350
190	697
323	623
172	352
20	181
115	390
375	583
511	733
585	632
230	410
68	600
270	386
680	699
188	730
284	637
69	521
25	53
606	643
575	762
344	750
228	334
626	790
264	777
397	402
197	286
516	770
284	677
624	715
417	515
355	432
199	217
167	249
412	635
34	49
357	748
83	694
529	627
12	478
417	610
176	491
519	637
3	64
440	770
177	273
178	283
240	754
209	367
546	689
378	617
187	267
285	538
753	794
543	659
557	643
38	524
97	149
515	528
87	354
68	270
366	507
62	81
58	454
77	714
195	419
266	434
195	366
188	422
233	495
348	642
38	635
29	798
258	343
202	581
68	641
60	128
226	496
234	704
214	590
115	249
96	403
249	623
310	722
103	763
115	254
456	752
155	245
475	629
266	555
192	356
149	514
687	701
122	600
199	424
273	506
473	507
242	350
214	475
222	445
124	169
251	337
6	519
503	775
267	381
488	649
388	678
331	545
3	437
249	272
570	726
527	619
37	341
13	145
363	774
397	440
62	575
76	221
71	439
88	206
110	703
310	723
751	798
204	630
66	147
161	426
588	640
332	622
338	749
385	579
243	736
749	751
110	323
171	793
356	508
86	225
422	457
35	453
114	260
569	622
52	436
398	741
2	711
217	582
65	136
54	629
394	442
22	147
97	222
556	577
421	665
215	378
94	524
263	547
443	773
39	147
488	565
417	565
451	550
171	250
142	163
46	514
127	774
57	112
627	677
689	709
365	607
499	587
143	635
254	429
347	665
147	270
222	692
15	388
418	539
75	383
308	665
43	44
213	238
442	688
42	491
507	773
347	647
169	233
557	695
112	442
645	754
88	602
371	509
325	336
253	507
5	654
142	176
341	749
382	402
149	577
89	369
120	187
490	685
407	710
544	701
140	562
404	727
515	753
590	752
122	781
292	652
303	549
489	782
132	358
217	622
101	308
57	595
270	296
432	469
50	653
4	572
133	461
15	323
569	778
31	720
321	592
217	712
169	431
302	377
86	537
151	336
402	715
171	197
22	142
346	494
297	316
398	488
299	449
577	752
101	566
167	743
105	544
343	482
141	776
512	733
70	238
225	488
38	481
194	319
562	662
135	486
491	720
516	689
167	667
144	602
246	750
705	717
367	621
224	387
404	482
5	19
766	798
190	589
399	462
347	461
249	428
13	542
222	522
49	748
104	720
168	557
92	502
132	587
33	645
341	372
180	705
145	319
687	766
228	378
422	567
120	730
311	764
105	237
603	779
220	264
13	478
689	706
451	741
205	279
78	715
302	554
70	573
197	581
125	535
39	72
334	790
93	783
118	193
377	777
182	523
14	535
246	799
194	528
391	401
324	674
188	400
222	492
295	426
113	540
622	727
148	313
434	643
347	405
14	219
644	772
8	677
541	599
191	634
276	483
224	684
152	684
355	771
567	772
244	665
516	761
452	560
67	224
431	787
458	713
212	356
8	196
616	743
221	508
497	774
356	368
195	490
180	253
229	562
76	82
393	515
69	729
659	725
636	747
43	708
94	249
30	44
155	654
65	596
85	224
23	786
695	707
706	722
66	682
86	743
346	703
234	530
143	473
613	798
36	41
363	690
168	590
25	133
567	667
316	655
44	117
412	449
400	467
379	665
40	481
24	454
37	63
8	747
23	798
629	787
344	472
34	610
340	785
465	797
274	396
531	790
513	724
144	310
512	578
213	400
217	349
185	298
495	779
321	783
133	735
346	786
278	494
297	667
671	771
448	490
165	789
244	473
316	389
622	677
398	799
208	795
99	734
594	603
309	435
87	596
512	729
244	290
62	90
28	657
248	440
490	748
22	753
108	336
332	460
262	535
385	664
619	632
592	660
457	602
72	375
80	480
4	48
450	664
563	608
174	521
100	677
217	272
183	691
125	484
518	520
149	720
82	384
583	728
539	585
76	503
23	770
441	572
0	464
569	718
266	384
41	628
310	636
146	318
158	287
642	731
15	632
416	770
214	517
472	701
204	733
119	572
172	295
68	648
11	775
699	724
653	731
284	616
188	311
603	747
383	791
154	472
343	519
268	799
259	535
374	722
265	544
59	744
62	66
353	540
371	782
327	362
410	759
157	365
355	591
198	504
359	433
250	481
68	284
333	718
253	649
420	741
161	252
546	640
252	316
403	622
47	531
386	641
10	254
611	770
389	658
166	560
81	694
21	402
502	758
64	730
73	253
39	232
360	544
306	778
25	645
411	706
551	717
15	334
132	414
64	699
359	540
202	611
105	142
781	784
1	515
411	618
49	293
94	578
605	751
87	309
70	603
718	774
58	191
355	384
26	168
539	551
43	385
590	724
295	441
390	606
70	677
141	581
572	630
553	579
552	613
368	575
122	396
45	452
186	560
222	307
568	605
266	457
379	653
290	724
603	695
317	578
89	128
500	558
173	554
146	724
499	593
46	745
457	575
108	692
585	708
2	386
58	621
310	358
37	431
21	259
186	352
237	477
363	618
510	521
104	412
154	477
624	694
376	510
610	676
57	626
399	564
540	650
100	702
615	693
415	584
12	501
297	794
150	622
41	480
122	732
421	629
149	650
145	550
398	622
120	673
354	708
323	738
390	664
140	233
374	604
183	435
48	775
139	252
616	664
114	325
0	749
190	760
251	536
450	773
236	521
42	419
367	677
68	755
314	350
325	713
280	739
29	755
66	283
426	506
616	635
327	793
174	238
269	502
24	91
478	659
127	158
440	750
270	408
167	615
239	317
57	576
191	463
268	779
436	536
57	283
541	694
52	317
207	777
88	128
657	730
359	448
71	603
605	636
206	213
357	627
75	254
333	564
106	531
180	644
75	618
696	724
192	494
541	600
169	793
737	744
393	491
597	749
120	330
38	162
450	569
267	376
234	270
114	444
452	575
193	283
297	634
110	599
274	360
137	624
393	628
288	654
33	372
352	546
181	364
448	751
211	348
120	367
65	101
137	267
264	407
254	263
234	288
307	707
338	768
373	779
369	593
184	350
63	785
109	422
263	267
277	384
406	605
114	493
209	336
176	238
125	376
735	771
421	481
60	678
481	587
129	165
133	187
8	147
582	626
50	634
288	732
494	592
327	428
140	538
253	362
250	684
272	507
127	487
87	344
60	173
452	517
239	389
391	468
452	521
334	781
252	741
345	524
678	708
522	563
120	587
188	318
610	693
47	574
133	388
191	415
270	603
391	543
281	742
42	164
227	434
614	781
46	139
249	519
270	536
282	367
186	293
349	688
92	457
323	483
161	365
58	420
241	634
641	741
761	790
32	171
21	416
37	437
348	387
75	576
386	626
290	761
495	505
164	362
247	739
15	691
322	431
252	319
397	589
570	631
336	416
505	580
246	522
422	478
64	633
325	407
47	127
681	792
242	757
598	629
199	579
403	781
246	772
29	482
181	451
132	268
184	499
94	206
267	783
273	661
303	619
520	630
152	678
205	551
250	266
180	554
120	320
110	726
308	640
428	565
75	564
388	564
528	604
49	340
80	218
570	706
536	632
23	762
421	518
98	272
489	713
86	316
14	670
369	789
179	549
297	488
345	701
110	336
704	708
237	371
237	295
174	745
49	678
386	557
264	289
162	767
339	741
236	796
228	554
84	664
256	416
85	234
329	624
356	651
365	467
123	420
432	555
115	496
622	646
203	478
51	328
663	762
155	784
526	528
374	611
346	564
242	249
260	528
125	670
494	582
665	785
73	309
232	643
270	305
77	596
381	444
89	545
305	593
600	700
103	267
319	328
109	277
182	697
164	684
385	659
178	272
188	706
279	612
123	390
148	220
51	157
290	345
410	767
204	458
235	403
328	689
46	457
700	745
116	760
130	232
544	610
208	516
14	371
164	611
320	670
157	370
183	671
540	634
154	780
233	547
49	706
51	751
124	405
544	760
111	397
53	307
78	797
129	729
596	695
408	459
463	555
35	747
100	632
194	455
161	596
645	775
67	242
366	535
435	707
293	524
552	662
28	479
377	589
293	521
187	782
152	652
503	672
85	491
207	783
239	301
273	445
421	766
376	769
2	635
113	503
139	485
269	715
65	319
90	154
133	313
292	678
118	366
65	625
239	459
699	794
143	710
268	713
122	522
357	489
323	611
55	695
570	616
458	749
392	666
50	759
398	421
128	354
535	608
34	796
110	690
197	402
477	590
49	572
361	735
89	251
486	609
86	630
423	765
199	322
264	678
228	739
276	613
17	126
151	176
369	616
220	589
9	622
81	115
492	592
310	407
177	187
32	98
64	90
295	749
265	328
124	201
620	687
672	792
71	390
568	604
13	738
213	515
344	461
500	731
65	710
73	250
34	388
170	363
695	779
22	799
92	385
521	756
409	462
153	176
134	532
422	441
267	484
398	676
423	707
0	497
196	698
105	190
256	306
243	757
213	339
322	458
148	219
25	508
388	652
25	298
74	635
130	473
299	453
245	416
111	375
340	465
586	787
251	298
83	797
661	698
93	140
195	414
71	608
99	359
727	756
754	779
780	798
372	673
612	783
151	596
597	721
787	799
101	403
232	372
76	679
159	288
258	328
414	573
712	753
378	589
372	658
358	661
425	614
247	729
328	662
104	166
373	759
172	453
93	653
271	450
443	483
521	542
45	506
76	396
355	720
80	86
414	565
382	547
277	474
28	648
312	493
189	700
298	393
217	640
457	771
230	327
460	537
216	707
71	671
291	437
275	758
530	550
121	261
151	228
423	710
507	536
193	686
754	786
54	153
533	745
178	735
272	354
262	591
315	771
432	702
548	711
74	762
58	130
145	784
45	585
41	551
93	356
269	275
567	615
492	557
682	686
452	554
401	528
440	676
209	578
35	660
411	438
554	616
474	478
454	665
254	305
391	558
20	143
236	586
77	496
543	575
126	419
471	626
95	558
192	296
150	318
450	742
176	307
431	702
5	124
539	717
676	743
488	687
61	226
247	382
228	635
392	591
261	747
347	379
146	252
178	248
102	495
408	759
193	525
13	39
211	751
116	593
433	481
359	738
115	136
341	788
455	532
130	709
372	566
37	722
522	688
185	467
22	207
475	643
319	347
397	759
509	604
438	591
70	366
530	679
17	475
332	656
61	536
256	429
124	482
257	709
316	401
23	492
509	582
476	757
504	549
287	338
77	789
281	447
208	318
53	522
74	158
65	446
257	656
32	675
476	722
44	503
225	434
477	792
310	495
478	629
81	316
101	560
509	645
337	707
184	396
8	662
108	374
543	595
314	417
121	702
528	683
163	569
495	784
422	711
11	90
390	512
13	208
433	475
274	768
178	541
254	364
157	447
260	386
211	784
523	685
437	653
656	798
672	754
610	794
224	640
48	723
425	686
373	578
468	481
453	522
371	647
23	771
536	633
58	509
374	610
68	480
91	348
536	611
252	517
139	734
24	386
376	714
345	614
249	510
250	630
74	448
199	513
423	775
84	773
444	544
232	330
277	539
101	701
117	391
227	476
197	306
360	429
171	442
48	582
7	601
218	622
382	596
44	690
233	730
98	593
271	378
137	538
237	554
370	465
46	94
211	602
246	668
166	249
438	691
418	697
250	562
188	384
117	471
521	694
153	455
45	633
19	631
250	361
235	717
278	356
462	603
251	485
131	247
565	613
243	772
207	738
193	408
98	119
562	702
6	736
463	650
156	397
219	335
295	488
87	105
152	219
332	736
182	207
471	739
546	749
410	594
472	617
264	567
310	333
606	738
204	544
390	399
446	636
672	764
314	375
404	667
249	405
349	452
404	646
67	580
183	306
244	797
405	654
377	724
429	494
71	692
247	785
438	699
17	404
430	549
126	715
15	495
78	642
376	562
119	205
568	750
290	683
374	377
281	396
240	569
506	691
121	763
46	275
133	209
672	787
0	540
79	774
445	686
35	448
67	499
15	353
584	676
28	92
78	417
85	733
670	677
7	293
34	291
341	659
394	639
166	480
55	776
394	778
125	294
593	782
421	436
364	671
3	403
384	791
84	428
52	359
326	343
147	426
334	442
612	706
419	594
322	717
306	565
132	173
295	296
572	786
32	70
63	514
175	724
52	137
181	277
286	385
223	743
459	602
198	262
55	475
215	313
644	688
73	269
483	711
389	754
197	467
541	615
629	658
50	238
405	693
177	643
194	293
223	326
79	464
439	517
590	631
97	139
292	478
447	464
25	174
278	287
253	403
314	623
323	581
634	751
26	248
282	603
372	416
460	582
326	481
168	582
402	649
152	180
66	419
125	346
77	103
232	750
483	710
455	493
403	744
528	593
241	581
107	644
419	704
221	425
333	368
147	713
232	699
58	744
576	587
372	526
158	768
224	410
111	161
12	734
268	306
18	308
383	658
268	479
49	348
472	779
319	561
466	530
306	520
168	443
455	582
447	488
413	689
163	691
227	268
357	708
299	692
80	137
217	411
248	250
45	168
59	639
42	564
90	264
256	587
373	555
473	542
89	289
27	379
347	640
261	788
20	580
72	797
708	728
449	656
72	691
334	704
165	798
13	709
9	159
360	600
19	78
329	340
323	756
210	734
216	374
120	442
330	716
224	312
37	70
194	359
115	337
162	379
282	757
531	595
142	378
199	419
19	739
27	736
501	610
405	796
96	592
428	666
115	506
608	620
128	777
309	347
24	233
297	327
222	689
252	473
596	731
119	540
403	561
72	510
329	764
106	706
158	605
264	308
462	552
135	178
629	719
324	781
513	725
48	613
389	720
243	485
436	627
462	511
426	609
19	574
505	508
548	755
88	293
24	270
58	308
494	608
477	656
419	754
499	509
98	198
248	275
38	385
186	646
237	716
85	393
136	405
353	460
731	792
72	198
429	776
156	215
216	719
70	412
19	529
603	641
652	683
121	229
202	731
269	505
401	547
300	438
48	301
430	540
341	717
196	261
205	465
108	354
359	662
308	420
415	532
180	670
656	692
297	338
220	797
607	761
247	552
283	338
422	486
441	752
619	776
99	770
53	427
132	666
120	266
322	720
283	509
195	623
357	726
384	518
41	616
338	459
553	629
20	166
57	499
212	316
113	787
17	598
118	718
514	550
44	376
153	573
522	673
141	228
275	747
666	755
373	790
585	638
57	648
224	337
680	707
647	754
341	702
127	380
220	537
133	549
597	676
204	781
269	334
46	112
45	578
629	776
259	591
17	464
38	284
52	693
199	251
116	543
138	798
452	502
545	548
389	691
677	731
618	673
304	524
189	453
311	451
128	343
488	654
172	689
30	259
438	736
286	489
765	787
223	378
120	749
57	378
224	322
573	742
232	703
462	468
383	544
164	543
558	772
112	264
78	494
118	510
47	256
173	769
267	293
450	701
366	540
324	334
83	344
75	339
119	668
482	727
4	519
1	345
28	499
65	527
328	427
478	520
69	106
357	496
115	640
304	667
143	355
40	591
116	405
264	711
8	748
256	765
635	764
219	337
755	771
259	382
181	798
448	793
214	616
586	720
14	791
303	757
486	629
126	176
377	647
7	479
49	247
150	224
197	253
480	566
53	188
250	563
596	717
551	622
172	267
56	523
175	513
655	778
387	533
437	612
674	786
627	666
553	772
423	752
344	499
478	534
267	557
93	190
313	440
379	704
386	553
19	75
64	323
461	576
93	340
253	389
310	412
455	751
69	431
392	620
286	673
377	598
380	662
430	452
408	775
143	243
412	768
133	496
110	264
605	654
594	697
148	192
203	720
252	447
314	334
27	511
440	694
225	295
664	745
29	478
30	46
90	191
323	358
403	577
241	293
33	384
382	695
1	545
317	765
228	239
231	670
6	113
395	777
430	605
376	661
46	186
395	799
525	743
263	591
97	399
564	797
704	765
258	317
178	447
32	608
213	424
64	422
5	562
264	286
174	201
5	55
410	643
421	777
731	741
419	584
291	568
125	393
129	679
271	648
327	589
529	748
119	589
145	645
395	544
72	497
522	710
191	522
391	679
611	797
78	632
523	598
22	710
198	334
363	684
29	441
324	725
157	317
3	134
138	586
28	386
262	791
526	544
72	564
343	786
186	773
75	204
66	293
539	549
282	345
268	370
650	681
15	367
5	127
433	755
203	494
93	355
225	706
387	668
468	691
387	496
125	438
312	349
625	692
245	795
373	520
24	256
211	353
139	382
283	729
173	497
170	751
12	364
354	451
131	223
467	597
176	776
51	718
8	721
229	797
111	519
251	398
720	723
330	782
397	705
250	480
659	676
133	795
66	272
215	742
202	250
285	372
473	649
55	719
202	436
105	564
26	372
325	577
70	526
275	724
588	720
412	535
120	713
201	568
682	720
25	650
349	427
614	693
59	562
88	132
51	223
145	650
183	535
70	443
293	300
0	537
394	729
196	669
377	710
155	686
510	639
28	173
401	410
222	535
266	675
103	121
455	599
326	631
443	471
273	550
17	179
305	687
11	409
271	332
352	650
34	151
551	723
491	555
223	584
10	419
49	446
352	388
24	151
550	594
586	635
474	679
602	691
409	513
171	400
401	626
197	614
313	557
398	762
240	673
35	474
795	799
234	358
547	756
6	358
275	491
268	331
35	788
307	511
42	192
412	541
714	757
381	430
705	749
545	763
26	737
329	722
327	796
16	72
583	722
242	760
238	569
163	318
555	607
5	455
590	675
321	372
125	478
175	176
420	678
209	411
261	283
278	659
6	117
369	688
505	707
55	197
83	660
188	287
87	374
112	746
213	408
169	302
131	369
254	756
106	743
333	751
67	75
480	492
170	316
412	681
116	122
751	766
42	321
50	662
66	572
207	529
44	657
123	347
54	498
616	766
179	571
364	574
249	670
253	729
52	567
392	590
634	718
84	96
353	601
77	344
554	767
412	675
349	717
123	517
22	196
339	394
457	612
535	728
590	768
212	268
658	696
427	573
34	246
236	431
237	690
198	449
32	297
649	781
507	779
318	727
9	497
536	550
298	359
202	620
137	793
406	759
371	492
666	692
646	786
153	693
461	657
384	424
53	560
89	667
597	769
152	473
179	234
30	201
60	563
114	394
101	577
53	193
58	163
210	541
180	379
292	604
738	760
161	539
12	258
167	175
57	333
124	307
380	773
70	470
413	792
48	86
114	653
574	761
202	208
681	735
128	487
119	783
419	569
334	494
84	339
191	282
12	644
542	638
665	680
32	232
665	726
200	618
61	71
69	528
547	662
304	702
407	706
15	427
193	287
117	337
254	731
96	130
60	263
658	771
353	412
242	673
42	225
142	783
613	747
170	690
287	426
577	685
147	243
493	647
50	637
174	251
470	678
63	464
555	574
61	103
443	670
120	666
348	448
238	455
68	683
175	683
121	552
141	388
253	712
206	392
200	572
77	351
47	137
636	681
145	558
487	522
288	328
371	490
82	706
537	742
94	534
140	789
690	731
427	708
612	614
23	283
36	621
229	521
26	323
254	794
361	761
114	258
256	780
677	799
222	443
364	719
80	741
350	588
53	558
273	443
8	761
375	424
33	623
371	450
350	679
246	715
33	531
214	333
252	475
45	182
294	777
574	693
22	62
261	314
448	472
223	727
327	369
264	339
228	277
530	788
506	594
419	757
299	419
242	711
174	377
563	709
71	751
293	794
72	462
235	271
213	558
319	472
446	728
107	573
17	661
352	739
289	309
28	310
439	469
125	481
355	361
264	724
357	520
622	667
148	160
290	726
310	597
533	723
32	346
149	434
60	442
210	649
356	370
160	690
273	467
219	316
726	795
248	458
38	419
179	679
281	744
131	580
87	439
631	661
265	598
65	206
313	672
61	711
95	728
386	749
424	657
68	222
199	479
673	701
409	632
434	782
67	486
316	747
22	609
105	625
435	604
313	464
264	781
468	736
18	712
143	185
16	245
210	382
160	507
145	247
35	179
319	799
332	709
59	435
377	439
445	726
612	655
763	790
215	413
69	750
181	204
46	624
235	469
175	235
366	495
124	266
518	717
137	420
12	778
52	97
292	691
370	696
519	778
393	424
234	287
462	553
598	723
535	798
137	249
453	744
643	722
285	443
561	684
22	66
509	525
223	658
222	459
506	747
111	361
267	736
299	434
118	403
25	770
693	697
322	699
152	505
262	420
33	167
260	741
543	562
102	359
67	376
377	399
412	764
7	53
76	347
208	348
172	741
732	769
13	790
189	233
688	737
398	516
267	282
121	589
111	211
194	450
103	298
113	780
554	643
230	793
155	601
139	611
251	350
206	570
383	689
300	545
639	658
698	750
318	569
181	693
496	754
341	421
251	263
446	726
110	676
65	767
337	793
504	728
6	153
205	490
377	658
623	683
466	562
19	539
316	407
205	360
19	141
389	444
523	540
26	499
16	293
126	191
476	558
286	291
314	603
320	731
639	721
433	539
293	690
410	675
84	375
521	644
210	239
509	538
176	183
57	339
235	587
599	650
60	359
56	757
245	506
266	741
39	361
98	674
422	614
204	754
518	639
466	740
299	356
338	343
238	505
242	746
489	579
93	241
467	681
535	795
254	702
734	749
320	708
139	220
427	508
111	703
347	748
410	742
180	537
435	700
412	466
73	192
72	730
26	73
242	511
429	636
38	96
382	641
398	439
426	787
12	506
12	536
285	686
510	690
462	592
53	310
382	526
62	175
218	314
31	734
155	574
440	616
335	545
311	333
29	269
300	559
200	238
477	499
111	142
433	687
111	371
236	524
317	323
9	401
265	420
202	763
559	653
303	532
84	173
368	782
81	89
29	335
273	309
272	592
291	778
93	772
310	486
204	739
281	795
225	371
243	603
18	445
150	499
300	657
78	603
391	786
620	725
486	520
198	234
538	622
54	700
201	514
211	544
21	57
58	549
33	90
480	552
49	291
102	545
243	461
21	787
449	716
60	125
394	623
331	661
274	373
358	529
419	753
170	427
650	758
83	229
434	550
349	790
225	521
269	380
473	475
204	709
127	244
38	120
139	782
244	277
348	518
348	540
375	649
304	396
39	234
114	124
54	66
380	755
81	722
161	489
229	359
354	479
471	682
270	648
168	775
119	246
295	627
19	108
46	523
603	664
26	514
151	785
422	653
49	654
135	608
192	771
538	619
489	693
66	516
162	608
226	242
134	222
157	540
90	341
122	193
25	430
436	712
150	666
140	647
3	490
368	377
22	662
263	541
63	106
105	730
430	520
3	317
92	583
367	613
525	754
135	697
655	664
150	759
149	438
242	651
579	755
195	212
368	424
592	703
373	688
147	416
710	777
102	693
33	454
303	536
696	781
77	378
48	380
157	522
342	604
660	776
539	559
157	373
146	192
666	673
581	600
31	116
69	504
110	677
103	747
15	200
583	705
0	143
58	333
68	324
41	420
282	703
33	561
411	545
259	283
700	756
267	700
46	426
460	673
14	329
354	369
143	669
196	589
157	233
88	486
121	582
297	313
149	449
626	693
484	607
0	280
56	694
64	449
59	88
73	432
141	551
134	507
105	156
12	73
114	489
270	360
394	513
316	524
305	550
18	125
233	605
31	372
94	151
753	783
249	640
705	765
733	743
292	462
301	364
137	740
201	757
54	112
564	745
340	512
308	314
301	356
105	271
230	405
276	631
287	752
50	98
338	791
534	668
696	757
204	555
213	530
494	617
152	453
83	682
5	22
549	589
219	360
324	731
49	224
525	556
368	621
36	102
110	411
269	506
168	230
471	715
45	682
98	178
19	223
289	347
144	323
129	417
424	556
205	540
358	618
479	550
178	521
700	767
75	328
10	700
485	633
237	692
461	532
12	507
324	511
425	480
59	548
129	136
37	114
56	623
563	733
188	285
533	725
122	234
314	505
660	674
296	624
513	524
82	379
25	356
435	688
324	331
434	494
157	305
31	203
605	783
371	508
689	719
99	201
3	197
74	696
56	71
623	627
284	650
216	317
191	250
745	758
96	506
5	54
423	598
257	365
292	429
267	412
517	564
86	444
317	338
472	718
123	768
79	89
468	610
48	280
505	757
99	590
554	675
268	555
0	16
48	767
270	494
241	763
130	146
221	637
57	524
596	629
248	252
490	562
114	305
463	604
185	244
24	51
95	358
133	180
18	117
173	574
441	797
198	401
294	572
16	276
181	226
469	634
9	391
439	728
395	690
626	707
173	477
42	132
116	251
390	433
485	743
296	581
17	285
424	632
116	717
38	601
566	641
314	493
324	643
6	593
102	632
141	492
161	568
85	172
585	615
409	540
196	322
112	415
573	688
154	516
115	790
519	768
225	603
18	604
38	387
303	413
220	651
370	745
66	578
156	294
514	741
408	788
572	757
136	264
194	619
94	294
44	753
18	507
119	468
294	312
629	728
227	240
526	706
607	753
113	347
334	705
379	410
75	472
432	548
386	416
313	570
194	246
91	608
197	718
59	292
427	760
201	665
317	589
428	495
107	700
19	196
4	25
78	421
250	278
171	745
494	502
127	451
424	676
343	557
218	688
225	748
68	285
314	512
262	383
242	664
503	564
121	632
249	612
330	435
196	782
575	592
32	719
2	191
188	526
571	763
169	791
49	462
124	728
483	631
198	648
18	725
152	165
485	702
417	574
397	495
548	674
1	498
9	625
476	568
127	613
625	634
534	733
31	685
281	422
91	428
146	414
135	558
114	695
449	456
519	591
429	729
236	606
410	508
442	571
47	319
264	625
86	639
324	504
55	772
367	596
105	775
8	384
31	89
66	327
168	423
112	433
389	526
359	629
645	745
482	499
346	545
476	656
196	505
270	786
189	777
192	614
263	343
174	522
30	120
538	679
126	368
539	740
198	540
212	422
21	158
164	364
235	696
268	490
713	757
446	589
622	767
525	710
78	169
621	715
338	644
1	287
121	245
325	763
111	558
310	699
110	130
232	362
133	488
111	184
138	398
305	665
41	624
488	602
471	691
443	595
336	370
552	644
558	594
558	778
515	699
61	658
392	407
577	741
29	405
158	591
8	463
450	763
258	400
172	561
174	632
419	655
102	229
287	407
290	420
393	734
159	164
572	700
483	567
105	729
279	390
598	776
470	689
265	780
333	391
32	270
73	457
257	525
721	730
145	764
499	552
166	267
285	471
354	547
60	402
239	406
303	548
149	178
433	660
437	636
389	521
127	629
319	762
502	611
428	542
631	659
319	538
609	666
68	791
564	750
93	549
427	600
153	531
367	482
161	645
379	701
54	101
4	44
706	778
476	525
53	185
99	607
146	194
106	545
246	476
47	500
366	485
21	184
220	395
102	697
24	748
117	422
222	321
73	623
22	302
2	159
453	606
250	372
414	796
563	732
600	745
121	360
611	698
472	646
105	364
135	771
540	794
44	164
149	267
368	743
447	720
231	563
236	487
262	359
52	510
506	712
408	575
454	546
14	190
537	655
195	423
241	633
184	646
36	43
428	637
33	61
218	694
28	410
148	179
561	631
745	795
616	661
43	293
354	685
155	206
52	213
401	681
140	671
241	785
303	555
7	723
184	290
38	298
457	714
199	375
99	361
438	708
238	756
256	734
366	406
176	571
163	332
94	403
324	419
445	633
185	249
72	270
328	673
655	683
624	760
162	187
377	746
63	268
86	594
524	746
115	537
327	429
19	379
143	750
198	794
381	759
152	598
494	566
8	678
255	540
265	750
178	606
432	763
76	134
63	687
437	539
354	674
297	392
370	507
57	306
604	644
449	553
80	791
91	791
406	418
115	155
102	202
2	632
192	524
377	550
183	503
181	205
548	631
18	490
376	673
279	520
201	672
287	358
171	797
236	349
111	272
165	646
262	428
208	582
16	33
204	752
427	728
39	396
227	734
33	723
261	608
57	331
314	482
155	712
38	425
471	677
114	224
467	747
429	584
485	494
409	648
273	426
226	586
388	459
184	446
142	571
171	608
102	447
538	641
40	586
658	665
381	738
39	330
30	410
412	641
156	730
79	693
88	566
503	725
121	554
314	792
25	268
426	566
41	633
132	585
215	712
111	366
191	681
135	722
281	377
193	589
158	194
208	757
261	511
679	688
381	505
676	751
553	605
399	520
504	561
69	153
216	325
527	632
437	480
173	193
198	719
466	786
539	567
85	585
231	341
419	549
518	757
678	795
48	383
588	647
2	31
490	511
259	748
537	738
53	243
378	604
244	533
425	531
627	695
239	710
502	755
2	167
443	640
436	520
73	157
230	556
548	653
49	96
699	798
176	554
534	655
5	131
88	784
272	524
109	774
268	499
33	297
686	749
505	775
43	352
463	624
420	570
413	589
265	490
117	797
86	305
507	724
373	726
640	787
377	418
103	621
25	743
723	798
536	660
659	790
100	464
11	295
530	553
33	611
275	334
279	649
133	525
332	631
255	590
50	556
462	725
495	729
95	583
37	456
517	710
92	437
747	766
518	643
625	688
537	614
363	726
280	757
121	194
7	595
446	666
248	725
369	551
154	454
81	83
86	592
658	777
394	482
215	439
23	699
687	741
179	738
575	655
7	195
148	549
275	733
325	663
247	555
152	713
49	405
454	742
29	438
116	313
291	527
638	662
400	789
262	301
319	442
91	171
164	220
31	742
544	553
53	372
458	769
127	543
87	490
173	368
684	797
95	119
353	710
68	219
310	777
704	780
32	740
68	275
156	244
209	379
181	195
426	639
107	736
254	476
110	549
284	438
22	43
198	244
618	795
364	680
25	738
49	552
137	795
102	780
220	339
327	462
62	598
237	276
190	391
58	554
554	736
50	428
128	393
0	525
176	746
143	756
77	195
70	704
143	706
246	620
331	604
168	713
46	600
4	350
262	743
35	360
183	656
662	704
234	750
45	681
282	567
14	509
135	713
188	268
490	693
299	440
143	384
71	545
124	479
212	284
255	569
102	286
192	637
494	534
391	488
176	468
100	586
190	780
696	793
670	788
394	630
594	738
498	698
154	484
526	663
317	440
610	661
545	651
300	441
241	597
492	627
358	734
78	399
143	463
489	572
186	528
614	654
110	564
49	294
155	698
50	374
589	606
77	272
316	533
18	196
294	785
537	637
382	531
93	728
396	608
331	535
447	477
5	425
84	231
247	763
649	672
548	604
438	783
681	725
148	779
99	257
142	611
8	581
227	790
448	703
108	375
264	436
380	781
76	744
320	383
148	747
533	645
96	218
319	380
536	757
105	371
206	642
288	324
302	683
343	406
51	326
99	787
93	369
141	651
306	722
474	795
235	755
166	506
709	758
47	56
272	281
171	670
109	131
91	518
230	254
80	84
384	536
476	522
208	660
81	311
41	366
365	588
99	476
498	646
651	720
211	275
315	642
39	300
38	214
538	713
173	645
62	424
78	605
624	678
212	573
99	550
605	705
375	631
291	539
379	750
211	549
242	727
664	731
419	742
554	682
304	429
334	736
52	289
307	596
369	749
423	628
124	493
152	195
104	321
130	539
283	370
261	717
90	369
450	552
34	364
220	267
17	738
462	722
184	417
672	676
508	727
520	726
539	634
508	790
101	593
86	121
169	615
330	394
481	783
624	660
154	680
328	485
206	727
456	692
172	339
101	153
316	745
665	748
338	452
73	598
262	331
19	721
376	722
52	354
192	368
476	673
388	452
539	575
574	783
106	189
259	550
605	671
605	794
33	389
421	541
314	444
350	358
226	574
445	594
323	530
143	719
371	710
142	720
35	784
112	701
82	671
279	442
11	28
435	594
499	725
79	416
344	656
261	730
231	444
120	189
246	556
60	599
15	733
351	628
175	187
599	681
167	215
197	400
615	692
81	190
162	766
412	703
510	635
263	708
5	469
521	588
334	405
172	358
176	369
88	569
516	731
388	750
258	333
37	512
395	493
567	601
188	615
228	530
169	478
312	602
152	323
339	389
273	287
99	271
250	325
606	750
142	700
83	483
260	475
228	517
81	354
86	341
39	392
169	610
418	563
78	130
303	799
177	769
38	680
11	708
157	478
240	467
279	605
223	287
134	150
484	612
61	494
176	766
179	318
152	735
162	595
296	337
82	370
16	232
34	331
592	749
714	743
127	552
37	753
270	272
178	738
156	471
146	497
601	736
80	154
290	558
410	597
419	475
445	763
721	766
359	426
63	791
366	615
67	543
377	721
20	249
31	298
226	289
655	658
55	363
162	433
716	752
62	439
517	713
279	465
171	279
544	591
290	546
206	730
377	702
534	609
415	704
171	388
195	493
134	503
222	417
403	712
282	444
62	512
274	704
10	149
65	293
296	392
329	732
74	703
555	744
304	691
323	539
181	352
270	675
266	289
309	772
502	766
60	341
461	585
63	458
174	255
8	85
611	781
404	601
129	462
385	597
61	163
537	777
386	397
600	632
22	296
310	782
189	582
164	408
32	145
56	156
259	697
429	683
106	318
357	654
140	322
493	547
553	706
92	676
249	637
489	773
350	765
87	477
272	455
85	289
86	632
757	783
465	543
259	628
380	584
184	342
186	360
580	771
426	435
78	370
318	399
527	534
66	629
382	786
151	276
187	224
200	370
36	567
526	770
97	315
259	548
431	480
304	441
117	214
54	734
253	733
478	704
195	361
519	523
298	326
371	612
391	469
147	692
70	256
96	520
113	438
143	590
556	730
284	422
339	478
653	725
370	491
129	348
254	311
94	463
510	573
261	301
111	334
370	450
48	545
93	538
423	438
44	118
43	674
513	583
11	373
721	782
223	486
152	779
269	541
315	724
128	455
30	165
277	389
114	272
231	296
47	351
182	461
79	341
520	690
463	739
465	481
13	256
35	171
163	348
147	636
178	604
300	701
197	761
4	777
45	412
163	756
157	394
119	367
238	373
429	470
236	275
233	330
230	558
568	653
500	651
88	212
292	775
146	516
235	699
222	330
559	744
76	622
356	728
202	446
9	633
90	595
202	219
495	574
537	736
545	609
402	731
130	481
287	492
71	224
294	638
503	641
286	360
210	679
57	553
68	216
469	687
365	765
56	731
272	762
125	259
61	396
135	307
115	741
274	584
344	672
397	738
743	768
28	487
78	191
411	507
156	160
245	264
392	567
439	786
382	553
111	605
602	676
422	554
184	535
237	260
230	415
228	732
50	798
64	300
637	714
399	524
21	56
418	529
558	747
429	485
401	521
311	682
397	505
513	616
209	345
361	692
62	708
355	698
328	773
231	361
157	727
61	125
310	467
90	724
101	172
24	240
65	711
687	761
197	448
31	134
37	80
220	287
166	321
27	673
588	661
176	496
90	705
172	745
470	770
140	493
211	272
345	671
592	633
274	385
212	670
56	654
146	553
147	511
348	393
100	499
4	746
479	780
23	37
147	715
219	303
506	608
371	534
686	713
181	569
195	392
74	646
300	738
308	444
46	397
278	388
115	480
53	350
174	207
325	469
477	479
127	602
546	699
173	670
169	416
406	505
64	361
29	450
21	290
667	752
723	735
57	275
142	754
232	412
471	558
349	492
331	505
676	781
33	462
24	768
368	456
56	382
446	778
184	376
128	446
494	680
280	396
141	630
1	798
19	719
264	476
35	754
91	606
179	457
460	784
504	682
313	746
392	527
501	660
233	702
414	459
74	427
48	441
111	139
480	744
172	573
331	537
258	625
60	646
238	394
391	692
253	394
512	646
374	494
37	644
35	194
63	204
364	440
273	534
672	695
272	473
281	326
227	728
232	387
253	505
251	468
115	383
377	450
54	388
256	712
109	640
8	44
122	570
286	320
249	653
280	283
633	708
488	724
43	341
60	450
60	669
48	320
622	639
72	201
213	310
678	757
71	215
307	648
212	325
5	73
258	477
318	622
648	734
390	613
72	795
344	548
213	544
145	628
210	564
349	601
231	590
162	241
423	653
149	756
263	458
113	645
129	574
210	680
16	760
92	550
347	609
181	769
121	372
767	776
55	748
236	481
397	676
272	657
56	682
135	532
178	431
723	765
224	470
439	692
388	425
200	343
377	544
82	90
149	538
48	359
21	432
398	570
82	404
91	565
31	539
231	730
199	606
76	529
633	658
104	107
234	461
38	186
226	658
4	509
7	25
44	82
233	589
18	245
400	700
471	791
117	674
42	783
496	622
161	768
455	673
298	708
210	222
245	418
219	551
107	174
16	277
408	612
289	563
94	165
81	534
221	511
303	596
117	299
215	556
725	771
433	770
95	395
540	646
147	784
348	708
157	506
45	82
528	743
194	674
298	732
461	773
60	292
285	594
83	640
197	588
672	735
502	700
36	256
526	722
629	774
102	331
59	174
146	160
64	669
223	643
205	509
485	696
95	137
93	264
196	618
333	729
302	687
75	298
511	713
300	537
94	416
458	543
144	406
131	440
94	618
44	422
284	423
361	778
35	223
122	426
360	377
63	183
243	319
123	183
32	615
512	732
173	488
47	430
7	633
200	573
98	144
435	747
93	232
114	488
188	657
664	676
82	332
20	452
23	777
238	419
270	429
665	776
747	769
333	527
142	532
4	139
615	639
584	672
192	625
530	783
376	677
713	773
212	576
264	399
174	303
250	676
142	275
244	424
26	710
595	602
291	294
451	720
146	774
3	456
50	201
70	416
477	610
431	565
32	488
438	786
301	689
415	518
141	176
446	581
34	140
29	631
629	695
389	790
592	764
125	452
339	549
316	394
262	434
294	543
84	641
171	339
136	754
157	590
308	463
280	287
136	795
289	609
383	612
235	698
249	560
242	556
94	342
76	464
419	477
20	686
170	387
73	147
71	151
141	798
271	755
13	164
519	642
388	407
35	518
347	757
39	78
669	711
376	723
543	616
14	343
120	796
69	372
300	752
31	349
128	197
77	676
562	757
32	434
56	724
84	298
353	620
12	575
268	791
388	435
156	255
162	291
160	430
6	489
588	695
580	722
110	594
177	243
409	455
93	117
436	571
582	684
574	795
317	669
248	762
185	418
232	352
586	626
694	774
106	526
663	678
27	481
43	424
43	647
311	487
290	626
9	478
383	694
18	637
349	374
404	787
211	609
744	781
435	596
264	699
313	551
507	656
723	774
397	627
190	724
463	721
120	335
346	760
161	752
601	792
120	272
161	781
336	662
24	711
352	701
72	570
320	740
329	375
447	684
162	689
471	617
162	552
68	689
527	746
280	534
64	572
108	514
63	553
101	370
416	457
211	536
407	605
203	249
327	414
66	165
39	287
195	240
166	663
379	458
206	732
347	384
364	750
342	526
505	668
35	233
167	333
479	668
202	412
44	709
279	644
31	642
445	529
425	730
442	784
158	242
552	670
287	711
423	523
13	481
85	447
595	700
154	706
207	617
130	154
345	461
8	560
536	656
267	531
166	219
169	320
117	251
23	721
299	665
121	584
76	216
5	618
257	638
212	585
338	632
151	401
333	576
370	701
126	202
198	321
199	203
139	565
68	450
127	775
119	779
601	797
411	460
470	781
244	791
175	506
79	550
318	605
49	438
429	453
457	629
622	777
534	678
718	761
531	704
2	54
305	468
2	334
100	488
390	563
401	603
675	767
32	780
59	72
484	774
203	244
179	793
406	423
99	415
232	274
5	259
508	634
481	504
22	423
121	727
90	713
210	439
114	422
388	639
102	635
421	497
239	291
336	482
83	170
389	552
180	614
267	337
604	611
438	773
229	733
348	495
190	339
174	437
76	345
214	701
448	795
397	645
90	574
589	675
128	799
256	605
5	550
304	755
437	526
126	326
151	400
272	642
232	744
606	743
218	319
327	398
254	607
68	182
487	561
378	590
193	479
154	524
593	742
279	724
402	758
83	751
609	796
509	612
63	134
141	223
231	269
624	752
94	265
749	795
599	770
366	391
184	329
479	532
20	537
60	189
668	724
15	248
20	459
203	384
90	429
227	517
5	253
489	799
166	262
282	531
271	679
299	607
370	691
173	743
190	266
158	338
248	747
38	620
516	749
615	696
610	736
481	482
160	350
349	555
110	330
123	689
398	703
148	364
54	253
282	327
469	791
481	494
25	312
73	746
182	404
114	796
199	594
541	705
22	379
706	715
552	592
163	286
25	151
581	595
105	357
481	514
127	594
634	739
518	580
420	720
522	649
83	146
248	266
515	592
263	596
187	252
123	283
203	746
109	576
411	592
556	712
659	714
561	639
115	333
673	770
355	457
186	221
452	608
660	686
565	629
457	619
80	397
449	458
563	629
645	693
184	241
303	396
167	690
180	371
187	731
10	397
760	788
531	698
700	741
27	398
9	636
681	761
492	566
518	766
353	471
211	412
95	539
63	170
362	516
45	377
216	300
207	758
16	457
38	427
319	766
11	683
349	600
553	680
374	468
77	494
420	653
414	588
555	697
331	513
282	675
249	698
209	343
101	765
240	353
638	693
27	117
195	218
142	537
134	331
173	178
597	661
292	508
393	434
272	442
565	646
89	399
145	543
195	746
195	582
371	429
356	375
235	280
712	760
458	632
770	791
412	673
184	727
83	303
280	357
149	288
221	525
365	548
22	557
150	572
433	749
53	555
78	86
399	664
323	643
6	292
588	617
162	364
400	439
66	461
616	620
6	403
425	735
434	555
197	436
756	762
192	503
46	709
121	780
142	301
386	763
130	368
168	702
157	158
215	497
230	478
67	578
27	89
151	411
93	438
669	770
206	781
519	614
121	724
767	784
160	308
462	784
333	381
393	562
126	400
180	476
434	642
122	354
326	771
39	142
179	673
288	428
149	371
262	686
263	526
328	331
6	693
127	631
539	571
98	275
195	359
28	699
32	644
384	408
425	434
176	271
307	516
564	787
199	723
376	776
270	594
92	373
31	469
121	228
471	497
42	443
290	583
315	788
522	791
352	370
220	461
45	50
57	689
436	727
317	650
174	361
236	483
327	695
473	650
104	263
551	602
231	624
16	725
190	631
690	706
744	791
109	456
44	467
101	645
4	392
375	760
387	474
123	567
62	408
23	120
253	742
4	216
237	431
124	177
235	497
80	347
25	423
116	611
95	700
181	631
120	222
316	522
475	587
142	738
15	48
256	562
116	533
427	469
221	692
495	539
471	713
118	179
662	699
220	311
5	722
320	466
420	517
270	730
524	566
478	662
202	573
260	582
210	751
369	681
155	295
417	671
10	410
281	774
15	481
176	770
105	602
468	469
188	497
206	709
43	387
95	468
645	665
340	528
486	623
500	763
31	737
590	639
197	677
496	530
210	245
292	692
215	339
502	782
484	673
544	637
261	350
263	354
115	224
301	791
510	577
470	538
316	776
372	778
48	739
199	541
197	720
643	670
536	677
51	305
312	720
90	213
177	321
650	678
89	723
62	484
189	507
418	754
680	798
437	538
423	776
174	275
680	687
261	589
140	716
362	592
208	729
9	536
165	656
309	510
162	349
391	773
47	445
130	275
553	647
377	503
21	353
55	538
74	202
67	321
91	168
110	350
362	415
233	432
503	633
92	665
39	619
319	548
28	782
400	569
13	593
288	729
112	782
257	699
8	468
121	602
243	674
2	439
190	502
128	143
29	73
547	641
215	776
323	789
480	657
438	471
170	340
9	754
570	605
606	759
486	638
677	796
306	380
243	752
163	335
90	421
257	309
106	546
590	623
365	684
491	536
100	320
320	791
321	714
202	627
433	501
106	532
36	178
161	471
290	452
283	705
53	423
90	232
599	671
108	625
233	376
114	268
113	737
319	560
221	536
161	740
490	772
300	469
275	685
50	431
102	613
93	567
158	773
39	545
730	763
369	538
31	544
627	707
34	506
112	306
239	267
138	589
490	584
227	481
100	368
251	777
25	303
394	540
342	597
313	380
380	615
20	62
672	795
577	730
34	231
513	665
89	428
26	557
78	90
13	574
628	692
310	687
58	643
238	330
76	335
104	700
324	691
361	500
436	452
2	347
33	643
41	675
120	509
24	634
71	646
471	732
244	407
390	463
175	422
229	253
380	714
169	677
593	668
327	624
219	276
250	427
136	755
86	449
325	612
364	628
362	679
179	609
170	684
517	552
609	701
127	788
519	575
74	786
303	783
392	611
556	777
364	449
75	515
124	319
526	672
553	684
74	97
469	771
366	511
173	613
345	486
310	748
20	406
268	560
41	503
136	389
140	272
373	788
119	299
275	742
305	372
738	792
712	766
343	532
235	341
101	659
114	576
173	566
79	156
65	429
131	651
85	232
115	726
481	486
276	285
265	327
500	567
573	787
132	751
96	609
282	464
100	161
318	538
179	648
33	552
55	284
359	637
96	464
55	142
320	605
248	460
136	276
61	275
362	522
154	666
82	277
101	646
20	793
353	380
285	691
588	659
26	440
550	635
138	740
240	537
169	664
170	302
168	708
48	655
315	694
380	720
214	457
359	464
386	605
326	542
138	690
257	387
414	585
475	614
72	565
394	703
76	745
39	524
107	386
662	707
41	570
58	152
48	397
223	356
73	110
188	683
313	635
75	213
239	390
157	551
590	645
347	598
442	698
110	221
340	502
409	600
577	735
263	555
299	669
319	467
291	623
130	553
100	295
692	725
283	670
226	295
293	792
726	794
569	682
171	242
253	516
419	761
78	368
95	758
324	724
184	439
447	566
191	777
87	616
275	641
305	397
653	738
569	627
71	677
185	686
467	476
114	201
2	128
440	787
167	257
122	389
294	321
539	752
26	503
442	677
318	329
56	95
237	647
432	497
25	380
622	737
47	328
27	177
168	507
123	558
86	718
158	558
398	686
180	631
1	550
622	638
39	627
384	562
63	767
512	546
372	634
492	526
256	634
267	274
520	694
235	448
158	300
69	358
525	635
185	375
89	449
195	413
167	518
119	574
336	699
490	585
257	448
599	659
83	245
510	643
244	530
269	528
342	370
160	264
94	526
254	338
425	668
132	698
248	348
179	770
164	555
105	172
55	414
500	768
653	792
280	457
233	671
425	740
214	599
207	294
447	680
4	343
202	426
24	799
79	167
444	481
117	390
233	619
464	495
514	722
37	757
116	641
34	620
284	376
213	215
69	773
220	422
375	454
139	174
151	314
414	718
619	797
621	759
70	204
320	424
501	791
208	229
182	457
416	631
37	762
61	489
294	509
267	594
73	237
1	462
320	598
315	329
51	376
621	648
84	235
117	749
440	779
47	249
128	264
696	759
454	561
327	539
167	489
114	660
395	437
404	677
99	161
526	650
551	701
306	387
78	691
300	742
162	439
203	697
478	762
64	180
46	696
603	624
101	178
97	509
408	749
91	637
579	699
646	697
556	615
307	314
496	524
166	335
7	59
129	273
186	450
89	725
5	468
378	642
367	703
74	711
412	613
132	369
246	534
404	651
548	579
95	478
184	224
122	664
464	667
55	531
704	783
259	422
750	763
301	789
68	184
359	386
454	674
211	461
132	621
607	656
149	296
588	709
475	477
448	693
305	702
493	627
143	312
334	416
594	759
50	614
217	667
326	516
507	525
467	673
327	479
49	575
159	436
33	256
474	601
211	573
86	111
51	112
74	287
545	620
218	501
214	325
335	404
231	694
321	786
137	517
153	276
398	497
473	658
388	417
196	692
281	300
697	703
311	747
36	192
80	136
480	783
282	743
226	741
476	565
401	592
430	498
381	721
32	768
191	301
152	637
477	739
312	775
313	531
66	306
412	630
34	287
315	699
22	219
92	238
535	576
66	198
40	509
285	323
488	691
215	739
362	508
574	708
6	633
45	610
231	331
5	280
55	84
680	764
72	451
588	798
546	755
331	702
38	551
274	349
414	612
666	750
315	410
51	158
377	764
339	636
604	626
228	485
210	521
34	121
454	704
300	696
173	261
69	790
74	464
179	475
553	692
647	694
196	746
300	647
350	429
588	611
236	542
326	751
92	98
457	639
133	227
398	422
94	334
563	713
464	490
118	791
47	507
176	716
364	414
447	771
243	601
18	656
514	720
25	711
702	710
187	547
717	725
406	541
351	452
41	105
518	557
15	49
331	345
524	569
165	410
52	589
49	472
302	470
154	723
760	797
465	648
337	656
399	765
39	212
72	394
73	681
209	706
489	778
671	716
552	762
9	147
148	514
331	395
221	341
34	622
190	746
58	251
314	452
14	598
139	344
609	671
537	660
215	271
447	505
282	701
351	664
144	281
122	795
47	389
252	256
162	486
333	390
104	593
108	726
520	762
156	563
347	788
187	418
79	168
271	733
1	614
259	672
329	412
218	666
727	755
94	782
89	756
252	638
56	224
208	446
32	257
472	664
120	145
444	621
159	239
440	666
35	172
263	780
416	561
480	793
609	786
281	561
500	674
22	140
76	146
173	487
143	175
377	455
206	702
203	472
112	675
298	453
346	613
384	692
90	583
43	372
222	242
109	613
536	676
285	645
475	671
496	694
76	96
112	221
99	725
190	231
531	677
250	692
10	317
178	769
90	109
335	565
145	406
463	726
72	723
477	603
298	491
456	651
195	720
172	518
174	192
192	652
277	290
11	699
57	711
449	531
158	449
139	684
312	417
12	196
647	748
164	631
535	636
63	474
289	577
517	540
221	646
60	419
373	455
299	522
165	734
205	475
366	513
265	325
82	631
429	487
271	682
77	578
67	682
98	620
147	444
0	567
262	425
185	431
118	716
277	363
160	317
391	479
543	545
63	612
47	600
502	559
254	359
272	407
27	156
69	495
165	570
403	754
152	174
161	450
66	733
410	598
74	168
286	324
525	706
114	646
31	744
628	763
9	412
419	505
70	463
168	282
257	547
347	773
307	313
359	619
75	721
340	429
435	548
625	773
349	405
520	734
528	750
446	692
650	753
498	743
29	694
96	450
0	392
280	435
260	428
200	435
272	587
143	262
148	638
157	224
110	200
218	664
756	794
299	550
200	333
13	692
45	104
486	505
555	791
206	445
568	613
337	425
182	408
55	289
338	552
428	614
675	725
55	322
10	138
465	539
41	773
450	661
215	699
30	186
78	361
139	792
184	279
37	242
582	710
263	585
530	664
287	649
230	369
100	760
287	292
91	560
280	367
154	561
342	680
53	604
120	621
9	281
456	749
322	500
276	623
246	630
335	390
474	608
15	675
240	731
10	621
481	762
533	743
79	389
179	597
114	300
290	511
544	662
238	578
559	723
369	529
121	601
392	466
727	737
204	412
96	555
389	441
300	432
634	694
115	175
483	625
153	714
285	288
31	694
257	734
380	434
170	665
545	794
343	365
553	646
263	514
142	392
41	191
232	632
193	697
442	490
1	91
201	297
55	85
211	233
105	497
428	663
424	530
304	539
496	684
465	567
182	444
11	591
451	753
85	777
64	306
41	124
143	496
290	410
396	695
553	666
230	770
119	737
341	498
176	447
167	380
198	462
65	267
566	652
564	707
389	650
2	715
366	493
523	620
70	650
117	256
71	222
151	746
115	144
180	718
386	546
157	525
129	443
392	572
315	565
38	689
429	488
252	383
408	623
45	502
292	531
398	651
239	305
170	295
441	628
295	475
579	752
323	575
344	486
29	672
225	642
278	754
180	222
71	596
401	612
223	542
66	112
37	56
183	648
351	653
30	664
196	453
193	345
342	669
198	790
12	562
115	405
144	601
270	462
166	206
521	565
491	750
56	306
183	717
8	277
90	779
217	262
23	132
191	311
504	798
34	717
193	414
465	738
137	361
273	299
107	209
477	730
286	558
205	392
344	496
69	672
264	298
112	414
38	166
192	633
228	505
19	777
48	707
566	594
341	541
2	390
3	658
560	649
275	633
511	637
152	183
419	498
279	370
291	644
15	124
240	246
683	798
88	670
526	601
25	554
191	761
384	497
381	680
253	717
37	680
375	516
240	662
177	710
676	786
97	590
0	243
396	679
346	752
199	697
37	324
283	545
383	415
278	799
105	605
282	452
107	476
412	653
271	746
1	528
30	735
174	634
552	631
63	77
334	641
33	767
282	661
490	573
31	333
53	578
291	494
79	781
385	689
2	68
279	786
228	304
571	659
195	230
527	772
194	686
88	350
248	774
78	363
546	770
11	44
420	605
89	479
170	417
404	499
258	779
286	477
160	318
240	796
38	683
96	371
722	732
390	671
100	716
537	703
38	367
41	168
88	584
113	378
515	536
297	535
6	159
233	474
248	567
268	483
210	755
80	665
65	595
409	718
49	649
46	572
158	410
101	573
236	470
43	503
206	529
322	528
137	682
131	263
437	656
215	371
138	224
260	617
321	384
402	623
374	410
552	758
65	361
457	541
679	792
290	647
46	730
105	604
284	424
382	667
436	465
81	578
394	490
228	317
422	520
485	513
95	252
188	659
393	612
103	714
308	597
204	469
222	665
122	498
404	547
94	310
316	773
502	718
185	248
144	458
339	758
234	325
64	589
446	556
347	374
330	501
456	629
699	787
224	676
130	386
320	349
106	321
494	712
428	615
445	456
345	554
44	76
532	609
439	565
292	528
129	687
373	610
329	625
15	81
182	316
708	782
524	558
265	523
164	593
133	654
515	733
397	427
202	737
486	615
402	646
566	729
399	408
382	450
102	744
100	523
239	665
118	614
184	454
534	660
437	542
341	385
31	200
102	607
131	222
37	409
124	488
44	622
233	499
28	600
282	442
429	605
15	137
337	743
258	260
118	217
282	527
512	734
438	744
123	141
155	405
43	636
604	675
409	778
394	488
27	756
361	679
219	348
216	634
185	486
53	100
664	796
8	764
461	775
80	624
219	525
348	478
102	673
577	709
42	557
250	502
597	754
72	377
130	548
360	743
92	649
501	658
212	750
353	402
161	677
150	549
220	449
102	469
294	396
44	736
421	510
154	776
499	526
85	113
173	309
107	296
574	782
664	779
411	531
80	700
171	221
707	710
242	316
11	394
21	111
382	784
301	399
98	612
115	633
64	340
3	592
215	729
246	303
115	748
370	396
310	541
337	538
589	619
545	607
218	713
5	48
405	703
111	351
230	307
370	506
192	747
658	736
261	308
491	618
584	780
112	260
75	602
80	649
24	318
292	525
353	574
388	461
424	761
78	644
37	534
223	790
454	610
225	623
34	272
249	523
274	580
129	323
518	745
60	73
94	298
313	561
449	597
86	386
458	693
218	239
477	632
404	572
148	749
325	693
595	759
156	778
18	75
288	424
179	588
141	266
217	627
25	759
595	623
334	655
200	702
258	436
51	493
156	642
160	510
293	619
589	723
418	579
206	776
307	569
544	708
728	748
237	432
360	499
133	143
362	379
388	582
66	204
204	285
74	444
373	727
504	601
135	465
375	745
148	446
41	383
42	408
229	774
264	588
205	264
174	759
314	463
256	291
369	772
700	726
476	660
240	385
403	619
116	792
383	427
287	774
325	347
521	610
152	181
315	738
36	130
52	521
440	531
327	399
714	718
104	368
228	290
320	558
303	359
87	264
216	656
424	439
32	513
634	746
9	471
85	579
230	390
108	156
342	654
421	653
370	501
608	768
458	770
83	109
15	71
219	473
82	612
51	201
362	587
375	436
280	798
580	607
424	463
276	497
24	167
661	746
83	454
61	323
25	517
536	652
30	388
437	675
360	799
68	660
54	540
283	718
68	146
17	261
181	597
538	702
398	564
321	791
2	677
83	610
424	667
304	508
605	634
241	769
44	445
463	486
43	464
121	394
98	733
131	716
317	775
465	768
496	786
138	234
101	715
108	134
17	445
79	647
571	610
97	304
29	309
315	461
86	590
124	581
266	497
337	377
404	629
67	724
492	651
68	236
312	696
116	444
360	531
118	223
306	429
210	298
501	526
120	211
399	680
527	609
50	425
75	102
5	733
643	692
219	259
2	708
387	515
496	685
195	672
339	688
373	642
667	778
10	261
184	275
294	612
25	33
57	353
84	149
362	622
98	287
111	500
355	748
176	313
387	509
537	716
456	518
25	415
351	579
179	481
35	420
346	616
275	722
80	237
301	329
560	628
605	770
8	267
414	471
172	663
203	799
701	798
445	617
209	671
4	97
105	232
252	561
6	629
135	151
593	628
200	722
370	648
314	629
98	159
64	251
110	474
348	647
39	259
337	773
12	86
268	683
511	747
292	498
274	770
53	316
30	138
260	690
399	610
33	594
498	645
22	444
93	278
162	694
501	608
378	788
389	561
456	639
99	366
554	765
6	493
39	309
299	659
161	192
255	449
140	484
372	785
166	392
138	142
393	719
566	589
4	604
318	325
368	752
292	397
217	347
307	326
74	749
638	658
135	146
89	169
390	576
341	727
124	404
342	352
35	157
91	566
163	559
83	312
1	318
468	570
253	264
202	523
584	697
661	768
604	781
480	564
132	682
546	568
7	355
46	545
21	81
597	757
164	723
95	564
186	728
247	491
480	554
620	649
187	498
461	740
754	763
113	130
554	692
615	624
349	692
385	620
310	746
242	371
441	566
40	66
762	798
499	614
496	649
141	222
37	752
182	752
112	186
197	647
99	197
94	170
38	477
423	566
30	761
163	722
67	210
412	778
349	564
35	371
493	605
2	772
514	618
148	611
500	599
210	514
360	764
233	239
135	690
230	734
583	669
192	526
754	795
14	104
323	633
254	562
216	287
717	772
256	529
575	750
125	531
459	575
491	611
278	627
382	470
763	767
206	630
500	724
557	799
331	467
160	163
147	486
98	489
297	713
89	307
66	731
304	766
19	127
559	700
19	576
417	745
431	541
341	655
267	330
272	421
225	544
30	536
563	582
213	635
316	408
325	570
49	735
25	499
189	474
241	618
117	556
193	567
587	747
62	793
1	641
89	319
649	662
104	254
697	734
576	754
266	306
56	555
483	586
109	733
117	522
259	662
37	770
54	516
304	576
386	700
33	482
137	339
333	746
327	668
688	689
51	503
25	741
203	407
74	174
61	168
171	632
45	142
152	309
90	371
519	530
65	715
356	783
87	204
54	584
232	324
214	314
540	682
55	241
392	409
218	589
237	313
241	616
115	133
456	490
566	640
256	531
78	232
27	38
200	506
302	551
77	287
51	203
5	690
549	636
27	436
220	326
298	575
668	676
18	100
106	772
101	243
125	341
611	694
389	611
210	230
461	544
279	473
171	328
1	264
3	252
74	371
307	625
384	567
423	510
177	458
280	557
234	692
197	770
30	235
476	650
182	387
247	488
120	199
15	492
123	311
324	541
0	9
399	690
734	741
390	494
166	178
259	353
33	140
122	763
432	453
159	746
292	564
256	304
62	379
6	328
567	624
395	770
32	536
115	607
322	389
546	599
116	388
16	88
234	393
231	284
420	701
425	721
369	731
169	176
388	690
308	385
425	630
91	457
405	486
345	665
427	616
246	396
74	738
217	513
542	725
418	560
99	127
206	353
655	784
33	47
2	310
395	427
514	762
257	361
154	157
171	762
87	427
23	539
193	716
13	176
44	617
332	768
587	661
107	480
312	664
185	617
112	461
80	156
391	429
211	679
0	498
419	424
46	715
42	513
472	713
181	605
136	198
63	418
89	696
61	367
8	575
633	771
602	783
1	298
57	473
223	667
331	426
559	669
322	376
483	535
162	438
123	755
192	360
549	622
46	294
466	747
168	375
99	479
101	461
392	609
125	233
10	606
118	736
261	446
131	397
256	296
306	439
315	725
44	584
434	561
100	447
68	619
212	539
6	155
104	623
14	327
123	415
213	462
403	792
426	727
72	641
212	754
312	403
80	431
326	525
9	97
145	180
553	737
5	513
619	717
46	613
510	710
326	457
363	626
499	784
649	650
194	555
377	488
48	512
420	516
122	316
196	474
124	666
66	583
169	641
15	554
193	536
242	531
42	521
137	244
22	630
502	764
159	415
683	768
257	289
87	417
360	634
323	690
217	457
389	548
55	679
155	666
95	630
290	333
112	712
129	141
7	117
689	767
316	795
266	710
186	779
541	572
318	784
5	249
36	372
156	487
31	434
128	186
170	627
580	615
73	445
507	665
353	356
99	676
478	754
132	712
132	773
201	545
680	751
260	369
292	592
498	799
256	352
260	532
458	641
226	264
227	280
185	607
371	548
280	332
505	773
240	457
554	646
303	369
35	93
458	596
420	474
153	431
329	777
292	561
395	653
437	517
170	383
162	692
290	406
449	475
115	273
126	493
220	291
70	379
284	523
106	224
118	266
315	350
95	201
426	547
285	576
615	640
254	534
542	744
535	656
508	706
97	527
573	744
346	636
377	676
37	789
186	371
248	263
33	433
363	498
228	489
321	378
677	704
10	422
206	256
220	307
168	291
421	701
652	733
104	336
494	788
249	760
490	594
39	204
87	188
141	588
212	265
160	573
57	374
45	420
264	335
73	121
236	394
522	706
57	585
330	500
9	305
463	798
591	608
602	736
102	717
20	235
165	579
325	677
107	363
743	756
191	703
44	138
255	591
329	466
26	330
391	713
71	567
679	712
556	664
310	368
72	751
516	588
188	325
276	387
3	109
440	553
246	295
202	509
251	434
164	791
653	712
96	438
473	639
86	614
326	729
39	355
448	558
469	753
431	719
11	607
313	664
120	220
241	596
245	334
438	546
548	762
155	213
247	711
367	574
493	695
523	634
112	298
334	344
273	716
107	113
201	260
116	624
219	321
268	359
108	238
253	591
208	404
392	708
432	680
401	716
54	318
63	310
544	726
14	701
238	541
229	763
647	693
64	555
402	777
680	746
254	596
479	708
19	312
522	539
576	792
122	551
316	617
507	753
179	246
56	649
124	561
120	748
56	600
19	27
189	739
111	475
396	660
527	532
422	697
25	600
311	572
135	276
120	343
560	783
54	425
87	536
161	748
412	417
412	797
270	704
9	336
86	584
444	764
9	49
6	380
350	587
464	719
15	64
745	796
109	327
12	277
84	481
505	664
383	426
461	672
291	597
359	641
771	783
42	165
335	687
530	721
161	669
72	580
601	748
436	545
175	194
164	617
439	748
410	696
510	784
483	487
249	568
220	783
351	681
617	664
542	602
42	463
81	257
10	401
94	457
351	405
225	260
117	295
50	761
200	687
87	532
334	352
37	724
405	771
9	613
258	695
356	452
87	484
686	779
21	705
110	793
254	369
57	625
224	723
368	397
196	491
40	95
240	783
91	214
79	273
135	286
747	764
106	517
135	459
397	525
50	337
232	613
666	782
280	342
315	627
97	459
366	779
290	586
578	792
130	221
24	174
349	666
188	228
392	566
243	303
126	291
91	555
336	358
417	524
238	341
308	330
100	130
170	532
202	744
33	260
226	541
144	586
129	577
716	738
94	662
164	287
745	752
298	694
411	514
123	519
291	641
511	691
243	729
84	779
290	790
16	641
276	576
239	708
632	769
46	162
41	564
148	377
350	439
20	493
440	452
211	398
70	732
117	232
64	222
56	648
60	218
245	439
133	715
46	608
435	516
52	335
50	91
155	594
46	681
317	725
443	793
150	524
69	436
259	752
307	733
256	515
166	600
356	760
46	582
134	700
457	531
65	100
230	300
124	630
196	548
478	684
106	632
200	476
444	610
126	262
183	760
313	535
273	378
121	408
116	159
2	140
173	533
536	750
274	707
216	641
534	574
96	97
289	541
19	628
26	664
732	741
503	747
93	568
347	355
214	661
84	205
530	744
567	794
389	712
478	789
179	233
48	285
174	184
135	398
219	792
245	768
540	735
512	739
113	143
553	602
34	254
472	770
298	567
266	671
41	258
437	643
93	640
62	213
35	74
116	676
168	200
360	570
112	554
313	565
714	741
311	328
316	451
327	600
467	540
56	478
226	641
243	664
346	770
27	452
199	780
104	266
484	620
421	469
50	719
144	636
207	598
181	421
108	230
215	358
41	547
261	471
43	443
318	796
322	350
2	283
4	724
627	632
416	460
286	799
184	335
248	491
190	666
230	725
628	694
205	497
93	360
46	268
278	471
201	522
290	769
31	334
66	638
700	763
258	290
692	782
531	634
54	684
83	587
122	440
19	623
537	714
351	541
346	401
2	211
242	402
304	547
94	285
525	758
170	318
211	221
36	636
248	544
8	72
61	767
262	671
94	604
325	722
312	584
99	254
434	663
469	490
350	524
122	199
348	623
122	457
166	614
308	601
310	568
458	766
532	576
117	658
114	672
447	708
37	165
456	568
195	765
195	421
22	380
89	368
577	791
230	371
273	669
98	687
573	707
465	576
536	618
425	537
236	637
524	684
285	460
266	640
383	539
379	787
172	211
16	195
87	660
369	713
279	491
377	461
496	769
284	663
249	536
7	99
789	795
300	684
628	667
209	723
64	547
559	786
351	420
71	673
593	776
35	504
143	584
556	719
456	579
40	347
402	780
502	703
667	779
183	638
167	741
99	739
200	677
420	518
541	664
472	762
105	126
427	788
148	156
391	589
281	587
182	356
14	699
477	591
26	728
332	481
457	698
234	744
407	764
88	213
286	315
24	554
278	718
444	493
70	787
199	682
36	281
641	677
250	420
588	706
453	623
38	447
65	305
22	786
25	723
123	503
154	382
128	778
173	547
66	576
42	131
66	328
156	746
729	752
411	480
177	546
75	616
232	494
218	297
12	470
137	511
264	685
204	365
272	612
30	625
284	349
699	766
480	697
512	686
108	438
482	717
66	779
343	385
27	123
367	481
68	143
351	363
639	741
482	485
49	185
356	722
174	420
238	348
318	406
173	230
94	487
202	621
357	397
382	616
169	612
343	713
143	280
506	707
227	783
199	227
394	596
384	714
177	497
566	659
21	576
401	728
533	731
89	598
375	480
604	745
80	297
182	680
389	799
22	393
306	631
182	303
572	799
627	799
44	214
119	213
601	663
170	608
147	218
198	231
628	716
99	468
83	88
613	667
436	580
12	133
252	737
607	772
323	571
46	87
28	94
650	686
748	774
6	595
523	558
702	763
166	320
291	541
168	486
62	626
645	663
254	510
77	514
344	728
186	593
286	721
130	159
188	330
19	793
308	368
179	578
140	458
82	657
45	574
633	780
50	728
490	527
281	431
152	565
161	518
154	440
64	397
298	703
635	741
443	663
36	220
334	465
42	232
140	386
53	762
77	521
268	484
401	467
699	748
78	728
173	628
275	732
246	507
155	262
101	541
385	609
12	244
558	731
159	603
441	488
377	682
564	794
94	465
131	681
165	455
198	249
618	634
43	113
101	463
69	231
701	784
72	152
113	234
486	762
412	586
734	798
505	699
295	322
515	648
168	595
177	731
188	459
424	523
33	258
135	757
128	177
373	670
541	749
192	695
91	670
448	655
182	487
598	772
137	387
692	727
173	228
203	529
117	680
48	671
564	741
45	101
254	600
121	771
232	265
546	670
227	363
536	754
52	366
111	404
58	268
118	148
50	180
391	457
341	597
289	711
11	639
504	657
407	752
503	652
655	722
169	373
23	77
135	431
9	733
457	704
529	745
547	611
140	141
166	746
201	261
3	534
464	549
336	433
70	658
441	638
298	735
268	321
577	639
51	155
455	593
380	586
43	405
58	738
455	508
207	737
574	683
32	629
160	658
28	668
215	634
499	694
160	699
150	458
26	395
164	472
525	675
35	571
403	651
68	753
206	311
291	392
150	186
83	512
68	186
194	641
119	337
306	741
280	354
87	376
100	555
654	786
240	517
477	493
493	713
233	788
245	752
330	757
250	545
255	459
360	621
223	602
29	32
141	788
208	539
269	760
7	410
92	536
366	457
351	678
175	680
78	428
42	620
70	784
74	107
543	570
458	514
278	775
23	290
658	688
344	643
562	778
462	636
218	343
19	570
247	718
231	654
346	733
173	468
163	623
612	753
327	663
451	797
290	516
18	109
38	615
619	639
264	610
109	153
160	222
145	554
209	280
234	656
245	518
27	84
112	144
336	670
393	595
363	483
445	664
292	704
20	498
160	737
96	285
0	658
301	643
102	758
13	299
475	714
207	318
646	674
398	756
239	664
727	758
157	704
63	636
332	550
407	496
62	743
188	355
135	203
167	409
63	799
308	773
234	737
149	716
236	392
41	327
582	619
225	480
521	650
344	661
278	280
506	704
24	39
483	703
208	712
251	727
191	648
139	653
97	116
198	382
34	161
364	477
182	478
506	571
241	463
371	553
205	302
467	685
494	512
57	793
621	705
1	449
539	629
189	411
266	643
71	578
274	315
478	625
435	693
51	218
443	770
184	311
380	454
72	400
107	181
372	545
332	571
12	84
114	261
59	602
352	434
37	359
200	449
434	473
594	771
748	758
756	776
10	85
411	479
358	592
228	238
359	765
458	635
369	576
152	379
491	575
132	640
326	598
86	494
21	669
493	520
125	202
87	760
358	646
90	402
74	753
90	187
624	733
206	275
642	715
33	224
536	599
221	522
348	626
689	710
189	396
566	785
196	599
111	441
355	482
25	546
224	414
279	541
121	765
414	715
57	508
294	778
100	795
205	397
409	561
671	724
95	610
101	434
211	777
104	110
331	538
175	300
84	526
427	658
166	745
378	388
111	127
535	782
381	774
274	507
194	770
31	313
213	256
628	673
18	468
239	251
4	581
1	259
106	126
380	521
67	710
62	444
301	794
675	773
128	341
155	272
307	764
459	635
194	774
221	621
304	761
382	737
579	700
155	233
552	701
259	313
462	797
380	519
557	563
172	686
387	642
99	711
564	578
436	596
115	403
80	253
604	608
226	323
607	764
321	516
257	285
584	650
43	529
253	680
720	748
57	321
185	341
174	306
253	735
351	791
220	716
571	727
153	570
109	155
255	301
333	761
133	431
4	741
482	728
184	248
353	705
511	600
210	229
107	761
332	668
34	386
106	282
82	504
279	525
552	655
476	581
577	654
551	765
193	235
150	596
687	774
24	643
642	730
337	790
25	464
57	133
190	565
119	124
653	734
95	602
441	714
250	544
356	793
280	513
497	798
214	321
556	643
349	793
723	761
582	625
177	245
288	670
26	569
55	714
252	498
392	523
340	488
236	307
603	766
663	744
151	649
25	695
466	480
210	253
776	778
243	545
354	593
79	501
557	647
60	472
36	302
131	135
323	451
389	654
16	57
413	539
274	694
3	429
146	312
712	792
137	534
291	578
128	380
405	657
160	487
85	375
180	721
692	738
102	450
613	630
349	444
4	476
526	662
496	544
67	302
16	606
444	705
182	291
57	271
70	762
398	770
104	182
139	154
230	718
65	536
592	727
82	700
0	467
259	487
484	599
740	773
66	792
294	320
14	341
161	496
35	140
416	757
678	781
78	159
19	345
144	657
635	797
140	275
179	531
419	713
339	625
352	369
445	458
59	572
65	312
4	123
43	753
653	686
245	534
88	722
143	468
376	736
109	634
308	553
620	742
98	158
410	707
479	768
158	540
477	561
222	327
579	600
111	555
524	648
504	724
78	678
498	796
342	675
467	670
330	759
402	442
450	637
482	521
258	515
37	363
336	356
39	198
533	763
294	487
405	732
335	401
624	652
226	630
199	249
96	546
109	561
217	240
341	626
118	247
394	598
219	750
180	433
281	518
125	633
140	765
746	761
479	635
364	561
421	613
33	52
62	600
168	558
216	695
118	420
46	141
304	349
156	609
433	662
286	340
264	271
214	357
516	591
144	380
473	745
361	568
655	741
344	671
528	643
187	439
127	532
156	536
520	638
629	685
28	140
312	653
387	563
82	649
527	691
303	694
14	307
58	391
139	419
476	530
100	607
446	468
36	651
85	209
280	491
431	790
79	499
326	644
11	761
200	566
259	507
172	784
119	759
55	285
390	489
259	291
418	716
283	782
430	461
306	451
630	737
58	782
415	785
561	581
0	773
344	658
373	411
309	446
25	727
416	451
392	551
567	726
121	411
203	274
138	770
63	634
747	760
229	760
635	721
443	525
386	677
40	96
168	474
418	646
43	426
502	735
454	613
261	449
644	755
241	490
327	430
152	331
61	430
66	660
263	303
73	606
102	696
145	435
242	522
47	325
105	583
140	653
80	255
245	766
266	654
502	578
152	596
268	323
315	408
18	171
18	235
385	514
345	441
186	697
143	515
35	325
377	743
240	339
113	637
543	641
50	672
311	497
12	150
167	458
25	751
30	257
118	544
300	764
173	590
61	160
74	354
69	298
514	562
659	793
214	249
263	700
9	527
74	308
115	763
104	583
96	601
305	561
212	485
113	362
151	184
14	518
98	587
677	732
108	705
34	277
218	232
385	640
438	768
541	619
436	703
561	644
312	537
129	637
451	481
506	749
335	436
228	748
273	470
151	212
425	762
266	359
90	307
133	205
53	128
217	688
127	662
421	731
632	738
44	313
456	661
21	775
190	281
531	577
427	613
334	609
17	377
29	270
207	704
34	472
469	619
12	540
210	749
155	259
78	609
556	634
6	8
73	130
412	574
119	220
144	628
231	479
174	744
326	493
360	385
46	382
448	513
20	208
534	699
241	714
709	760
100	412
149	209
139	393
53	763
556	619
300	379
463	576
104	528
135	636
116	565
268	312
463	509
64	502
432	472
648	681
10	668
22	437
333	361
448	707
278	333
77	519
303	609
152	365
10	126
79	251
35	602
291	312
516	566
263	565
310	427
53	137
170	570
216	385
319	555
415	450
137	223
526	574
174	612
77	483
532	732
52	404
524	603
50	149
62	491
49	143
60	177
424	777
250	721
396	646
133	692
431	556
475	798
447	454
218	535
314	483
244	246
54	423
597	644
550	727
293	351
252	269
36	539
217	479
1	467
223	347
575	667
75	170
204	530
337	638
349	372
629	636
442	733
450	545
412	532
454	467
662	779
335	774
107	690
181	660
222	536
385	728
296	355
83	397
231	507
222	784
163	634
418	656
379	791
54	432
44	585
192	314
69	80
656	682
324	401
83	783
207	410
382	735
340	726
167	471
7	729
51	407
180	735
63	518
558	655
218	718
173	267
140	382
9	244
145	779
2	740
138	303
285	346
19	661
306	652
334	459
155	551
168	693
590	715
89	770
96	301
27	411
126	364
287	332
274	741
260	784
231	276
49	275
95	559
279	295
479	755
108	585
365	602
549	718
194	251
452	728
423	459
448	711
239	262
181	387
31	449
180	215
54	234
389	527
153	269
423	696
458	582
353	737
131	205
598	790
337	665
170	579
535	698
529	620
16	371
202	233
180	243
87	274
368	442
765	792
367	475
110	535
212	751
238	582
296	576
31	209
633	657
474	693
376	551
246	454
295	428
49	277
156	676
505	594
246	427
48	667
90	568
728	770
624	730
127	350
62	704
601	766
187	451
554	578
435	583
337	668
291	393
671	726
54	142
139	536
23	152
180	651
754	780
353	384
391	702
554	607
235	484
104	679
229	402
428	744
26	60
674	682
493	723
24	642
489	711
29	757
93	212
154	427
290	350
252	796
332	718
25	526
634	641
433	516
32	378
189	793
176	555
37	420
493	514
61	669
224	664
466	647
222	788
86	383
488	659
147	410
225	575
393	546
537	695
598	623
793	797
405	534
293	442
105	631
126	141
14	338
234	672
495	764
62	569
156	394
365	462
483	621
108	181
344	755
138	250
76	672
549	759
79	485
189	542
7	454
381	506
142	327
117	180
412	559
397	710
480	603
541	652
39	463
417	479
528	718
188	715
194	242
255	287
110	721
40	144
134	616
48	532
374	445
712	720
26	743
65	130
165	711
32	248
662	676
213	711
66	555
87	733
229	591
275	358
69	250
127	197
543	718
308	348
316	657
66	778
498	581
159	386
185	217
231	359
27	763
442	723
427	754
17	510
41	752
521	778
147	724
292	530
757	798
445	724
528	596
161	610
691	695
477	523
461	658
340	403
65	685
117	457
721	746
88	334
540	782
403	729
80	145
94	412
78	374
318	352
126	655
301	387
125	658
205	656
601	632
344	391
389	635
306	526
7	669
585	788
398	406
197	460
554	601
484	577
395	445
560	787
425	441
158	704
534	684
66	217
18	664
276	404
291	602
445	787
330	778
372	736
161	653
585	609
107	549
84	306
229	683
212	652
412	701
523	757
9	171
24	670
340	441
291	428
39	713
518	672
558	628
273	754
18	336
563	592
52	610
70	707
161	665
261	690
157	420
22	218
520	709
248	711
19	478
153	212
450	511
301	663
155	255
225	416
187	308
39	365
373	387
158	629
232	528
450	704
645	735
1	395
418	647
5	560
454	644
45	139
502	657
91	723
585	760
225	360
682	693
84	95
75	617
472	592
121	685
259	423
119	796
362	364
649	768
92	103
420	613
493	634
168	490
428	561
711	720
308	435
606	706
102	695
119	356
216	622
276	670
57	287
221	306
409	768
39	154
492	524
50	720
297	675
234	441
468	635
59	336
504	698
33	322
214	492
186	504
379	792
104	422
580	693
232	315
165	560
156	607
129	416
262	403
341	430
21	303
3	525
208	335
32	161
307	419
252	400
31	55
516	742
80	456
24	177
157	721
76	596
78	639
252	660
100	235
16	143
450	547
444	603
359	417
99	311
441	548
68	672
29	520
192	548
217	637
59	653
143	277
112	700
441	459
256	267
36	448
112	501
275	311
132	186
481	594
464	677
36	209
71	302
608	696
372	567
36	150
230	618
65	332
500	585
109	256
155	202
98	168
244	439
393	684
239	666
24	169
12	78
3	650
23	434
370	793
74	754
496	732
99	404
40	773
667	689
106	791
633	757
284	738
441	780
254	532
633	690
193	300
438	567
130	289
190	430
276	742
3	339
462	523
1	538
79	662
370	637
356	386
48	135
259	369
229	276
244	337
349	391
104	613
32	504
337	432
20	267
543	790
371	443
320	360
147	739
730	774
485	646
457	484
229	594
546	687
651	686
61	682
94	147
89	623
399	761
40	442
94	95
559	670
297	509
211	529
116	298
245	685
222	731
329	444
35	496
598	775
72	91
107	297
315	649
543	717
471	561
356	359
191	486
417	680
395	673
110	461
323	453
409	468
424	749
11	555
500	616
48	234
254	394
425	655
263	429
83	140
387	771
479	504
335	594
341	647
353	768
253	506
298	407
145	702
493	559
64	311
288	451
282	613
58	122
686	758
311	625
570	682
125	382
56	68
502	783
327	361
287	675
494	709
100	337
336	425
571	709
652	767
16	767
0	49
334	509
256	727
202	547
344	553
78	276
444	471
384	387
76	356
10	446
222	333
5	750
391	574
55	453
34	322
452	478
304	511
207	787
257	338
113	394
107	280
26	497
237	532
230	236
147	731
569	673
314	762
564	681
307	318
360	790
201	224
53	116
497	678
145	439
361	447
323	572
111	431
426	775
11	47
421	443
3	455
338	574
241	717
403	501
76	715
401	553
518	572
105	738
509	687
182	498
457	647
607	730
27	256
408	599
20	81
342	477
227	289
66	431
397	446
425	448
155	506
172	683
703	757
501	673
296	415
549	560
66	232
441	543
13	506
119	407
197	707
753	759
22	597
370	393
276	377
201	738
24	176
310	446
6	233
578	659
196	371
421	642
61	194
164	230
496	665
364	491
437	782
580	675
272	540
292	351
465	754
151	205
33	225
69	488
321	416
231	493
87	674
287	355
163	567
217	684
186	680
189	388
39	73
477	699
581	615
329	592
505	652
366	599
426	623
266	347
443	736
497	601
191	535
191	209
25	219
96	763
321	605
347	456
260	543
301	324
460	774
45	513
95	187
305	745
199	605
287	540
198	783
368	587
584	595
437	555
418	693
322	697
235	672
56	142
350	508
397	431
6	123
266	360
253	492
607	754
538	655
70	752
326	637
474	621
476	744
207	393
62	306
48	187
61	675
23	638
175	516
358	564
501	560
150	366
28	449
47	648
213	749
422	559
497	728
104	327
5	479
495	752
227	393
15	398
316	357
428	771
115	432
390	477
419	500
329	622
81	799
270	496
380	799
531	762
104	218
648	785
683	736
418	650
446	460
255	682
80	765
388	396
760	793
11	356
506	669
244	384
188	204
451	735
276	523
59	580
532	718
120	294
67	531
181	260
364	425
114	320
72	585
4	315
336	534
130	407
724	736
279	416
79	445
23	712
434	781
153	469
25	61
402	795
780	787
33	391
53	684
340	665
184	632
137	654
4	167
582	583
436	742
594	783
383	627
93	179
266	375
40	427
466	585
132	465
464	643
102	273
193	288
388	665
495	506
367	643
18	250
581	754
160	579
5	146
54	176
339	567
138	660
393	536
505	521
645	716
255	342
533	569
165	298
291	574
666	727
396	674
311	758
106	487
383	570
48	459
443	694
613	722
232	340
274	375
166	342
1	312
59	748
163	576
146	175
349	543
250	780
407	723
256	514
250	698
83	370
625	714
388	445
20	126
236	571
292	451
75	687
209	528
178	250
170	632
96	540
187	761
173	187
135	782
86	670
536	570
142	292
362	729
353	527
59	521
442	573
26	671
486	541
30	783
103	458
553	747
95	134
664	743
481	534
400	652
543	636
251	432
442	625
98	423
144	523
162	412
531	705
119	152
298	702
428	791
120	360
39	444
213	592
522	757
116	438
443	609
525	736
530	547
298	644
38	213
77	625
372	693
51	385
410	744
5	120
725	735
551	625
312	647
348	458
638	750
127	537
393	696
290	341
371	661
6	379
179	777
89	352
219	470
544	657
608	635
86	609
251	522
329	522
518	605
38	527
370	720
462	510
557	776
370	684
125	560
143	659
100	690
277	635
297	310
23	173
76	383
17	420
50	54
363	640
499	501
311	751
158	745
140	413
278	447
76	301
443	524
304	613
50	699
252	382
367	506
166	729
470	736
21	29
443	682
190	459
542	622
245	337
163	633
144	554
376	689
70	403
247	759
188	541
79	418
357	370
144	184
373	567
120	499
81	746
691	745
14	570
433	741
344	717
164	738
98	502
40	602
694	727
223	272
261	385
179	731
361	377
412	564
120	779
33	718
370	443
127	619
16	166
3	701
487	727
311	784
92	762
720	769
483	748
393	755
620	628
320	615
54	385
14	26
93	462
334	437
228	387
227	337
287	368
375	638
66	108
619	678
618	637
218	698
15	181
347	709
234	772
182	690
234	443
541	559
263	595
464	689
564	656
170	268
187	711
50	109
160	161
352	542
181	215
14	755
272	427
416	760
25	291
160	763
224	691
60	116
167	563
226	661
467	541
247	374
734	775
699	778
309	327
97	125
122	286
50	136
330	428
432	558
4	658
633	654
596	614
403	620
154	665
127	175
326	754
604	720
663	764
442	572
38	675
5	72
165	672
287	784
195	587
122	351
295	592
587	745
294	338
132	333
27	595
54	787
280	644
603	729
431	653
60	581
48	461
129	304
12	718
137	296
41	775
541	575
56	704
22	242
156	731
223	661
543	759
29	229
101	382
694	751
443	450
367	474
211	470
277	588
488	557
310	434
691	770
112	288
54	130
101	652
47	603
6	526
37	232
351	388
445	723
311	492
267	706
201	231
136	702
358	367
548	785
270	722
73	338
98	447
174	722
424	490
342	469
151	344
35	440
347	387
215	575
529	770
227	583
284	626
135	790
363	581
40	437
513	523
224	529
22	158
188	205
243	633
10	452
17	97
91	503
189	506
318	688
138	681
496	713
411	520
293	364
167	767
51	591
489	533
85	544
87	673
188	699
90	711
497	547
241	648
7	272
603	741
232	682
53	410
288	497
318	614
272	307
481	495
189	679
40	368
498	714
213	551
53	754
305	526
162	580
529	601
384	488
346	688
230	733
348	615
7	236
119	602
341	701
95	251
63	109
300	307
192	261
574	686
162	793
209	443
368	440
434	795
253	358
418	571
64	403
181	535
83	250
190	725
303	513
5	118
106	645
239	496
610	656
306	707
569	663
401	530
166	463
52	353
430	481
240	727
213	769
13	159
236	601
506	750
303	433
229	340
469	699
13	480
667	789
37	94
188	653
369	509
249	379
288	768
307	446
93	173
22	121
230	263
103	305
577	738
260	303
32	792
322	547
88	568
471	744
194	346
313	609
320	453
88	457
275	735
351	657
536	769
52	356
652	775
80	341
118	371
361	697
489	734
225	387
623	728
234	260
696	713
6	662
361	769
450	508
11	69
244	715
200	471
184	300
169	579
387	704
189	267
334	767
364	724
470	658
149	727
118	390
238	239
306	528
304	607
212	575
175	731
121	568
168	611
302	537
67	284
155	730
553	604
350	758
470	648
410	581
105	471
165	267
610	748
310	794
289	294
37	476
213	422
208	373
288	740
265	363
302	787
376	432
187	336
45	421
93	375
220	644
601	714
286	365
231	751
349	357
582	655
4	607
172	479
573	611
196	528
226	766
491	626
560	759
322	712
27	250
132	259
113	128
588	780
294	371
48	754
38	535
178	503
628	795
199	369
128	704
162	344
244	538
511	536
560	674
84	409
670	713
581	771
224	326
196	277
226	282
105	518
535	640
1	520
520	731
357	614
34	117
284	744
365	521
359	599
152	469
113	470
548	659
164	734
534	623
0	42
287	683
336	530
175	404
275	585
418	683
583	773
115	355
213	768
39	226
301	697
304	627
278	393
391	444
565	594
375	698
0	196
712	733
232	578
56	625
419	535
33	515
49	634
479	523
47	473
69	615
167	635
207	335
101	614
60	109
229	361
499	761
140	432
216	750
423	761
46	174
402	757
124	292
614	711
282	739
208	356
373	406
16	527
411	567
216	224
367	479
114	636
293	569
37	435
65	763
64	562
307	716
93	789
596	781
380	625
533	668
41	266
557	659
162	724
48	647
152	286
10	568
39	475
41	73
56	60
218	374
214	465
349	400
9	32
173	459
204	208
613	763
412	743
533	625
437	791
370	406
88	521
740	756
34	417
228	395
134	793
97	621
85	239
422	488
68	144
164	190
106	753
330	372
373	416
198	407
2	510
373	657
159	424
720	787
447	465
29	663
208	316
137	313
137	295
268	743
32	279
505	675
86	703
199	494
1	158
312	520
109	459
90	333
451	501
75	180
710	773
324	647
407	460
251	470
80	254
278	751
440	714
292	432
165	616
122	754
132	264
170	185
129	207
132	176
257	643
82	623
438	461
585	665
286	747
132	349
473	768
312	413
29	799
487	717
396	448
267	753
21	118
371	464
240	567
187	200
540	759
14	597
260	283
515	768
98	404
208	443
374	652
405	560
445	600
21	213
128	486
208	546
440	597
314	609
290	671
590	646
304	493
619	799
166	373
542	588
217	741
404	623
434	458
183	234
92	415
350	742
0	790
125	470
587	597
57	714
221	288
606	768
460	708
502	705
6	564
42	788
290	687
53	543
296	485
65	647
285	625
391	530
693	768
269	656
624	749
271	744
575	604
167	288
452	464
374	575
375	711
115	371
302	615
639	781
452	516
131	330
152	487
362	472
153	274
182	671
287	592
450	715
583	664
10	706
214	354
16	409
150	464
123	790
391	595
75	454
96	691
276	733
152	563
475	632
287	346
288	579
163	541
208	797
221	721
347	376
446	598
139	322
96	610
300	405
446	585
59	712
335	489
157	443
220	737
251	682
347	533
31	762
245	708
208	701
710	781
170	641
31	566
356	720
47	209
270	506
60	207
574	715
694	710
181	426
732	799
760	773
28	394
11	95
360	614
75	790
497	657
18	409
333	704
482	762
293	379
333	426
36	301
39	393
446	455
73	649
147	676
546	694
139	404
418	447
122	748
31	396
367	752
38	575
57	519
91	579
27	39
152	717
497	714
61	382
10	459
136	161
287	300
91	226
546	652
274	732
144	740
378	461
22	27
215	384
273	399
432	710
136	185
234	475
285	467
525	703
179	420
339	746
131	518
342	413
115	340
353	509
348	400
333	365
205	646
279	742
75	232
599	777
326	543
118	735
469	762
185	296
8	529
640	783
521	722
11	21
168	407
303	784
603	605
163	377
195	749
436	636
382	602
197	686
33	751
58	669
74	167
741	742
66	521
93	669
223	275
652	740
109	200
371	409
230	335
238	445
209	330
154	203
106	109
83	423
315	543
136	333
86	512
95	269
171	403
605	662
611	697
607	712
257	518
241	641
138	565
467	664
175	537
129	682
141	711
326	612
49	789
340	566
486	498
33	320
13	184
151	156
256	276
77	639
227	324
111	678
110	460
376	418
370	788
36	116
164	208
39	335
335	438
216	740
199	448
207	518
240	301
101	281
151	605
116	586
405	408
448	694
435	718
156	259
358	676
386	564
10	481
100	455
281	458
1	757
16	164
638	737
570	781
556	587
693	745
276	504
339	654
108	727
38	43
484	592
343	567
403	532
185	440
403	529
241	414
363	436
365	500
81	543
198	428
326	795
98	479
456	497
746	785
142	799
385	598
760	778
478	506
405	585
159	403
228	472
240	581
149	372
290	560
207	741
139	687
574	727
96	794
281	595
141	232
376	733
77	125
281	649
30	543
644	715
0	56
757	782
268	706
251	415
563	749
536	731
131	506
1	156
126	602
497	718
656	788
345	767
471	702
511	614
14	342
481	725
531	695
575	799
213	487
19	616
488	620
602	698
70	327
243	455
472	480
299	695
313	351
251	425
487	658
498	723
26	213
268	621
57	262
57	431
244	356
16	402
113	569
173	382
315	338
158	368
558	798
627	743
250	743
660	778
395	476
307	411
626	668
380	751
183	376
10	710
221	328
295	424
248	581
156	631
278	668
36	516
334	612
659	752
2	235
592	610
99	438
17	356
98	622
416	764
409	577
112	593
166	716
214	640
291	747
619	685
425	712
188	197
100	648
141	237
616	696
104	519
332	514
285	539
234	462
635	645
399	717
470	797
403	691
221	565
445	704
86	330
349	778
26	205
74	769
263	571
560	640
145	681
417	668
77	133
750	787
17	290
486	597
125	616
384	540
404	627
413	656
283	367
120	136
21	701
2	77
11	178
407	600
262	651
493	746
194	345
198	521
375	640
361	611
36	483
364	525
547	623
7	91
97	279
607	768
447	475
141	620
666	789
66	571
363	404
159	690
399	733
143	410
133	460
136	242
115	288
184	559
131	740
452	752
39	177
46	116
65	695
186	775
29	271
349	469
136	592
378	690
557	696
176	299
184	402
577	691
41	78
69	331
230	787
428	597
552	666
1	30
108	614
155	552
247	319
342	633
539	628
344	688
219	426
164	466
135	324
367	386
575	678
354	689
61	602
191	685
181	301
107	550
255	535
137	306
381	786
24	487
46	470
213	483
244	255
63	597
81	779
5	441
676	677
83	336
589	664
119	221
317	502
249	426
223	292
211	464
215	670
374	422
46	214
46	544
240	280
136	599
173	408
121	745
542	555
472	540
326	779
214	329
169	533
587	614
54	141
347	496
5	619
7	468
107	733
144	268
89	708
501	675
257	619
412	487
396	796
361	362
98	755
230	691
164	687
393	514
155	690
319	703
408	755
534	752
130	715
254	495
401	627
719	744
384	781
364	481
182	535
380	702
216	681
130	671
156	545
428	612
303	342
15	107
392	667
238	278
368	612
103	294
103	463
91	536
295	496
51	248
230	451
487	780
471	543
38	602
438	457
273	482
204	241
329	352
542	680
52	572
110	235
342	534
641	684
94	620
113	518
196	262
166	326
322	614
666	787
193	464
226	595
115	395
528	674
79	606
465	512
147	588
386	667
449	554
53	421
9	93
457	556
470	661
638	786
641	746
287	799
63	794
83	255
212	332
204	353
134	476
311	493
3	306
288	340
185	630
299	418
115	138
64	476
398	511
550	777
67	467
182	516
592	691
70	769
15	99
344	731
36	497
213	322
383	656
533	633
117	362
92	790
139	296
393	583
441	735
452	687
195	307
331	450
405	603
23	358
487	595
50	700
90	327
107	651
137	622
601	679
607	688
554	651
29	480
373	720
36	56
63	171
356	704
67	204
451	645
82	110
416	750
441	612
4	389
125	676
3	666
187	316
42	413
633	638
95	289
217	780
740	742
498	655
137	311
292	366
54	296
59	413
190	421
333	706
422	628
157	787
328	504
577	733
233	477
165	746
453	693
258	370
8	109
347	653
34	703
55	205
123	257
150	559
304	525
453	545
277	734
355	368
33	157
64	634
650	752
233	593
225	674
482	774
401	436
658	770
428	549
484	753
47	608
53	253
86	549
213	216
577	731
392	397
450	716
341	515
320	517
102	646
69	244
315	415
451	761
35	724
214	671
76	751
0	430
329	519
771	787
312	524
101	306
523	664
34	510
324	733
290	770
719	762
671	709
74	216
284	755
277	679
374	637
89	108
434	613
237	566
352	535
52	715
219	753
99	684
363	402
561	791
369	756
23	191
530	765
43	796
105	762
247	654
115	776
69	329
407	633
352	477
231	538
481	690
434	590
3	287
168	523
443	709
213	632
454	494
500	752
179	594
37	532
64	124
569	741
278	559
42	698
331	457
158	431
276	626
89	550
199	257
330	617
16	670
179	704
138	761
63	232
209	410
27	458
328	709
377	566
232	596
192	387
190	730
246	332
47	234
276	436
154	166
451	691
36	694
357	725
140	595
37	350
432	758
515	522
284	325
27	192
192	449
501	784
206	422
282	691
115	343
104	396
46	507
456	510
716	775
496	583
138	733
357	434
14	792
61	64
141	200
62	362
218	509
295	383
168	505
712	727
403	771
119	696
372	417
498	591
147	569
255	684
177	793
258	759
245	319
722	790
460	773
43	97
149	302
125	761
481	679
23	385
699	781
234	402
267	696
28	359
150	459
182	629
186	492
310	506
391	447
28	124
458	579
189	446
288	305
258	300
149	339
487	760
396	609
226	563
394	784
75	322
192	535
164	568
26	70
210	781
468	704
441	636
572	686
458	622
276	744
213	527
409	424
456	477
51	60
3	75
440	776
496	589
708	790
158	348
87	682
141	748
596	784
54	464
165	498
590	799
610	760
43	413
159	477
461	534
470	583
208	243
148	163
204	660
139	456
323	569
193	632
466	701
380	485
298	682
85	545
0	792
601	629
25	313
637	667
282	507
415	557
310	590
396	541
8	236
103	335
354	491
372	618
794	799
459	601
534	640
150	660
422	578
473	638
13	787
677	795
243	506
352	609
391	731
128	259
89	435
305	590
328	784
465	541
348	445
225	683
122	622
512	785
80	345
4	500
16	496
463	481
302	587
102	480
274	491
357	685
103	748
276	316
289	515
194	244
195	403
115	783
355	542
222	676
485	663
425	778
194	687
671	718
79	359
218	536
501	769
143	449
67	359
44	192
441	489
726	751
241	442
122	454
115	280
260	570
89	537
38	747
223	665
90	498
574	694
107	294
38	406
175	381
63	213
165	200
26	553
363	764
165	671
28	524
363	518
250	508
56	497
246	439
293	450
121	495
49	115
593	744
113	403
307	689
245	592
170	209
389	531
170	322
480	547
279	348
324	754
233	257
73	476
582	647
141	240
51	237
335	507
96	359
494	575
337	792
50	410
220	233
3	232
46	161
360	589
139	619
501	710
168	301
17	652
163	712
552	668
202	785
264	397
94	507
168	361
257	464
511	775
370	687
461	479
111	485
443	673
51	459
40	662
282	602
1	243
259	760
443	500
363	387
462	728
551	693
338	440
41	756
313	445
618	697
584	777
148	784
151	635
725	773
26	452
537	785
258	752
384	754
699	761
325	363
290	344
34	187
269	362
194	594
574	746
151	798
142	624
1	76
276	401
74	763
390	762
369	732
15	563
650	706
148	564
321	674
7	235
64	703
121	417
241	728
408	570
379	765
43	626
279	363
164	733
625	725
158	275
157	715
176	399
231	583
617	645
330	703
435	763
473	689
67	718
108	298
415	640
288	390
494	644
309	727
33	445
246	615
9	756
259	686
308	687
645	788
483	733
403	443
335	675
277	308
11	589
225	656
26	100
308	606
147	570
709	772
240	387
59	173
649	694
372	524
80	691
321	669
144	632
193	751
222	612
347	565
291	572
179	235
254	738
335	672
147	238
344	359
153	270
431	494
292	784
381	740
157	636
192	332
218	302
58	670
169	312
29	600
362	433
151	757
733	767
541	576
455	509
9	92
146	766
615	678
226	389
87	492
443	763
127	404
59	509
656	705
386	699
16	79
123	682
19	498
201	483
295	402
285	409
10	223
364	661
231	354
312	514
135	531
65	636
473	635
195	214
238	542
194	689
366	583
397	530
167	204
717	728
235	445
49	671
280	630
463	639
192	650
89	505
