360	448
29	447
15	53
261	491
219	354
77	177
262	473
95	344
84	375
241	320
143	388
24	447
152	260
3	382
192	223
37	387
102	362
125	153
135	438
375	460
55	230
191	198
74	336
62	112
319	377
146	416
116	207
108	237
143	247
288	387
105	258
17	408
218	451
118	358
72	238
51	457
80	226
162	297
135	220
267	273
117	169
152	405
243	289
241	401
223	380
14	168
223	416
222	457
105	371
36	65
153	319
67	167
297	331
188	463
225	230
21	298
57	297
141	286
151	290
34	271
230	365
4	486
262	484
292	450
253	428
49	245
141	210
325	362
294	359
17	411
171	223
77	278
371	416
41	335
93	486
357	413
358	478
116	458
75	440
145	155
8	29
215	275
133	290
6	441
98	232
78	441
29	67
39	291
81	202
477	481
401	478
63	284
89	212
360	373
315	372
13	191
102	453
334	380
234	278
215	282
48	469
290	438
60	416
73	362
154	494
62	128
22	89
159	174
375	490
393	460
317	350
232	372
443	470
202	314
0	126
352	445
113	405
248	393
220	477
46	102
285	326
19	443
357	372
50	435
394	416
294	448
88	269
228	435
96	126
324	347
389	424
143	253
23	292
286	474
144	155
246	395
271	457
37	84
34	477
282	379
0	158
5	452
211	280
138	286
251	319
226	392
185	264
17	416
62	323
115	462
8	141
351	436
403	412
253	318
170	188
118	499
160	211
329	357
36	315
75	317
36	295
124	486
335	471
51	410
40	474
20	127
63	227
26	267
152	384
279	318
23	368
321	441
286	380
193	254
22	356
298	367
34	107
149	162
62	377
38	193
112	259
76	170
80	393
154	369
497	498
32	476
349	398
26	406
16	114
123	320
28	196
55	221
62	361
98	306
115	411
186	262
129	287
111	388
340	400
153	422
389	447
277	355
77	417
149	428
168	499
40	99
171	222
161	477
151	231
1	83
261	477
22	241
158	204
53	389
78	256
307	375
123	335
2	406
3	70
132	381
210	229
39	66
65	304
174	299
17	330
113	242
322	412
389	479
446	472
357	460
278	484
229	345
70	117
81	140
24	196
7	407
102	433
364	457
225	307
258	286
20	113
1	64
156	467
126	130
7	201
80	175
204	229
72	394
55	352
19	489
53	320
75	471
119	180
114	264
96	338
83	437
56	242
410	469
170	307
225	406
177	423
139	478
217	351
39	55
44	343
146	308
33	54
45	307
231	487
281	311
181	254
329	490
75	110
136	464
204	245
40	468
272	397
154	343
245	344
224	264
315	438
45	488
294	456
12	122
59	408
251	305
37	217
67	460
300	333
333	416
34	483
181	210
453	469
156	375
65	268
12	130
93	377
169	253
391	415
64	358
208	378
278	471
56	293
10	227
156	383
346	400
75	463
36	212
36	254
51	486
383	389
103	220
265	459
131	417
36	86
219	368
466	496
8	363
37	349
13	385
273	379
52	333
18	482
322	483
165	206
120	350
100	435
282	484
69	268
52	380
373	406
81	142
388	418
16	235
158	445
101	379
11	167
184	481
217	270
26	181
131	265
66	189
0	479
45	124
44	371
266	498
53	78
2	145
70	447
82	467
8	307
259	407
106	304
25	166
76	311
65	315
179	186
109	286
133	158
103	377
187	384
104	195
100	345
230	309
206	358
357	363
364	389
86	366
210	246
209	477
111	290
213	354
206	406
361	371
6	176
13	143
56	294
137	225
76	466
285	346
94	438
103	378
57	93
227	376
221	248
390	401
163	203
171	298
32	305
183	331
477	487
170	266
218	291
47	433
114	209
31	182
11	196
46	96
480	483
306	345
82	212
361	447
257	468
157	189
272	393
313	352
122	167
242	267
16	64
221	396
102	256
191	207
351	467
291	490
109	381
61	378
138	249
54	478
259	482
31	406
179	319
161	445
254	299
159	475
196	308
22	133
136	405
221	440
42	452
26	456
345	419
192	335
358	403
35	57
339	390
41	344
399	499
180	273
180	472
323	481
123	379
0	316
349	368
203	399
280	389
422	454
256	301
86	350
175	297
125	487
72	311
70	319
5	60
138	143
64	117
262	452
129	472
122	238
258	388
84	358
58	66
146	446
132	229
131	322
197	358
38	240
171	334
88	148
2	472
98	452
371	450
207	473
93	363
275	396
22	375
292	399
287	414
435	477
5	166
29	65
339	477
350	383
13	427
185	341
24	252
15	446
144	167
155	192
1	124
36	243
192	245
21	161
104	140
4	202
204	436
343	361
247	427
26	363
9	42
310	332
376	489
261	298
273	329
383	490
293	471
21	81
410	487
151	430
126	401
30	269
314	353
130	334
3	224
189	210
61	191
69	205
264	330
89	275
112	479
142	227
365	489
6	478
59	247
143	240
239	322
378	481
308	354
336	361
16	499
0	353
184	380
51	143
12	201
14	130
163	259
32	126
131	256
402	424
38	192
190	472
158	417
386	412
361	461
90	210
177	410
233	255
222	433
67	134
93	297
144	296
88	271
13	277
269	330
377	411
42	270
88	117
20	292
137	258
86	263
14	109
46	68
409	480
17	286
270	404
16	344
46	432
68	404
346	469
143	296
31	57
57	189
77	359
294	303
19	153
34	96
274	344
258	304
166	267
131	183
165	403
91	160
155	436
56	102
296	446
370	449
292	352
84	461
329	358
114	446
76	359
36	150
42	257
90	425
100	152
128	412
13	415
208	321
92	447
101	251
192	283
207	423
101	120
183	247
306	443
50	271
180	305
325	343
358	432
247	322
365	458
177	491
98	470
49	193
104	282
289	360
33	358
281	355
93	287
28	155
110	302
413	474
144	147
28	69
165	254
51	240
433	449
89	477
20	264
64	239
249	363
174	466
119	195
233	447
93	304
61	377
247	491
129	451
385	434
186	397
104	307
253	394
122	178
171	488
151	380
2	187
137	299
318	385
46	338
97	121
96	456
308	471
260	383
121	216
106	186
19	436
163	246
202	349
79	159
178	268
53	188
338	357
189	459
88	108
124	253
323	452
380	486
244	405
158	303
66	357
158	225
93	266
194	210
406	468
415	482
198	417
144	391
244	416
178	414
101	103
243	481
334	479
191	346
160	230
160	384
64	360
36	413
43	468
22	178
26	206
286	449
86	287
3	201
365	407
12	359
127	179
68	264
117	214
13	442
124	211
122	157
308	331
275	288
450	481
167	428
174	400
90	351
2	41
75	180
319	407
80	196
344	426
145	448
62	471
168	492
445	451
362	451
382	451
238	494
152	251
275	347
150	443
403	404
42	386
173	208
90	141
13	15
365	470
127	350
74	406
334	387
305	361
351	368
309	438
106	336
12	264
380	432
115	357
162	357
63	476
201	432
61	252
9	488
51	400
129	395
110	227
278	298
269	306
386	461
38	143
9	336
160	307
138	215
172	339
148	435
59	378
14	194
269	414
178	429
339	387
15	381
310	325
311	479
123	312
272	416
90	172
25	291
201	491
172	433
280	382
134	420
41	452
65	271
218	401
120	166
155	499
110	221
36	293
89	493
60	290
316	337
95	165
201	466
33	157
27	117
291	401
154	409
227	470
6	163
10	392
242	285
64	324
102	294
311	473
41	156
472	493
398	477
213	249
151	194
295	314
431	487
180	280
141	448
153	292
179	192
39	405
23	478
105	270
110	347
119	211
372	466
259	400
233	492
5	303
66	76
36	396
193	459
127	474
351	480
177	468
6	258
39	247
381	490
168	181
27	443
240	275
331	470
80	258
116	364
157	485
94	187
255	429
5	120
33	55
42	240
403	433
177	225
36	268
405	440
297	358
293	412
310	382
48	71
157	238
311	386
359	474
77	304
299	388
40	285
54	302
113	440
61	496
237	253
112	113
423	438
104	225
298	443
207	224
25	46
50	231
209	310
87	97
289	389
223	478
44	491
4	482
154	327
257	333
102	460
70	353
109	373
282	403
195	359
16	259
125	314
177	231
53	452
309	405
131	369
117	353
50	87
121	282
109	362
96	137
144	443
69	352
344	445
84	476
90	309
18	47
35	168
20	80
368	369
368	460
116	301
265	321
67	400
296	336
94	108
184	408
1	311
253	445
48	120
40	395
37	344
62	411
7	78
150	490
151	476
414	449
143	451
109	151
206	468
122	382
247	479
67	130
195	471
204	387
248	309
10	114
466	489
55	444
25	403
150	436
162	450
161	429
365	400
234	436
53	211
108	423
162	248
301	389
186	237
16	157
108	384
33	295
212	336
173	198
73	312
162	419
28	299
326	386
89	405
80	218
172	256
91	115
25	135
118	274
345	493
339	407
45	211
72	231
372	395
72	333
35	484
161	312
187	290
17	40
160	296
83	496
72	245
194	234
87	323
294	321
225	251
137	446
76	369
90	121
332	400
96	424
165	305
63	173
343	420
182	192
54	399
344	480
128	325
65	262
185	433
179	253
185	219
24	97
4	234
49	273
278	489
361	466
229	497
203	332
31	439
64	184
313	333
218	248
382	496
83	357
200	327
129	294
205	299
114	276
178	401
225	241
176	226
1	19
70	387
66	286
115	337
69	432
357	462
276	387
99	227
96	133
308	485
109	112
15	252
41	492
7	60
60	344
21	57
27	386
316	483
308	381
292	393
195	303
80	225
321	483
107	485
96	361
226	343
76	303
31	312
369	390
59	176
250	425
443	446
242	371
370	391
72	228
24	454
153	231
27	120
9	422
54	270
337	496
30	316
237	238
142	401
131	313
345	473
82	223
407	444
85	437
273	428
57	104
200	257
42	311
349	421
140	237
117	245
24	409
375	496
117	355
474	480
47	453
339	376
102	302
188	305
88	104
94	362
124	359
72	329
171	366
246	379
369	447
128	280
235	356
203	443
56	129
175	178
18	172
408	414
119	419
111	114
207	480
241	492
395	461
154	368
54	458
358	468
71	339
186	267
24	107
210	491
218	224
19	320
278	379
88	225
152	205
77	158
139	346
56	474
6	195
46	220
378	442
149	259
289	434
28	296
35	103
55	283
10	19
18	239
14	333
335	451
238	435
343	373
276	488
48	272
25	429
176	487
210	335
144	166
37	330
245	496
365	484
27	456
13	113
290	333
118	149
67	295
59	173
1	301
150	225
87	110
94	150
457	470
253	264
327	430
12	74
165	414
386	436
60	122
442	452
414	472
188	263
212	311
21	69
71	438
143	272
330	376
333	377
39	419
55	232
155	187
47	403
137	387
24	124
14	149
0	65
63	280
259	436
196	458
6	382
51	350
52	440
424	484
108	431
125	466
110	294
115	478
298	322
8	132
383	459
265	427
111	323
10	189
134	190
86	493
17	433
394	440
210	377
393	420
378	419
290	346
212	307
280	419
130	433
289	307
76	322
11	13
106	226
160	330
113	317
20	282
217	294
180	247
115	138
213	269
149	323
34	282
221	424
145	428
111	193
8	181
171	390
432	455
306	401
286	383
129	266
20	355
80	138
88	210
419	475
75	388
119	454
151	191
222	402
7	387
65	196
141	186
18	207
4	260
7	140
27	390
102	475
71	374
133	441
2	351
209	488
88	341
150	274
25	463
189	478
60	153
114	288
17	89
78	131
323	473
133	385
331	367
125	367
58	432
200	278
3	123
386	441
199	230
339	480
313	323
46	117
14	28
55	99
156	390
130	157
50	286
137	215
36	469
59	116
282	315
7	357
293	465
190	393
95	316
40	305
70	266
294	369
215	449
6	90
55	324
191	444
121	367
88	206
161	290
99	436
228	370
18	264
240	481
142	439
174	385
85	110
1	386
136	344
56	381
22	46
317	476
177	216
172	224
275	485
25	106
256	451
96	233
195	213
26	198
71	199
262	354
248	487
406	446
255	490
319	369
193	444
213	494
2	128
125	258
103	281
32	435
5	194
131	142
68	157
205	352
80	109
17	104
3	246
39	369
85	362
76	488
75	229
99	245
126	247
108	175
214	435
264	266
156	404
147	208
329	332
46	260
67	296
179	470
179	280
42	181
362	455
231	271
304	336
82	218
192	372
186	485
50	294
127	384
381	432
226	314
97	312
49	442
189	337
17	471
327	494
176	375
46	469
44	201
77	296
80	268
164	367
28	263
121	226
15	404
450	480
193	267
295	484
189	361
7	188
218	411
150	164
160	366
29	472
183	493
20	420
42	369
81	357
45	392
249	418
374	443
283	435
408	491
232	483
305	406
438	457
16	260
309	325
64	302
114	400
403	413
133	350
261	383
183	491
156	328
209	368
216	279
130	295
29	400
40	428
297	485
264	424
460	462
220	285
182	436
197	494
474	492
122	162
129	463
24	69
388	389
103	196
43	467
72	305
292	458
246	344
145	191
88	284
374	442
74	469
135	183
62	422
146	447
46	351
260	406
245	480
240	478
27	424
136	286
18	149
305	478
40	61
135	185
438	466
2	401
280	336
106	205
101	364
345	402
157	454
35	411
102	449
129	136
147	203
186	328
463	476
0	367
43	458
321	410
250	366
69	468
162	465
60	156
3	310
26	178
426	433
379	487
70	469
223	364
225	291
13	397
390	395
306	470
323	385
180	269
318	497
297	357
266	479
363	384
257	423
172	471
163	352
386	420
308	376
4	78
189	474
98	427
210	305
432	487
0	184
408	489
205	469
128	171
44	84
279	421
296	368
135	236
6	59
146	378
33	168
41	323
75	208
307	450
186	467
415	427
13	364
327	401
80	344
130	416
195	362
123	421
225	304
153	176
54	115
100	201
397	399
313	361
219	376
22	262
276	297
9	36
67	451
422	465
416	448
98	156
230	377
112	444
119	411
21	266
39	344
16	447
65	179
86	206
251	410
65	364
231	442
312	373
66	465
179	411
300	484
196	463
156	481
245	447
434	441
335	360
387	488
29	158
423	497
44	322
344	406
110	437
73	180
241	351
309	387
64	68
375	416
298	381
7	422
144	470
309	404
206	267
125	354
75	122
317	481
47	92
118	407
38	212
20	284
197	207
76	95
47	89
176	244
45	107
128	435
3	192
163	369
68	191
136	346
264	461
133	280
395	459
191	256
143	414
134	319
412	436
176	411
369	451
79	352
284	484
109	293
21	232
77	129
112	256
75	153
220	480
258	276
217	453
89	343
122	415
259	462
153	481
2	163
35	106
224	497
216	240
96	449
129	192
305	440
145	248
78	483
42	255
236	398
168	252
314	415
200	229
193	199
274	407
44	186
2	377
123	257
57	119
188	481
254	288
54	294
178	498
345	387
29	477
63	152
289	414
33	230
90	408
124	191
61	237
241	353
55	66
20	442
350	353
223	344
48	371
132	354
120	273
272	327
153	202
252	295
249	367
161	193
300	338
38	161
168	328
19	294
18	393
143	474
21	437
124	425
306	409
47	254
444	479
199	457
155	422
255	469
203	374
200	358
53	260
169	378
138	346
325	342
179	495
158	292
114	145
255	390
98	276
279	496
105	189
255	461
356	426
168	339
71	131
130	212
334	339
168	290
370	407
249	258
146	267
285	384
45	47
454	463
351	412
29	293
12	263
48	79
87	394
134	466
272	429
16	272
298	475
381	465
103	257
257	386
19	430
166	229
200	413
67	287
8	495
90	222
116	406
322	404
262	318
261	462
192	309
221	494
92	223
331	405
241	482
146	392
261	332
211	370
49	132
263	434
87	381
119	323
178	308
135	308
109	274
208	380
46	486
359	476
38	93
36	495
14	347
373	451
395	451
274	441
115	154
259	481
257	480
20	433
47	72
54	425
0	331
33	414
193	482
128	167
92	421
219	220
100	188
61	307
284	302
17	316
218	450
189	371
19	317
110	496
8	144
311	431
26	409
362	386
101	239
40	189
138	428
277	329
80	216
196	480
286	406
16	74
268	474
212	409
262	283
284	352
163	494
480	484
9	27
108	327
170	495
313	490
146	212
79	195
103	239
11	27
235	370
35	241
83	128
287	329
2	464
87	339
107	254
429	488
181	342
293	421
118	326
27	265
65	320
51	329
291	433
410	475
110	291
216	286
148	471
36	124
257	452
45	128
362	477
288	294
157	393
324	391
112	397
53	210
200	302
176	215
287	380
283	469
23	119
48	372
379	400
238	471
89	122
10	470
22	389
167	434
105	468
289	454
71	91
186	346
273	422
54	172
32	293
454	472
261	301
19	388
265	303
114	402
33	200
5	262
127	462
79	181
106	136
267	450
123	426
177	490
119	355
57	236
144	371
69	88
127	418
160	280
46	280
130	437
24	498
213	225
9	237
161	261
113	229
212	232
173	246
21	119
137	277
132	490
200	236
236	245
151	323
93	355
5	10
217	239
22	51
59	438
381	419
105	475
299	451
2	57
64	273
225	486
214	392
156	158
8	246
18	417
51	295
139	227
356	425
136	349
243	381
154	442
10	494
27	86
249	366
8	359
325	368
193	454
144	269
240	356
292	379
63	130
123	328
162	281
231	376
313	440
423	446
262	423
92	219
471	475
202	439
340	410
124	447
420	496
103	433
252	361
72	325
423	488
25	339
271	488
55	369
4	110
108	198
177	244
87	391
237	445
188	208
5	218
262	295
120	418
218	406
2	290
248	263
243	259
421	483
75	443
355	410
295	451
77	377
72	385
5	156
319	492
158	221
0	408
27	159
228	484
259	390
39	432
4	304
329	340
70	403
81	478
64	220
311	416
137	267
111	298
1	67
393	459
403	423
27	155
180	356
89	90
58	281
140	359
327	357
133	413
271	396
46	230
314	459
324	453
292	418
375	400
168	403
349	449
120	215
140	228
87	356
7	41
17	150
266	455
145	301
143	473
28	84
0	326
292	365
108	425
16	331
75	254
8	285
105	256
107	448
73	482
128	197
395	447
60	61
83	106
214	336
222	265
41	50
73	411
403	437
31	56
236	278
28	348
301	474
123	275
259	290
192	238
45	130
3	92
170	419
51	366
186	430
127	411
293	474
126	160
193	316
116	490
326	399
217	330
214	357
243	349
31	356
219	491
225	308
215	477
184	185
163	170
303	458
96	371
197	365
29	118
30	272
56	246
110	407
51	455
108	269
90	489
37	372
45	288
197	304
284	340
463	478
198	367
25	310
208	362
318	376
23	295
204	256
334	457
303	460
206	333
126	331
23	34
101	131
53	288
11	208
106	239
116	379
357	466
62	280
136	302
54	202
66	240
95	134
174	328
184	209
361	475
238	342
350	424
4	73
55	462
410	468
157	323
264	384
27	311
173	254
38	274
17	475
478	498
128	252
130	438
25	417
267	301
42	333
214	490
106	451
23	249
43	407
296	359
476	477
79	464
251	462
60	213
169	365
427	434
58	420
158	294
36	224
43	328
62	134
1	290
244	474
311	460
434	465
6	121
202	335
244	302
205	363
165	334
118	487
70	393
147	297
118	301
5	277
245	498
41	175
109	453
360	414
288	301
110	318
94	340
35	71
224	453
14	409
328	385
20	106
18	89
139	323
98	258
239	284
293	439
206	489
339	382
59	72
214	348
174	220
51	208
16	494
472	479
60	437
12	140
218	228
272	292
188	211
214	406
137	300
63	488
74	88
73	444
137	294
343	484
10	108
95	448
245	342
105	316
65	224
110	201
45	58
227	329
392	476
333	436
355	363
124	208
8	267
15	111
386	407
211	392
17	469
395	446
24	96
76	89
427	482
2	16
102	212
259	480
71	278
156	197
314	371
224	482
86	224
2	381
54	118
156	324
70	332
105	463
274	368
192	234
14	108
309	366
384	417
287	482
129	148
80	249
124	412
183	322
113	303
130	495
123	432
177	253
219	274
165	279
45	92
128	468
216	342
46	409
375	481
19	390
50	184
186	493
24	269
351	456
313	321
100	370
286	415
71	192
11	494
229	357
79	197
10	398
43	116
79	265
380	473
243	267
273	451
265	266
133	342
65	259
265	295
169	422
11	95
80	455
13	376
266	362
135	405
419	426
145	365
78	387
63	496
230	314
202	211
136	198
27	268
162	432
246	330
75	386
250	377
107	346
251	398
52	199
89	489
405	437
94	165
43	115
361	384
264	321
163	251
138	193
83	155
226	299
79	345
184	334
48	113
98	388
44	385
357	430
264	375
35	101
94	452
282	292
166	255
356	420
86	102
47	323
82	461
163	321
423	476
374	421
145	491
187	314
124	169
23	370
109	193
140	443
166	374
186	447
387	474
42	191
43	47
377	478
475	485
90	494
312	390
364	488
265	290
254	283
137	259
276	381
82	164
291	471
114	465
166	188
11	266
196	245
9	110
191	259
5	368
43	208
26	320
153	216
154	423
233	488
147	372
91	455
91	483
63	478
4	329
9	279
205	293
192	269
36	57
140	169
184	447
181	231
265	422
123	459
268	273
172	455
395	469
53	357
80	412
1	82
181	247
217	347
87	184
144	161
43	439
190	441
71	366
35	312
65	96
243	456
36	308
391	393
314	473
389	470
366	423
26	397
73	252
222	494
101	151
29	438
54	260
138	174
392	402
12	240
59	410
181	309
192	300
98	407
66	204
377	458
65	419
93	403
33	396
64	457
256	493
40	66
252	494
82	205
316	361
2	148
232	297
3	401
272	420
344	412
350	414
325	440
401	408
354	418
372	444
162	211
293	368
248	350
138	238
420	473
29	236
211	231
41	346
42	487
92	344
237	263
158	447
97	497
354	497
109	218
164	446
31	153
325	445
103	148
139	278
337	343
47	53
21	369
184	402
383	417
100	168
218	483
16	432
163	297
86	445
239	422
118	253
15	334
282	324
3	83
228	352
337	346
227	476
150	251
300	405
368	388
195	320
124	220
169	310
393	426
20	109
94	401
135	141
12	21
242	337
339	437
319	373
136	347
19	235
248	488
292	489
57	348
108	230
83	462
414	430
47	171
22	159
207	226
149	177
236	327
120	319
33	185
29	228
4	87
30	296
93	494
106	152
81	169
285	365
88	94
92	416
6	272
13	98
268	370
230	238
33	38
44	164
26	31
85	365
43	109
331	337
151	473
140	333
63	424
178	447
300	306
37	158
12	275
9	463
326	459
78	194
168	407
337	433
412	413
207	237
76	293
144	153
68	282
218	426
180	443
122	432
183	202
46	383
346	444
48	196
168	359
5	51
70	463
39	466
86	157
190	308
315	395
192	325
277	363
31	132
118	222
8	138
194	484
281	464
199	318
254	369
297	486
269	355
172	496
275	283
40	236
286	436
216	305
172	245
37	250
84	166
55	205
262	393
91	137
331	468
25	39
145	236
39	337
398	434
20	314
54	357
16	199
368	427
2	214
246	345
169	437
193	228
90	143
10	296
204	441
368	387
276	486
196	244
261	456
401	424
178	418
46	232
116	353
163	348
288	363
376	446
77	413
314	483
140	459
379	412
15	405
7	42
241	443
177	356
290	342
310	483
133	400
111	434
169	228
420	450
33	337
273	308
181	443
114	226
87	241
82	272
336	348
237	496
243	411
263	438
175	333
200	446
186	268
260	297
202	238
188	296
158	389
198	237
148	434
145	303
339	405
109	316
77	136
85	260
351	446
20	73
146	178
106	180
161	230
7	134
70	176
19	242
22	191
211	312
21	308
218	358
236	431
96	473
293	308
198	264
136	159
174	417
158	490
40	322
179	346
106	123
322	448
146	352
173	483
30	48
174	390
60	132
53	447
135	342
147	328
179	481
154	474
186	202
52	428
190	398
204	315
13	34
9	182
444	486
51	136
88	414
376	442
86	403
161	284
183	366
235	323
147	185
288	365
228	363
55	72
113	299
94	331
190	302
29	393
40	409
316	475
271	379
366	439
162	207
93	396
290	395
168	416
147	426
94	289
449	468
201	374
118	306
102	386
73	173
192	356
138	426
216	493
57	107
14	193
103	342
42	385
261	417
25	434
35	344
206	360
168	344
209	301
7	179
193	358
273	412
74	269
20	158
373	478
17	447
154	304
132	427
180	193
5	403
208	464
185	415
343	415
77	486
34	312
43	111
147	294
46	194
170	375
250	498
170	429
128	451
323	470
99	275
119	190
144	346
68	127
284	337
391	487
121	183
296	321
70	249
452	490
239	275
75	101
52	409
72	131
253	343
326	333
196	211
28	200
383	437
85	427
60	73
293	479
322	366
26	279
127	214
4	166
310	333
47	394
163	281
22	293
176	433
24	234
104	266
270	485
88	428
166	446
339	340
294	331
260	327
45	256
109	468
133	225
175	444
101	217
299	448
73	264
260	451
280	486
135	409
11	364
77	99
173	322
137	462
190	191
114	129
78	228
145	450
151	470
51	351
431	467
8	118
220	262
344	382
76	156
127	475
64	336
84	321
106	257
190	390
371	383
391	443
108	163
249	358
281	331
335	345
247	295
259	473
160	379
204	401
32	271
222	300
7	105
128	471
59	449
215	426
247	299
293	301
194	405
125	201
275	290
47	228
113	314
303	471
79	299
304	353
119	182
43	304
184	298
250	378
14	223
200	228
14	430
63	218
70	427
24	288
58	323
15	301
127	387
127	302
121	255
117	371
131	201
151	200
225	490
248	499
173	314
98	152
271	342
328	464
36	362
162	230
324	491
46	115
259	346
51	423
276	362
315	421
121	238
397	497
77	325
269	383
15	160
160	364
317	473
443	492
4	15
231	245
200	360
314	351
337	479
308	420
192	427
57	123
154	490
245	345
124	465
35	67
206	288
318	426
65	306
21	246
43	65
420	471
73	172
148	159
39	304
333	485
152	486
198	341
187	443
142	189
185	347
233	484
26	430
279	361
132	241
432	463
39	399
263	342
236	439
293	314
287	330
65	156
180	225
4	350
87	292
327	415
390	412
75	262
4	407
198	332
64	238
75	129
21	223
73	120
351	469
245	439
386	458
175	476
204	342
229	279
40	365
199	273
192	302
149	407
402	430
7	465
231	369
341	390
314	328
9	221
347	386
328	468
171	409
387	489
47	492
243	359
58	286
238	407
401	475
206	399
143	261
299	431
172	401
133	179
41	183
255	298
105	485
3	81
118	297
288	381
425	431
46	407
100	474
171	195
74	492
310	352
247	487
114	338
165	229
74	333
48	209
218	400
144	235
17	20
115	240
151	393
205	385
67	209
145	475
120	331
207	377
416	439
173	332
147	373
242	314
349	470
181	256
117	153
49	268
141	164
113	420
405	406
280	366
40	163
306	374
452	455
327	479
157	392
283	301
263	480
268	280
327	441
136	472
32	124
126	193
189	264
164	200
16	384
11	445
476	489
22	93
192	414
432	440
91	418
71	117
409	482
185	277
232	457
355	447
35	54
353	358
130	252
258	432
179	389
47	364
59	486
83	333
50	378
155	344
163	217
32	381
219	485
31	344
277	452
14	64
332	491
108	119
226	353
321	480
316	384
276	474
107	482
31	65
122	265
0	431
151	254
214	466
284	487
103	161
81	291
45	255
172	174
27	198
221	368
271	337
167	303
211	233
182	322
31	149
119	197
135	462
314	418
392	406
241	476
278	291
11	119
29	474
334	375
127	422
205	393
401	481
59	63
67	480
270	376
7	365
102	119
49	56
1	201
41	77
229	405
220	369
105	439
104	305
230	249
111	187
151	193
209	375
74	430
176	256
23	438
76	434
20	283
97	455
387	468
46	279
86	370
350	483
203	267
32	38
221	431
165	197
78	448
216	480
373	469
288	430
152	275
70	407
167	187
142	482
5	494
146	348
43	461
62	358
197	203
296	357
127	197
186	304
83	452
16	112
325	454
328	380
413	452
128	297
55	339
217	415
256	307
152	184
154	452
123	497
134	432
31	242
274	472
179	406
25	237
91	477
277	297
127	213
288	391
1	119
69	76
25	371
55	266
280	489
234	379
36	375
44	256
242	443
69	414
227	486
24	325
92	252
184	249
62	153
320	447
30	64
159	206
32	498
68	465
41	185
417	494
250	271
55	359
70	134
313	470
80	352
178	334
191	235
106	248
82	493
9	214
82	355
239	472
372	440
50	397
318	384
256	391
43	156
28	102
328	393
268	371
95	383
14	470
2	402
98	450
174	497
347	420
168	277
110	265
102	227
276	375
138	492
56	430
2	230
184	409
67	445
93	422
290	375
228	441
32	272
71	277
121	323
66	259
40	250
245	333
289	302
19	428
184	247
15	181
75	363
171	351
38	195
131	332
197	257
45	240
271	405
262	380
0	421
304	481
354	363
292	462
302	420
142	487
117	168
89	459
228	295
71	281
269	327
99	147
470	471
2	304
17	233
73	432
208	282
53	314
121	424
10	466
75	217
166	437
60	381
43	443
258	434
63	190
95	224
246	310
337	363
216	490
425	456
100	417
5	324
314	464
205	485
183	311
8	60
209	264
225	462
184	461
84	251
8	101
33	249
11	400
82	353
81	209
115	471
47	157
5	298
171	220
350	410
225	372
112	473
42	309
232	305
285	418
235	378
400	407
136	312
47	229
46	282
65	165
310	366
105	143
75	337
109	262
66	266
289	433
401	454
273	335
135	225
185	369
123	252
118	315
70	216
168	348
101	152
453	473
213	337
3	363
169	345
110	169
276	349
57	132
199	208
378	471
56	140
142	470
67	408
39	364
71	480
182	257
18	437
160	410
310	473
28	487
80	473
85	197
62	114
113	192
86	456
124	475
186	191
128	394
37	297
21	258
37	317
379	447
219	460
68	81
0	131
48	91
2	61
161	375
29	488
53	451
62	138
49	90
354	488
244	450
269	405
170	286
121	196
124	428
236	307
39	169
149	389
98	188
18	387
14	472
311	404
358	410
50	314
202	374
141	253
196	227
264	305
146	149
427	435
130	358
378	433
342	471
174	262
115	159
158	448
169	272
37	123
272	302
145	289
258	460
244	303
270	295
17	93
231	417
64	70
268	322
47	48
426	491
10	183
20	81
136	409
108	344
36	167
53	234
81	269
269	416
233	475
60	84
44	484
125	206
191	408
311	315
241	402
0	193
329	485
89	448
368	442
242	367
100	283
21	490
29	492
333	468
47	243
120	428
378	451
180	415
312	467
93	293
34	215
227	364
55	156
266	466
177	229
11	26
172	248
202	478
213	291
150	279
259	365
208	415
351	475
289	422
298	307
407	483
278	362
225	244
221	427
203	457
258	268
287	384
144	308
73	135
95	185
201	389
25	258
64	147
66	400
13	455
46	55
293	488
101	351
455	470
198	451
178	453
288	425
429	473
298	301
148	497
112	260
210	307
209	316
58	93
28	232
143	400
394	415
336	421
311	498
47	181
54	233
85	184
234	381
209	471
234	283
74	467
24	236
210	450
163	339
50	92
365	481
403	454
269	315
280	480
294	413
277	378
97	457
126	149
370	406
141	254
194	360
400	450
11	404
58	114
71	221
196	253
37	222
108	484
75	380
156	281
5	168
47	398
8	49
17	495
154	472
261	360
159	340
196	272
204	269
99	325
318	407
306	370
96	291
45	170
14	364
224	489
228	253
235	261
131	310
281	291
21	388
154	221
75	274
441	452
57	325
293	380
377	434
14	321
92	214
285	372
28	116
130	243
265	451
244	361
164	428
168	436
65	298
1	203
20	208
2	272
163	415
200	361
29	329
352	362
163	318
239	395
492	494
113	488
172	182
99	194
91	429
313	368
83	377
120	219
360	431
116	128
152	236
388	470
159	283
474	497
255	498
24	148
55	317
95	488
316	374
63	110
25	289
197	376
173	414
443	447
387	406
217	261
317	488
136	278
20	183
115	265
186	401
9	107
210	469
5	126
79	216
28	471
91	313
439	444
328	396
73	171
115	195
314	410
160	326
46	132
329	384
148	161
140	262
244	346
372	493
222	238
99	498
325	475
158	485
273	315
5	313
4	349
9	51
335	498
121	172
248	360
308	490
142	212
147	204
64	416
196	295
20	85
424	447
19	282
37	110
436	464
64	291
25	182
56	158
408	435
191	199
76	343
85	353
141	487
100	160
400	497
198	395
98	335
171	385
126	388
333	355
21	126
337	463
207	298
436	450
373	394
357	475
83	374
228	460
280	443
247	437
55	178
58	107
344	470
289	416
340	424
340	472
56	347
279	429
90	267
373	482
193	436
195	239
176	319
80	247
3	475
108	156
282	397
65	447
111	167
116	256
134	333
339	479
166	317
35	469
316	323
156	332
219	275
235	299
35	62
396	467
29	56
91	289
136	411
46	198
185	419
17	90
81	166
319	487
5	427
139	314
7	103
237	288
35	44
144	431
73	288
167	223
158	326
98	440
57	289
68	364
365	381
67	343
90	480
209	450
31	107
249	392
55	287
280	321
245	369
179	478
208	458
1	164
31	473
159	270
131	400
300	391
107	279
71	303
279	324
332	432
178	428
377	379
211	276
62	186
321	396
48	344
305	467
25	245
99	312
250	396
155	415
69	254
45	88
42	226
293	313
41	92
243	348
28	141
284	477
105	126
59	492
180	457
292	475
64	185
55	284
264	429
173	425
163	286
44	204
200	340
196	293
359	467
224	393
106	363
423	464
104	130
109	317
76	465
131	383
186	490
103	292
456	498
159	299
84	364
153	309
119	181
325	380
85	233
136	178
171	241
298	486
51	393
139	232
276	397
335	340
16	177
75	445
266	338
44	61
169	247
67	116
119	201
264	428
216	266
272	383
203	459
477	486
94	144
324	434
93	262
54	93
127	437
53	274
103	435
176	299
323	348
195	284
37	199
163	295
240	267
179	438
242	447
47	245
49	316
99	261
126	244
211	434
159	243
41	242
118	234
238	276
45	56
253	360
97	100
0	422
60	222
293	386
227	323
284	351
62	192
62	482
448	450
66	421
10	282
77	361
183	300
42	431
30	170
30	347
255	391
153	440
209	289
251	365
44	312
125	352
261	412
76	248
147	363
247	433
258	482
18	74
272	277
106	378
42	199
95	204
95	479
141	235
224	468
214	288
1	158
235	362
448	489
400	443
78	385
144	347
454	497
187	228
284	292
181	469
33	314
228	385
9	352
332	457
88	178
97	341
241	244
47	183
179	191
33	302
408	488
178	438
176	338
193	433
190	491
96	485
73	82
426	484
225	426
136	465
112	388
5	442
273	496
173	365
53	360
227	259
274	450
49	122
115	130
208	281
148	242
310	451
165	385
30	166
26	323
225	279
200	308
195	374
107	378
269	270
272	359
63	92
47	361
3	313
157	351
260	340
3	389
53	200
87	310
201	387
101	129
276	487
348	431
177	382
234	465
117	277
136	265
68	346
238	292
35	478
0	491
92	355
290	381
212	284
37	383
435	473
85	156
57	459
1	277
366	441
343	433
166	204
34	491
202	415
196	233
353	369
89	271
4	340
326	346
316	444
204	287
455	483
12	341
184	294
389	403
344	363
255	321
217	376
268	298
201	253
173	250
209	271
38	304
201	479
53	436
158	380
340	497
43	202
62	473
147	353
17	137
226	456
189	276
212	496
196	334
354	477
336	483
94	156
11	240
355	372
10	401
47	271
252	280
118	411
152	229
384	407
311	316
55	480
180	404
4	388
340	375
252	313
294	394
383	426
84	383
179	182
161	327
210	297
160	271
89	421
142	220
412	483
78	147
141	302
90	418
9	490
4	29
165	475
58	244
316	453
298	444
142	499
3	430
227	283
2	67
253	463
183	477
80	443
114	152
183	307
33	306
106	193
74	231
254	364
421	429
291	390
288	468
223	388
139	459
93	340
94	367
52	357
240	448
28	273
264	275
45	77
12	230
2	81
52	278
335	381
230	299
3	336
20	156
58	315
297	341
54	250
152	327
207	338
197	477
135	414
108	111
115	230
292	435
174	444
189	274
270	304
254	347
211	338
136	336
81	414
50	103
84	260
143	293
180	451
448	475
419	492
158	278
52	395
184	353
172	451
416	487
233	485
206	265
280	457
232	308
58	368
375	429
194	260
217	373
104	265
47	341
142	402
296	412
169	282
65	133
22	432
100	217
1	170
271	402
74	262
8	58
279	424
15	291
246	370
85	484
19	175
125	315
88	105
83	497
225	240
199	205
199	442
185	214
46	396
120	424
158	252
240	279
58	111
49	424
249	451
226	401
110	163
164	414
261	285
148	451
357	397
51	331
279	411
46	259
155	200
80	88
442	451
203	370
286	350
348	437
87	128
66	122
186	222
171	494
103	413
88	111
240	300
276	339
153	398
303	335
165	484
287	429
357	387
201	308
228	245
423	432
100	324
173	346
118	233
181	363
29	281
61	400
118	136
374	473
110	308
110	179
82	360
163	247
210	244
54	200
25	348
147	407
162	414
207	214
200	393
109	251
276	296
15	164
66	239
210	384
235	283
85	151
127	392
103	319
147	349
320	410
415	472
154	415
62	279
220	311
213	226
113	145
184	254
108	195
174	319
53	245
124	316
16	316
395	486
276	282
378	488
4	197
299	434
87	340
62	102
112	413
283	439
438	444
435	450
127	132
356	371
318	358
206	357
141	315
65	100
26	446
64	452
407	443
166	476
261	373
155	246
59	403
81	411
76	409
346	443
223	265
263	409
12	266
212	325
215	378
332	487
112	274
472	498
163	291
153	265
1	349
13	411
20	75
58	237
289	410
1	348
211	365
258	327
234	487
66	422
56	362
54	103
241	392
196	495
85	252
338	477
29	45
290	467
98	289
83	381
153	336
77	283
307	339
169	285
53	325
156	429
29	212
203	395
125	272
1	109
136	377
129	138
149	310
165	296
187	445
282	419
120	127
264	465
246	293
171	363
240	498
173	423
221	425
100	491
147	197
444	484
182	184
232	324
234	426
61	229
59	352
386	486
181	299
197	256
197	361
253	305
44	209
145	477
355	467
306	480
74	447
225	343
151	424
312	318
199	462
85	283
65	119
43	385
186	247
34	438
404	419
169	357
14	152
226	240
126	358
112	251
107	450
39	332
141	249
336	371
144	273
88	407
298	323
232	258
87	283
260	319
1	70
156	425
135	201
149	267
272	274
191	394
73	383
113	225
166	366
11	74
293	379
154	229
118	288
133	177
127	456
135	151
18	229
350	456
172	264
224	244
158	495
213	445
327	486
175	272
42	261
237	375
318	430
22	338
15	145
60	259
45	347
273	382
264	392
278	486
58	289
2	477
87	189
312	469
49	417
8	221
173	200
476	488
341	342
41	212
44	203
194	424
222	386
338	363
37	150
83	151
363	453
307	443
80	161
133	274
356	477
260	409
70	225
321	499
160	371
234	466
105	335
99	353
69	422
3	262
46	116
347	478
10	337
118	457
44	200
295	331
346	434
97	339
116	407
361	454
161	183
125	471
244	280
73	148
60	176
358	431
318	349
112	187
34	370
20	336
261	268
393	471
119	451
197	368
13	323
62	272
53	337
18	249
276	499
303	408
250	268
256	417
67	454
370	495
105	434
415	491
134	384
106	114
70	446
249	384
296	354
35	457
8	373
61	235
134	221
8	47
295	362
41	332
226	408
95	107
38	306
45	147
93	354
48	50
95	392
204	307
51	99
107	470
144	399
338	445
125	391
427	437
46	344
219	338
276	330
335	478
312	499
271	468
46	248
252	367
110	372
72	497
164	315
465	484
254	463
409	422
36	436
387	394
174	389
163	434
281	342
108	210
179	329
110	348
69	176
267	445
236	390
354	466
173	389
308	353
9	169
81	235
382	388
48	273
233	286
27	338
284	290
85	400
76	301
453	475
157	345
321	401
82	366
79	368
203	246
132	152
110	256
170	499
17	33
371	380
36	391
23	188
182	228
140	242
430	479
390	409
151	469
69	223
98	180
62	464
92	452
210	490
271	407
29	448
150	243
379	448
225	425
42	43
404	499
176	409
205	309
207	299
275	463
289	412
38	151
26	78
210	463
108	361
54	128
43	172
275	414
286	345
106	460
111	407
152	343
40	94
153	381
0	8
316	454
33	259
49	455
414	440
229	325
34	262
100	291
81	382
4	152
91	408
0	262
164	229
211	304
288	311
435	462
122	436
93	196
262	342
27	56
66	331
303	430
198	278
12	252
45	96
379	417
22	428
222	272
48	270
196	352
327	437
283	470
71	124
281	379
295	320
316	407
379	471
181	358
189	424
125	241
79	361
368	428
76	231
116	497
292	422
163	238
265	326
229	298
13	307
34	474
153	489
74	287
21	95
319	395
323	386
55	476
268	306
161	246
98	121
50	214
254	438
77	390
95	255
363	424
40	129
367	377
130	355
145	171
6	174
211	359
21	351
119	391
70	74
35	463
69	310
178	396
144	356
121	341
140	156
90	437
392	491
150	228
201	363
159	394
390	413
25	495
23	124
435	437
54	414
66	448
29	30
260	288
1	387
4	5
85	291
315	359
21	128
160	219
1	102
156	443
105	472
105	233
20	425
238	372
11	433
19	277
257	350
133	492
280	302
431	486
17	237
369	463
110	140
68	366
42	479
282	392
211	266
257	435
381	478
15	112
164	194
14	493
147	437
122	447
135	267
54	428
349	387
1	72
285	295
228	354
75	253
119	347
21	299
66	300
156	446
404	410
13	263
20	412
101	253
173	310
447	478
321	343
42	65
370	490
36	164
249	410
240	465
442	461
35	205
182	325
308	410
26	152
305	352
388	439
237	435
317	358
6	273
376	398
376	439
70	80
172	239
2	277
63	128
295	446
335	427
8	308
258	494
193	257
187	401
83	373
256	499
40	211
70	107
38	299
186	329
201	242
6	421
99	270
15	373
26	163
387	490
223	288
257	402
392	407
32	419
278	400
239	261
375	390
74	92
43	341
222	390
103	204
196	430
219	386
64	69
4	112
141	325
250	311
95	153
229	245
29	63
50	262
47	419
250	403
37	451
52	117
40	451
17	393
219	258
178	424
249	339
153	305
93	216
42	214
233	411
425	451
102	285
398	482
26	387
171	244
149	293
114	421
257	475
18	312
40	425
316	472
20	49
201	417
6	73
252	442
153	344
309	337
18	165
283	392
358	429
367	439
96	115
210	363
321	451
297	458
241	472
293	316
20	392
12	143
281	371
260	390
112	284
11	316
243	423
290	324
223	492
94	366
156	409
146	433
304	371
41	151
48	191
81	96
35	321
66	187
246	267
99	269
17	210
127	405
74	244
187	321
0	62
322	457
263	495
356	374
281	442
239	411
330	340
163	331
402	432
249	383
20	196
19	291
486	492
414	444
68	149
191	426
245	328
287	366
267	290
7	359
37	258
283	358
5	470
173	215
24	130
46	247
130	330
102	439
255	400
158	470
60	322
280	405
84	326
261	451
314	369
52	346
370	387
97	487
313	349
66	199
12	31
364	392
176	386
15	118
67	182
177	297
225	356
92	468
401	493
152	400
60	433
205	287
108	354
378	473
63	223
7	125
97	431
70	259
66	488
220	298
287	497
273	416
67	312
31	179
212	399
148	394
167	368
188	238
215	360
152	456
305	310
58	428
181	274
110	281
48	260
104	310
293	381
275	407
335	396
0	232
31	53
50	140
313	465
118	409
438	463
343	476
41	150
176	444
65	375
21	327
70	193
79	413
263	497
31	470
143	464
80	293
94	357
122	264
4	494
129	347
53	488
65	455
27	489
437	474
94	437
215	478
264	487
104	117
237	325
270	347
28	214
294	384
291	320
146	152
184	424
173	358
73	147
341	421
44	199
235	288
170	225
40	217
64	471
131	153
214	434
331	476
305	327
204	449
187	311
79	270
9	165
80	188
223	455
206	339
285	376
165	169
132	286
150	439
377	480
54	319
125	389
379	393
299	347
9	74
149	316
312	388
138	459
48	498
309	418
149	409
139	421
102	177
204	213
88	351
76	475
83	309
179	444
341	407
88	289
128	165
135	463
253	298
131	317
54	97
29	133
206	347
35	496
235	492
184	192
41	72
121	157
78	408
301	374
260	293
6	48
145	217
164	290
8	438
11	217
6	116
113	375
302	422
213	463
248	441
117	357
307	438
254	370
120	123
83	473
41	438
43	169
281	288
308	312
49	345
1	390
324	459
177	433
156	285
175	341
454	486
122	128
16	36
156	208
162	214
85	170
255	320
0	274
102	313
8	485
263	286
64	271
372	388
227	351
81	318
4	462
258	288
23	65
186	409
154	215
213	472
44	266
87	388
243	379
429	444
8	436
1	343
212	453
74	179
302	424
228	335
50	171
9	58
316	404
169	425
177	353
356	482
214	251
23	269
292	426
285	330
19	77
388	398
137	353
23	36
6	158
443	457
172	261
3	220
186	358
219	493
7	209
95	162
25	437
20	166
288	393
319	328
183	225
379	406
28	337
184	281
53	148
121	147
91	472
275	489
291	451
85	447
305	400
151	414
4	441
200	337
38	425
373	483
54	421
205	232
140	150
114	143
204	455
177	185
136	250
9	198
34	48
57	137
284	472
319	390
385	393
61	404
133	229
104	450
207	352
353	423
163	275
106	402
38	470
94	391
46	334
89	451
73	410
255	422
61	198
409	487
113	442
55	227
8	375
46	308
308	431
154	231
197	276
42	215
271	445
76	228
124	236
369	484
58	179
187	396
340	427
243	262
76	271
159	380
111	493
12	470
153	269
176	269
183	438
439	487
366	382
218	341
408	495
35	189
21	217
365	428
140	278
31	407
114	287
350	401
74	319
239	482
126	300
116	495
203	357
187	425
280	424
7	34
351	432
227	477
234	340
1	377
30	271
348	429
222	441
317	440
340	412
31	448
88	382
133	299
183	399
168	210
286	420
201	471
315	422
167	472
202	242
31	429
336	366
132	389
64	496
320	383
298	349
419	461
86	131
137	379
201	465
34	401
337	481
78	309
85	344
32	216
76	245
368	456
130	445
28	90
10	120
35	169
82	227
184	221
47	498
52	115
41	168
105	404
34	162
172	299
98	257
352	473
63	93
44	474
158	379
3	93
460	481
426	469
14	156
267	422
305	408
76	347
146	489
145	400
301	333
143	420
386	471
198	396
179	437
255	407
312	419
188	237
297	366
96	225
79	103
120	155
118	216
380	498
18	104
344	413
292	482
197	226
265	442
386	387
423	474
451	455
183	498
179	295
15	48
258	439
24	83
217	468
241	302
169	440
299	341
100	121
66	121
2	435
77	415
268	321
80	310
118	460
26	289
7	472
338	457
412	415
265	494
325	372
343	347
386	490
30	337
235	412
127	325
17	204
163	283
182	225
174	336
14	237
150	292
277	338
207	346
313	331
334	361
92	298
11	490
412	433
46	310
27	455
195	385
290	394
179	456
301	357
129	424
20	240
261	270
305	497
197	318
11	256
34	230
1	41
29	81
161	440
343	360
40	168
222	486
146	151
129	392
344	367
39	324
63	86
144	276
74	208
362	475
258	270
214	227
48	234
188	222
117	435
318	447
474	490
60	313
113	277
69	251
55	313
56	464
141	251
27	451
200	395
445	447
6	375
61	102
29	232
238	433
259	464
183	447
87	275
42	446
226	229
26	66
251	476
105	122
347	375
326	383
172	284
54	121
157	179
225	413
175	460
94	167
118	461
30	413
91	126
165	467
3	233
215	290
141	356
350	431
21	214
466	479
69	201
154	169
168	189
245	382
196	472
19	44
163	472
316	411
282	418
408	424
11	186
197	234
117	290
210	339
276	286
268	285
317	396
66	249
189	492
265	348
9	264
199	291
139	140
62	264
364	433
225	354
68	115
360	400
314	383
217	370
73	240
260	265
5	179
435	494
105	483
54	306
80	337
289	373
334	390
256	298
293	387
9	246
64	464
71	360
207	478
145	372
252	289
103	139
45	331
130	479
163	490
183	275
299	365
223	355
385	461
135	481
422	481
147	393
260	295
227	287
189	489
431	459
339	424
213	227
84	316
336	493
216	252
2	152
47	417
31	91
314	349
170	469
129	447
162	363
383	472
20	307
143	180
156	293
35	131
94	380
266	431
165	495
290	321
112	250
160	241
227	263
49	159
11	457
80	479
189	473
121	267
116	391
55	105
176	189
450	473
47	427
266	470
413	443
33	411
200	261
220	357
131	281
171	430
0	88
72	225
9	10
117	330
17	37
59	100
381	418
18	46
114	232
350	388
135	393
97	482
70	196
149	202
453	460
165	255
10	37
296	417
197	211
152	228
36	341
92	336
399	453
121	399
167	435
393	438
137	179
232	366
85	168
37	338
95	98
344	431
339	429
300	470
418	475
145	392
32	298
21	156
60	139
220	385
55	484
357	496
311	363
251	467
105	230
173	457
59	459
28	312
54	394
37	336
223	470
189	247
80	487
136	196
57	369
177	265
127	412
14	342
301	413
254	280
410	478
167	216
44	272
81	156
84	409
110	414
127	152
200	453
427	456
64	470
392	486
13	213
72	184
96	490
84	221
179	199
84	186
266	451
96	470
57	192
66	254
243	447
128	260
232	269
289	296
394	433
224	230
118	337
293	317
68	124
76	92
195	432
129	334
248	406
291	434
53	310
381	422
62	362
64	138
63	435
432	490
375	473
34	294
16	125
325	456
50	322
182	422
41	462
346	378
156	173
138	371
435	465
231	447
441	461
71	432
383	445
81	273
314	337
77	463
155	251
1	230
30	390
221	349
380	415
395	408
97	241
34	475
269	394
175	361
137	239
71	387
42	111
219	420
353	380
234	415
67	458
29	221
204	443
263	311
243	431
269	441
53	333
49	336
51	377
175	206
11	100
26	394
39	459
201	235
167	450
81	349
182	186
4	337
125	247
313	395
144	482
175	264
228	235
321	370
117	282
245	252
340	407
383	474
136	433
212	384
106	489
187	220
444	487
263	441
218	402
73	389
31	120
464	490
85	221
3	403
154	320
123	356
278	434
142	454
208	243
109	169
47	91
53	444
61	468
72	492
169	458
224	298
162	496
127	145
341	433
87	93
123	350
272	368
279	316
89	310
284	364
90	456
30	194
373	416
10	360
309	388
312	325
1	29
67	149
193	429
9	12
150	294
262	456
62	386
117	383
1	361
133	144
142	432
35	348
331	412
73	153
26	182
189	436
198	376
316	375
208	346
455	482
3	118
350	482
146	464
294	350
108	385
76	288
6	495
430	445
312	486
101	269
126	308
15	52
116	354
67	369
212	326
112	130
443	469
242	402
80	481
361	462
252	283
366	405
198	429
53	266
25	50
178	218
77	244
49	357
268	300
300	303
27	295
50	370
151	385
125	447
93	97
77	224
196	484
241	490
355	367
210	242
58	190
326	332
406	463
24	193
32	60
145	311
189	209
250	422
168	468
28	151
115	438
106	255
372	431
10	125
34	122
103	203
137	249
47	101
133	159
143	166
400	422
141	205
1	406
99	267
115	326
82	325
89	348
3	170
309	495
122	370
195	261
408	493
118	466
49	51
124	144
0	472
254	255
437	445
71	402
9	379
4	301
207	495
299	404
21	313
335	403
110	146
105	301
99	334
244	318
86	442
194	386
43	335
337	495
60	455
242	317
77	443
66	197
204	288
105	265
97	402
114	275
4	303
76	441
233	384
309	363
284	387
326	471
33	214
100	271
452	498
99	374
211	281
434	455
46	353
201	287
69	217
263	376
12	337
4	282
300	431
313	446
386	433
300	474
253	342
83	236
3	258
19	434
155	301
174	387
376	449
7	150
179	482
12	416
111	462
221	469
183	241
170	491
369	467
74	295
237	318
42	136
287	305
233	422
176	255
40	65
54	427
90	99
389	416
108	359
260	274
46	359
21	288
122	471
179	244
159	404
252	263
115	477
198	241
278	360
205	417
198	240
274	387
149	236
116	308
347	431
115	355
408	496
27	401
96	400
129	342
233	263
12	358
240	488
28	307
72	378
186	309
225	272
198	211
53	164
185	431
271	412
334	407
16	415
357	464
234	268
90	116
63	236
158	428
36	168
154	401
208	497
66	283
98	473
174	352
97	271
248	377
140	191
20	279
332	466
215	263
217	492
167	357
229	241
208	328
184	341
210	317
11	115
352	356
130	405
483	497
79	219
42	52
5	365
1	457
396	451
86	400
201	437
13	201
112	341
30	435
117	172
40	265
122	446
115	317
29	178
139	463
191	351
3	55
235	281
344	446
306	440
107	373
49	228
325	333
354	491
78	467
18	433
2	208
258	316
124	139
365	471
88	293
73	266
461	493
11	420
178	462
358	392
225	335
195	459
249	337
245	352
450	466
84	397
294	497
87	177
217	391
190	444
256	403
253	448
12	494
283	359
247	453
83	445
58	490
59	265
298	368
227	496
79	123
243	323
165	285
211	230
254	282
91	268
30	208
80	445
405	407
283	309
87	338
75	476
179	269
294	466
46	139
374	468
26	414
174	253
309	499
31	283
71	94
30	263
281	399
254	445
56	103
24	217
34	35
181	409
87	464
203	490
233	355
209	329
193	281
62	341
264	323
52	485
184	421
90	311
102	156
440	458
157	359
164	473
416	427
38	380
51	287
228	489
248	264
265	352
212	324
199	272
274	290
229	413
117	227
404	412
79	472
293	446
221	389
183	235
272	278
34	249
58	378
19	114
250	344
208	337
266	365
253	474
19	99
64	298
348	397
295	427
106	141
92	311
282	410
12	397
166	201
242	375
12	405
142	408
235	489
229	443
402	446
159	311
339	403
36	389
211	351
54	205
86	320
11	469
29	266
8	96
293	309
122	406
252	353
213	457
63	494
103	163
201	435
388	484
345	474
256	291
47	429
275	479
158	199
328	355
8	165
54	300
71	171
274	445
325	466
118	334
241	278
68	441
349	483
225	436
364	375
189	458
39	77
183	426
55	323
318	321
126	467
37	81
95	265
104	144
247	319
146	390
41	479
44	320
11	308
148	424
257	474
130	162
116	328
36	93
148	357
56	441
111	402
285	290
389	442
336	425
199	279
106	428
207	268
269	324
113	252
3	450
83	197
6	186
9	299
84	214
289	402
209	322
50	499
75	323
71	422
43	220
364	458
177	334
322	486
29	197
121	419
222	231
162	188
40	312
35	444
141	183
108	420
196	436
44	138
21	325
0	198
53	348
231	421
191	419
22	239
146	226
116	249
23	39
230	263
196	432
51	66
72	190
18	411
199	263
119	336
386	398
126	229
3	181
369	495
15	69
32	492
110	312
136	321
2	127
302	409
237	302
79	321
448	491
158	187
104	344
245	287
260	373
110	125
293	438
181	389
93	270
348	467
23	341
227	299
97	164
133	380
13	110
145	184
295	460
74	209
339	490
38	418
164	412
44	215
72	430
54	473
135	485
231	459
220	279
76	98
127	141
154	295
242	334
281	481
9	307
64	144
45	273
228	326
242	432
364	468
242	392
208	349
124	395
111	468
90	291
308	315
389	469
7	62
246	271
235	476
66	494
30	292
212	410
141	233
173	311
127	224
22	221
199	496
357	479
192	291
171	262
222	385
25	99
164	359
145	340
63	139
228	498
177	178
253	355
142	232
121	343
237	475
160	290
32	220
222	458
260	483
259	450
19	70
83	116
163	196
95	452
97	236
101	370
214	254
231	443
392	429
208	390
203	347
212	276
397	474
168	280
86	237
162	303
37	428
178	286
47	222
47	405
158	331
61	462
249	282
348	458
145	375
72	351
171	376
67	370
72	296
44	485
166	298
29	112
189	483
41	395
109	152
412	496
176	479
49	410
42	266
16	356
197	285
342	427
35	422
37	332
84	148
48	179
208	271
140	244
336	341
86	217
100	221
293	367
359	465
352	417
37	58
136	339
47	444
224	356
108	439
21	300
350	447
242	396
360	497
96	247
39	338
441	489
30	49
226	359
328	387
131	344
403	476
89	123
254	274
113	220
20	481
18	22
87	282
94	178
211	373
276	313
96	329
103	428
178	263
365	420
71	241
362	438
32	365
272	498
66	88
194	255
333	347
222	439
46	78
58	272
217	454
285	377
67	351
108	223
462	468
209	292
51	91
451	459
72	153
193	351
469	492
224	289
14	348
188	303
270	484
91	139
146	451
203	278
65	443
189	208
293	407
65	210
123	132
33	262
27	449
72	255
227	406
21	433
419	497
205	303
141	381
321	398
65	244
61	330
352	487
63	302
241	459
18	164
227	317
170	355
11	499
270	397
174	314
39	336
151	384
74	425
118	232
62	91
98	143
202	336
342	406
228	320
18	138
245	414
282	304
19	330
83	103
236	243
225	404
218	376
10	24
208	425
56	302
383	489
126	362
295	474
133	406
160	207
79	267
137	470
230	232
181	305
285	324
81	226
205	396
191	441
372	425
76	178
100	309
201	341
393	478
320	489
304	340
258	280
58	425
366	467
342	494
438	469
250	278
54	463
233	388
229	462
217	469
36	80
165	242
122	358
15	106
323	336
123	464
71	216
116	133
232	441
215	422
61	413
86	272
128	352
439	474
80	237
75	124
98	332
293	355
69	153
144	208
8	464
345	437
228	421
106	472
267	307
63	300
67	228
2	206
19	181
256	404
206	368
9	103
224	325
123	299
12	97
129	419
117	375
140	287
270	488
190	211
290	291
222	234
36	450
339	346
0	156
120	394
348	350
144	351
60	130
173	437
324	341
220	444
142	198
265	289
56	146
160	467
101	318
323	475
45	465
253	329
24	86
23	181
377	446
42	125
202	330
135	252
368	475
396	433
138	376
146	361
299	489
188	236
240	402
58	79
115	414
270	375
318	419
305	475
135	442
305	474
3	112
239	417
150	312
276	478
126	313
153	262
35	92
186	313
115	426
168	437
311	321
399	487
228	336
92	352
63	458
82	263
407	447
73	230
274	354
353	470
119	227
12	433
326	456
369	442
152	332
203	319
143	316
274	376
168	412
29	145
433	472
357	404
30	162
396	464
73	344
162	350
436	473
190	233
79	259
290	343
192	224
184	258
137	326
157	274
165	379
3	199
405	482
121	416
165	456
203	474
279	338
133	356
191	454
177	335
232	348
160	373
61	461
152	274
335	488
78	141
5	291
66	444
370	441
350	394
271	390
106	384
71	298
18	355
430	477
15	317
171	230
15	275
126	162
176	404
324	450
64	450
116	359
75	429
38	255
25	467
33	139
23	453
109	346
73	479
5	44
33	131
315	450
140	189
226	483
234	484
449	472
242	299
225	295
53	440
420	448
309	470
39	124
254	495
328	496
120	181
379	413
186	263
44	162
29	150
88	444
152	448
86	268
94	255
53	312
355	422
12	105
97	387
80	113
68	271
232	267
205	381
93	339
106	162
34	338
58	122
313	398
132	487
87	352
9	161
238	251
56	69
406	422
138	387
10	126
57	128
27	305
155	471
387	480
153	273
0	121
70	379
169	347
111	409
25	133
108	158
327	333
101	147
143	268
96	146
255	410
24	216
280	316
58	65
61	138
259	286
22	294
203	366
61	278
273	476
186	344
137	372
49	317
0	485
6	250
268	354
48	297
262	413
37	192
393	398
302	441
17	346
2	375
172	375
3	22
409	484
388	453
81	206
254	313
1	291
78	250
150	231
26	434
53	209
17	301
111	207
191	342
188	267
145	212
202	219
138	324
19	217
69	175
235	251
356	413
293	330
159	392
207	302
5	406
75	451
333	450
87	298
17	101
219	445
142	258
253	465
387	398
432	452
171	438
35	179
134	199
178	347
270	326
148	390
17	262
100	195
247	289
6	151
73	95
123	136
16	448
138	476
243	384
219	241
266	336
214	498
199	335
93	131
168	311
147	212
9	375
356	370
76	302
244	267
111	137
326	486
64	243
282	359
195	466
352	396
73	75
220	497
407	437
334	383
148	330
385	411
25	402
224	433
55	396
14	229
327	384
231	411
222	280
300	464
56	62
41	369
377	488
7	32
192	387
130	178
74	480
30	423
197	199
295	458
116	381
39	204
374	407
77	328
242	283
321	409
328	364
253	453
71	467
39	380
128	372
81	155
54	462
130	191
26	431
409	413
66	120
354	485
65	236
145	192
114	459
383	423
278	311
38	494
302	377
210	405
484	494
274	435
258	450
74	441
33	288
203	279
359	395
135	350
52	342
138	472
325	326
45	276
133	173
159	214
141	432
195	206
49	223
84	300
117	440
265	390
195	361
122	236
34	170
18	286
282	498
340	390
71	99
131	448
372	404
281	384
3	120
180	388
156	253
148	495
161	253
370	473
262	402
72	319
177	480
190	239
26	440
317	469
53	367
222	277
108	427
266	484
121	122
172	252
29	243
72	262
220	254
17	52
464	471
23	103
401	433
368	426
160	252
55	86
165	389
309	435
248	397
224	297
51	445
146	275
89	265
9	22
160	306
25	178
144	442
286	425
241	256
66	69
6	328
213	482
176	199
81	116
269	455
116	362
62	406
189	487
42	204
185	237
365	456
310	462
1	499
28	425
476	491
36	425
36	63
106	385
247	294
255	471
168	272
160	318
78	342
67	349
47	478
193	331
247	261
2	58
396	469
89	139
75	482
194	404
43	399
7	68
207	330
89	220
222	329
304	480
200	397
360	494
261	352
149	430
285	367
51	266
205	370
132	375
110	396
171	431
62	428
183	429
366	472
49	218
169	237
142	326
343	481
65	78
239	452
157	341
283	391
175	498
194	235
64	247
160	191
416	459
142	279
107	152
52	107
11	62
297	419
105	174
124	187
154	247
16	69
362	419
86	364
144	227
275	318
3	99
161	401
270	363
246	389
84	332
221	353
55	335
20	375
78	236
206	495
398	435
83	361
296	367
236	290
455	481
176	445
41	322
268	282
18	333
80	191
13	333
219	380
108	413
119	335
352	489
137	202
158	319
412	499
381	437
326	331
20	472
22	324
204	425
270	426
391	399
295	326
214	469
304	457
37	299
253	313
195	470
207	453
119	495
13	202
99	481
389	426
147	227
40	433
173	305
9	283
151	402
302	495
182	379
27	62
180	410
424	427
238	475
157	438
89	333
64	107
43	74
88	481
118	489
98	469
59	192
23	41
101	220
44	98
236	266
241	477
447	460
199	489
207	426
93	221
96	276
141	485
311	458
134	464
197	389
77	271
22	273
101	349
33	34
249	323
407	438
130	442
159	251
263	485
94	152
185	295
320	368
219	438
22	64
315	333
63	471
68	357
338	340
12	103
222	247
227	309
90	169
393	492
247	435
402	441
221	242
66	196
105	381
156	264
258	429
313	401
313	443
4	287
185	288
282	333
73	489
252	445
90	453
385	468
84	262
125	468
133	266
36	112
182	229
119	498
150	338
25	490
297	375
28	462
353	414
25	119
93	260
256	409
179	358
352	492
193	478
27	71
166	485
184	382
279	328
127	426
54	158
113	125
306	396
40	104
35	294
268	416
81	251
305	341
67	362
72	299
214	414
28	369
18	401
101	402
3	46
313	453
240	244
58	395
188	391
199	359
99	375
255	373
65	181
146	431
155	409
288	359
235	484
267	396
221	224
127	294
218	443
155	451
272	430
123	456
73	494
48	52
135	255
218	397
75	369
433	497
406	483
43	427
15	390
414	481
246	309
372	451
113	470
309	449
12	478
110	204
51	489
174	283
395	400
158	361
253	332
225	398
13	458
105	338
152	326
77	302
82	101
90	269
156	358
249	250
242	259
86	273
88	93
55	109
381	392
81	204
189	234
223	243
137	192
174	356
76	306
74	143
283	471
51	292
143	468
301	417
96	287
214	293
136	252
175	418
384	459
333	346
179	377
43	107
154	400
272	456
14	106
0	437
250	407
109	126
318	415
95	131
132	223
254	414
161	497
54	444
138	278
385	479
191	425
68	85
283	437
171	450
207	355
99	361
5	462
343	365
58	227
92	324
300	472
87	303
271	399
232	238
98	356
42	371
40	393
169	452
16	234
300	477
368	376
30	258
141	361
64	448
413	469
27	203
161	487
157	319
432	486
213	336
34	428
131	492
93	414
325	409
213	339
89	339
42	438
349	397
166	277
37	228
7	249
258	339
40	353
262	293
112	373
276	414
214	314
304	369
192	249
85	148
71	162
274	334
208	428
205	354
163	271
15	487
216	355
95	122
49	275
5	80
164	403
11	177
89	434
58	334
4	109
68	325
169	295
27	80
284	493
257	411
206	292
106	374
48	203
100	339
106	276
253	270
220	276
106	139
56	166
51	76
47	399
237	279
80	93
264	464
42	281
101	460
26	56
311	419
412	467
11	49
174	242
144	228
257	341
109	302
388	390
232	233
26	81
225	459
107	288
126	320
91	236
19	408
44	315
165	449
99	186
117	484
231	451
12	110
188	493
238	340
15	258
130	258
86	282
118	498
235	296
12	172
268	294
71	445
317	356
35	401
210	238
335	440
113	264
46	397
137	282
6	445
125	305
235	237
280	392
105	136
360	453
60	260
355	466
66	476
39	280
209	397
103	328
92	164
5	286
133	313
45	444
250	462
38	403
123	258
48	311
452	493
177	455
76	165
102	318
221	462
85	309
216	400
386	409
18	137
81	457
68	118
128	365
132	360
147	173
83	456
276	351
100	460
369	427
24	403
180	227
19	237
199	409
111	309
89	148
214	476
68	349
211	393
81	330
113	163
105	356
166	339
190	209
307	419
119	249
47	316
208	315
36	408
66	107
431	440
273	343
299	478
31	317
111	164
219	423
224	302
285	497
54	80
270	286
353	431
172	328
288	306
96	479
229	356
85	267
228	447
54	369
194	222
331	356
426	454
189	278
274	481
230	339
340	358
87	182
97	254
275	493
174	257
108	244
233	474
0	40
31	294
252	430
7	490
170	454
46	149
363	397
40	450
163	466
142	354
40	170
62	143
25	90
168	319
214	265
150	444
0	38
188	251
481	495
13	352
337	371
74	342
196	208
263	278
65	204
175	287
37	435
182	277
9	351
321	329
80	373
124	331
130	430
31	71
43	210
36	351
28	408
57	265
198	362
94	352
28	454
37	357
112	442
129	214
239	381
252	338
406	447
428	430
135	475
94	344
193	232
91	228
251	422
34	498
237	363
247	396
214	385
208	294
246	465
31	349
12	236
23	137
387	475
41	360
97	240
307	320
392	410
56	75
292	407
176	302
43	131
166	227
325	432
460	463
286	432
390	454
237	436
114	244
68	262
239	334
150	176
83	248
108	126
35	91
16	481
90	445
184	469
244	440
71	177
208	214
143	395
106	433
153	296
59	264
347	454
185	337
176	311
181	472
247	262
264	418
123	460
63	161
236	328
119	285
135	176
304	442
52	412
351	428
280	284
384	435
65	466
478	481
25	372
132	458
2	493
193	362
41	141
174	425
38	203
64	193
175	200
95	420
122	330
336	439
81	435
151	449
118	494
440	486
84	129
156	431
302	392
89	242
208	470
396	412
231	394
232	263
208	250
174	322
153	475
101	266
111	182
189	482
180	210
168	305
8	453
175	259
359	462
129	314
59	227
88	165
190	470
12	387
393	428
30	32
92	346
169	325
30	149
318	443
57	489
168	414
143	345
351	371
267	449
435	476
83	269
329	468
32	63
433	475
7	292
332	435
118	170
109	229
14	92
64	66
81	240
17	443
327	404
118	311
349	355
97	490
17	82
42	382
276	453
256	369
131	180
73	274
60	185
397	407
147	277
7	344
274	379
13	461
161	374
120	234
49	60
265	458
295	380
84	414
17	375
120	178
64	249
87	452
37	271
17	202
125	135
263	319
117	433
242	373
221	299
205	344
290	452
118	356
262	434
150	473
160	299
236	359
38	115
244	295
179	248
281	319
52	438
169	407
202	494
40	461
308	441
161	387
228	452
38	250
19	477
489	496
182	442
58	279
61	387
34	481
63	107
330	365
86	478
346	451
48	264
370	489
17	379
175	461
163	171
173	265
4	182
28	106
31	364
160	431
27	79
266	413
222	338
100	351
298	317
42	366
343	493
242	429
249	372
290	443
373	437
249	375
14	322
11	343
207	209
382	414
101	212
31	377
139	480
55	309
13	222
6	79
183	314
382	468
92	114
57	422
247	349
262	322
25	31
232	310
260	273
115	147
242	353
216	439
208	419
32	379
99	119
24	156
184	494
277	333
236	260
271	397
68	192
61	111
101	204
305	485
313	324
104	352
95	279
354	475
32	443
55	147
198	496
397	449
309	402
245	444
251	378
53	377
34	344
128	131
110	370
32	163
160	450
98	203
113	268
165	225
203	446
258	431
183	281
30	268
41	358
119	365
399	439
411	417
27	328
38	222
288	370
145	308
186	301
264	316
56	112
36	445
3	481
213	333
363	385
13	108
217	303
70	311
117	346
166	434
383	396
217	447
294	491
194	430
9	112
273	460
136	340
125	189
52	247
125	329
160	419
353	361
346	455
150	245
377	398
260	482
451	471
35	85
364	406
209	483
212	252
120	152
35	304
217	284
15	212
42	203
9	53
192	204
128	425
339	451
18	127
55	318
198	309
170	451
159	462
41	195
253	467
261	485
307	383
310	369
178	329
329	423
130	369
201	420
77	308
127	284
15	197
280	493
48	246
130	207
184	467
8	389
202	386
45	449
96	331
334	456
337	401
22	62
359	373
220	278
16	123
276	444
7	101
152	396
73	416
45	99
147	299
122	354
336	352
155	180
192	407
91	358
264	339
16	466
20	229
177	419
239	470
112	342
205	454
196	221
12	477
33	71
61	143
228	325
351	465
375	408
115	465
14	230
131	166
449	483
125	276
213	474
330	495
136	381
144	209
286	328
101	161
340	470
63	339
217	400
211	340
418	468
131	202
219	308
104	365
25	190
82	441
210	267
118	246
31	86
21	282
427	492
28	452
88	358
394	410
89	260
6	63
270	294
246	405
123	124
297	337
349	411
193	293
79	274
63	473
118	242
201	264
288	480
133	363
486	489
161	412
40	214
154	245
206	225
261	286
36	79
184	430
91	186
44	463
172	191
126	217
192	374
232	280
353	384
50	304
253	299
185	410
356	382
202	434
7	483
45	221
315	394
66	90
71	425
3	277
122	464
452	478
153	283
377	463
224	283
26	377
241	352
145	174
35	251
78	361
58	265
355	477
97	419
112	163
238	301
57	227
116	230
251	408
79	302
159	426
8	395
116	255
17	26
62	180
264	322
326	452
127	319
109	315
101	485
267	268
37	154
366	425
115	350
97	367
60	397
23	138
108	109
259	338
30	375
119	159
197	470
400	473
164	370
156	348
304	438
215	330
261	326
142	461
221	230
91	490
7	127
332	394
216	425
182	492
180	406
157	499
397	434
88	147
410	427
42	72
9	298
426	460
304	346
93	447
69	101
201	300
253	358
24	262
217	402
294	424
256	428
188	443
56	382
120	258
71	174
107	360
169	487
107	384
137	489
314	388
31	126
122	261
165	176
367	417
136	366
62	253
117	322
96	224
17	21
85	321
87	432
193	439
117	236
107	258
56	437
32	224
244	435
388	438
271	441
41	159
149	332
281	386
126	189
107	294
359	403
221	367
142	382
360	436
29	135
21	268
249	328
285	453
36	480
119	219
183	446
212	451
225	451
55	185
219	242
312	384
28	395
144	461
208	495
210	220
351	406
173	489
53	415
109	147
149	249
198	419
191	233
121	258
1	235
294	304
5	473
1	442
148	238
260	474
76	176
175	219
331	383
376	432
54	430
119	353
248	290
463	496
74	196
26	160
99	381
20	353
312	401
154	244
56	260
174	391
293	490
100	495
115	156
7	283
203	208
174	365
282	373
143	238
256	472
322	416
65	329
173	240
154	406
449	498
200	296
162	256
192	227
161	451
196	444
102	155
190	206
112	472
223	469
374	498
281	296
119	426
12	169
8	469
122	491
57	282
111	488
226	413
21	252
323	491
160	459
372	434
55	345
175	457
69	457
59	91
309	439
290	475
9	357
122	150
337	341
209	419
309	349
388	435
212	299
49	374
99	190
342	417
292	323
104	497
21	227
332	467
75	209
5	378
24	399
227	272
168	420
198	361
153	178
300	307
10	194
176	273
116	470
41	377
65	473
53	448
86	477
317	336
330	361
55	184
137	383
120	342
62	381
237	490
405	472
436	474
217	401
209	223
394	474
318	325
180	304
120	494
207	290
93	371
85	179
56	217
309	488
79	311
45	235
19	115
36	60
178	369
435	439
270	279
31	207
285	353
28	377
255	404
306	483
131	184
175	356
58	389
165	186
281	472
320	453
313	449
228	451
317	345
314	437
84	486
68	158
124	199
335	357
191	292
268	334
67	430
199	210
374	476
7	39
340	449
4	404
385	462
283	346
80	241
105	314
57	180
65	406
171	251
366	416
96	480
134	296
170	306
9	249
466	471
117	420
126	178
3	143
244	494
108	308
7	355
162	301
45	282
253	410
17	420
257	337
336	489
428	484
390	397
340	361
21	236
182	241
44	459
39	398
120	420
56	417
124	439
216	397
442	485
99	260
13	203
84	174
131	148
328	337
47	120
86	381
134	349
298	482
122	317
391	424
228	483
69	356
106	250
422	487
205	288
345	488
163	458
137	427
216	416
122	337
240	457
62	67
71	296
6	49
21	316
97	142
199	258
1	369
38	218
176	387
344	498
126	187
280	351
73	126
89	92
221	403
252	269
80	452
426	427
141	148
57	266
151	420
46	267
20	410
24	313
166	408
196	353
51	297
102	352
99	238
101	238
90	206
64	494
277	470
432	435
23	298
297	338
114	299
437	469
64	251
239	352
246	467
376	496
216	356
195	215
302	345
195	338
201	366
13	475
4	95
191	343
95	284
184	262
76	290
48	465
176	308
209	494
223	466
118	171
477	478
55	334
318	409
79	420
165	478
131	159
73	142
41	368
377	414
305	428
121	423
269	279
347	371
127	449
85	255
63	366
288	482
61	144
140	148
341	362
128	407
94	290
52	441
286	310
59	442
333	408
143	194
18	120
22	264
280	332
55	374
83	396
268	383
69	108
205	248
207	425
108	429
239	407
17	259
479	482
50	434
88	355
150	153
228	334
35	201
209	348
458	489
299	408
124	380
182	360
109	190
172	175
73	81
16	297
136	441
316	366
223	274
93	253
188	452
35	262
40	332
378	463
230	325
321	381
167	417
121	197
390	481
24	255
22	167
183	256
43	349
314	329
394	495
95	436
92	389
246	306
212	331
337	375
22	182
151	164
385	404
306	353
21	422
75	77
380	382
190	389
443	493
24	142
133	483
90	387
334	498
193	280
45	237
239	413
170	231
237	331
37	239
464	484
188	449
93	373
71	484
271	331
338	465
56	371
90	137
277	334
115	188
41	223
110	224
360	413
113	240
14	136
143	457
2	479
263	446
55	255
51	348
252	265
64	300
46	437
9	194
114	429
61	302
257	271
82	395
32	51
337	469
155	362
62	275
461	492
37	486
110	134
347	447
345	485
214	242
46	159
56	309
358	414
13	111
292	357
186	442
122	296
310	413
458	492
232	356
170	359
72	411
2	201
238	481
53	398
256	320
236	423
89	159
142	228
84	126
471	479
328	388
244	402
239	244
110	406
66	258
372	473
31	172
17	214
98	130
65	371
127	439
237	330
263	469
316	334
216	399
122	299
17	333
185	427
192	327
110	206
154	267
103	306
123	458
109	241
214	387
108	391
238	386
432	484
295	468
64	134
432	495
16	341
40	333
190	480
112	159
389	464
389	467
264	274
39	189
88	471
366	483
359	453
119	148
55	421
137	278
316	482
132	438
124	434
170	288
317	325
225	238
90	250
91	383
295	463
28	482
31	384
200	320
227	460
211	346
221	439
211	465
81	428
24	140
325	499
80	111
118	165
172	318
321	411
63	176
121	409
206	342
25	396
157	481
23	110
120	303
279	478
349	394
81	418
20	436
215	379
102	344
305	359
19	104
84	365
388	392
197	201
14	277
409	498
306	490
15	199
58	373
54	174
246	347
159	444
99	135
59	194
475	482
40	161
371	491
50	168
427	481
254	290
70	221
0	248
159	493
264	453
32	295
70	348
131	206
217	413
212	492
22	111
183	297
145	439
27	442
323	388
133	454
213	395
290	427
212	218
38	56
294	397
143	250
283	497
232	378
426	473
355	414
48	397
3	372
159	269
118	478
69	123
133	386
55	91
96	154
141	281
20	357
190	291
284	410
56	154
407	422
21	464
1	458
191	221
13	74
198	387
59	364
125	277
32	231
114	168
69	334
156	357
30	286
85	414
214	297
264	450
237	258
20	43
220	286
68	334
142	394
196	198
336	401
301	329
384	451
51	276
133	437
131	345
4	379
282	458
370	471
160	192
55	135
24	74
205	478
119	360
99	392
259	288
6	37
365	448
233	398
171	466
207	470
46	296
274	404
75	126
167	335
332	340
152	373
111	436
226	288
120	467
406	493
259	434
29	264
224	392
87	180
64	401
212	377
9	424
7	421
96	493
204	222
145	312
159	289
77	364
29	415
17	341
128	184
131	421
244	287
87	375
190	435
14	285
90	369
220	239
326	491
10	453
141	142
202	226
318	327
182	318
331	428
141	329
138	308
266	473
75	102
136	356
100	248
257	440
136	226
328	459
202	483
106	175
17	225
118	392
201	371
190	460
31	482
106	488
212	338
96	481
16	105
179	299
288	453
121	188
329	331
18	20
408	429
99	252
89	396
271	463
108	443
120	465
44	183
439	491
142	377
1	283
201	238
183	306
351	424
92	347
177	450
331	462
59	338
192	458
15	71
307	435
145	390
414	465
93	129
5	389
127	420
265	401
43	381
217	477
77	212
74	383
158	299
109	321
65	283
228	468
117	141
151	314
41	491
335	412
104	210
84	309
83	384
19	130
173	223
337	383
134	301
112	381
288	432
111	417
58	444
304	421
50	439
199	493
244	266
93	101
351	451
61	203
201	225
123	144
29	171
75	298
70	440
141	479
8	11
12	124
284	405
166	257
29	496
171	200
128	428
57	347
26	129
45	443
158	477
197	270
149	346
290	357
10	467
75	434
12	419
231	265
250	282
80	414
103	488
228	391
146	247
341	452
204	413
249	464
243	458
223	385
232	362
40	402
289	398
332	480
223	365
16	257
298	383
64	440
174	420
307	452
305	443
79	452
446	476
288	349
112	293
4	367
92	249
317	349
315	339
112	155
71	239
141	489
359	366
109	211
208	318
54	96
348	373
250	495
42	400
118	365
62	277
142	289
132	245
372	393
57	290
10	405
14	139
20	432
39	226
255	447
71	496
89	386
46	108
334	423
157	420
333	411
12	487
136	396
336	437
65	72
229	445
16	336
151	490
315	383
221	457
10	331
232	459
136	395
325	350
100	434
20	117
81	183
68	414
279	352
240	489
131	289
143	368
116	144
279	477
100	120
378	392
145	322
287	364
202	224
29	458
288	296
8	48
15	219
61	186
186	468
158	306
3	228
295	421
20	215
241	287
148	291
117	136
194	279
60	192
162	189
409	439
255	451
386	414
169	329
377	481
60	303
127	270
326	348
49	164
26	63
205	488
102	372
108	410
96	149
134	359
202	449
145	411
114	496
426	476
392	488
246	449
262	280
262	397
179	297
48	245
71	420
191	267
22	301
9	156
69	416
363	423
237	434
46	422
163	250
151	333
363	446
222	463
224	330
37	202
413	476
69	132
460	487
187	203
397	444
157	191
308	440
141	498
117	415
47	454
377	429
300	439
287	419
71	293
248	282
304	494
196	486
92	170
96	425
22	303
184	489
246	369
170	396
140	427
213	449
147	241
177	207
115	254
190	418
250	293
346	383
11	456
18	289
324	461
155	259
213	462
90	224
319	431
310	384
342	490
465	493
90	348
167	439
46	291
399	436
22	70
295	488
243	256
146	427
177	360
166	307
241	272
311	393
259	304
162	380
163	317
117	359
60	245
181	213
12	159
71	268
46	460
130	324
15	193
78	303
152	300
8	482
162	232
142	330
141	453
42	237
52	159
56	475
213	485
95	266
421	478
88	207
44	56
87	90
244	486
155	387
207	270
164	224
3	315
152	407
107	479
280	458
139	172
257	406
0	484
134	481
67	359
13	155
52	394
153	154
151	166
166	406
393	408
0	308
146	480
1	455
106	318
18	485
203	345
68	119
213	351
85	497
246	414
132	136
4	41
143	224
117	193
79	231
167	487
176	232
318	361
207	243
49	375
53	201
14	344
85	420
345	391
115	193
232	273
292	324
209	274
258	461
466	481
92	166
344	442
3	7
279	420
189	318
167	206
131	461
434	454
291	302
202	322
196	378
27	453
50	350
3	324
99	230
31	304
177	272
80	409
187	243
113	196
106	235
321	430
75	322
343	412
9	419
61	466
5	169
13	157
392	445
108	211
270	391
190	395
120	151
239	485
291	334
91	360
211	326
1	6
110	144
448	467
78	144
110	445
22	36
216	277
103	391
273	353
276	314
32	346
92	472
218	440
323	437
174	326
60	209
356	423
243	482
145	149
371	461
4	428
20	34
100	447
323	427
54	389
136	153
141	434
186	238
245	492
94	359
415	431
255	499
367	432
121	283
69	486
342	475
124	235
79	344
168	231
179	419
153	232
335	425
59	256
134	287
227	478
56	241
266	430
226	379
228	296
15	136
17	405
65	209
126	288
238	268
347	421
156	493
67	99
114	389
362	423
411	465
5	269
282	387
92	409
225	292
279	401
196	452
296	414
178	387
150	302
13	484
376	485
227	453
58	414
30	197
122	437
131	198
226	255
134	437
7	375
214	442
19	234
178	374
43	483
320	452
69	213
5	273
195	224
269	277
352	424
40	165
135	369
193	449
87	413
270	291
150	373
333	443
38	59
140	329
22	403
190	357
482	490
257	367
302	465
149	319
139	426
63	135
66	180
83	245
427	484
167	234
28	85
192	358
207	498
130	131
331	407
3	49
269	372
181	440
342	365
239	372
282	297
29	339
28	279
101	453
102	258
13	30
35	55
103	283
93	178
18	402
105	214
153	222
77	439
88	397
113	419
414	460
2	366
90	217
8	212
140	227
79	179
353	449
204	382
49	486
179	450
43	139
82	405
54	116
30	387
11	362
425	480
57	491
231	309
175	478
168	269
256	362
90	264
14	329
73	414
237	352
114	238
22	164
82	345
194	331
199	347
145	342
271	459
35	128
175	335
163	475
303	309
12	328
64	149
113	236
108	231
220	368
78	458
99	462
56	139
7	304
66	410
215	428
210	365
131	476
208	472
146	475
139	360
30	69
101	180
206	415
87	420
125	418
120	327
272	384
447	486
262	269
150	438
64	100
58	84
1	7
195	483
197	291
162	427
119	132
27	126
7	451
1	99
42	449
171	395
378	449
24	237
392	465
117	199
422	493
250	269
385	482
50	349
86	143
184	330
256	468
64	226
346	377
164	340
42	196
102	472
278	300
100	127
2	320
141	264
323	391
316	441
53	153
109	220
210	422
16	65
426	497
117	234
249	263
98	321
171	274
278	485
155	273
321	341
109	458
171	491
136	175
291	486
229	249
14	203
68	313
54	266
403	489
62	347
36	349
64	135
51	96
114	118
442	467
133	175
311	381
439	454
141	219
76	360
210	493
348	489
75	162
74	260
62	343
84	377
23	156
61	335
45	122
8	354
285	363
418	487
87	194
490	494
125	359
6	402
321	350
35	99
36	322
438	458
116	472
109	368
246	495
290	435
272	473
351	489
33	317
120	419
34	218
92	338
96	290
300	392
257	312
112	429
147	301
3	27
43	342
280	355
126	127
304	489
249	395
33	360
49	190
358	406
185	448
216	352
50	401
20	299
65	158
189	437
12	128
176	370
106	204
273	356
132	463
53	84
416	462
142	221
103	374
97	394
1	214
244	444
277	360
200	286
122	393
75	475
50	362
236	336
126	256
41	134
401	432
268	417
249	340
204	281
111	124
89	361
211	335
29	453
11	386
77	333
122	443
20	78
25	325
97	355
312	386
12	351
365	404
27	439
111	168
133	270
378	459
166	400
38	363
22	471
119	399
149	235
96	440
266	444
0	155
46	420
1	187
97	398
6	254
225	467
57	232
121	156
329	492
347	495
99	167
166	172
204	206
62	465
252	287
397	483
81	322
30	388
29	442
254	383
455	478
80	220
111	166
32	198
60	340
481	491
112	196
71	455
312	394
63	170
333	462
334	345
194	453
138	431
183	200
43	238
240	288
184	485
125	461
79	92
263	309
59	473
166	186
41	116
4	57
20	371
288	354
244	431
20	256
336	390
28	81
221	319
100	208
353	411
134	138
34	172
238	255
25	62
170	236
134	258
258	417
173	449
173	481
45	478
392	442
74	131
101	399
17	30
187	248
2	284
1	476
39	258
83	221
10	455
260	268
42	112
346	359
280	479
11	260
231	232
167	276
26	33
215	410
5	76
168	283
431	442
145	363
223	336
173	436
291	299
199	243
25	212
140	472
135	256
45	346
114	455
113	362
53	456
82	381
294	337
94	153
9	460
427	438
78	172
147	376
191	451
184	375
148	363
188	289
4	144
96	198
337	456
101	329
13	141
363	412
71	84
242	243
75	104
246	464
77	185
170	403
222	425
15	161
20	368
42	338
291	391
324	409
223	353
32	393
323	389
239	445
375	447
6	455
428	441
260	493
57	113
156	317
21	328
62	100
5	364
38	449
197	328
42	345
164	442
182	313
283	478
262	405
78	223
73	287
293	371
25	146
128	281
23	455
329	368
105	118
5	498
344	371
196	440
387	421
47	170
93	220
279	437
421	465
112	390
288	305
9	433
309	340
12	330
151	278
93	369
249	255
154	375
159	272
116	283
226	475
11	284
186	206
5	464
8	236
13	450
191	241
99	425
117	399
9	313
33	116
21	243
378	489
32	487
257	296
45	186
265	322
331	452
60	275
351	426
56	245
407	446
426	458
184	337
181	423
79	385
397	411
218	390
52	491
140	307
236	434
416	498
203	451
79	183
122	326
272	382
5	404
138	435
208	384
290	483
406	471
139	456
296	408
320	336
243	448
261	415
230	397
246	407
20	188
376	441
426	455
66	256
16	348
115	264
82	462
243	462
71	446
43	453
88	92
227	289
176	238
166	396
288	481
140	332
105	363
35	270
43	354
249	332
179	416
87	107
1	475
163	432
115	277
370	414
56	253
71	392
124	476
197	339
177	300
92	124
360	451
187	419
181	467
45	452
94	161
132	406
154	159
185	261
318	368
85	384
241	465
76	445
326	404
126	488
127	417
92	126
306	495
77	441
7	90
447	458
38	283
356	491
31	335
49	309
72	383
14	389
23	87
6	389
98	158
304	453
171	317
107	187
224	342
53	358
97	337
284	492
295	397
93	180
221	223
22	318
176	277
103	252
420	497
290	304
251	314
408	422
92	247
231	242
10	26
43	403
243	355
39	392
198	288
27	225
74	156
15	248
150	330
72	188
14	47
282	478
56	395
94	265
98	458
33	328
29	192
130	462
217	291
265	405
124	213
80	389
0	392
464	467
91	474
88	372
225	353
474	484
72	454
266	492
172	210
152	372
360	365
235	402
146	458
36	361
4	81
133	333
224	455
86	124
75	247
304	479
330	449
394	450
10	224
83	334
239	245
108	368
151	362
165	373
119	288
55	433
405	450
139	226
460	486
249	470
439	463
1	153
93	161
361	383
157	326
254	389
166	361
202	390
4	296
27	245
228	415
240	247
227	248
395	499
150	210
222	459
447	495
455	460
161	494
4	148
103	402
289	327
258	408
153	403
21	172
322	470
325	471
57	280
67	74
24	425
89	231
73	190
203	330
37	430
71	96
81	124
281	353
120	200
11	381
112	338
451	489
7	296
234	458
55	321
224	261
296	482
133	202
33	236
313	407
21	74
375	434
231	270
293	341
227	475
148	490
250	434
284	469
383	442
49	166
88	405
215	417
79	81
264	432
149	368
160	262
308	366
67	439
5	248
271	393
90	102
122	465
321	378
1	241
189	481
35	175
56	210
157	471
10	291
11	358
56	206
192	485
392	444
84	471
253	417
194	376
11	324
26	496
6	169
85	263
136	260
121	434
233	435
120	255
55	412
13	440
166	323
66	437
28	118
263	384
197	292
86	355
27	414
348	379
223	458
7	185
8	394
132	400
53	226
374	375
44	323
189	196
59	149
107	205
321	476
297	406
2	438
47	300
61	267
47	204
129	361
78	435
38	320
243	291
348	453
12	267
177	259
232	342
360	450
133	182
163	323
224	242
21	73
20	122
76	449
289	411
95	357
185	258
271	472
269	364
413	427
175	482
89	171
281	339
12	137
455	467
57	288
127	448
125	138
67	241
203	223
217	229
110	349
104	385
40	138
16	283
113	326
99	306
451	491
31	399
216	360
197	366
322	360
272	421
25	312
287	375
431	449
321	445
96	299
156	311
90	405
21	80
34	258
197	377
9	261
375	453
57	407
32	259
218	271
125	386
230	363
135	498
14	471
309	339
288	452
141	492
375	468
306	415
144	446
30	217
314	324
157	476
271	440
363	469
22	422
239	315
96	229
157	349
112	213
248	310
94	140
90	153
42	127
239	272
65	350
329	451
183	451
276	357
257	268
328	416
4	248
141	165
189	461
178	415
366	444
149	233
121	206
250	401
316	442
79	135
395	429
1	300
60	360
108	480
383	463
32	367
130	429
88	366
123	213
59	61
230	422
20	213
97	243
45	246
38	354
11	145
306	313
82	304
214	361
2	496
131	362
371	404
26	200
56	219
35	89
128	326
49	274
252	446
331	404
102	446
23	287
1	244
130	261
70	449
83	419
177	197
68	335
26	37
88	135
33	380
46	389
140	340
101	170
29	173
288	378
121	163
124	384
256	370
118	467
151	321
281	392
57	156
437	460
80	460
163	485
385	451
366	463
110	326
30	335
349	392
72	189
137	141
235	270
82	169
168	392
119	147
173	301
442	477
391	452
183	433
197	343
196	479
403	456
140	271
110	225
343	435
109	435
302	397
150	326
247	256
354	371
142	143
185	289
122	420
408	440
0	448
9	348
296	373
141	427
119	372
332	488
113	456
122	288
220	408
247	329
78	251
266	339
72	317
57	461
238	326
76	490
298	441
274	348
70	280
126	371
92	376
229	289
22	467
91	117
62	96
127	243
105	165
93	165
402	495
413	425
240	425
30	91
6	180
3	34
108	192
103	481
20	98
178	442
381	481
49	118
195	306
410	447
51	427
404	425
50	232
99	443
21	139
82	89
111	487
182	236
175	273
360	428
269	415
10	111
170	227
102	107
245	338
16	383
121	125
141	296
61	121
199	372
39	46
150	242
261	322
14	96
65	257
168	374
175	390
374	377
92	99
449	463
365	485
20	187
189	254
87	258
176	301
179	261
84	117
64	244
271	293
27	236
371	403
183	381
361	437
296	301
85	419
178	262
319	474
189	226
83	367
126	293
324	446
69	496
412	426
113	446
160	377
254	449
420	423
149	480
53	365
155	239
182	413
5	493
318	489
66	477
251	321
46	373
177	268
49	315
136	429
162	371
108	149
278	490
49	240
298	420
451	475
153	332
36	159
222	487
405	439
248	303
119	373
150	479
278	293
78	343
94	233
11	54
41	192
132	484
58	128
1	261
432	481
215	375
229	442
83	256
91	475
69	282
34	80
222	399
325	433
115	292
397	417
429	480
313	471
167	471
457	473
16	307
45	393
249	449
142	379
296	330
139	425
32	181
478	492
401	488
42	267
207	424
143	295
60	152
251	261
110	288
153	366
76	380
51	335
280	390
50	452
75	259
162	254
96	153
423	485
3	329
290	329
39	476
49	238
134	336
96	172
439	482
398	456
167	244
102	125
136	370
200	435
45	201
286	312
452	461
247	305
86	170
221	395
144	486
344	387
44	325
386	394
8	243
359	426
104	171
373	414
119	346
420	479
334	467
172	439
235	444
95	259
44	177
196	287
52	236
251	291
276	299
18	30
103	227
149	210
64	209
117	296
18	101
68	233
86	92
239	394
194	256
275	306
179	318
71	225
7	474
126	157
247	291
104	178
65	235
302	332
20	97
129	171
14	97
306	312
349	373
206	464
174	202
334	405
38	447
210	222
0	78
80	148
264	272
53	208
94	454
91	465
312	482
114	165
130	300
33	341
87	122
149	299
99	168
97	175
99	456
217	310
124	335
173	401
83	353
94	191
138	305
59	436
278	409
339	445
132	299
78	310
44	476
43	350
128	241
2	413
470	499
286	473
325	489
61	264
46	97
336	368
85	393
378	383
62	196
32	207
401	429
326	448
163	262
32	453
93	281
172	358
99	287
40	286
292	497
459	481
6	142
25	493
281	398
291	348
451	456
69	134
37	320
235	374
262	455
140	337
264	346
189	425
320	381
322	376
210	480
163	177
75	82
197	268
17	80
65	389
269	304
240	486
163	363
80	435
144	429
78	209
93	485
128	491
248	450
287	381
308	311
186	324
171	256
55	110
301	489
71	396
31	350
161	227
106	170
39	435
143	208
243	434
154	158
380	430
33	273
329	435
127	269
363	441
78	190
184	241
35	156
0	351
124	484
117	439
173	243
236	491
198	474
58	112
370	394
41	433
275	317
35	466
11	41
154	487
103	170
77	270
273	468
388	411
43	186
4	385
43	395
286	467
313	486
101	487
98	286
63	267
358	484
311	380
116	154
383	400
181	394
315	494
82	129
297	413
261	374
117	297
228	463
113	282
32	385
209	413
164	300
375	464
89	481
66	142
3	190
317	354
67	123
19	163
322	332
144	453
305	347
115	242
253	405
55	271
185	422
215	418
72	491
11	55
358	434
232	469
99	107
46	235
472	488
75	282
191	363
167	194
164	418
193	292
230	478
238	291
480	492
305	388
258	465
110	181
295	388
141	166
198	467
146	422
253	390
52	61
266	388
400	435
152	366
59	460
246	323
109	494
215	222
208	437
235	307
34	480
227	333
0	228
385	435
104	212
294	496
109	379
258	443
189	202
136	146
319	455
319	434
69	192
67	234
329	389
96	136
297	472
212	279
99	105
107	405
198	221
65	246
282	495
144	359
30	264
201	247
31	417
98	267
53	117
308	433
216	390
21	35
137	369
116	193
70	167
5	180
130	287
114	250
81	84
446	469
342	492
120	310
32	54
201	351
325	497
84	291
33	96
198	231
270	482
218	432
132	199
56	404
63	482
231	477
184	282
236	405
265	360
144	213
147	455
184	285
155	168
132	160
67	95
292	442
18	422
120	386
243	428
159	400
204	467
104	454
319	441
316	431
112	294
121	474
240	325
283	396
440	498
333	402
72	218
169	416
356	408
133	268
100	360
15	384
54	417
66	310
142	357
19	454
406	464
13	36
241	290
318	427
110	425
28	114
114	474
33	261
316	461
241	365
315	328
164	358
243	343
56	68
184	438
153	410
202	256
149	225
142	253
79	410
418	470
111	256
170	291
94	498
68	132
45	268
3	67
110	135
184	215
256	467
380	385
331	382
194	251
304	441
357	416
89	381
11	475
29	337
251	441
328	417
59	266
92	95
194	466
99	460
274	373
379	470
144	215
276	293
304	307
196	443
237	240
338	377
55	102
214	226
263	421
317	491
6	360
191	318
159	221
58	463
76	416
27	277
88	188
122	487
288	469
85	111
282	493
33	41
476	487
173	413
5	420
26	169
214	452
278	410
167	250
54	320
308	339
158	498
44	197
261	367
248	464
4	171
361	376
57	451
286	435
118	424
283	425
240	383
353	398
32	413
241	348
366	492
169	300
75	355
174	192
107	229
232	496
360	381
4	113
157	223
286	476
2	335
145	246
242	418
10	463
42	484
367	398
113	438
323	493
349	400
197	331
230	426
475	490
155	388
57	263
60	403
176	320
335	417
98	461
194	223
93	291
110	359
84	106
175	343
14	401
149	496
46	253
300	326
134	324
306	325
7	298
192	244
29	383
414	452
255	379
254	289
220	496
63	373
96	420
155	372
196	398
77	83
259	419
431	443
171	218
19	478
63	320
18	153
344	375
19	49
433	463
213	488
222	297
56	177
179	188
228	361
14	425
20	287
382	423
55	451
132	287
175	404
52	288
17	76
17	457
66	326
49	54
47	56
206	294
252	436
424	482
206	336
151	230
13	330
491	498
5	122
192	290
140	172
18	256
354	489
174	378
225	384
167	443
177	398
313	369
170	466
97	259
37	208
217	472
4	305
116	124
63	204
198	267
193	265
290	298
51	127
64	109
401	463
176	252
59	189
349	472
218	481
188	340
320	428
206	322
363	371
390	475
293	394
145	330
14	196
40	143
35	346
3	477
376	457
342	479
181	228
100	153
143	294
29	50
390	398
373	488
130	390
114	334
332	460
101	433
193	332
295	349
29	190
335	439
231	389
83	466
30	235
81	280
219	425
264	357
96	358
238	345
254	490
49	93
229	263
247	395
41	199
88	142
118	249
49	278
79	268
69	281
21	187
5	382
160	430
347	374
93	311
83	335
228	439
27	440
12	233
123	336
107	146
252	378
256	345
315	392
61	72
320	357
33	100
75	242
151	301
120	343
122	346
42	154
29	75
190	293
268	302
189	470
37	445
257	483
20	389
8	78
32	36
189	404
75	295
242	315
134	418
76	485
86	226
274	421
44	178
284	499
20	221
175	263
276	317
5	433
99	387
88	267
192	343
122	153
70	126
212	345
388	490
242	451
57	423
115	346
81	360
296	495
12	294
379	465
91	119
34	346
180	460
1	161
209	372
266	414
128	226
235	477
165	236
64	105
106	367
28	368
51	206
67	280
62	234
263	391
70	77
50	376
317	355
93	259
11	159
176	452
43	478
14	343
74	172
218	319
367	413
42	59
321	337
125	432
47	117
105	308
270	288
227	336
152	294
208	347
109	264
317	442
314	478
360	361
27	319
151	405
105	257
79	394
205	313
340	393
134	163
84	295
127	286
157	497
102	496
27	278
208	442
116	274
123	287
73	290
218	284
197	245
293	405
5	9
252	423
131	367
97	378
162	459
187	230
17	332
193	493
4	118
408	459
36	199
12	499
225	466
128	163
242	300
288	429
63	105
118	436
199	309
121	361
246	282
119	175
53	458
37	149
421	462
16	221
255	378
401	456
201	290
79	170
162	390
42	193
16	418
174	408
435	467
3	410
58	303
230	467
11	425
161	279
95	196
203	406
90	404
18	447
89	369
14	450
402	465
233	358
311	332
27	497
413	481
255	315
129	237
35	200
405	423
79	380
332	360
178	420
364	486
205	356
187	454
109	438
2	257
244	356
424	429
80	104
308	450
61	200
276	284
182	428
159	334
132	310
187	266
314	462
225	355
383	414
271	387
93	139
351	378
29	265
393	441
188	202
119	217
8	74
139	218
30	109
423	427
80	300
173	275
259	330
265	397
119	328
141	383
342	466
218	494
418	472
76	431
131	435
61	372
132	386
195	450
239	457
65	105
173	426
175	484
78	160
30	439
419	434
97	420
273	486
0	414
349	445
103	232
60	469
304	326
110	156
169	172
352	454
46	136
2	26
5	461
77	358
301	429
72	192
344	378
209	416
52	231
135	450
348	495
259	368
73	460
361	443
211	424
277	499
13	208
370	419
110	142
43	234
15	489
89	116
278	391
252	379
387	436
322	373
290	299
112	360
185	319
133	395
421	498
25	377
332	392
357	366
91	460
254	314
87	259
306	380
2	291
281	423
78	105
1	143
179	423
0	84
40	391
421	426
389	404
79	223
265	485
180	297
22	425
65	407
91	410
17	205
317	359
97	399
201	275
247	477
16	442
143	207
27	129
24	491
106	293
98	192
32	311
234	397
306	397
202	244
254	278
139	489
32	46
157	180
121	154
52	252
88	398
47	449
476	495
277	422
47	68
282	313
55	73
82	346
247	313
264	313
166	422
213	321
116	419
49	66
214	438
42	149
243	260
72	98
175	229
143	160
36	300
454	475
184	414
33	472
72	472
96	264
169	337
291	417
9	38
379	388
288	362
53	361
305	409
422	474
175	487
121	320
103	312
84	265
30	33
98	379
78	173
58	345
66	198
15	122
156	183
26	331
63	124
159	241
82	110
13	197
4	450
24	143
300	395
267	443
276	446
97	257
193	415
7	276
17	180
140	466
3	286
111	382
232	303
123	273
37	240
137	445
118	220
149	158
150	309
77	259
50	344
64	115
270	393
142	322
409	464
238	308
27	274
188	376
374	417
178	365
13	269
166	498
257	357
143	480
167	386
315	433
89	309
327	332
66	367
235	479
207	366
14	289
165	282
324	460
236	283
181	286
165	440
109	216
49	69
322	347
91	359
38	373
423	478
196	390
131	258
10	101
313	413
157	264
382	498
364	390
96	297
74	104
175	236
358	415
368	384
197	351
263	368
234	330
129	259
48	285
328	345
174	285
1	337
21	439
386	439
421	424
363	420
205	451
233	482
15	336
429	477
275	322
207	484
48	292
247	383
207	373
437	491
139	363
156	232
202	291
263	477
58	459
68	388
33	266
317	329
116	475
179	388
405	443
452	453
415	420
132	206
214	494
134	176
255	308
427	488
168	382
281	457
66	96
264	397
33	72
169	196
31	367
66	155
215	394
297	482
151	360
357	364
367	429
106	382
355	484
128	408
142	375
30	164
2	239
313	336
52	214
253	423
263	450
311	477
53	202
187	315
101	455
267	354
155	217
195	339
327	356
67	391
56	468
30	117
150	235
201	342
150	171
180	401
33	255
122	468
7	383
255	377
91	456
438	477
43	117
36	325
4	474
1	254
215	353
43	141
218	314
348	465
156	254
214	320
151	214
396	430
295	395
161	212
300	479
81	437
23	168
15	18
222	293
19	318
286	337
261	437
353	466
12	394
126	298
144	415
43	217
52	96
311	367
26	125
48	86
116	216
330	383
317	483
122	254
165	172
214	352
51	139
89	338
53	149
96	394
181	401
160	327
122	457
39	302
181	388
335	359
64	424
270	441
158	424
43	120
149	178
352	499
184	206
70	164
140	342
234	237
87	486
268	411
400	445
27	412
286	456
112	154
23	259
175	416
273	478
58	307
25	381
358	413
126	269
164	451
185	269
146	366
45	230
79	107
233	332
248	438
182	185
240	280
151	187
212	280
303	332
107	309
5	304
62	441
15	211
120	490
42	45
146	495
228	480
267	496
89	295
40	351
66	85
113	271
234	235
54	492
34	387
16	91
225	434
204	446
210	481
228	345
399	412
141	471
80	131
194	450
159	302
183	353
162	331
45	286
235	481
30	172
141	407
211	497
50	248
181	449
46	169
86	499
215	377
177	339
204	220
78	320
240	386
306	359
183	233
166	371
212	233
283	466
209	286
12	246
195	433
87	233
226	481
358	430
55	231
151	474
175	433
214	433
106	313
64	176
242	331
135	221
56	172
171	452
372	389
225	417
51	426
94	458
345	417
307	488
318	345
170	497
163	253
147	341
428	442
23	224
63	316
250	290
244	437
99	223
44	355
132	399
323	423
283	284
231	360
374	411
226	461
399	477
20	202
54	83
23	250
42	375
115	407
190	392
37	42
106	212
151	372
348	454
353	364
114	365
64	311
200	369
197	342
306	450
45	323
287	323
444	495
316	492
111	322
337	470
246	388
347	361
108	486
0	339
246	387
36	498
196	265
12	127
137	421
109	171
254	398
148	327
399	440
224	427
140	389
212	441
393	468
67	435
213	217
383	424
139	177
314	433
367	462
2	253
4	356
33	394
55	95
419	435
14	487
217	369
221	338
99	259
16	138
84	158
15	401
300	312
180	313
132	403
238	446
30	498
32	483
113	300
89	496
302	486
9	401
128	354
332	373
118	429
15	229
283	420
268	427
89	119
242	449
129	336
125	399
205	420
22	295
451	484
67	281
128	397
68	162
213	481
66	339
415	485
230	444
161	223
456	499
45	326
7	114
220	224
58	439
158	363
262	366
193	434
242	472
219	417
28	119
197	332
282	444
36	242
46	263
0	411
165	493
196	388
226	376
251	297
222	253
160	462
241	350
12	348
28	32
151	273
154	387
119	380
76	430
88	168
5	182
180	487
339	457
199	226
3	362
53	95
90	171
101	202
281	427
326	375
262	277
311	412
194	495
235	359
189	462
104	323
32	360
362	368
88	185
228	263
4	75
404	495
427	431
224	420
71	135
143	341
5	438
26	243
166	325
254	298
76	379
62	494
67	496
162	202
250	455
363	395
145	430
194	382
50	425
466	475
105	380
379	450
45	238
403	495
304	413
289	361
130	361
361	392
278	330
172	324
363	497
404	487
186	298
233	335
84	184
280	329
277	359
160	246
348	499
164	244
126	491
100	352
358	465
144	156
131	307
253	421
254	393
291	444
117	429
149	285
424	477
17	355
300	356
339	478
272	404
308	323
319	415
20	233
112	392
268	284
386	452
96	351
64	316
203	313
33	111
392	496
47	375
112	451
257	383
1	222
119	246
224	485
127	196
270	431
201	442
36	126
303	424
171	249
50	441
179	196
141	169
360	404
101	320
87	380
41	208
126	235
188	250
467	489
390	447
87	337
235	242
271	453
107	135
171	487
62	418
125	144
56	423
231	236
303	493
370	440
57	295
89	216
294	411
379	425
14	421
381	464
72	456
68	476
12	310
288	379
134	377
394	399
42	252
167	493
323	454
39	316
255	265
234	405
312	418
76	479
215	231
180	390
417	465
324	355
338	424
57	161
50	195
118	438
34	409
24	31
153	471
57	219
170	211
8	317
83	316
17	206
77	424
347	424
104	293
117	366
211	269
157	256
368	416
87	331
41	235
115	282
132	391
142	427
56	134
215	339
118	437
271	273
26	439
39	228
264	367
7	236
87	240
188	308
303	364
78	276
112	275
166	318
69	471
44	361
14	142
428	461
132	189
332	497
228	438
139	319
35	385
179	310
328	438
27	437
162	437
208	476
144	270
76	428
146	157
339	388
211	306
446	467
92	258
482	492
157	388
44	218
251	390
128	443
50	374
186	307
145	292
290	313
247	332
51	154
394	436
269	427
2	344
326	436
240	294
104	434
27	450
40	198
239	389
26	86
39	305
8	314
207	236
145	419
45	278
135	469
314	345
50	308
255	496
156	169
24	242
314	481
64	467
256	473
181	288
371	384
108	314
258	480
268	477
15	408
390	477
202	499
394	418
440	491
194	300
105	191
480	498
176	427
59	431
223	419
60	294
111	146
37	472
14	201
128	304
170	289
177	327
153	317
88	191
428	459
122	434
302	385
125	403
86	205
195	236
13	310
269	386
24	161
69	395
92	111
213	306
241	297
46	219
226	443
147	209
271	422
191	463
117	438
311	334
32	410
145	472
134	367
343	436
228	342
114	468
267	356
200	385
182	290
192	315
275	286
375	476
33	258
341	356
18	296
233	366
161	319
133	272
18	202
353	479
120	328
205	429
222	495
361	401
352	372
209	359
149	279
238	365
123	315
474	494
33	205
385	426
220	326
145	435
304	396
0	406
146	377
72	345
59	493
118	263
248	421
357	382
285	347
24	499
254	387
358	418
63	70
23	430
124	377
251	380
175	431
146	286
47	131
90	363
89	230
86	472
125	235
347	453
87	209
216	293
49	491
197	458
287	343
272	360
279	441
118	355
150	244
271	454
23	294
64	329
106	177
177	275
105	497
122	148
31	214
304	433
127	400
80	434
235	471
192	270
167	453
321	339
126	328
13	398
305	360
102	486
34	268
316	437
80	129
86	169
282	348
264	468
114	278
217	489
177	378
254	301
130	450
300	402
440	484
0	149
94	213
224	327
104	211
343	378
302	496
218	477
371	451
56	193
75	187
155	495
245	313
57	267
78	273
137	477
22	68
45	242
107	238
116	307
331	472
34	73
12	311
36	363
37	132
369	422
26	334
68	84
91	99
269	305
390	400
284	349
311	394
132	215
118	442
304	382
17	176
226	304
483	490
191	383
166	495
163	313
87	335
90	308
416	463
127	292
102	311
198	410
258	462
69	149
386	424
149	309
109	475
52	216
34	233
81	409
194	370
257	391
142	259
408	482
17	28
117	155
163	347
33	348
101	367
111	307
24	278
286	427
216	322
244	322
177	405
295	381
71	349
248	391
343	351
188	276
193	296
33	355
154	458
61	451
82	172
65	130
16	229
295	449
126	316
304	470
319	435
64	196
297	440
277	365
337	379
139	394
9	148
72	498
229	316
178	283
266	469
88	170
173	255
49	78
64	112
23	309
1	367
408	409
23	183
91	133
271	475
51	179
244	451
124	227
14	18
392	487
133	399
172	357
120	261
272	367
46	183
67	294
69	112
224	400
172	468
224	239
102	143
395	452
335	383
482	494
283	298
230	384
104	160
136	292
445	498
16	302
337	422
235	458
306	436
411	459
105	242
83	450
53	132
14	187
187	403
133	409
343	407
76	82
316	493
177	220
314	391
97	220
364	407
75	160
214	237
412	421
265	487
227	412
188	244
126	205
302	384
98	499
186	195
89	133
23	291
329	338
428	456
194	201
217	374
190	199
82	167
137	235
68	320
312	496
113	315
39	457
247	378
130	204
4	79
23	245
224	301
63	349
282	329
97	203
9	350
150	169
208	367
126	323
77	214
392	456
9	29
190	445
366	424
136	188
77	229
101	237
131	472
281	345
52	437
286	297
327	464
84	290
82	204
23	208
137	472
279	494
95	498
18	21
8	440
75	496
123	234
82	228
44	398
9	64
166	433
188	199
0	89
434	489
76	246
355	384
32	104
151	494
487	489
278	420
299	320
198	345
76	458
345	409
5	342
143	237
270	320
294	346
37	252
89	179
300	308
146	331
69	264
52	402
128	245
6	248
267	357
51	330
380	389
159	320
161	351
64	174
65	255
230	371
182	253
70	138
146	375
20	197
317	471
73	141
368	459
129	473
465	498
173	488
64	305
40	453
1	299
346	406
14	429
106	446
95	173
246	386
9	56
312	336
237	286
357	493
103	409
124	161
245	491
7	72
228	292
376	475
309	403
119	406
180	232
123	401
217	254
72	382
86	326
206	249
3	348
114	376
10	200
258	471
343	371
342	496
357	380
247	370
139	455
40	114
126	327
30	412
186	392
95	390
49	128
61	328
338	487
224	380
143	358
83	479
288	316
121	431
141	436
97	308
172	449
366	399
180	359
402	417
226	344
54	356
99	480
486	491
60	224
71	81
11	226
289	479
20	323
24	444
394	438
198	217
339	488
71	345
71	451
225	470
33	49
20	273
17	385
1	228
72	435
0	227
52	298
74	298
2	245
319	424
384	444
286	362
91	181
223	316
53	233
275	490
370	430
62	239
429	457
151	157
449	475
28	31
10	52
12	40
182	352
46	369
76	454
93	162
52	416
38	153
66	431
131	133
1	383
102	383
118	150
178	375
50	270
70	417
144	277
380	446
0	424
278	345
331	432
236	323
246	499
245	377
60	497
164	384
211	413
165	291
44	211
346	476
86	351
39	348
245	383
11	80
305	370
73	260
149	179
312	411
54	99
3	446
95	263
167	397
171	213
234	489
61	247
229	342
63	294
194	449
137	296
36	67
129	452
43	189
126	322
232	296
24	258
97	258
352	496
170	212
314	441
68	263
106	438
237	296
30	181
322	388
85	205
7	485
277	399
274	459
351	359
202	431
76	121
101	448
270	365
219	343
78	377
142	484
154	324
407	484
306	431
170	302
63	493
313	403
238	413
201	415
32	370
76	227
63	243
317	334
313	463
31	331
346	480
250	267
127	335
356	430
81	167
243	272
12	196
259	297
448	477
395	479
101	373
114	242
92	361
370	404
275	448
124	201
347	470
302	423
242	305
220	281
169	419
279	344
153	282
241	378
307	468
28	467
78	117
342	363
184	220
275	482
401	448
302	355
237	260
84	175
408	487
184	338
177	403
31	323
314	347
115	419
243	378
18	283
386	478
108	498
204	397
17	391
21	489
77	327
155	293
105	173
22	210
116	316
224	397
37	382
2	279
119	209
48	118
366	477
285	382
9	204
93	417
104	459
21	398
159	164
330	384
217	352
35	427
21	102
0	85
222	371
11	184
173	360
11	107
0	490
54	201
231	354
199	251
8	435
142	415
209	283
32	402
66	479
108	362
105	232
6	239
353	400
302	443
320	346
297	417
252	496
119	423
142	395
178	370
231	243
85	141
52	472
256	492
141	152
14	99
93	296
204	481
97	116
25	131
3	485
50	186
191	431
162	359
224	255
181	493
250	335
71	465
76	190
45	296
397	430
167	171
201	425
13	27
43	380
76	123
108	179
345	460
358	455
72	110
147	150
284	496
93	437
193	452
46	134
336	364
31	307
428	492
264	288
205	458
126	174
143	459
36	327
18	395
364	413
115	318
330	395
101	315
45	432
51	216
102	341
351	374
5	268
311	319
172	397
128	406
247	342
241	489
39	194
26	95
18	235
388	412
38	329
289	457
422	495
113	346
145	252
10	29
233	495
249	402
140	441
330	476
186	482
335	398
72	215
14	435
22	61
250	456
40	150
239	421
238	397
396	483
50	89
55	464
74	438
378	431
125	443
100	323
8	366
37	44
10	83
139	372
219	412
318	469
83	182
247	268
128	182
0	389
364	404
209	236
12	447
211	308
331	411
120	422
99	437
339	448
78	157
68	483
55	431
493	499
217	365
399	497
62	427
142	321
7	496
29	295
185	340
89	388
259	438
169	494
97	364
281	393
161	336
20	394
380	494
484	497
263	285
257	380
176	489
94	270
106	352
23	494
101	155
121	313
115	185
271	351
116	424
27	367
67	84
7	362
332	446
168	261
263	270
212	435
126	262
162	355
178	487
24	183
291	392
300	480
104	404
103	121
55	439
283	442
34	281
97	101
109	432
413	485
21	32
351	433
5	54
26	360
73	392
279	435
44	381
181	405
398	448
288	465
72	484
44	76
150	468
41	283
12	261
119	237
384	493
238	470
210	329
12	190
220	460
243	266
222	333
201	357
197	421
171	490
57	393
214	479
341	354
35	314
22	364
275	314
75	186
203	447
66	490
249	325
139	150
207	461
310	424
409	469
14	217
98	435
191	385
10	402
190	338
107	278
266	358
198	424
85	349
315	397
201	294
434	496
360	403
345	376
146	241
249	333
132	237
374	491
254	292
11	57
261	474
117	119
225	265
91	275
188	323
245	265
265	376
192	475
186	474
1	353
123	201
35	286
116	175
86	385
139	170
41	387
8	263
313	330
68	269
62	290
300	365
315	366
134	209
238	487
128	371
195	409
95	302
227	392
34	403
116	214
2	224
126	171
263	408
140	456
72	200
29	355
155	312
99	495
20	257
305	358
103	403
235	329
250	253
48	314
259	374
325	496
214	403
89	245
88	315
68	316
28	161
229	493
43	190
4	398
264	296
232	461
275	327
2	266
294	435
171	423
177	421
237	467
448	469
195	438
79	489
289	460
132	448
385	401
240	339
97	279
218	229
262	341
233	325
230	285
188	379
31	290
150	496
133	442
418	445
217	488
73	157
54	395
146	336
422	443
61	319
117	164
360	395
302	361
48	96
108	346
114	399
73	79
153	349
3	159
207	420
88	151
359	448
141	342
119	292
39	266
102	237
320	488
364	477
1	443
69	458
359	412
223	255
72	289
130	208
33	215
303	331
311	489
146	386
186	239
158	386
72	196
186	289
231	444
267	382
127	138
308	466
31	48
367	379
19	117
10	314
112	432
168	405
34	267
224	241
301	315
301	419
233	319
286	471
162	274
422	496
302	455
34	153
176	362
20	259
374	431
123	469
81	299
79	477
116	428
306	417
75	466
326	421
60	410
32	244
108	243
1	365
241	242
318	458
319	403
248	398
111	130
100	446
111	362
36	88
281	444
273	282
179	413
365	480
277	428
34	460
154	444
374	440
21	363
327	330
204	353
163	245
134	335
22	196
47	443
55	368
40	149
384	474
51	201
299	385
133	327
138	272
180	190
273	443
79	419
74	364
224	490
90	279
151	381
32	33
229	321
149	446
332	369
84	238
54	179
158	366
124	246
58	349
291	397
139	292
143	376
357	360
22	181
169	388
176	315
191	493
6	162
106	412
39	208
14	104
229	240
109	213
118	144
205	223
163	495
191	313
158	354
270	275
220	388
56	101
385	391
327	375
93	177
85	238
74	353
180	309
352	466
300	330
78	325
31	484
317	439
168	409
66	293
81	400
294	457
332	362
73	275
369	421
29	381
104	105
73	89
131	279
375	469
323	449
126	404
244	273
125	291
97	196
70	497
12	288
270	327
82	391
365	387
2	134
398	446
187	485
56	361
97	146
119	241
106	274
42	324
88	228
131	154
73	228
353	370
125	333
303	347
32	211
156	458
127	293
82	273
352	413
18	489
448	451
40	259
116	120
4	157
257	322
139	331
198	281
81	85
72	402
96	393
46	365
140	142
11	174
138	330
184	396
149	485
125	146
222	406
10	230
17	83
138	481
235	340
164	328
259	357
299	342
446	457
175	265
284	291
38	275
180	400
186	368
212	266
77	365
273	363
140	298
202	482
174	211
181	302
11	21
23	164
105	376
127	469
258	279
163	482
268	373
365	474
202	414
222	372
152	247
120	160
363	417
204	225
265	305
24	314
62	260
302	499
350	429
184	365
425	436
308	341
369	498
72	300
85	135
82	487
120	153
43	152
110	482
226	258
120	296
25	56
348	385
161	240
437	492
175	181
329	374
360	441
320	402
289	475
323	485
14	188
47	465
304	427
110	402
21	255
308	428
78	474
303	435
14	494
40	415
294	472
391	408
50	203
205	496
97	123
363	492
125	328
252	414
89	170
12	451
19	307
294	414
89	321
165	287
17	179
279	289
413	471
85	277
189	286
31	39
141	335
309	471
3	139
186	231
171	287
295	360
103	404
233	341
39	73
65	134
270	387
209	262
20	337
110	365
119	408
174	494
157	403
107	334
419	460
294	306
169	346
18	427
457	482
84	343
205	228
162	247
342	491
58	174
25	350
132	196
44	374
178	241
82	121
246	269
309	373
214	395
125	388
171	209
200	203
144	394
284	430
76	106
8	491
139	295
255	387
158	173
450	478
35	364
138	235
424	465
109	271
78	225
1	292
355	492
72	338
264	431
308	310
285	319
209	439
1	432
361	477
26	390
128	160
305	483
269	411
244	459
268	479
190	303
94	356
239	302
231	482
246	317
20	248
152	356
151	310
130	478
132	420
326	418
314	373
353	382
26	433
235	258
82	340
151	169
212	229
53	438
237	244
360	371
145	148
81	473
76	205
334	377
197	478
416	417
28	275
77	180
194	416
163	312
24	151
152	267
165	181
231	478
265	325
137	447
369	388
257	393
185	260
67	488
94	419
219	281
188	194
95	146
7	84
79	353
9	123
169	244
121	220
198	224
152	476
467	497
256	360
60	388
238	350
378	475
298	426
416	440
463	468
41	88
125	261
125	242
88	416
38	221
59	132
24	450
138	365
20	126
100	425
65	429
110	117
105	234
437	446
411	447
77	258
75	81
117	426
291	368
297	376
254	477
155	173
312	366
50	136
64	317
77	292
92	451
217	476
121	339
299	389
369	381
128	271
71	185
369	452
87	487
247	450
213	411
118	327
367	435
55	112
436	456
34	402
44	87
86	401
121	253
97	215
59	74
249	422
30	240
202	272
293	411
78	274
219	399
156	222
135	375
9	155
45	257
39	481
54	403
79	458
365	395
222	323
193	272
66	174
42	49
40	380
7	453
189	200
265	300
229	311
288	329
16	317
353	491
391	403
90	493
38	64
129	268
384	418
119	395
101	272
253	415
3	48
84	93
35	487
36	348
275	331
68	278
163	409
104	220
138	388
323	354
51	113
293	320
51	425
348	355
138	358
102	310
228	479
298	347
248	352
97	370
395	485
125	486
151	359
340	421
181	476
224	287
216	492
190	317
119	412
123	215
14	211
298	495
232	408
226	275
261	354
53	277
332	490
210	411
108	342
32	417
198	398
115	168
60	355
302	308
177	258
57	435
199	426
155	399
147	431
250	251
84	436
59	389
213	307
206	325
409	434
432	444
15	152
174	415
283	409
215	268
175	302
338	478
169	319
75	284
43	480
105	313
0	20
1	400
68	458
268	342
164	165
30	261
219	495
113	151
299	349
318	330
190	494
417	495
103	230
78	259
41	311
42	137
161	408
263	331
36	464
93	332
304	468
12	373
197	487
222	362
126	255
256	405
3	467
300	370
16	239
224	323
31	138
102	382
401	497
164	237
1	376
235	361
258	266
140	263
10	208
187	296
291	345
167	212
185	327
113	141
154	312
14	304
8	105
287	320
199	266
206	369
72	206
281	298
8	233
13	479
17	345
211	445
240	341
261	472
323	496
170	323
158	387
58	310
90	335
68	274
89	359
72	290
81	125
473	485
54	91
296	441
59	88
160	245
83	471
90	315
164	389
268	365
110	115
5	264
125	196
443	490
122	306
307	441
128	380
39	429
169	477
170	377
342	436
319	416
66	130
4	212
220	267
241	341
318	477
283	464
357	405
28	223
110	112
128	201
178	471
192	206
147	470
432	466
361	407
38	278
104	170
45	281
154	220
54	310
28	95
122	278
81	177
194	327
8	468
65	273
154	441
81	369
288	298
254	344
410	458
179	464
324	371
137	316
343	367
204	295
252	368
0	285
98	285
367	448
51	69
108	389
60	385
8	410
128	439
200	445
473	490
52	85
160	315
295	343
127	451
189	211
121	464
175	446
307	496
197	364
228	362
85	250
282	353
58	208
414	496
163	223
30	34
92	238
189	383
64	418
97	106
219	259
147	190
255	292
214	493
192	363
249	397
292	390
156	280
407	450
301	351
305	481
8	213
301	487
100	276
160	251
344	447
335	479
298	478
360	452
21	147
229	274
170	215
119	233
268	469
248	315
186	320
18	187
23	91
47	385
101	306
290	428
100	218
213	311
283	290
25	424
141	347
216	460
73	426
63	402
162	449
303	453
141	370
98	305
82	354
201	286
51	310
151	435
8	51
26	448
372	398
329	493
110	313
415	496
286	305
192	413
18	26
170	192
123	193
115	234
189	263
308	406
126	496
254	332
308	421
66	377
103	318
102	144
333	398
34	117
259	370
182	348
212	296
396	488
276	445
126	142
143	145
352	433
166	351
119	141
56	118
265	424
314	467
123	331
187	470
336	338
49	85
260	467
266	446
357	389
30	204
202	475
141	357
226	250
391	465
71	165
151	275
28	492
28	105
337	378
145	418
175	406
137	435
1	155
45	121
135	280
92	280
121	394
50	79
79	418
405	422
20	153
77	474
38	444
54	175
274	287
359	365
121	222
16	101
10	248
430	491
16	23
388	486
155	395
105	106
426	495
89	467
112	419
244	415
69	442
14	269
288	317
90	107
16	264
285	419
60	445
252	492
154	411
103	454
96	99
231	475
51	495
32	474
248	465
119	174
296	306
1	51
57	96
245	300
404	413
258	382
135	464
60	146
52	156
88	272
231	436
107	445
32	95
17	226
224	457
304	318
10	486
446	491
36	70
168	470
184	271
245	310
36	261
161	463
118	472
10	225
276	292
105	315
111	454
279	374
159	489
51	224
202	389
291	309
104	380
9	256
60	186
330	355
5	114
487	490
167	218
94	135
70	318
18	326
189	324
115	162
60	300
35	383
180	300
77	294
117	206
283	307
271	309
109	408
317	428
75	167
130	447
37	496
25	487
357	423
144	451
73	232
40	128
239	368
308	342
100	203
367	450
204	338
78	351
277	484
127	326
47	50
62	111
453	474
284	388
32	459
45	94
117	254
168	307
18	145
254	430
149	234
159	211
6	463
8	433
2	470
224	413
212	270
324	415
199	261
64	139
52	89
254	426
121	410
49	212
2	185
430	457
73	357
143	309
6	422
91	259
327	366
105	452
179	311
63	495
218	237
29	74
0	399
212	397
391	466
164	188
204	363
183	330
293	344
110	193
379	420
276	455
174	450
1	218
379	458
66	315
115	158
390	448
340	452
393	425
195	369
181	414
39	376
220	436
7	43
316	319
365	386
36	123
289	456
104	111
83	305
150	196
370	415
102	451
183	392
280	286
455	473
159	242
362	454
238	334
259	471
247	314
325	430
145	189
82	498
28	98
89	191
126	399
191	354
261	361
12	166
45	241
24	55
272	485
96	401
71	308
173	357
325	402
39	493
46	335
287	454
169	177
92	221
99	133
299	467
258	492
109	342
29	375
359	372
285	287
60	125
20	335
201	480
353	356
61	287
302	320
74	197
61	342
19	137
361	435
321	473
188	311
175	303
36	49
163	446
138	434
26	222
2	452
76	188
300	440
173	455
108	468
10	308
234	414
106	436
168	257
185	244
120	389
214	459
91	341
5	454
345	491
60	188
191	334
113	148
215	351
157	357
70	498
103	470
31	288
17	117
42	378
270	389
237	382
175	312
199	220
212	389
31	353
49	186
72	314
269	292
217	305
267	351
79	349
62	425
84	229
277	476
35	159
58	360
461	483
12	332
176	231
298	450
3	300
55	416
69	308
176	466
24	466
123	323
45	383
144	158
313	459
39	153
47	363
4	55
24	372
171	240
121	272
118	492
278	322
69	137
132	284
290	434
86	496
183	189
50	181
346	387
41	66
215	283
136	483
166	305
112	141
392	459
445	454
116	163
156	472
36	331
33	419
281	389
68	352
4	302
65	458
46	180
102	422
77	225
39	379
221	282
312	353
95	225
14	375
162	313
157	411
63	455
26	321
57	129
152	446
145	288
238	488
57	260
311	463
55	486
282	307
21	257
130	139
58	275
6	197
57	270
107	382
240	474
367	407
426	443
294	341
2	471
6	24
122	224
174	443
241	291
61	104
241	299
22	349
185	407
315	479
151	329
184	425
136	428
399	469
68	446
280	494
297	320
47	185
228	496
87	217
197	347
37	85
33	167
160	474
208	314
372	418
330	439
107	170
17	71
401	499
144	492
187	498
56	179
267	319
95	398
51	342
176	391
77	496
28	339
87	163
178	260
307	388
70	324
466	470
71	141
96	97
12	336
280	387
259	279
388	441
460	471
225	458
249	345
143	192
32	411
234	256
67	450
76	457
211	432
278	289
70	180
78	104
5	282
24	336
211	395
41	365
54	86
145	370
68	413
61	380
159	310
7	350
401	484
31	338
151	463
337	499
7	76
4	392
122	470
136	477
205	382
272	300
161	350
263	365
458	485
86	188
121	420
400	418
176	329
281	468
379	444
367	488
93	473
209	481
56	439
89	304
61	373
52	229
141	468
325	469
193	227
435	457
124	223
365	435
24	109
16	330
348	439
188	437
185	204
74	356
292	367
341	475
143	156
89	117
269	470
170	385
96	387
98	265
258	385
249	343
223	386
27	104
188	275
136	233
222	245
36	388
7	98
13	318
217	419
39	235
370	373
1	362
92	198
314	497
400	441
28	216
197	262
25	115
263	383
54	177
222	313
463	491
24	322
76	346
288	419
343	485
294	309
222	299
306	371
68	216
288	374
246	355
39	206
66	93
141	394
85	101
299	339
267	438
3	174
96	454
355	373
400	436
58	185
110	213
452	491
9	15
40	448
54	95
153	401
20	133
394	428
152	475
89	127
175	293
361	458
425	454
206	365
334	444
326	380
13	20
214	310
422	430
132	138
35	151
113	223
218	439
4	80
413	483
260	320
161	272
73	420
431	444
384	468
253	424
415	487
3	263
28	189
264	298
130	147
97	392
5	84
225	246
63	221
159	414
54	252
74	151
62	477
69	182
9	265
217	495
273	393
425	463
445	473
425	471
392	437
114	239
65	297
25	383
380	467
119	133
74	140
378	396
48	222
168	185
150	428
37	255
357	465
407	459
53	497
339	475
67	189
408	415
39	355
170	313
164	304
23	235
27	142
39	41
128	274
61	97
114	211
176	347
389	399
85	187
177	331
100	254
468	494
252	376
316	386
311	470
419	440
207	283
172	180
288	494
20	95
49	475
32	242
40	229
276	400
349	436
12	381
41	410
179	466
216	295
21	87
239	401
16	57
250	273
11	302
225	310
162	354
344	347
94	235
416	442
406	414
95	376
319	354
84	137
89	293
47	257
265	291
156	215
92	335
79	305
266	496
377	496
35	492
212	494
22	192
309	448
394	459
6	496
68	167
17	218
192	371
32	86
120	223
56	299
127	333
351	352
426	440
15	351
23	140
109	255
143	305
129	373
49	352
27	333
124	126
304	374
471	477
47	386
404	482
26	186
123	207
107	211
167	415
99	410
70	262
191	328
68	422
216	497
39	108
42	434
8	46
180	323
165	199
39	252
122	164
126	365
210	269
315	418
484	493
97	245
52	457
210	380
33	66
218	362
394	444
204	391
53	83
327	435
190	315
341	493
80	155
156	219
274	432
157	350
277	473
0	46
318	442
71	200
160	244
187	495
169	438
26	204
241	281
30	458
272	349
38	443
33	480
97	345
253	439
127	342
8	32
226	414
347	405
136	224
282	433
306	376
443	450
175	187
53	63
292	433
15	415
13	332
268	397
72	458
82	312
96	284
86	455
84	427
270	352
164	362
18	443
286	357
213	471
222	363
105	311
105	358
53	270
101	195
3	33
146	165
12	491
314	423
108	150
35	274
213	364
253	275
138	348
55	136
18	497
180	298
420	438
205	343
201	258
55	218
32	90
74	162
78	91
367	443
181	349
12	193
391	461
59	386
152	166
169	213
265	351
271	276
460	467
275	304
160	375
280	422
249	293
103	177
102	138
296	402
88	465
215	419
297	442
305	340
200	468
74	272
384	458
73	80
84	310
232	347
204	372
4	155
69	394
5	205
264	336
57	212
342	428
467	469
78	240
176	493
13	24
156	209
364	499
49	173
122	283
130	486
264	350
268	274
329	424
418	428
218	264
168	292
293	443
345	378
21	179
279	455
149	410
109	273
168	385
54	238
41	443
167	189
127	457
342	462
18	114
258	455
117	284
257	451
287	397
92	162
137	452
171	320
16	327
173	195
284	432
210	254
118	454
212	458
19	397
70	445
235	409
356	460
100	129
100	206
115	472
181	459
218	467
241	259
52	253
49	369
195	477
22	275
390	436
28	218
231	465
107	261
118	183
228	388
357	452
21	165
204	435
171	467
27	43
90	96
15	231
96	498
60	441
309	423
118	287
365	376
233	262
45	321
41	73
275	334
286	298
259	470
1	69
71	488
117	212
328	422
223	409
112	281
288	413
118	200
137	288
130	210
336	417
303	308
222	226
226	266
117	475
439	465
285	355
157	358
164	459
159	213
219	457
141	334
131	292
54	70
116	398
380	387
220	263
25	179
162	448
250	315
22	218
184	427
176	371
264	385
312	359
475	478
142	241
263	300
168	200
48	65
203	273
423	480
10	275
291	403
249	400
44	234
247	284
254	386
179	308
233	465
185	425
171	405
77	489
243	299
195	398
80	325
27	495
36	221
41	404
404	447
397	412
115	214
305	487
144	433
31	463
119	403
183	417
357	457
177	345
58	86
106	417
65	499
189	328
182	260
41	314
196	344
61	240
309	357
138	463
128	292
65	450
267	404
196	297
317	383
75	455
65	207
52	364
51	190
3	51
295	392
252	317
53	87
218	403
209	499
340	487
360	410
80	212
122	138
83	387
100	197
12	59
385	410
98	325
219	392
137	436
195	326
83	390
23	162
98	148
366	381
51	205
148	406
98	398
203	216
314	454
339	349
4	107
138	416
287	316
414	483
362	364
10	163
105	496
214	287
52	114
110	275
70	477
90	422
103	307
255	424
138	375
116	344
349	482
126	279
158	476
181	462
196	431
455	494
205	499
136	329
193	278
15	140
168	263
79	289
86	238
52	64
3	301
154	495
32	255
120	412
422	444
39	261
259	260
35	345
113	473
106	307
1	384
197	488
143	162
399	498
184	288
118	319
7	232
87	302
304	313
220	416
18	431
65	348
30	328
35	223
60	206
13	70
43	166
289	333
16	124
1	444
205	487
372	380
211	315
227	345
322	353
94	128
225	371
172	257
141	496
22	260
300	408
39	368
193	376
417	427
43	346
363	464
101	324
198	351
218	374
122	203
6	488
333	396
30	467
242	477
111	442
58	199
116	410
11	449
250	467
132	496
324	469
72	446
180	317
400	486
358	433
81	316
159	487
97	113
198	242
16	167
203	356
221	267
153	255
45	76
156	368
131	496
15	245
423	499
326	495
205	270
68	328
47	73
72	419
63	295
177	352
209	272
288	489
37	396
218	421
24	181
68	166
81	345
287	317
374	454
342	388
169	352
134	143
123	241
36	37
310	467
104	215
65	216
26	437
234	350
285	321
87	358
1	439
269	328
246	250
231	387
161	318
178	313
62	158
22	362
335	388
29	205
186	277
11	306
190	426
289	312
131	227
17	222
16	389
255	491
417	469
64	259
198	382
170	278
253	446
446	481
126	168
191	422
326	442
231	400
470	482
108	185
278	451
151	248
88	214
81	351
335	375
67	353
5	330
206	297
260	439
294	324
224	341
335	410
35	49
138	483
1	43
279	410
60	311
48	57
21	157
222	411
12	344
308	452
45	184
176	420
127	157
36	419
5	20
46	125
122	445
267	338
168	177
105	272
396	397
174	320
307	459
19	79
145	381
83	101
314	405
35	486
167	186
258	441
290	463
173	335
50	154
121	281
34	279
266	273
218	356
384	466
343	453
241	394
40	417
373	467
86	150
108	332
40	228
103	189
19	260
162	276
79	307
116	482
41	305
80	219
110	211
34	216
45	423
422	464
66	334
251	464
318	383
7	339
323	420
249	341
45	51
246	463
153	275
124	300
97	151
85	493
47	467
68	94
415	464
460	468
42	394
120	466
337	454
131	295
186	363
106	490
234	274
166	234
223	494
86	123
128	379
91	297
160	347
204	480
213	220
318	373
73	160
21	413
108	482
263	445
182	449
187	439
22	495
89	375
356	416
179	222
306	378
186	257
16	38
305	323
79	376
342	390
148	298
306	446
198	399
25	324
27	78
378	457
366	460
110	176
258	306
25	318
0	486
288	347
333	403
83	370
114	457
278	466
242	358
20	66
127	272
98	280
25	114
247	390
128	339
186	193
114	323
185	376
313	357
30	171
157	242
102	232
403	430
41	47
236	414
202	240
57	350
105	177
253	278
183	410
95	97
191	294
21	432
154	451
274	462
172	219
204	462
221	372
99	134
62	400
60	248
379	459
140	388
28	297
105	398
105	383
40	438
314	376
75	196
245	435
155	454
30	179
181	390
28	366
138	454
206	340
18	313
225	337
111	244
15	382
46	449
147	461
219	369
108	383
250	342
158	413
13	145
149	397
184	462
301	445
261	333
216	328
271	330
201	222
36	48
148	332
24	173
211	316
233	360
361	476
267	435
189	225
246	452
225	259
452	497
109	389
64	499
157	488
26	134
224	439
259	355
167	294
187	354
192	241
266	424
326	344
112	165
476	492
216	396
312	409
294	422
7	289
70	209
43	270
349	416
129	363
112	152
35	259
397	413
43	260
276	424
406	480
276	334
272	297
420	447
151	312
74	409
30	228
251	264
28	399
16	400
290	416
211	387
94	370
172	361
328	376
175	394
32	372
43	198
138	411
383	435
396	457
428	474
235	349
225	319
53	152
422	459
82	260
78	277
56	185
59	138
194	233
15	144
118	167
394	499
143	441
237	464
147	319
156	432
287	477
327	497
425	455
200	268
189	496
185	488
206	445
68	70
97	309
55	113
283	429
386	485
36	446
461	489
110	449
1	339
160	264
245	485
260	462
16	271
187	295
268	348
212	426
100	421
183	205
83	283
46	367
89	426
10	396
310	367
76	330
25	352
1	131
63	310
174	447
196	239
305	339
385	386
6	436
89	457
40	59
171	202
48	324
64	110
252	271
16	382
299	405
59	272
225	339
70	275
52	194
10	214
28	174
146	291
60	268
51	64
250	367
300	304
303	437
21	367
108	470
223	299
235	415
173	472
125	287
103	241
276	335
201	394
318	406
219	436
64	130
44	342
83	144
35	263
404	461
4	50
84	386
81	439
39	417
154	337
230	359
211	264
140	488
283	438
274	491
233	391
222	456
32	282
139	439
216	443
359	488
29	467
132	320
446	499
376	414
102	255
7	206
44	305
6	228
199	286
200	238
225	357
263	287
26	41
185	322
46	446
40	215
270	436
63	292
174	195
1	240
26	272
358	369
307	384
194	459
50	387
17	108
73	91
221	476
437	450
244	328
7	343
197	206
261	391
245	420
48	308
62	205
50	417
89	188
317	432
276	396
16	423
263	402
110	333
60	450
137	356
48	409
412	490
104	366
93	225
139	365
79	249
287	318
385	433
117	349
130	345
251	271
66	234
110	170
165	355
107	209
84	194
59	396
130	187
196	453
106	312
136	296
266	331
322	342
408	423
53	57
271	406
273	388
304	395
37	59
207	318
33	364
334	494
85	176
90	438
26	412
202	311
163	455
286	479
61	286
58	335
67	387
360	372
19	496
173	290
46	487
375	445
119	388
52	356
162	172
157	410
182	195
241	265
279	449
88	343
331	344
309	468
98	343
38	396
38	411
231	486
292	490
8	102
334	487
22	236
234	355
40	479
32	43
212	353
10	301
275	413
102	168
101	498
121	499
243	347
323	355
168	260
417	484
221	264
281	465
266	272
143	385
251	279
226	368
20	58
282	372
8	315
60	67
73	257
19	174
158	231
131	192
205	375
162	319
149	216
192	386
11	36
362	375
385	422
132	347
185	205
121	297
40	75
213	259
187	267
202	285
200	366
107	197
219	487
146	234
31	363
57	70
156	396
198	326
70	104
270	309
124	382
132	134
153	220
25	378
313	314
141	397
53	470
129	293
23	270
105	198
5	129
5	19
126	477
286	351
85	376
192	487
54	112
34	147
158	396
180	217
70	265
163	188
45	60
155	478
1	397
278	449
328	336
84	433
173	493
128	315
218	324
78	481
334	491
418	426
109	448
108	157
215	220
177	180
59	257
244	312
36	55
274	420
45	164
131	160
310	418
71	138
407	490
73	353
231	335
30	418
47	367
124	226
133	319
250	406
39	155
60	315
107	395
230	413
74	375
71	319
147	276
112	468
22	357
259	448
152	324
400	411
2	461
3	86
182	372
197	390
12	138
282	395
57	477
133	245
68	173
357	470
111	455
40	169
230	402
77	277
62	327
232	464
100	244
366	451
229	295
89	277
213	384
17	113
242	435
319	478
163	378
327	428
139	468
129	153
391	437
266	364
4	275
166	256
360	444
33	87
393	415
104	482
7	280
34	234
185	482
209	233
90	191
306	422
151	352
333	394
325	374
22	82
0	362
326	480
297	359
168	472
16	82
46	461
210	302
194	286
50	491
69	341
263	302
31	348
406	413
155	331
242	290
458	474
119	478
478	496
300	328
21	154
57	496
55	151
39	436
161	276
60	238
31	387
210	388
31	479
245	356
308	324
271	411
343	397
19	278
319	379
328	418
126	446
240	330
111	361
184	290
38	41
20	435
92	159
45	81
196	311
307	324
6	479
152	289
173	202
44	53
323	337
254	394
114	182
266	398
248	311
303	346
142	485
226	453
177	263
159	440
83	176
281	419
113	158
17	102
297	466
236	352
116	293
356	479
71	231
245	442
133	384
29	462
26	312
133	230
245	392
98	200
338	496
136	247
77	470
118	303
247	308
13	59
436	492
335	338
26	251
268	369
35	323
395	495
67	127
183	326
262	458
186	433
423	435
183	285
200	339
430	447
240	351
247	470
107	423
147	423
202	286
329	425
272	477
124	190
163	355
211	354
308	370
56	375
62	146
10	198
134	376
19	244
120	294
348	430
233	382
45	484
450	454
115	365
112	491
125	268
208	469
182	420
17	321
387	478
30	333
376	411
110	475
0	180
246	343
427	475
0	230
274	398
103	304
366	386
108	250
302	364
174	354
224	424
49	388
431	463
8	135
20	55
29	49
207	462
2	456
186	492
141	415
182	414
24	75
10	75
2	10
39	237
229	283
191	372
467	485
403	463
174	357
116	233
158	229
197	408
215	302
325	429
178	397
151	462
197	404
37	53
176	233
263	294
34	429
441	444
132	200
291	398
413	453
298	303
141	266
60	498
278	453
36	492
318	449
175	495
245	331
15	67
133	288
104	300
150	234
134	189
235	457
249	489
261	299
119	331
100	483
338	371
292	317
89	475
287	493
305	433
52	90
320	407
31	459
98	252
323	387
114	363
282	468
160	488
23	383
285	465
62	475
309	424
19	210
239	289
384	472
29	121
43	499
31	74
29	357
228	311
258	295
5	333
200	498
96	159
294	464
380	383
40	139
378	384
196	262
126	473
67	457
68	270
16	352
43	164
41	173
375	440
142	467
91	381
23	217
144	342
167	336
51	59
148	300
117	427
0	5
222	235
118	252
5	434
174	270
195	222
367	484
125	288
229	350
28	185
18	459
191	222
397	428
224	355
200	292
157	219
138	498
149	381
420	469
68	453
407	449
32	358
150	324
172	461
15	285
24	125
411	482
191	262
489	490
98	150
25	303
144	189
130	424
26	306
371	452
231	332
23	369
182	471
206	461
235	372
386	480
81	492
397	409
360	370
167	340
189	472
381	449
83	223
125	316
55	442
257	466
190	443
115	384
231	350
202	264
68	123
320	464
194	441
302	444
17	373
69	229
218	435
8	310
184	419
304	342
8	427
179	265
86	395
126	495
425	430
49	203
109	299
20	452
129	202
135	258
266	402
161	228
395	471
128	458
52	131
121	300
152	379
61	299
120	138
146	455
79	147
4	221
89	173
423	454
116	261
71	78
62	227
308	469
64	65
184	444
27	189
344	484
83	228
218	418
137	152
82	105
158	310
5	98
105	269
129	234
12	218
391	438
359	368
124	198
24	256
89	458
410	463
91	183
157	293
213	355
189	331
274	350
301	438
100	489
97	350
42	284
164	199
142	308
287	402
347	380
16	366
36	319
63	344
7	196
87	231
247	432
230	416
238	484
37	363
91	307
168	337
349	353
83	460
47	112
176	207
346	366
203	368
261	498
197	367
160	390
233	322
160	350
132	227
141	379
83	177
249	396
207	208
230	278
278	383
139	197
46	305
244	323
323	374
267	473
15	182
1	68
111	460
230	313
77	79
365	405
241	497
83	413
203	348
91	419
4	485
29	139
1	108
478	493
67	335
72	203
38	477
292	397
71	375
120	390
397	486
116	439
140	396
55	222
188	213
91	286
50	475
153	316
183	360
195	395
393	440
122	360
49	181
88	318
78	153
12	276
73	471
316	484
139	330
130	454
357	369
4	115
244	366
139	181
6	259
98	128
43	73
149	329
54	471
144	264
158	216
262	467
42	414
188	195
161	162
371	438
86	469
185	432
194	464
68	236
167	264
319	413
100	375
301	472
249	298
470	496
34	343
121	317
237	483
296	448
345	352
167	308
180	229
160	309
378	434
248	404
76	448
328	486
194	388
246	339
289	408
143	490
46	126
299	409
69	222
109	210
19	269
364	456
292	359
128	364
103	123
194	481
230	466
422	453
77	232
113	215
9	23
37	405
384	442
8	198
234	369
293	484
36	41
175	211
98	122
69	89
278	339
291	427
314	318
61	294
334	367
98	482
40	148
103	254
276	355
98	348
411	476
190	477
122	172
189	429
307	401
16	365
461	469
371	481
29	397
211	369
243	346
61	246
8	408
44	408
38	332
232	473
114	437
323	357
6	50
271	362
438	499
161	395
302	416
43	299
41	393
155	398
59	342
82	125
63	290
218	487
15	150
419	436
270	402
31	67
237	412
471	499
413	455
308	386
184	239
95	321
300	397
102	221
124	487
133	204
272	470
255	388
92	276
83	154
380	474
202	497
0	27
122	199
202	422
12	417
239	456
72	457
107	358
297	468
144	317
83	338
318	413
48	163
479	490
44	490
123	371
141	215
286	354
176	218
116	276
134	408
85	229
144	187
219	288
163	428
182	305
221	495
39	113
66	273
154	437
113	384
181	332
416	418
102	111
7	221
140	334
195	240
0	394
335	409
120	358
202	225
303	393
162	312
79	191
228	238
132	240
26	386
274	476
82	349
204	263
191	344
358	371
471	484
173	317
109	337
302	339
312	455
416	456
210	470
350	413
224	266
62	293
39	434
113	360
122	200
100	230
443	452
45	374
63	172
247	327
165	194
107	325
103	212
149	257
159	264
40	108
70	336
175	497
269	493
383	495
99	414
430	448
375	433
39	127
478	488
17	464
273	319
185	190
172	215
122	387
124	429
108	234
335	442
47	305
128	172
284	366
108	406
203	320
315	400
266	483
373	432
117	222
37	350
39	68
79	80
68	103
256	260
239	366
84	281
176	262
257	426
207	440
357	436
242	494
194	469
187	233
194	266
252	399
37	95
266	443
149	462
3	211
114	265
16	70
193	365
119	405
407	420
179	325
0	454
180	241
127	281
101	497
277	445
63	179
302	337
136	213
243	246
70	437
97	178
443	453
301	436
228	280
414	468
145	280
255	342
158	341
189	426
162	174
117	146
233	312
42	73
301	421
151	255
252	459
32	336
313	414
8	239
8	484
152	246
53	353
346	354
96	169
222	292
10	278
296	425
237	242
15	271
177	293
46	471
119	162
51	73
0	438
345	414
260	384
65	402
147	359
208	383
191	494
209	321
99	476
47	410
144	459
58	385
25	147
140	265
278	435
374	478
255	488
196	474
357	476
101	316
214	360
22	378
169	441
148	380
247	258
216	398
291	293
124	306
337	484
271	377
6	119
409	494
323	384
76	236
245	405
39	330
11	326
189	388
355	423
63	181
156	477
123	153
179	375
158	217
70	338
318	336
101	440
5	413
161	248
208	451
44	310
237	310
429	433
235	368
149	311
122	246
114	342
95	282
159	476
25	239
313	420
141	495
256	365
238	440
50	341
141	221
172	292
59	108
35	373
76	135
264	282
252	256
482	488
240	455
226	459
274	277
350	370
390	490
137	389
114	289
396	452
57	220
390	406
130	408
299	466
218	281
155	205
96	221
157	416
224	441
52	320
306	332
20	487
100	185
8	411
132	479
159	466
91	481
170	493
262	476
81	408
322	356
12	141
313	338
259	451
343	430
195	231
283	412
179	224
202	394
149	497
105	332
96	461
232	376
181	337
204	414
205	463
22	410
117	184
303	379
133	357
80	471
243	397
395	477
241	336
220	376
193	195
35	468
284	429
22	317
139	497
91	173
284	377
273	303
318	476
37	254
1	97
91	340
40	449
109	403
397	480
387	465
301	376
20	194
101	492
322	446
238	384
302	368
187	416
72	474
63	368
144	477
250	362
364	470
26	311
312	330
57	296
176	229
275	444
256	400
190	202
295	297
68	498
21	448
354	425
227	498
135	467
85	430
171	373
90	313
226	455
339	357
94	493
396	462
188	230
89	95
104	268
284	353
313	462
14	32
81	83
254	462
170	356
118	412
160	302
152	406
100	113
286	440
29	246
168	245
71	478
33	294
350	369
149	339
174	407
60	164
396	486
294	481
17	44
118	485
405	475
280	314
137	357
115	473
122	453
22	211
105	154
141	229
126	475
15	316
133	303
66	124
142	351
345	481
272	450
209	434
77	351
47	259
49	77
118	277
258	303
42	399
74	246
214	235
15	201
56	274
239	280
43	387
319	497
38	466
273	344
51	106
163	290
111	161
158	201
83	465
436	484
28	88
50	476
232	498
162	356
62	194
200	231
20	125
77	400
136	475
197	469
264	348
253	377
121	353
212	383
135	297
291	442
333	474
159	204
284	419
354	383
214	222
156	374
167	318
167	225
162	486
26	162
395	418
97	167
63	198
297	435
53	493
7	164
134	299
382	441
113	290
30	58
255	365
180	403
332	472
340	354
39	265
10	411
356	396
199	488
412	454
389	420
374	403
63	282
195	234
111	305
94	257
113	296
241	487
75	111
95	305
107	332
333	424
17	96
242	491
93	470
75	258
94	420
175	456
132	164
140	413
155	270
388	442
201	331
22	288
127	249
259	488
13	88
101	258
306	363
204	293
213	295
34	300
72	288
218	461
26	161
127	144
387	446
256	339
78	307
183	495
135	282
99	198
16	398
74	177
348	470
90	319
261	318
42	344
101	106
355	490
43	76
14	284
371	497
242	244
286	400
49	80
475	479
399	431
454	456
209	279
172	370
167	262
196	254
71	435
70	72
178	187
406	452
38	486
147	414
305	463
11	127
326	468
92	461
32	447
22	390
90	433
51	340
82	220
2	138
423	440
66	443
219	265
217	269
169	478
368	465
187	424
393	418
107	122
169	454
97	248
120	356
341	351
118	244
186	256
165	455
13	341
417	454
284	303
292	346
63	382
172	253
62	300
61	341
105	135
434	438
11	205
149	244
364	492
124	416
139	409
390	468
74	306
31	103
131	420
172	479
363	422
141	445
211	492
69	252
156	463
39	156
111	426
6	371
146	441
116	383
182	297
247	375
203	350
254	444
147	155
54	203
322	415
165	443
3	420
140	444
39	313
379	422
128	449
349	391
291	428
391	494
258	463
133	242
93	449
35	306
375	486
148	319
441	476
170	437
91	482
26	468
207	390
288	369
209	465
6	181
10	320
186	431
225	359
74	161
319	459
222	232
73	455
13	42
43	280
82	226
136	145
275	399
69	321
214	383
97	137
229	449
353	405
224	338
98	243
210	228
208	427
187	209
89	100
60	235
95	114
7	368
51	212
68	122
73	217
12	424
16	267
75	205
157	261
286	361
81	138
242	479
342	397
110	480
81	442
177	422
328	447
97	440
82	474
193	483
37	316
136	208
212	288
338	481
227	427
257	427
471	496
202	396
34	208
264	404
126	283
105	150
52	55
417	485
50	133
113	312
132	387
292	477
347	415
105	142
301	423
349	370
348	390
24	27
79	414
278	425
254	345
29	290
85	305
26	325
295	450
253	354
289	386
202	334
290	471
318	365
252	410
106	157
81	393
308	401
328	455
99	432
47	82
45	341
29	433
386	444
359	433
344	459
311	455
408	446
71	413
325	453
217	259
71	123
186	440
355	395
34	304
453	494
258	343
445	456
19	394
48	281
138	381
209	422
185	391
42	115
195	253
21	479
75	125
420	432
134	499
252	364
33	204
96	385
66	407
274	433
229	318
397	426
427	476
300	436
7	193
223	396
5	373
165	416
131	494
135	162
6	233
220	395
356	379
29	129
108	333
281	382
28	68
202	223
114	251
321	407
173	476
183	463
126	208
105	437
23	343
205	227
102	278
315	486
68	323
92	386
72	414
272	426
117	161
42	74
54	215
287	367
176	346
211	284
95	428
5	334
147	254
182	202
62	409
217	222
84	130
168	264
5	393
61	76
248	470
152	182
5	415
322	495
62	379
123	184
97	328
56	408
236	313
77	451
140	392
427	495
101	249
382	494
68	365
266	328
126	434
147	235
251	455
306	309
236	345
136	138
4	215
41	265
51	413
216	347
54	244
354	415
133	169
225	311
291	495
228	473
345	401
68	135
96	364
122	255
62	115
68	411
164	493
435	469
34	382
54	490
382	463
430	439
18	40
267	328
117	203
290	296
229	252
24	218
11	96
83	389
5	284
175	283
145	291
89	352
274	321
83	423
359	469
337	406
41	267
124	292
31	267
102	328
122	196
446	459
397	452
127	225
112	170
281	370
197	309
464	469
234	244
64	332
72	380
247	364
282	473
27	307
11	491
274	499
179	383
265	344
92	369
336	345
144	354
238	270
185	228
24	51
135	248
365	494
147	269
104	439
260	430
208	399
38	277
23	93
3	13
365	455
317	492
239	477
50	150
178	292
112	335
209	406
89	247
465	486
197	310
196	339
90	111
151	159
298	483
143	421
218	364
295	357
86	459
51	109
401	492
372	497
107	415
445	476
110	111
242	294
440	441
121	153
154	366
74	186
169	204
38	191
27	207
110	282
89	411
205	405
197	476
353	386
212	412
175	242
351	431
164	214
18	73
204	398
85	300
16	172
71	218
432	459
213	429
70	220
314	419
164	206
83	295
179	211
44	480
329	393
30	472
154	421
85	190
126	214
161	202
10	427
126	354
323	328
184	416
71	237
64	393
235	254
414	494
205	225
16	335
5	153
21	148
36	263
19	378
267	390
139	260
294	347
107	300
61	488
213	218
177	184
100	373
203	478
157	320
311	392
268	353
128	473
103	209
229	237
48	73
149	185
140	219
137	479
391	455
184	352
61	259
228	429
221	262
190	364
80	253
237	365
220	403
197	289
260	461
164	437
1	13
154	290
161	189
277	395
252	324
76	489
131	470
116	285
232	437
227	234
89	215
75	403
120	241
226	249
408	479
72	490
235	423
228	360
158	239
265	269
65	318
98	326
72	376
61	117
9	174
133	265
208	322
12	395
3	478
271	284
123	440
75	211
91	209
136	443
92	427
62	476
134	275
35	459
142	306
0	109
48	479
136	274
166	253
196	483
151	492
281	428
25	29
40	352
165	348
211	426
115	220
17	454
278	416
167	249
159	424
309	336
133	235
63	206
164	189
391	469
209	370
81	212
57	181
208	498
138	430
295	309
416	475
123	498
324	462
95	412
321	491
13	131
250	261
77	90
158	307
259	273
345	348
275	424
176	236
219	410
132	244
91	367
76	282
35	390
103	264
369	439
366	468
432	449
5	217
318	366
46	340
114	139
426	493
188	486
376	417
95	220
24	368
102	132
421	499
437	495
0	99
351	498
243	344
211	448
197	265
296	348
362	376
105	253
374	472
47	308
5	124
379	403
241	398
56	98
312	452
6	42
110	171
30	473
83	447
195	449
87	437
403	419
178	284
224	405
220	485
91	95
8	129
58	201
118	332
2	226
120	382
183	416
103	441
388	415
44	440
229	434
357	370
226	323
125	255
44	99
159	482
27	107
417	473
103	255
12	450
85	228
111	427
3	344
120	366
225	461
220	268
83	346
193	207
24	280
23	381
109	128
158	280
42	340
11	455
181	196
5	458
56	290
63	215
255	419
198	454
67	386
67	489
295	315
205	468
19	286
85	296
168	327
197	466
123	272
11	241
172	340
237	369
30	134
368	378
195	453
279	347
91	435
37	424
51	308
79	422
16	219
114	377
18	238
90	424
39	469
14	16
198	275
115	279
181	354
62	303
280	352
98	451
70	272
23	253
58	276
448	479
55	140
235	392
16	102
156	452
92	362
5	118
401	417
97	299
117	269
82	234
44	236
338	393
2	190
88	320
92	489
27	34
362	490
379	476
108	334
44	363
141	409
449	465
415	494
297	344
115	452
432	482
188	281
69	289
224	484
377	461
177	183
263	303
105	392
196	206
70	93
410	461
92	297
286	306
27	334
175	388
48	295
184	360
412	452
148	153
175	271
167	452
228	382
137	423
28	396
13	148
39	187
13	93
68	243
363	432
97	168
244	296
25	346
161	368
123	289
126	188
113	337
178	386
9	240
149	478
220	418
165	465
269	435
55	215
290	479
80	266
212	318
147	334
189	402
126	192
232	430
130	134
164	284
1	287
41	55
92	371
2	275
195	424
147	275
157	364
34	455
242	482
33	308
452	484
12	120
39	50
441	448
79	146
73	329
59	182
99	159
56	113
72	368
284	490
216	280
146	202
28	328
15	121
297	306
26	347
134	416
18	432
47	57
122	467
226	322
30	111
192	385
256	441
128	157
87	309
55	424
313	370
143	189
287	496
19	304
11	336
453	465
234	418
61	177
180	335
295	373
178	321
434	495
78	220
332	396
469	474
206	498
156	305
309	477
77	140
148	151
167	433
209	425
250	426
31	144
225	266
262	392
393	405
95	280
180	277
171	310
21	474
2	216
27	415
9	226
87	171
304	350
433	455
19	451
37	473
151	237
230	282
84	273
267	470
61	364
21	89
206	234
210	304
52	200
143	336
92	379
185	439
137	270
24	186
104	355
16	490
43	136
120	391
190	456
166	429
218	355
127	455
17	456
174	236
142	387
232	489
137	281
273	406
227	238
94	273
323	326
101	383
31	187
34	60
140	151
103	450
271	292
185	374
118	258
69	342
17	236
240	291
22	103
142	458
78	112
14	308
193	489
120	220
8	238
358	416
234	341
339	484
344	392
64	490
153	175
231	351
271	431
34	237
103	406
34	178
102	479
207	446
306	493
138	350
316	479
27	377
9	77
396	422
425	428
421	463
402	491
128	420
357	486
37	189
266	465
209	307
53	253
141	193
13	135
99	151
227	266
192	303
67	242
277	405
123	389
176	439
85	278
229	323
421	487
44	481
295	369
405	414
128	243
120	208
3	128
107	390
80	90
315	444
168	367
13	231
65	397
300	309
128	178
180	467
107	422
254	256
172	199
75	266
264	485
14	148
104	285
170	175
116	266
133	452
316	467
160	485
225	408
122	482
175	479
143	352
46	355
188	485
43	317
266	404
219	297
250	255
401	406
123	395
77	368
192	285
293	448
409	491
78	381
214	269
12	329
37	289
136	149
7	460
79	263
104	167
51	230
401	452
26	48
54	145
423	479
361	471
275	278
92	185
143	417
40	209
121	498
197	439
26	490
41	121
166	385
362	499
94	450
24	108
196	382
87	418
287	420
43	419
391	418
412	449
20	306
50	399
155	375
277	391
22	448
32	445
47	55
77	297
131	390
244	272
116	201
97	438
382	424
302	379
92	168
121	260
35	352
211	349
157	205
169	460
260	428
111	169
302	403
56	357
256	460
47	140
343	422
135	223
46	184
367	467
361	497
44	92
280	378
233	356
11	232
43	161
107	143
83	124
216	316
295	332
259	283
345	369
204	328
261	329
106	453
442	491
98	255
125	383
32	232
326	359
163	308
26	153
76	215
100	302
15	93
38	55
221	276
180	482
117	243
81	392
185	378
7	369
239	341
447	489
93	431
83	408
336	347
332	345
293	356
92	337
279	434
164	449
352	361
5	310
52	348
19	184
66	337
131	161
31	34
249	297
61	366
166	218
101	144
313	454
90	274
173	434
111	252
87	154
56	243
192	311
33	447
44	258
344	400
116	402
301	368
373	490
276	311
151	464
12	372
150	339
43	473
147	315
203	305
41	297
13	490
212	480
176	219
93	158
285	337
98	185
165	338
410	452
79	118
83	289
198	337
334	376
263	410
29	376
208	441
420	463
111	154
92	265
84	122
290	368
43	168
126	340
137	148
218	436
164	480
61	220
5	30
76	110
142	230
32	442
48	299
108	136
148	419
23	480
262	477
52	92
57	440
80	476
45	90
69	328
77	97
237	463
178	182
185	437
157	440
313	387
251	341
307	359
182	337
86	204
385	407
125	375
13	181
94	98
117	323
299	471
42	171
16	137
167	209
38	81
96	306
48	128
90	108
105	141
48	137
262	348
7	367
25	59
387	471
46	118
90	175
396	405
27	360
122	135
24	344
33	329
205	490
176	335
391	441
96	416
128	452
177	319
345	364
65	89
233	361
112	199
8	61
7	88
83	262
4	376
195	474
395	443
102	108
68	456
108	190
419	444
117	489
235	455
114	350
106	441
303	449
53	223
88	187
299	429
63	81
71	154
46	411
428	493
84	134
125	395
7	400
28	379
80	137
100	104
129	443
200	476
247	376
343	491
70	455
305	407
94	483
118	140
82	452
292	486
112	493
134	231
378	482
53	287
41	319
150	238
8	53
208	218
233	304
212	354
4	216
137	274
347	469
255	432
3	479
56	147
322	396
106	353
217	425
185	408
429	465
37	384
203	438
49	138
54	441
93	318
92	184
45	483
5	183
37	370
203	328
44	375
100	347
187	252
366	473
121	134
400	465
123	175
18	252
188	428
328	420
172	388
434	463
133	250
327	496
303	484
52	419
278	346
292	344
246	358
381	426
433	452
23	146
172	212
17	203
272	345
56	342
289	355
273	398
1	247
339	447
23	84
167	449
41	234
336	389
43	307
128	322
265	432
59	490
289	485
205	260
322	425
34	334
277	314
54	327
94	137
45	62
98	339
108	131
12	119
68	207
34	254
175	286
61	390
266	447
124	313
2	491
347	388
198	274
11	472
380	462
18	110
297	373
47	63
442	488
363	425
375	376
138	475
292	446
166	281
62	335
343	348
124	259
9	417
370	477
268	360
312	348
39	121
299	325
89	126
119	468
186	246
159	346
13	300
215	259
131	301
297	349
158	242
17	46
32	396
262	435
118	471
363	428
175	308
219	277
2	365
215	386
3	103
388	396
160	254
47	376
23	479
399	459
139	349
127	300
224	269
194	292
50	358
412	458
61	429
45	298
82	252
435	458
228	327
31	109
1	104
187	366
331	354
303	439
276	467
56	138
170	210
55	459
80	401
415	479
36	44
282	321
12	357
266	335
59	245
105	303
66	311
183	263
251	339
253	395
138	276
302	411
63	437
23	234
336	494
75	98
5	322
282	356
16	165
126	159
197	360
325	425
444	475
88	432
245	378
67	193
387	485
123	220
139	381
82	301
226	437
32	96
44	77
325	439
253	422
182	336
41	70
63	220
456	460
427	459
311	328
52	75
90	379
43	344
27	407
245	326
215	303
305	444
143	494
255	494
31	490
311	408
420	421
60	199
118	314
268	337
53	285
27	212
12	480
31	60
161	213
107	401
143	167
78	110
86	398
339	434
260	396
312	377
96	353
23	476
466	493
115	131
124	147
298	455
245	418
438	448
183	339
10	39
363	366
346	389
274	405
82	251
454	485
142	361
248	316
210	428
11	438
4	108
0	70
53	235
226	252
395	425
15	110
61	389
84	418
35	379
277	345
61	224
22	306
25	191
40	384
155	252
400	498
453	479
254	258
125	313
91	246
160	305
64	161
146	243
15	230
266	417
192	364
91	131
145	161
2	431
117	295
129	310
29	275
442	458
327	495
116	377
173	418
39	437
365	427
206	396
423	449
40	283
118	389
256	300
25	361
41	350
145	422
73	244
38	194
43	45
80	285
79	154
31	284
130	272
19	340
16	45
447	455
107	222
290	488
8	197
277	382
115	486
80	156
147	441
94	412
403	480
188	318
93	359
201	494
193	367
61	141
197	272
70	146
14	276
284	441
19	43
116	129
149	305
465	496
102	137
230	465
374	486
243	368
84	460
54	313
99	177
48	116
184	400
283	467
123	338
63	270
50	98
132	272
96	143
190	253
260	397
139	442
146	327
36	289
246	285
421	452
153	268
82	431
195	300
187	360
335	363
255	276
275	368
186	416
86	214
298	343
7	284
288	495
115	397
313	438
349	378
99	235
382	444
397	398
356	384
217	235
95	242
95	115
6	286
135	326
84	453
195	408
276	483
110	443
334	496
35	118
206	499
250	484
20	297
11	146
26	327
33	155
231	358
107	454
40	446
254	491
183	249
99	246
154	308
299	330
305	328
245	263
84	270
305	468
328	494
57	191
245	278
87	232
128	204
104	314
98	308
385	486
72	324
20	235
414	431
114	458
20	145
40	303
230	251
54	82
26	247
125	192
328	461
224	472
291	310
143	259
137	441
155	198
105	140
29	414
350	425
158	376
150	347
56	116
355	425
23	376
49	68
33	378
106	110
224	347
178	340
80	179
206	307
236	436
66	137
3	349
88	290
3	64
438	441
11	487
207	231
7	306
134	308
269	442
106	131
218	329
33	466
214	483
140	467
444	448
180	287
117	336
15	105
30	311
205	241
120	211
312	364
205	425
409	419
276	340
218	326
95	389
283	321
210	484
451	486
434	487
246	428
129	180
190	465
383	390
183	254
5	148
274	492
185	474
73	397
104	193
74	400
77	373
69	243
200	391
414	426
21	421
236	482
63	207
169	305
335	480
60	265
32	34
236	375
231	286
219	224
155	385
19	316
147	249
238	295
284	434
151	307
44	410
99	283
210	250
93	347
44	139
51	157
445	467
212	271
176	356
313	492
94	207
317	321
33	377
3	364
72	187
19	147
13	240
198	248
306	386
42	358
334	399
247	426
230	414
76	197
129	353
182	207
5	48
106	242
77	290
297	434
65	167
90	435
135	478
30	452
78	85
410	499
289	358
332	423
151	249
211	293
262	281
37	308
375	443
260	283
94	230
43	242
377	380
126	355
212	248
3	283
42	404
49	233
360	408
229	275
136	450
144	490
155	234
72	442
130	297
149	402
178	256
372	445
254	496
208	467
36	328
98	254
77	354
186	434
114	448
72	332
307	483
115	324
347	364
13	424
136	499
88	323
317	327
154	256
43	77
361	372
84	477
153	299
160	365
78	466
65	384
100	278
212	352
20	342
289	305
42	276
18	176
195	249
328	348
160	218
303	427
194	387
91	245
102	340
283	459
445	497
0	294
85	149
53	242
383	416
298	490
131	444
267	459
419	495
21	272
130	473
392	485
92	426
42	463
300	374
317	437
148	235
11	309
273	342
309	346
36	410
399	452
12	165
71	351
410	498
49	241
71	115
264	369
276	430
326	328
83	416
111	338
17	151
29	408
150	156
117	127
155	335
239	479
56	335
254	380
130	435
1	434
284	466
187	201
248	461
38	416
340	413
266	405
131	220
217	302
310	423
393	407
253	384
303	397
263	481
392	405
181	263
369	428
251	421
85	289
164	479
52	189
247	424
87	248
30	65
24	222
233	393
307	455
9	346
207	413
29	272
3	397
1	257
24	303
126	302
233	480
452	476
158	443
19	227
105	393
72	321
108	296
96	323
114	268
293	338
123	296
330	403
209	394
61	350
131	388
262	398
203	492
213	265
288	439
129	355
46	431
204	427
241	435
240	315
24	312
143	391
286	458
161	448
238	420
290	468
326	384
421	482
10	127
159	418
65	260
416	465
154	276
164	246
280	354
48	82
10	328
267	478
76	363
333	481
160	203
159	301
34	266
109	495
130	214
290	413
217	471
169	238
380	489
344	355
37	480
204	270
58	476
90	377
340	376
252	328
151	245
405	477
446	484
81	314
101	338
206	295
118	235
255	479
80	168
225	378
32	277
24	250
310	361
167	305
162	347
223	225
136	425
96	132
340	437
239	367
77	175
293	393
301	469
50	496
16	296
203	228
96	188
263	280
18	59
129	417
199	281
139	310
97	197
107	473
218	236
248	378
108	270
42	279
239	260
232	256
86	93
119	437
84	395
14	390
97	242
160	448
244	321
330	461
287	391
157	305
104	242
14	327
425	493
261	336
272	413
85	316
34	278
13	204
187	316
217	281
172	470
97	294
34	340
91	385
374	434
241	406
145	329
105	336
16	328
121	476
217	487
53	224
63	286
338	372
160	492
368	454
429	438
231	456
248	456
185	334
80	246
325	463
362	388
88	275
135	150
231	278
59	218
185	256
35	451
143	392
6	262
151	167
27	285
145	482
108	201
99	172
68	427
19	468
71	227
149	498
130	483
6	122
165	331
241	262
126	287
41	445
125	417
78	356
102	250
0	83
273	409
71	340
11	255
202	357
148	388
259	266
227	269
421	474
174	427
95	109
10	417
195	382
18	257
333	490
290	466
28	86
88	370
275	294
262	474
169	486
250	257
220	413
153	167
438	495
441	471
236	276
250	421
364	495
261	331
100	408
74	348
184	302
69	401
226	291
209	230
369	394
196	251
375	414
5	318
296	315
157	232
33	98
16	116
135	292
212	303
32	162
137	432
136	253
110	394
378	441
5	348
224	450
275	392
216	367
279	491
93	334
340	429
236	356
334	335
22	156
257	459
318	412
389	499
38	258
83	167
23	440
2	40
2	243
232	392
399	479
19	134
326	461
228	233
381	491
18	236
180	417
63	311
91	351
340	408
54	339
169	254
11	253
435	499
26	385
59	259
204	450
176	327
333	334
84	370
315	414
39	463
433	484
67	498
154	177
338	495
214	449
80	81
67	394
283	463
292	429
168	388
257	305
239	323
11	17
61	290
131	385
324	419
284	406
197	356
206	373
29	99
129	390
28	285
127	366
193	396
205	398
240	379
49	191
76	146
234	295
217	403
221	380
147	215
352	365
128	369
406	437
10	338
3	415
398	496
135	294
343	482
35	153
269	420
174	272
249	312
330	434
193	302
133	336
286	326
424	456
416	423
245	494
211	363
91	204
203	341
323	453
97	414
202	465
22	232
254	400
408	431
39	327
204	241
322	325
138	156
248	367
107	171
100	235
78	449
336	411
128	411
177	407
138	219
198	372
235	485
9	364
176	369
450	482
52	281
226	498
78	108
28	127
158	436
145	415
296	341
254	297
43	135
326	429
172	409
340	438
257	477
139	397
168	286
135	224
165	351
274	329
81	217
256	315
140	493
45	176
206	383
35	64
13	408
326	439
319	360
148	268
227	258
391	429
47	76
324	484
224	436
59	313
192	390
24	102
136	307
0	340
17	73
65	173
291	429
13	340
321	365
370	484
41	310
7	278
21	254
151	305
75	137
276	322
109	457
3	38
311	409
317	444
95	387
140	224
52	179
108	247
109	372
279	402
45	133
169	484
56	208
319	456
124	281
245	402
33	365
85	248
230	455
387	470
119	128
117	481
241	420
202	383
84	337
154	251
11	417
140	451
417	459
183	421
172	441
185	373
272	461
129	382
199	252
17	18
255	376
250	438
126	238
38	235
147	217
32	466
44	247
338	428
150	175
56	369
400	462
242	480
245	302
0	354
90	126
392	463
50	261
115	120
42	347
109	387
426	461
8	497
130	255
196	468
149	176
264	387
113	279
312	436
132	216
202	228
176	382
219	406
22	59
46	453
76	446
265	314
129	147
146	412
349	496
158	372
85	271
10	173
81	122
315	338
184	238
10	362
174	233
6	415
169	324
216	408
26	233
178	352
207	415
129	421
146	217
301	488
319	483
215	371
341	403
109	279
334	402
190	369
24	274
105	378
261	419
78	493
148	447
178	186
105	350
5	387
88	264
114	162
219	246
468	483
376	488
309	362
220	471
212	414
118	238
165	278
142	276
396	478
270	459
160	165
92	282
196	464
156	416
164	484
33	60
38	71
175	192
97	393
27	82
111	239
369	412
217	470
75	488
212	265
128	276
202	227
214	398
228	497
1	37
360	421
142	315
34	242
354	408
192	392
8	72
156	478
32	91
87	446
184	253
147	439
277	368
46	128
352	480
44	135
362	435
303	386
120	186
19	216
43	379
101	436
55	82
146	450
325	481
259	265
386	470
111	399
21	186
108	235
193	225
22	261
65	409
198	343
18	302
3	35
112	352
384	461
219	335
13	394
70	431
59	101
329	396
155	346
65	92
137	222
218	246
142	213
22	251
155	470
78	326
18	185
48	104
90	237
173	352
151	247
80	490
177	418
114	122
165	399
172	364
414	498
21	284
425	483
60	217
241	257
1	169
176	276
91	403
211	436
105	223
32	344
16	397
21	121
211	307
92	439
245	462
51	450
55	426
161	208
135	249
93	130
272	493
377	499
137	471
62	410
54	262
154	352
330	374
53	175
64	463
170	331
73	466
185	245
24	92
133	490
257	361
61	312
371	408
325	490
430	466
384	440
160	395
51	68
75	307
306	468
27	484
140	398
82	179
379	495
176	285
233	401
45	468
212	446
193	419
9	368
166	297
169	215
220	243
8	328
336	487
39	114
357	442
10	233
175	260
70	255
301	346
134	294
31	45
171	371
223	443
55	474
351	476
7	333
273	429
302	381
280	423
358	407
176	353
5	56
149	152
71	324
124	308
70	357
133	420
85	443
100	198
280	362
82	245
88	276
298	379
26	486
142	297
174	392
101	472
86	368
115	189
259	271
92	419
89	151
348	436
56	91
333	499
39	427
250	382
91	102
370	412
135	402
91	306
114	463
104	205
307	465
140	312
67	368
73	273
202	289
273	280
207	227
43	180
35	354
91	430
330	440
168	239
37	224
12	98
43	68
129	460
313	427
92	109
273	345
198	218
346	439
198	342
173	349
98	138
186	465
98	294
231	496
296	381
71	305
203	231
123	499
208	222
76	480
78	459
24	316
60	263
51	200
28	345
39	256
35	108
5	305
131	222
418	448
83	490
231	498
0	161
281	368
108	326
190	215
326	437
117	166
29	464
153	459
41	430
258	298
201	462
186	223
427	464
131	498
127	222
6	392
62	200
49	483
50	204
65	334
57	141
353	463
81	341
15	417
22	63
2	299
198	229
90	125
68	72
370	421
151	279
125	406
175	494
186	199
301	378
60	386
153	271
44	225
61	318
139	267
106	263
199	310
183	328
6	340
122	240
384	437
36	307
49	106
381	411
110	307
133	222
36	278
23	434
129	247
113	195
49	350
41	58
340	474
232	283
231	440
264	358
97	426
319	485
417	441
166	243
361	478
20	423
22	162
27	432
305	476
244	364
173	355
314	416
101	110
161	325
84	396
54	225
335	426
380	428
115	276
274	417
39	420
110	197
220	472
159	356
62	93
17	164
373	464
37	429
331	447
88	396
326	432
129	495
77	442
72	487
17	470
142	165
192	484
155	404
193	339
257	272
209	409
137	265
93	271
37	251
196	361
182	498
243	488
84	86
284	489
354	480
366	497
70	149
72	397
261	364
299	398
80	472
42	498
217	348
160	489
63	143
352	398
192	256
1	106
65	106
47	276
29	240
118	159
165	252
145	240
94	325
150	451
226	264
105	185
35	280
68	370
65	245
39	148
332	443
5	63
117	492
316	469
17	261
59	220
152	285
175	327
123	166
236	257
220	255
396	489
205	328
433	473
446	465
141	320
3	244
350	494
408	445
0	190
267	489
114	171
437	484
105	130
305	380
316	435
286	384
402	445
60	457
157	496
211	228
47	219
67	210
252	416
232	495
129	141
191	236
161	210
274	381
166	279
373	458
161	388
276	409
223	256
126	173
96	230
159	382
315	371
316	318
211	348
171	235
2	94
39	414
13	196
305	446
29	38
285	421
210	439
300	337
443	496
111	150
263	296
208	432
126	263
43	91
301	332
81	396
166	331
345	351
267	441
71	222
57	317
129	159
120	235
94	123
16	273
81	237
336	358
79	133
243	279
63	328
394	480
368	421
124	240
116	336
91	493
11	384
14	134
222	327
70	406
23	89
387	461
104	485
228	376
71	128
1	448
251	325
132	380
80	491
146	490
232	311
139	207
4	142
55	327
311	456
346	446
293	327
146	421
87	267
360	390
226	366
355	485
158	461
148	194
182	386
170	484
257	304
294	312
67	232
320	420
108	473
12	440
64	427
432	445
70	315
13	400
52	323
309	498
112	168
286	389
206	377
236	418
370	413
236	384
171	369
99	292
30	497
186	297
54	164
266	361
201	248
75	234
264	319
292	322
56	180
91	411
59	180
74	484
243	401
28	449
153	281
145	218
309	371
389	434
94	176
74	242
158	185
78	374
24	375
261	460
106	400
296	398
189	390
140	253
7	455
248	389
94	183
123	177
98	359
285	381
242	326
145	304
152	295
94	387
135	307
300	462
76	391
437	488
207	418
12	293
374	384
60	110
257	353
62	269
87	342
236	281
136	394
40	100
297	475
169	188
468	475
26	123
156	359
77	246
40	197
401	486
3	58
265	470
162	389
366	393
343	487
82	482
151	456
44	180
375	459
482	497
342	482
37	241
224	407
27	97
76	414
97	313
307	319
135	310
298	366
69	365
334	465
233	298
230	496
156	415
135	358
23	299
238	449
10	187
12	475
138	499
80	157
225	333
342	403
35	396
7	287
369	474
40	457
144	262
165	226
45	105
10	61
189	285
203	412
52	184
58	145
202	350
5	466
141	245
88	248
420	462
273	447
28	172
266	291
162	402
56	200
261	440
128	389
91	227
127	322
139	338
157	176
69	368
215	491
217	344
155	220
89	474
32	488
89	155
166	300
44	437
3	471
22	126
262	367
85	183
227	327
341	370
312	430
35	326
381	425
21	378
298	456
49	221
435	479
315	437
365	438
140	354
138	474
164	271
354	493
216	421
235	393
337	445
184	194
50	450
170	361
32	429
5	399
178	232
236	468
147	149
173	486
86	155
144	447
100	205
20	340
35	244
146	201
271	286
270	462
480	481
151	335
495	499
60	285
175	255
253	339
62	226
55	403
446	463
252	398
249	460
290	454
31	250
131	209
183	349
87	395
383	455
160	421
124	182
242	425
342	395
55	176
211	245
5	57
177	471
238	243
21	160
126	233
124	363
373	441
217	483
138	359
111	450
154	254
168	270
235	249
12	82
322	363
64	384
293	489
50	394
136	219
119	334
240	304
86	375
48	100
419	462
73	170
441	457
157	234
229	382
133	183
256	341
335	354
306	344
241	451
356	394
180	194
287	448
217	345
98	372
6	267
107	391
141	438
232	374
212	293
21	414
15	191
333	467
49	461
180	393
97	449
228	279
117	326
340	430
163	387
214	417
134	229
97	331
76	476
76	318
6	242
292	416
75	132
227	257
184	354
302	328
124	166
81	470
352	376
49	58
80	291
29	78
385	417
200	213
89	233
53	136
19	352
242	280
303	374
240	471
90	484
300	499
315	362
123	484
33	210
22	138
111	220
457	471
309	354
101	321
146	249
299	461
78	167
88	240
417	424
246	490
148	282
129	156
245	471
47	150
363	449
206	299
385	475
291	458
60	375
270	322
7	27
194	436
136	300
254	366
44	277
94	372
248	278
111	120
50	398
131	482
56	442
435	452
337	437
89	176
222	478
227	341
257	407
142	428
10	218
114	336
363	496
170	393
97	251
447	466
183	240
109	300
262	351
373	496
142	215
277	317
26	374
115	302
387	456
15	325
204	227
126	337
120	374
36	128
306	441
439	456
282	328
14	143
76	481
90	342
72	295
62	391
204	395
119	486
368	443
177	342
74	369
63	83
246	437
394	456
83	329
279	445
97	285
323	368
64	182
190	258
253	460
103	410
290	478
124	204
248	274
436	494
154	281
251	330
315	497
67	409
18	92
410	445
123	478
350	412
176	341
19	306
10	375
123	380
236	463
21	181
177	369
74	249
6	499
211	451
387	420
136	392
42	166
15	234
60	162
287	332
91	480
382	413
50	158
462	487
10	260
95	210
366	454
55	88
223	237
362	459
300	469
6	482
143	287
111	347
93	238
196	241
8	207
24	253
66	319
209	388
155	171
188	335
75	436
70	150
362	392
75	467
39	378
188	465
171	316
95	351
317	397
403	446
14	283
23	161
163	358
22	479
18	36
75	392
292	373
13	115
304	399
206	448
270	318
382	477
119	303
62	467
181	398
30	283
272	486
18	410
42	331
200	416
20	403
134	393
82	195
188	384
50	257
306	355
35	193
79	163
3	421
309	497
19	94
0	1
213	468
283	292
38	141
392	480
59	183
320	476
186	335
141	467
146	388
16	368
145	183
328	478
3	171
362	461
102	414
145	463
137	273
428	431
349	376
128	366
175	221
196	488
103	445
23	466
213	366
189	260
454	487
346	482
3	89
327	408
56	119
217	475
378	496
242	269
98	218
215	481
90	145
13	250
11	393
177	375
152	291
45	101
91	339
265	428
328	354
43	281
82	373
11	66
206	382
136	447
67	320
16	345
1	253
2	453
168	456
76	432
14	160
236	237
71	132
28	486
31	51
126	309
11	78
149	186
226	346
192	463
322	371
28	317
52	482
433	435
293	374
47	266
86	359
269	390
21	405
23	451
107	497
165	423
106	339
128	170
208	433
188	249
25	283
431	490
370	420
61	269
337	376
266	482
157	336
239	490
64	230
225	430
156	288
114	284
192	381
142	277
4	397
380	403
14	218
233	457
29	359
34	115
145	449
281	405
282	382
25	309
158	421
386	430
72	301
232	490
11	397
94	219
274	408
15	55
49	297
67	356
435	446
154	360
262	395
50	302
304	486
198	302
69	383
161	362
77	416
29	191
51	436
219	266
341	371
458	479
202	361
206	466
24	205
299	490
423	487
142	174
6	241
81	372
31	37
48	146
61	205
189	440
302	338
10	57
84	112
46	262
85	192
337	385
146	437
129	204
70	278
366	427
177	437
276	452
37	146
307	373
99	192
332	342
72	423
139	485
195	200
116	272
415	475
107	223
44	157
447	498
148	487
238	296
209	367
162	400
192	422
174	207
321	323
211	471
62	398
315	478
72	195
322	452
240	268
237	262
109	336
185	233
355	356
223	321
0	386
237	391
93	442
303	419
73	429
50	463
299	399
117	338
48	105
157	280
363	473
146	160
152	232
358	370
53	231
78	180
284	347
49	232
325	467
346	454
69	233
132	315
56	461
133	185
239	338
185	380
178	421
168	469
45	407
213	374
233	460
83	485
0	54
38	183
130	401
352	394
85	236
50	118
63	394
229	471
74	195
106	143
110	124
6	182
159	384
100	486
238	467
402	427
238	387
69	242
281	474
154	249
299	445
121	470
38	118
30	63
72	342
304	315
48	111
415	497
69	210
146	168
420	444
213	276
52	170
111	249
315	425
34	204
179	354
335	461
39	367
91	396
98	429
209	308
52	172
47	319
196	333
165	436
234	420
367	383
255	264
382	422
225	488
220	260
95	403
12	192
180	396
285	400
133	317
186	245
105	213
57	65
362	416
124	131
64	493
388	492
187	288
87	354
69	127
69	79
165	498
67	173
354	372
169	298
115	430
235	276
57	351
90	474
237	457
62	173
49	346
201	461
218	458
259	267
61	103
304	394
9	234
54	141
256	485
135	398
187	205
192	457
75	281
346	440
75	128
107	369
131	450
230	405
228	286
302	491
30	115
286	446
362	466
343	409
56	111
7	431
199	337
218	396
248	254
68	426
162	429
31	410
223	482
263	266
275	277
106	432
67	177
28	77
218	269
116	231
397	459
34	260
320	451
31	158
400	413
3	173
156	438
386	450
338	480
366	462
130	316
269	287
235	248
227	454
1	294
81	315
227	422
125	163
3	497
178	479
64	270
228	277
262	469
104	359
313	393
54	469
85	468
97	172
267	463
112	126
45	95
45	410
118	164
90	371
312	356
331	406
13	328
3	68
31	337
11	160
82	97
235	301
17	114
338	468
95	238
103	147
30	469
72	249
199	215
232	295
56	230
62	430
332	444
298	376
257	493
276	344
109	137
85	216
67	75
271	289
86	289
168	452
51	129
262	383
103	183
294	438
206	386
367	485
405	408
17	229
38	175
133	428
301	404
63	451
2	172
207	274
77	223
105	395
289	451
211	378
463	488
61	435
66	480
62	257
74	238
183	276
247	278
75	265
180	363
34	476
194	241
12	134
31	142
79	286
75	376
80	136
56	227
101	213
118	304
25	337
47	99
343	387
277	289
267	416
27	425
50	381
301	400
17	412
31	244
111	316
259	431
295	375
46	243
20	239
20	144
79	460
410	476
310	373
43	179
77	427
328	368
116	268
70	82
165	420
335	341
245	357
74	402
326	405
74	268
350	409
113	443
89	392
27	397
321	405
18	481
36	214
180	318
394	421
171	201
132	194
27	336
194	215
381	427
387	428
165	340
5	55
460	484
355	486
59	271
101	416
187	411
197	249
282	448
37	138
98	147
120	302
168	360
199	369
253	418
15	476
182	398
329	413
107	339
45	202
340	385
73	129
204	451
121	224
114	375
343	364
37	342
163	367
65	127
261	325
187	282
24	439
106	477
279	464
188	366
62	402
117	496
129	168
349	468
152	441
96	347
20	413
196	438
27	273
12	60
324	327
247	264
108	170
68	393
202	354
62	139
73	191
414	421
177	429
144	438
188	306
12	316
125	473
15	346
55	210
349	480
326	477
162	337
218	266
48	267
417	471
147	338
438	459
44	130
170	353
218	332
94	431
99	206
154	386
154	377
86	137
8	40
162	423
381	390
139	395
69	194
95	368
137	331
59	437
179	487
133	269
71	289
64	104
259	422
249	256
43	324
7	443
284	317
73	269
9	200
191	393
140	272
48	84
101	346
410	480
178	320
310	439
73	130
126	292
384	438
108	115
137	191
232	477
248	396
41	367
361	412
236	273
48	458
339	493
308	419
114	443
315	347
115	343
119	445
156	475
52	202
316	394
209	356
159	179
57	476
398	418
228	481
39	421
9	443
179	303
213	390
19	232
5	363
2	285
28	129
377	436
206	480
114	282
76	235
100	245
257	286
170	473
14	65
17	245
235	309
65	392
237	386
114	127
78	321
118	374
257	476
71	481
105	323
155	428
263	297
369	395
36	207
62	258
346	364
181	265
103	275
347	482
227	300
219	432
178	259
203	389
176	450
375	458
304	347
21	55
147	151
181	259
335	382
369	425
123	314
137	178
44	349
158	181
225	481
225	302
413	417
172	499
18	66
8	133
403	418
159	403
265	404
50	419
26	408
55	342
144	320
163	437
319	386
102	393
7	38
368	494
108	475
200	373
7	315
113	156
2	475
141	187
85	284
153	368
65	201
97	469
130	463
178	493
222	307
336	362
96	255
117	265
213	422
106	295
148	302
161	495
249	447
73	360
115	332
13	68
162	407
141	159
48	405
195	487
152	231
61	123
187	460
312	340
229	324
316	355
104	377
320	455
315	443
110	478
111	496
66	164
301	373
317	403
121	217
27	344
197	311
76	305
317	443
381	468
13	180
78	247
103	141
262	433
273	438
14	406
99	173
197	287
46	342
228	266
74	388
88	440
143	321
1	333
165	224
304	348
69	320
194	301
177	473
218	335
214	291
314	355
70	467
107	491
236	284
103	460
295	346
191	490
392	439
74	330
251	417
109	482
19	467
31	404
60	284
121	465
116	454
398	415
306	400
57	262
12	323
22	382
27	330
80	453
297	455
49	92
82	292
182	271
316	410
102	172
9	462
182	319
380	411
93	308
48	342
66	296
335	416
349	363
148	184
4	377
237	388
223	361
433	469
102	184
104	447
60	71
156	189
211	422
138	493
310	456
160	490
131	415
7	61
67	484
240	410
200	208
160	276
214	444
107	257
284	320
165	336
24	405
273	471
183	369
358	466
223	463
25	243
373	480
346	485
309	334
251	256
41	473
149	213
104	172
144	457
22	330
194	278
168	267
394	461
164	471
3	124
229	422
110	297
117	129
142	214
36	380
114	167
410	453
65	367
157	489
95	405
247	443
143	274
52	134
60	377
32	65
142	417
136	251
409	418
392	431
93	406
99	439
59	113
404	489
379	454
141	439
32	157
158	208
114	137
285	439
15	267
410	429
320	499
195	340
25	482
96	333
0	413
173	377
147	476
259	320
429	430
217	338
343	370
16	29
134	473
197	492
298	351
40	408
103	425
336	481
142	329
41	154
235	239
43	125
339	460
312	475
317	449
264	388
108	181
69	193
100	238
37	498
240	467
65	215
191	477
5	398
40	421
53	370
26	473
337	447
268	346
54	102
144	496
337	497
457	489
300	488
98	460
19	50
147	178
49	127
49	139
304	325
9	128
221	226
216	447
146	324
83	254
112	148
359	375
251	290
86	397
156	422
288	411
256	401
244	277
387	463
76	308
111	482
173	445
149	231
27	47
95	164
44	444
316	459
257	479
163	400
136	314
42	139
227	484
257	441
318	485
35	63
110	486
267	433
253	404
209	318
414	476
3	207
44	350
166	358
213	261
39	386
346	375
37	206
4	64
176	331
88	299
347	480
67	422
261	476
177	186
75	465
116	251
28	152
18	42
88	375
58	160
250	433
190	297
56	301
16	183
71	282
204	211
69	263
10	414
112	415
91	205
339	375
98	297
25	332
196	420
77	199
208	388
38	465
2	28
25	67
132	408
106	256
436	449
207	372
77	446
452	489
209	278
133	325
34	226
341	491
0	14
22	255
82	440
431	458
268	463
178	350
167	230
168	282
73	451
156	235
14	124
227	384
27	152
223	325
17	79
33	144
360	467
249	359
172	345
53	363
397	447
0	165
290	359
55	195
340	416
218	437
64	260
53	220
35	215
216	341
209	224
267	282
421	455
115	341
131	215
165	217
69	78
420	442
51	238
175	203
66	151
8	214
6	172
111	121
251	285
74	470
266	435
184	473
113	155
276	420
429	466
179	379
245	443
104	202
146	321
31	391
95	337
22	289
71	490
141	310
347	425
129	348
466	472
72	246
220	355
85	128
111	313
260	424
2	388
281	458
53	409
163	255
67	172
235	331
160	472
260	485
182	491
81	86
65	98
436	479
204	393
68	396
11	139
66	348
7	29
178	213
143	397
310	324
95	457
209	410
47	141
22	72
157	437
35	38
43	171
57	286
42	124
161	490
26	259
81	293
130	419
218	476
66	242
118	212
54	259
191	485
73	352
75	84
237	327
76	411
431	433
123	133
253	260
156	395
133	232
361	446
137	485
156	204
28	474
189	469
275	472
190	320
19	309
93	171
115	393
156	366
199	364
184	312
337	358
153	181
264	368
97	110
52	163
135	174
176	281
410	459
337	381
292	363
32	312
204	207
198	306
114	411
121	475
333	368
100	305
180	260
202	210
73	390
143	226
123	406
170	226
28	439
5	27
46	360
95	166
77	458
65	180
14	309
89	446
440	471
193	464
233	416
118	120
254	412
331	338
148	466
27	335
11	330
186	421
246	473
204	440
8	415
397	489
35	324
301	490
180	427
55	338
202	466
153	360
94	282
111	494
19	193
155	241
264	422
240	422
246	485
58	415
415	470
135	219
101	353
27	452
140	260
159	457
178	330
166	238
165	233
436	495
209	462
18	179
207	281
142	291
213	442
129	257
22	473
78	116
363	379
142	307
36	491
0	72
411	469
12	181
167	339
4	283
178	448
77	78
142	178
169	211
19	480
57	259
19	166
178	258
154	427
245	365
128	465
43	386
182	194
232	346
134	260
89	246
185	298
336	426
15	241
417	439
125	304
16	401
91	288
72	415
400	401
264	457
0	418
229	246
25	454
183	351
265	409
64	175
260	285
207	464
119	134
169	399
257	470
270	345
249	283
4	97
6	362
190	365
74	255
18	272
109	318
97	103
311	366
108	196
74	285
112	428
309	409
331	346
117	298
427	469
254	498
256	276
189	232
93	351
118	383
334	495
338	354
56	128
111	421
119	447
288	332
184	404
338	374
68	367
174	359
34	151
19	417
330	473
82	244
149	384
278	456
170	275
54	111
240	408
170	394
103	187
41	498
293	429
53	204
222	354
387	408
253	370
230	420
3	488
9	365
205	460
164	432
36	204
315	344
177	287
443	456
181	330
74	459
188	433
226	499
95	440
138	297
42	179
60	269
152	449
174	448
61	393
42	299
107	474
178	261
220	316
247	392
18	157
269	459
43	145
140	377
87	429
335	336
176	266
248	492
52	223
46	268
114	135
477	495
381	461
239	363
160	417
265	474
145	444
92	229
137	414
34	265
227	370
146	477
36	72
59	366
103	160
136	305
20	426
223	410
333	359
104	494
267	402
133	467
9	40
82	290
74	361
71	244
412	457
97	357
164	218
81	231
218	337
174	273
224	445
290	489
382	428
199	403
195	245
4	74
359	449
123	238
70	331
175	349
12	383
344	421
378	425
89	353
459	488
22	392
157	170
77	147
26	205
0	443
291	376
297	385
49	202
124	305
53	369
152	243
26	324
448	476
264	483
338	493
391	457
191	442
283	306
108	358
319	336
72	375
374	453
4	40
210	489
50	230
64	232
32	276
61	494
136	171
120	352
113	185
20	250
106	292
174	212
146	280
10	264
332	441
19	207
166	460
134	385
258	372
51	176
217	459
441	497
297	415
61	336
296	461
41	470
21	352
119	394
16	463
157	382
126	133
331	377
109	396
42	328
191	466
135	159
64	404
210	498
408	412
35	154
305	430
54	89
122	416
72	242
118	366
129	320
118	161
36	453
418	490
296	471
26	151
318	359
157	386
161	383
8	261
51	134
212	457
393	400
227	281
2	29
28	246
350	354
99	226
334	481
308	424
338	463
137	426
211	324
349	443
202	344
336	365
108	315
281	314
133	302
284	440
260	352
422	427
283	410
223	485
267	403
331	374
44	274
178	250
313	347
189	252
459	479
7	115
20	370
13	184
100	137
276	492
107	329
247	465
246	260
150	383
236	329
209	259
163	302
165	218
216	395
38	448
21	244
205	332
247	439
39	154
212	259
34	52
73	207
161	474
161	214
101	290
454	492
326	347
284	452
241	450
39	370
241	355
62	170
86	433
208	215
198	230
105	321
327	493
108	478
262	286
222	358
141	163
412	468
246	461
309	323
37	52
156	182
296	377
134	240
144	289
21	271
196	380
79	208
75	145
63	354
262	450
474	488
320	467
63	426
159	319
274	327
1	289
203	362
132	363
302	452
300	441
384	453
282	462
80	217
75	497
17	290
248	400
257	405
361	377
184	401
38	46
122	325
115	409
158	423
359	384
375	383
264	332
311	411
86	95
281	418
29	328
282	318
138	452
238	393
110	495
65	213
95	438
33	422
248	362
108	221
120	483
265	392
290	344
211	237
379	443
418	450
140	482
48	77
45	455
308	316
127	450
177	499
0	47
103	321
262	325
2	155
11	90
122	171
123	305
393	423
105	446
182	488
184	397
371	422
266	397
25	43
202	298
380	492
1	175
252	310
25	155
169	431
33	174
99	338
135	295
349	485
164	212
31	213
339	400
94	253
386	422
459	482
35	442
348	461
246	400
71	428
265	355
120	197
273	360
95	317
75	414
230	275
152	207
40	403
202	461
23	339
225	491
98	153
97	120
216	311
387	479
3	270
187	256
4	396
31	330
122	366
266	363
33	159
97	473
206	262
101	154
196	369
276	386
444	483
118	241
66	360
106	407
16	360
95	359
260	349
222	374
281	435
187	433
99	101
83	350
17	163
108	433
129	397
33	320
78	129
30	312
9	167
296	386
294	329
56	360
74	267
129	231
14	313
337	477
141	228
43	100
399	461
346	376
36	157
303	349
227	432
180	319
222	488
348	416
87	95
35	172
68	240
132	171
98	215
328	369
113	386
314	450
142	469
244	326
2	232
117	414
260	361
133	312
55	200
270	489
54	496
102	304
100	416
133	444
403	490
13	16
23	286
173	354
159	350
171	388
271	296
322	387
149	380
238	476
254	434
235	343
62	332
201	281
40	423
9	305
211	414
250	301
485	492
44	94
48	287
147	389
294	385
282	312
18	220
245	472
46	448
172	440
89	194
1	495
15	37
330	457
28	385
91	168
300	364
58	150
57	245
209	393
101	392
72	230
22	427
99	329
241	284
317	458
17	140
302	429
78	238
173	447
422	484
34	156
109	487
40	324
224	252
9	141
144	236
139	143
96	399
6	469
211	355
39	389
127	248
131	489
69	207
256	281
39	346
27	350
272	303
98	269
43	406
234	349
275	356
245	398
34	251
165	184
75	264
0	264
225	388
335	446
366	499
172	376
137	295
57	294
372	457
186	296
279	451
224	483
92	191
94	299
410	457
332	366
211	221
100	406
45	365
299	307
200	252
26	472
236	420
4	341
120	430
380	452
397	463
418	427
257	277
261	447
82	403
16	31
242	385
186	203
160	225
391	449
94	470
140	452
219	252
335	407
80	286
180	254
25	26
262	291
21	492
289	490
115	121
236	286
226	234
296	371
203	346
125	217
110	322
141	149
20	308
435	482
336	438
121	211
2	90
46	479
170	184
175	274
372	496
301	377
270	439
179	490
25	189
318	456
341	394
253	310
254	377
140	447
166	499
186	227
290	317
56	415
394	405
379	415
34	360
162	464
24	411
126	420
387	441
13	97
105	353
269	353
29	379
311	428
4	480
81	182
309	352
65	478
185	338
269	488
388	443
10	442
245	296
145	442
8	424
363	495
434	442
27	188
419	423
369	417
28	30
53	338
78	222
290	407
199	313
320	353
73	394
247	369
114	307
203	219
152	210
11	220
185	398
130	188
54	207
277	299
127	240
27	177
407	460
16	121
82	224
94	118
125	222
208	211
49	124
410	413
201	402
140	498
298	324
54	407
286	468
62	462
273	415
107	313
137	197
9	247
320	415
172	494
161	234
220	295
222	361
190	223
178	430
1	350
22	373
46	69
52	429
157	435
19	295
15	270
108	259
130	373
70	153
155	457
244	249
372	427
373	395
372	383
171	387
89	144
204	329
422	479
67	253
23	421
197	209
187	426
87	366
88	403
185	272
46	348
265	350
33	142
235	428
287	444
223	449
250	352
260	330
170	468
4	28
241	277
25	175
130	489
114	181
292	349
153	218
137	144
153	458
331	339
201	427
100	250
73	291
99	248
142	391
162	412
88	195
4	495
12	432
110	296
8	442
99	116
392	495
332	376
194	197
114	321
167	266
9	427
33	264
44	306
313	348
181	439
247	337
193	325
135	197
36	427
207	472
262	363
30	421
43	311
159	367
96	330
16	250
275	380
172	394
12	214
218	408
65	205
324	493
135	177
275	440
102	366
220	438
234	269
97	342
98	221
388	401
431	494
123	385
336	354
26	115
168	206
218	453
276	466
162	452
344	358
149	228
259	270
198	379
183	468
79	384
185	268
113	409
120	456
280	322
157	405
116	191
172	389
207	494
3	63
92	425
33	418
372	458
303	485
4	342
72	410
8	318
87	103
412	461
72	476
139	253
195	391
29	301
82	142
301	338
251	324
394	485
121	181
277	453
47	352
18	273
161	194
132	210
240	453
390	425
136	375
264	472
71	489
14	476
24	267
330	458
6	134
134	285
57	110
110	161
94	405
259	340
92	106
224	320
15	386
14	171
19	91
162	472
28	496
136	497
24	442
70	73
0	31
209	351
376	434
136	157
265	431
241	387
236	306
75	226
58	372
10	318
173	422
212	374
80	276
125	161
167	323
251	347
201	279
236	454
89	207
246	483
124	125
330	498
282	469
31	351
10	438
435	497
8	258
252	480
9	421
53	331
36	483
87	286
48	394
376	473
84	416
96	431
304	417
107	268
203	232
225	449
217	267
152	307
83	185
157	413
97	165
183	245
301	370
160	436
267	394
25	380
324	330
269	407
176	400
303	431
20	64
73	295
47	415
73	235
49	146
57	63
87	347
25	230
142	288
15	50
166	299
2	358
105	441
283	449
31	227
318	420
390	474
54	219
245	298
224	300
241	462
35	446
14	90
165	404
51	313
300	387
199	341
255	457
97	170
360	392
54	94
223	473
230	262
84	439
58	460
132	221
199	256
238	497
334	337
124	464
211	214
110	431
156	437
144	210
242	489
320	330
165	472
278	424
72	264
91	187
61	163
95	332
49	61
34	478
3	235
128	235
466	467
221	450
80	446
215	455
342	445
147	405
56	209
5	447
325	336
51	83
81	434
2	130
73	185
177	346
337	353
394	420
117	170
126	252
32	414
50	297
272	365
322	487
29	363
454	490
112	319
108	464
88	280
138	168
176	428
78	195
241	308
282	384
268	481
319	334
258	425
167	229
178	288
11	194
86	362
323	412
212	452
64	242
250	491
344	346
0	268
439	497
132	260
69	337
135	195
194	326
284	360
275	393
271	322
272	311
13	466
225	457
34	320
431	457
300	459
21	381
23	415
57	271
125	237
381	431
68	211
79	142
234	410
200	392
170	347
166	376
218	304
411	474
142	363
1	314
115	373
14	431
130	203
81	378
192	483
2	313
232	444
174	301
396	424
211	299
80	424
63	64
432	485
227	458
191	220
3	177
123	431
211	357
230	469
101	248
420	453
17	98
17	50
254	404
77	104
172	410
164	374
315	472
132	461
103	237
80	123
235	325
289	464
167	418
26	392
106	260
268	345
179	292
177	226
74	264
165	330
477	482
174	434
1	26
8	242
191	337
286	495
8	388
111	385
225	341
178	212
25	405
327	466
314	458
29	110
271	426
221	436
70	487
65	88
340	360
409	470
419	453
100	451
87	421
135	392
171	284
221	303
351	372
110	266
189	455
267	380
413	464
204	344
189	399
395	431
121	469
288	486
16	309
56	365
22	158
422	499
149	441
49	360
391	409
6	93
200	204
340	362
246	328
145	452
32	340
382	405
68	227
41	300
137	306
134	411
27	76
160	195
230	449
380	491
28	446
40	310
398	430
223	408
173	356
242	245
11	224
134	160
46	484
14	414
308	473
103	251
143	438
74	354
92	307
235	337
256	353
70	409
1	436
456	463
60	226
406	407
10	367
24	131
254	373
297	318
137	320
111	474
43	285
316	327
103	475
102	188
107	207
38	236
41	105
9	326
346	356
130	404
85	215
332	475
309	321
79	82
7	31
329	337
119	351
120	170
99	482
127	166
173	176
96	309
249	411
170	199
100	200
158	192
203	479
35	111
29	338
173	448
72	260
98	175
210	342
430	486
164	465
346	399
383	452
16	496
135	154
123	232
147	391
253	263
317	394
54	237
222	295
168	249
468	485
210	236
23	282
160	235
40	204
418	437
159	178
212	344
216	235
362	495
4	418
333	460
36	487
87	246
148	190
133	388
60	335
246	318
179	454
45	493
314	378
74	308
152	336
232	350
293	376
58	223
329	480
203	303
92	465
27	244
254	327
46	252
190	333
33	44
87	386
28	315
123	155
66	134
70	179
375	425
10	458
157	483
175	491
423	493
262	378
268	478
90	144
480	494
234	239
24	119
38	165
254	269
137	327
291	360
240	293
77	196
49	269
36	428
128	224
141	223
416	461
7	348
100	171
120	244
42	485
166	468
328	352
48	178
150	223
76	297
249	427
164	204
14	200
450	468
265	282
49	312
192	294
218	220
106	169
96	271
216	469
79	101
298	346
59	104
56	214
168	362
284	293
464	499
166	486
0	196
11	409
9	395
204	367
3	268
76	417
151	475
143	393
288	375
364	381
136	306
133	447
201	298
101	262
287	424
294	307
58	493
9	95
240	437
226	473
32	102
151	480
259	486
134	390
42	50
414	478
335	414
87	363
369	383
295	445
163	468
171	203
296	435
392	467
12	262
290	433
206	255
214	351
37	87
63	144
64	245
367	456
234	476
160	407
83	495
99	372
94	491
111	440
114	440
326	402
31	320
44	326
25	496
311	355
220	324
23	272
130	145
281	329
38	402
31	257
248	333
159	187
238	304
226	488
97	260
273	483
94	320
151	217
108	398
30	364
153	159
373	400
18	98
126	405
453	459
37	56
261	337
28	243
18	293
58	264
47	136
23	212
367	385
29	111
326	483
189	401
341	355
128	284
46	313
302	352
142	431
219	398
4	21
25	365
14	30
358	389
171	204
6	420
246	362
108	357
150	263
215	466
18	135
215	374
146	460
16	98
187	200
13	120
38	422
171	453
75	174
117	128
29	344
48	424
57	427
149	237
235	385
39	138
399	438
80	260
270	323
225	331
79	407
295	471
257	279
40	268
299	468
203	404
245	464
14	386
355	434
63	287
145	385
430	440
180	425
199	434
62	263
22	254
486	490
179	453
136	374
412	476
357	391
323	381
180	347
150	350
13	261
46	425
436	493
126	144
74	87
58	140
170	413
15	391
391	489
252	322
40	238
21	71
128	320
456	485
46	202
100	310
27	61
2	14
87	376
447	482
279	353
198	305
73	177
297	493
131	177
38	312
294	356
46	284
109	295
302	426
316	420
175	225
223	433
426	496
172	207
103	145
311	324
230	440
179	348
70	326
75	334
189	236
237	411
20	373
409	435
47	471
185	438
147	386
243	352
170	315
190	450
270	423
37	93
97	453
74	450
2	210
269	335
9	281
348	409
4	479
163	481
3	416
158	285
194	311
177	264
78	348
46	441
217	357
188	368
254	482
92	266
330	388
58	421
50	357
113	349
142	364
257	274
126	303
342	394
188	228
235	338
111	405
369	371
56	196
29	209
126	274
103	243
23	416
247	413
86	130
201	278
144	284
3	73
21	149
187	398
223	337
60	262
121	202
199	280
47	66
41	48
318	474
41	255
156	377
190	277
138	385
197	277
35	342
87	449
358	495
55	204
338	349
303	416
84	267
229	233
224	313
163	397
129	288
83	267
170	346
248	366
15	433
53	159
78	382
34	133
266	354
320	413
54	114
88	146
79	351
191	279
164	464
196	466
47	436
33	201
417	483
277	318
121	270
78	130
95	444
123	471
438	447
94	416
23	296
160	193
30	85
31	110
183	264
33	463
281	318
138	337
89	203
123	322
126	384
324	356
384	471
155	161
325	484
164	379
226	248
199	289
43	423
305	454
433	457
182	334
268	441
73	208
211	251
87	377
416	436
30	143
131	424
355	431
450	461
173	262
416	494
98	366
178	494
234	327
97	334
137	380
265	299
112	296
161	175
29	130
281	473
113	142
15	113
14	247
325	347
348	483
448	496
135	188
452	469
51	211
27	370
193	390
46	266
294	489
54	133
46	345
130	256
146	282
273	477
18	347
27	150
370	429
93	306
137	210
51	324
66	175
325	491
42	81
308	493
339	452
134	341
130	244
283	431
247	276
14	299
215	459
20	84
153	242
105	430
23	186
162	375
95	229
105	109
293	451
265	434
206	312
77	480
255	303
74	102
379	386
102	395
419	448
91	163
62	145
366	453
165	289
37	171
139	496
227	319
335	453
122	291
176	390
234	375
55	258
191	192
37	253
391	484
24	241
90	219
258	496
280	282
281	299
172	283
209	244
86	382
20	372
314	321
77	301
173	369
55	375
109	357
138	384
120	167
264	488
39	190
83	252
232	432
24	473
404	439
67	100
403	428
84	458
100	149
359	428
164	430
78	366
171	278
90	472
103	419
44	441
31	248
35	408
349	375
33	313
326	403
125	151
23	173
307	486
280	294
112	268
63	177
302	324
199	245
176	351
290	498
111	291
104	455
150	286
403	478
65	83
416	425
230	417
119	421
4	432
336	442
190	432
162	401
55	57
278	426
53	484
274	428
241	307
6	230
241	498
41	157
95	451
45	253
76	321
134	361
75	188
140	310
135	466
53	464
366	391
30	287
59	322
15	45
138	318
448	470
70	188
33	78
400	479
115	255
43	391
82	189
82	232
60	362
115	164
26	416
132	285
149	189
82	148
167	346
277	436
281	438
27	118
216	289
403	415
422	492
356	441
54	362
231	239
289	478
255	426
179	334
260	356
225	444
120	346
59	212
46	306
40	280
204	318
11	274
8	344
60	249
189	340
275	406
28	305
36	287
103	205
315	367
130	351
14	232
250	376
131	337
158	499
219	304
287	392
141	145
427	449
244	300
196	276
286	388
229	312
184	335
56	117
496	499
332	437
257	318
349	424
200	250
34	99
317	401
54	485
75	159
174	364
12	220
166	197
56	80
147	200
285	488
323	327
21	279
133	408
216	444
94	456
315	335
120	130
183	277
192	424
53	276
356	494
233	390
96	213
218	299
7	86
153	180
5	391
89	153
233	293
17	32
97	320
32	264
213	405
148	393
421	481
248	344
454	464
230	390
193	425
251	415
66	433
44	293
12	443
245	340
113	325
463	467
44	168
165	496
413	445
62	356
102	447
37	417
274	285
120	221
78	465
413	434
83	299
142	466
277	279
66	469
91	309
68	245
2	119
139	162
282	349
109	236
105	375
356	410
12	47
205	403
261	497
165	219
63	100
216	323
270	415
237	455
281	446
193	337
176	343
59	343
136	397
97	190
3	8
376	400
33	40
355	368
394	492
224	284
2	157
51	195
350	471
12	29
42	92
175	488
292	467
180	206
110	490
100	134
164	343
217	451
28	124
353	442
123	302
141	305
134	202
342	378
93	243
99	345
9	66
428	467
138	491
252	453
99	440
170	498
120	289
291	349
161	286
342	361
38	260
228	392
164	334
203	301
114	391
158	240
221	278
135	271
19	490
117	263
234	383
330	448
244	392
417	480
127	278
102	384
18	337
236	470
272	389
378	432
189	319
1	497
443	445
343	376
17	211
35	454
210	249
232	302
280	341
14	150
395	433
99	284
174	180
295	465
8	416
425	476
253	387
184	436
137	276
102	443
364	410
73	87
47	156
58	430
86	327
61	184
354	377
40	424
0	236
371	407
2	314
27	209
94	141
65	432
211	255
42	439
272	358
256	311
175	250
156	245
268	399
6	369
77	402
186	305
61	470
57	249
238	495
139	482
80	493
280	307
472	480
91	253
280	492
69	392
218	303
86	498
145	467
233	352
124	194
55	137
261	475
157	286
5	419
109	360
133	340
18	354
59	84
280	469
66	412
278	374
8	194
215	368
83	410
178	391
227	255
393	430
233	300
82	358
33	315
26	232
131	427
0	154
21	131
21	470
49	287
130	303
369	398
87	191
405	411
93	249
173	350
105	249
78	132
89	129
216	496
7	215
201	446
287	304
71	179
260	378
192	271
159	488
306	405
15	17
296	492
97	217
44	364
163	279
88	468
411	430
365	477
109	133
331	494
139	154
190	451
414	467
2	322
191	365
126	497
146	382
3	71
91	266
180	375
295	365
106	457
153	209
210	424
117	286
397	416
55	87
34	436
41	416
82	459
227	373
178	390
413	494
233	289
37	190
65	483
152	457
371	460
161	493
349	404
17	263
97	177
224	423
116	488
277	341
350	398
412	420
46	481
33	217
41	206
266	448
423	483
96	436
368	390
256	475
230	438
210	474
15	257
136	469
447	492
178	294
27	196
189	310
290	349
125	262
302	343
94	421
49	406
376	497
2	69
240	430
184	229
31	305
265	377
400	483
124	387
81	208
67	306
156	298
194	389
10	269
129	491
236	462
173	473
191	203
51	166
383	395
79	279
179	208
260	435
169	339
300	311
20	464
166	315
95	300
93	224
330	377
166	266
54	98
180	343
37	408
107	230
94	198
6	426
132	214
242	312
284	314
365	380
135	419
360	477
248	313
115	328
118	479
112	336
1	477
216	333
75	291
151	317
60	366
63	187
391	414
117	229
14	372
337	464
388	495
61	444
269	418
32	57
6	326
91	399
35	349
152	225
368	495
166	275
67	235
93	372
275	445
59	105
26	193
292	380
77	220
257	316
122	351
200	386
55	235
230	394
194	357
197	480
179	367
62	256
96	286
204	457
144	405
177	262
199	299
327	365
315	326
153	246
16	28
228	499
48	366
218	343
205	265
63	103
55	341
187	214
254	492
62	198
176	476
361	396
79	387
92	480
94	129
76	327
48	398
172	202
60	308
10	33
222	414
25	443
241	453
364	367
150	450
313	450
114	149
119	127
35	330
100	108
185	193
130	444
133	358
87	481
15	437
152	202
280	391
126	272
385	499
131	235
11	383
313	383
55	211
194	273
73	292
140	214
80	152
17	191
147	309
7	52
13	210
120	364
92	274
160	323
71	342
312	417
458	491
58	129
74	136
24	401
166	251
63	277
263	382
121	274
72	136
3	306
224	498
37	114
230	352
25	419
123	347
171	446
298	434
123	167
260	346
219	290
215	295
37	226
285	362
387	443
284	453
151	258
160	403
268	363
263	314
160	352
0	450
133	434
328	358
73	182
39	394
274	451
126	245
138	382
298	352
21	346
258	263
242	254
4	88
12	296
309	378
342	415
217	383
206	359
275	454
406	416
231	414
57	454
103	143
11	396
397	462
231	331
388	477
69	406
107	125
328	458
158	494
327	396
18	161
233	395
55	243
249	369
417	458
405	425
394	412
181	321
143	384
317	427
104	342
29	201
41	143
174	208
179	387
38	392
342	425
26	370
100	402
209	326
134	182
101	390
112	184
266	316
315	361
466	480
288	431
29	268
107	458
189	384
279	357
56	484
18	456
216	255
109	461
116	392
55	398
261	294
102	158
256	390
286	489
202	275
73	337
85	293
374	495
34	86
198	223
110	299
150	158
8	76
128	450
85	273
428	457
88	454
123	461
156	378
51	402
166	168
186	403
431	478
286	307
190	377
199	424
182	295
334	474
81	303
408	442
186	369
234	236
161	215
382	490
118	362
393	416
127	391
4	176
360	396
132	341
17	167
112	326
172	363
371	492
212	227
9	491
26	449
71	348
126	138
294	300
232	358
193	354
169	258
252	365
237	300
141	232
49	307
15	103
31	497
236	297
208	336
302	431
167	398
130	170
118	310
221	437
185	303
165	481
199	305
46	274
309	422
17	386
315	388
47	402
146	345
230	237
66	385
221	490
164	475
145	281
134	297
72	137
192	257
319	462
371	402
314	468
266	387
173	184
342	352
118	379
11	436
288	490
250	294
204	216
223	491
70	328
40	317
225	290
221	442
271	274
151	224
265	375
100	485
68	129
295	348
43	138
255	339
166	379
0	81
90	427
29	487
76	335
56	465
63	69
5	177
288	323
65	388
23	231
322	430
11	98
25	196
175	420
228	269
315	334
58	97
334	460
268	338
45	401
170	425
39	390
427	443
94	497
63	332
64	492
104	281
152	410
117	261
243	251
226	464
164	443
62	354
75	421
35	425
212	282
152	383
81	490
251	384
10	181
222	347
385	427
35	488
26	400
167	215
96	421
338	410
287	395
56	182
299	460
314	317
92	499
41	460
247	311
175	207
98	385
76	77
74	451
90	441
285	398
105	388
371	409
6	261
19	200
189	301
199	396
347	422
120	126
42	460
85	97
171	426
20	161
58	229
243	317
209	232
48	452
118	312
158	279
60	487
88	422
239	492
318	394
390	394
188	370
221	371
380	471
245	409
160	413
77	213
171	294
41	248
80	459
349	433
246	348
27	322
16	483
176	446
114	420
410	472
214	408
103	173
110	207
31	274
272	323
116	437
34	188
136	494
31	159
318	396
168	396
98	201
241	246
91	262
5	197
228	364
243	360
229	373
88	413
347	389
173	313
25	366
52	104
371	390
314	442
234	437
271	277
180	416
4	332
153	383
93	344
225	464
55	491
66	464
158	183
468	498
126	154
349	465
86	260
142	159
134	360
105	255
142	386
12	90
129	327
183	286
221	311
211	360
132	402
209	382
101	446
132	453
160	415
185	280
92	133
143	262
89	323
64	82
275	370
254	309
221	351
45	166
350	357
4	444
258	464
75	225
69	371
54	297
78	127
108	154
304	390
122	310
62	389
188	382
48	442
34	194
2	132
160	404
245	306
277	487
35	482
169	198
155	219
39	250
267	374
395	407
126	380
106	420
203	426
73	132
5	131
242	307
392	419
440	476
7	402
15	51
49	394
160	402
124	267
34	392
188	233
182	347
273	417
87	478
79	294
235	416
219	284
182	187
73	499
76	459
40	308
276	470
357	484
46	155
312	479
437	454
98	423
372	475
239	441
8	33
45	214
223	291
338	361
337	419
241	447
205	377
207	398
11	328
248	312
378	492
122	383
168	417
307	458
55	372
69	84
136	406
315	458
48	59
105	107
444	457
74	150
50	122
200	438
139	407
148	223
95	406
110	470
148	287
90	421
141	284
122	353
437	494
132	330
389	414
156	412
273	490
146	173
78	288
480	486
338	358
23	191
299	453
325	332
189	418
42	178
340	485
147	251
361	468
16	56
195	390
230	296
96	245
187	389
61	105
96	193
126	314
366	466
101	166
197	344
350	486
61	324
117	462
53	258
84	156
119	260
60	446
351	439
39	454
360	382
27	436
27	446
111	469
40	256
84	464
415	446
9	208
24	394
186	460
80	429
108	267
124	391
26	417
341	372
118	463
105	366
268	296
40	460
333	448
133	157
441	482
268	488
252	301
381	454
67	91
209	285
146	364
373	405
340	387
181	447
421	447
14	132
124	327
351	363
421	456
195	422
186	343
16	380
386	389
199	411
263	312
245	280
12	327
74	435
20	359
348	372
149	327
366	490
222	443
26	458
198	450
121	460
284	330
72	471
22	326
133	484
69	102
227	488
88	262
306	341
245	448
57	278
195	276
152	172
42	427
100	466
134	302
389	486
146	310
172	263
23	199
26	280
97	154
95	415
126	206
105	235
193	327
39	358
323	400
277	287
109	212
71	283
41	308
473	499
26	361
107	486
184	376
338	364
308	446
114	488
23	399
174	239
227	290
119	204
125	248
218	350
278	447
54	341
15	99
37	77
265	418
64	400
178	265
5	383
287	451
229	385
23	391
249	496
130	353
86	295
93	383
230	458
38	133
5	134
175	325
157	470
128	205
13	166
150	437
361	363
4	298
171	214
53	70
137	211
81	310
20	469
189	381
428	429
69	327
402	469
150	211
94	143
206	484
183	218
30	112
272	478
239	459
7	148
33	342
129	474
44	214
98	354
25	479
53	359
104	217
75	361
84	499
62	440
119	278
135	372
79	469
200	487
174	176
16	291
166	417
227	446
72	86
190	412
22	132
20	209
253	414
192	252
187	391
316	489
88	476
180	458
70	135
234	378
192	321
69	424
353	486
71	474
15	303
410	488
236	338
196	340
264	353
99	431
40	160
384	402
56	60
209	225
152	296
343	437
208	257
382	474
112	282
250	295
142	492
48	141
198	392
260	414
188	434
38	487
346	365
24	59
353	404
275	469
202	251
217	455
197	337
119	400
79	177
86	475
74	191
93	388
95	458
38	474
387	472
234	459
41	49
273	492
62	203
18	383
300	438
126	232
295	495
82	108
116	203
237	456
36	115
135	241
291	330
285	357
95	410
450	485
165	415
15	224
265	396
137	290
244	471
17	227
131	141
266	438
83	337
55	188
15	299
312	490
214	292
324	456
188	431
43	436
258	397
204	370
23	141
94	181
53	479
122	280
133	324
145	168
37	233
313	485
120	270
188	378
291	383
157	288
29	395
15	38
102	159
68	358
427	478
65	431
131	241
268	455
40	56
445	494
78	151
39	285
318	446
214	335
104	466
159	229
23	136
119	473
37	76
308	491
132	179
226	305
16	241
146	313
243	415
109	117
82	132
296	433
87	289
11	401
400	410
152	469
59	425
81	117
117	488
315	349
122	293
17	328
80	369
10	274
206	301
79	320
139	350
9	356
114	198
109	327
10	210
230	318
63	106
70	139
126	137
21	241
0	37
180	183
24	230
401	415
64	131
433	456
280	293
289	480
216	302
305	355
150	388
304	456
93	399
58	260
208	376
72	143
66	498
300	491
136	427
249	380
208	430
14	398
27	481
355	426
230	366
108	322
4	471
71	288
75	410
356	366
164	201
98	154
5	323
196	376
66	227
383	468
172	414
60	417
95	306
344	473
150	167
13	289
247	482
220	390
423	436
420	474
462	476
184	355
342	387
278	342
7	484
121	391
265	371
157	370
172	214
249	412
132	404
115	194
101	300
144	373
374	446
325	493
357	365
230	317
189	309
64	285
201	204
109	477
30	238
123	259
235	443
25	48
425	473
127	262
54	348
44	403
339	373
359	445
419	499
180	207
380	384
177	440
37	39
9	199
103	357
310	475
94	403
182	362
164	211
54	466
114	464
260	272
304	450
58	343
248	272
177	307
21	379
140	382
158	329
29	423
10	300
109	290
417	491
55	350
95	291
24	384
288	416
129	182
281	372
177	377
289	450
102	265
382	483
1	236
471	494
13	258
164	169
41	450
76	226
191	357
285	328
70	147
270	361
14	439
158	308
36	173
171	427
106	335
164	438
74	211
110	362
168	488
109	217
78	189
26	364
138	360
3	431
359	367
133	402
346	407
76	442
225	386
251	287
22	352
177	338
2	120
147	193
154	273
441	475
57	406
59	235
232	309
131	223
131	181
151	309
211	278
161	378
417	444
103	247
313	491
251	328
181	233
179	339
291	478
389	463
39	183
197	373
235	255
453	472
132	294
339	466
7	498
40	64
1	12
87	134
137	175
226	308
215	326
201	273
451	461
38	112
117	395
63	345
236	348
265	278
190	436
93	223
427	446
18	201
98	260
64	125
156	161
105	286
172	184
24	413
2	102
283	374
145	351
177	289
86	497
142	443
52	65
129	242
71	253
245	346
413	439
181	362
138	368
115	160
109	320
353	459
81	335
79	392
274	296
434	449
46	309
339	432
12	183
108	440
75	370
215	403
146	485
100	316
354	465
19	87
102	131
199	354
115	196
35	266
55	81
177	373
124	339
289	448
284	385
300	432
230	315
290	323
38	121
334	398
204	235
30	153
150	220
214	300
170	256
78	363
189	484
65	440
65	136
98	411
194	296
286	433
92	360
2	32
26	274
245	288
61	296
104	245
321	452
86	419
233	241
259	378
4	278
258	456
175	185
307	487
70	424
219	312
308	337
313	433
330	441
232	443
18	448
175	395
164	185
286	349
6	440
25	172
158	202
40	375
250	263
390	421
328	339
282	385
397	410
162	454
32	243
170	264
69	375
57	485
170	399
38	234
170	476
219	330
138	312
28	260
217	240
152	381
272	356
38	316
86	225
419	482
90	465
137	487
228	493
2	164
153	334
80	405
237	409
230	389
5	85
106	421
17	497
19	441
57	105
379	418
328	395
351	398
226	350
88	448
11	359
23	174
312	381
63	94
452	483
51	434
422	456
66	280
246	341
148	232
245	473
9	301
377	486
349	487
76	276
295	416
278	347
8	56
16	197
315	373
106	261
107	289
91	485
222	396
299	351
99	307
65	379
236	383
46	212
319	389
325	452
84	269
231	432
31	460
433	499
36	125
156	205
172	457
178	245
196	394
18	182
154	498
131	321
159	294
234	313
335	392
156	258
305	364
173	391
30	119
120	283
192	498
293	442
114	130
331	364
237	361
27	276
90	390
136	454
41	486
373	415
20	361
59	198
118	345
27	352
5	449
62	338
438	450
140	257
66	346
29	256
40	432
52	84
269	368
6	431
120	231
426	489
1	94
384	420
155	302
5	96
92	412
317	389
48	351
312	332
112	475
117	188
191	206
209	235
177	248
5	244
6	103
138	149
316	403
2	312
80	294
360	447
314	435
279	281
48	403
33	438
163	337
223	392
33	402
68	350
98	120
85	352
226	236
223	434
221	227
38	126
260	328
91	315
211	475
65	414
251	307
178	299
78	291
325	480
139	333
90	372
53	216
295	361
418	434
378	400
184	470
49	432
352	415
224	446
73	124
172	266
114	220
55	332
123	325
281	421
414	490
56	388
289	359
95	218
319	498
287	326
42	164
133	329
74	343
43	482
241	415
24	176
273	307
335	462
91	303
380	386
75	460
13	451
154	207
351	473
257	306
101	305
241	389
211	227
410	491
120	499
177	380
43	175
251	414
153	199
307	482
178	441
198	201
87	165
169	214
63	266
398	445
19	90
334	454
385	491
152	209
141	433
230	388
73	333
108	364
197	441
430	470
171	302
122	405
99	266
257	447
31	104
159	486
234	306
3	239
216	459
243	407
79	111
420	440
85	355
101	173
310	430
99	130
177	469
243	257
33	107
7	401
27	368
14	144
138	486
367	447
181	379
107	262
94	319
226	282
323	375
170	477
9	124
19	40
264	325
65	439
65	291
98	466
381	421
24	211
265	450
44	396
36	220
368	434
339	469
25	154
149	392
274	335
236	443
321	471
91	281
134	259
272	441
46	92
213	216
103	108
214	413
284	336
308	423
335	418
234	285
123	300
353	444
312	363
80	211
172	344
90	232
391	482
219	387
8	462
88	439
425	497
139	324
9	119
103	483
5	171
66	394
111	320
50	389
106	324
408	498
280	290
128	255
54	388
11	28
22	256
377	382
34	118
285	454
113	224
49	114
126	265
169	415
358	424
419	429
132	390
171	436
333	429
393	482
304	317
82	464
439	493
102	478
80	132
264	302
267	373
297	371
390	426
36	337
49	383
295	442
50	182
292	310
229	261
0	343
2	387
3	377
54	129
78	221
296	396
331	353
336	446
242	270
135	160
81	144
29	479
109	440
178	322
455	499
101	369
0	470
169	207
166	443
287	321
194	419
145	464
70	152
155	392
8	260
171	476
166	391
26	282
86	244
178	458
83	409
6	358
178	272
349	499
46	315
276	425
93	391
180	476
160	196
79	346
99	293
25	132
42	415
293	364
42	480
188	447
210	389
369	485
145	410
236	499
191	374
60	472
336	450
127	416
55	422
118	425
260	447
251	418
196	323
375	401
10	363
268	331
25	211
326	419
118	331
122	269
21	34
269	333
5	495
27	389
281	359
102	329
463	480
124	293
84	123
34	461
217	336
294	363
1	282
407	425
177	420
94	474
39	424
244	371
188	362
188	446
117	314
347	486
162	462
259	328
82	299
242	476
198	480
40	76
110	413
104	373
169	350
20	201
122	483
139	313
188	358
303	354
159	351
56	353
249	406
22	472
54	309
97	405
430	494
78	442
24	301
54	176
221	308
25	52
140	327
188	451
72	405
15	397
249	348
6	374
76	389
230	323
13	175
142	486
76	105
113	308
32	357
151	165
18	128
259	287
270	374
427	460
56	421
64	124
124	317
123	194
194	318
95	183
267	278
173	344
104	116
23	348
75	338
296	442
12	393
186	448
206	209
122	268
16	407
172	225
283	286
103	106
116	281
58	204
182	285
11	32
2	281
22	374
184	370
90	255
46	293
26	114
73	406
1	465
298	385
338	398
77	124
224	398
87	434
134	352
139	291
194	458
110	483
265	309
392	404
44	187
125	265
69	344
319	404
293	321
129	328
301	316
52	165
448	455
201	459
108	246
102	470
130	280
162	485
100	298
75	347
81	282
268	289
300	409
225	394
233	269
322	369
96	402
80	229
353	385
40	478
98	112
54	226
118	176
7	413
248	399
85	301
304	426
241	404
212	463
214	305
301	412
131	155
96	355
240	260
17	335
2	168
50	467
11	307
98	371
138	292
100	357
23	81
8	171
27	281
11	102
197	394
446	496
145	486
280	348
342	493
273	277
139	255
8	405
185	195
79	254
356	476
181	328
89	346
7	499
316	477
75	422
269	283
193	355
48	331
290	315
198	307
216	221
162	408
8	176
89	360
265	292
59	424
31	117
119	251
64	307
196	319
287	491
157	188
27	260
72	441
48	330
77	421
67	188
1	135
96	412
93	263
113	398
173	499
363	421
358	426
278	483
330	413
208	244
123	400
180	311
56	452
4	352
20	470
218	336
330	453
140	239
382	465
69	256
68	213
260	363
139	495
217	249
221	407
95	285
264	486
111	160
389	418
295	447
127	395
207	261
189	233
43	497
142	476
75	268
275	308
350	436
182	244
79	100
10	356
339	464
123	248
65	266
14	79
182	426
3	154
160	208
177	209
100	341
360	439
297	347
276	496
75	364
11	379
201	343
345	479
345	410
372	414
386	495
68	268
57	74
129	265
193	466
71	126
339	483
310	415
251	376
90	281
4	228
275	350
135	330
295	400
112	298
450	495
275	324
68	494
125	260
141	401
172	294
73	419
37	394
20	170
203	234
23	435
7	286
265	329
247	463
73	231
399	451
292	315
39	375
182	381
58	118
59	184
170	421
308	447
88	305
13	356
251	363
28	306
246	459
286	323
91	213
115	258
46	347
112	329
256	299
75	85
269	347
84	205
379	483
340	343
183	308
149	260
21	382
242	412
31	232
55	61
48	101
475	486
62	478
9	410
20	207
25	357
92	467
270	392
294	333
110	130
433	453
94	348
400	406
339	462
303	423
387	448
355	442
384	476
31	258
89	94
7	433
16	445
168	343
424	428
12	257
186	234
3	183
195	233
139	405
314	494
153	454
286	397
198	421
92	268
144	388
102	118
166	239
130	206
139	273
244	422
166	254
79	222
274	300
55	467
93	222
80	283
420	425
109	443
57	398
350	367
241	347
298	427
484	488
347	394
170	342
341	449
50	459
212	391
158	313
154	480
237	320
41	451
58	329
202	468
43	261
132	321
190	492
78	392
328	400
202	423
45	89
137	147
213	492
131	245
103	138
35	421
8	42
131	303
177	223
92	459
138	366
30	206
162	417
251	348
82	107
168	217
51	237
114	387
234	419
121	436
0	407
179	309
277	409
86	376
337	486
103	146
38	265
273	404
490	493
73	345
260	433
14	481
105	412
150	356
89	308
90	92
161	216
56	175
151	282
28	457
27	180
198	409
9	105
461	478
223	329
30	301
229	447
445	495
241	340
105	417
159	195
41	145
19	290
373	408
256	414
279	330
44	486
112	166
121	432
119	235
443	472
248	267
111	284
301	352
253	375
451	453
77	476
276	432
20	77
102	415
485	488
107	162
252	498
178	433
147	333
249	313
67	388
270	437
396	409
74	380
225	277
86	127
234	384
86	432
50	51
168	338
297	481
128	145
16	285
6	88
321	377
329	350
165	267
113	241
280	306
149	250
9	468
66	208
136	413
352	420
33	279
320	462
332	339
294	339
167	325
234	276
138	186
405	479
162	342
12	161
59	196
147	229
52	255
243	387
118	320
196	226
356	389
44	379
170	182
425	453
78	175
251	260
5	418
161	354
78	491
34	435
133	156
8	211
303	470
20	67
29	297
83	427
216	230
210	397
164	291
50	166
36	75
258	291
260	342
116	288
405	428
73	202
267	345
221	433
349	429
229	433
51	399
326	371
47	273
245	314
256	459
441	456
177	344
478	494
115	181
398	463
58	71
57	121
62	317
161	476
129	307
206	341
420	424
260	264
167	287
353	430
213	241
172	452
159	375
251	320
155	245
264	484
349	450
230	342
20	349
217	296
18	356
107	432
22	377
163	252
202	425
288	367
130	425
180	184
153	474
78	253
272	406
63	246
297	369
2	180
196	201
86	393
8	264
250	398
119	361
111	448
30	445
319	402
76	300
410	465
165	363
59	399
74	142
70	116
127	492
187	328
209	288
210	392
118	181
38	72
23	40
364	422
195	199
252	490
104	255
21	31
260	372
213	397
105	267
31	301
233	261
14	256
236	415
62	342
32	425
133	438
230	361
39	295
70	411
80	206
10	148
76	249
124	497
76	437
417	466
62	185
170	310
60	330
316	376
5	159
6	296
227	301
91	327
118	162
24	26
55	179
239	378
36	237
120	252
362	474
256	486
91	320
71	100
194	483
220	291
90	475
173	411
0	32
19	183
86	159
208	457
175	362
10	240
167	391
26	61
298	327
291	323
3	459
294	326
45	302
193	372
244	358
89	195
196	205
362	373
87	255
104	333
161	277
95	237
15	216
219	222
39	326
8	380
219	362
227	457
44	93
283	416
126	253
294	311
99	132
35	464
36	166
77	322
403	464
54	380
273	419
207	466
329	386
208	448
6	146
140	295
195	321
177	271
120	183
64	253
151	232
348	469
80	204
109	136
4	383
317	398
314	327
73	313
17	323
237	250
310	320
92	348
273	309
250	270
102	376
83	336
26	258
113	316
208	247
16	181
97	267
66	306
418	482
204	282
70	370
333	439
23	170
166	364
125	455
301	428
251	427
231	301
367	497
99	365
151	459
160	317
159	212
411	481
412	453
99	366
160	256
100	395
32	73
157	442
123	159
358	479
33	133
349	384
316	446
240	413
118	211
96	487
155	394
86	247
94	317
30	320
33	137
12	87
306	473
11	418
28	390
313	388
222	230
260	423
157	193
111	413
20	288
416	447
154	350
121	162
59	351
115	423
355	388
222	328
170	360
98	333
271	305
151	390
60	242
204	488
462	480
173	384
129	343
206	419
192	263
50	371
136	473
81	398
51	289
196	370
195	393
72	424
297	391
234	387
201	375
408	492
280	473
50	237
179	223
11	254
125	362
303	337
131	331
195	448
95	363
53	72
346	421
13	99
256	347
141	146
69	314
451	482
127	370
86	308
236	411
202	241
37	309
131	457
82	418
167	373
294	474
162	284
289	397
353	438
35	465
151	482
91	409
67	433
7	106
210	367
218	460
331	396
205	483
163	315
38	176
8	290
155	256
165	454
268	330
8	349
195	251
63	456
96	207
231	246
121	418
229	459
129	135
90	203
119	193
241	481
98	479
132	429
250	297
222	308
20	407
282	294
86	236
343	401
61	271
38	188
421	436
382	400
142	155
314	400
149	307
171	309
23	120
61	165
479	492
163	423
17	277
273	286
249	433
30	59
215	438
29	468
58	455
231	293
202	453
115	467
169	190
104	382
218	233
259	275
42	161
329	427
54	459
114	224
0	177
34	315
40	301
29	42
120	144
33	154
54	442
40	221
66	237
132	254
180	327
212	481
55	198
112	485
131	386
6	14
318	364
441	487
425	432
215	324
313	474
211	226
43	420
93	146
145	167
319	488
28	74
153	382
276	290
107	438
129	311
29	398
147	442
200	280
19	432
6	383
44	125
260	306
385	456
51	180
93	367
121	243
417	474
63	222
161	417
299	400
2	186
85	270
57	197
81	421
218	488
30	398
262	479
158	422
77	448
86	323
42	393
25	242
300	473
81	87
353	412
409	410
31	413
279	341
157	381
322	449
10	322
191	498
238	274
178	229
55	410
263	295
189	475
226	355
313	451
360	415
186	254
412	427
123	293
118	281
104	261
406	470
146	147
430	487
222	360
164	387
82	287
161	404
274	466
217	317
148	183
323	442
232	363
48	213
164	215
68	82
168	448
195	254
271	458
66	179
476	485
144	322
389	478
219	326
120	157
174	251
50	356
5	256
29	368
187	194
104	303
94	326
207	448
17	153
57	202
74	210
365	446
155	427
150	264
156	220
27	122
367	425
40	330
424	487
339	435
125	426
74	378
171	174
405	464
57	384
189	256
308	475
156	428
250	472
37	69
175	342
145	441
348	389
55	123
115	200
350	485
455	493
22	140
209	443
55	346
147	158
7	162
62	456
224	311
144	313
105	361
266	382
61	108
138	223
218	261
135	303
196	337
270	332
77	205
79	409
161	285
252	400
100	301
95	460
87	438
159	388
188	396
4	271
228	461
111	364
59	222
224	225
424	443
60	141
179	433
116	346
56	85
398	499
207	431
239	393
96	210
23	31
320	421
206	471
68	138
278	477
330	455
26	489
110	325
18	386
15	154
179	233
237	323
132	421
310	387
21	297
335	379
101	494
37	71
79	364
44	269
151	353
74	259
59	262
25	409
234	282
73	391
210	360
231	463
96	164
460	480
323	353
89	312
189	360
57	353
178	379
228	467
377	396
271	477
274	323
118	459
284	483
152	208
59	375
164	365
175	269
21	485
221	478
57	399
78	81
128	355
184	256
24	356
43	394
272	388
294	376
405	476
44	83
274	446
53	328
235	244
319	345
119	397
301	312
230	480
113	369
139	494
16	223
234	408
58	87
291	453
195	377
261	466
5	70
95	194
159	252
344	351
244	297
237	284
254	340
104	125
81	172
321	453
233	414
206	317
60	211
438	442
72	204
36	95
207	332
209	496
39	489
9	227
274	409
378	477
20	458
127	428
240	400
164	467
342	443
246	312
208	255
23	86
65	385
456	484
367	374
216	393
418	460
23	266
10	90
90	163
111	148
107	249
217	283
180	352
450	497
129	230
222	397
105	273
154	497
236	353
137	193
65	155
169	489
92	292
271	485
374	413
21	174
267	395
362	476
147	488
328	490
348	468
309	475
119	392
21	100
39	498
14	485
306	321
251	254
40	431
312	485
28	343
120	495
145	275
132	485
116	447
270	463
21	344
102	109
309	359
305	346
95	142
38	259
212	242
53	431
166	260
268	456
16	217
239	443
61	67
133	469
33	415
75	161
292	479
208	227
258	446
47	85
179	386
176	464
197	400
361	490
363	460
143	252
194	471
157	474
154	449
4	279
389	413
28	388
363	454
42	318
222	325
324	479
309	417
5	311
166	451
279	367
45	207
79	110
267	486
189	491
241	248
18	483
91	321
166	439
33	243
75	133
135	381
101	322
147	258
21	220
64	168
30	133
333	404
208	453
153	374
187	307
108	288
313	461
313	356
435	451
240	242
241	247
247	373
245	347
1	446
49	474
164	394
186	429
180	259
8	191
178	255
223	399
57	81
39	51
284	420
206	279
109	367
229	354
234	412
233	348
149	278
53	330
191	471
291	297
224	335
35	300
338	437
144	206
292	465
184	422
261	479
110	456
447	454
26	257
128	405
300	367
128	477
140	163
71	120
182	190
397	495
53	163
99	137
116	432
218	441
27	136
41	483
64	233
205	350
345	398
351	389
19	246
228	328
462	491
126	257
413	478
247	303
129	400
359	498
314	413
79	256
103	448
101	341
253	323
394	449
93	430
35	229
52	381
197	302
81	498
212	495
373	494
152	191
109	123
76	126
373	404
261	442
41	398
336	409
276	279
191	250
128	278
181	474
7	294
256	434
218	327
178	356
41	90
176	312
358	480
182	499
89	356
270	384
318	417
378	423
127	320
90	286
282	482
81	493
13	429
117	450
342	381
468	478
78	344
109	145
276	435
34	75
6	471
99	110
278	332
87	462
70	109
77	172
240	397
242	490
39	175
226	429
271	345
18	203
145	258
120	421
57	320
163	319
5	150
196	224
216	479
171	364
20	454
201	246
252	297
341	406
223	406
138	214
34	324
68	459
193	438
60	193
240	333
228	409
445	469
237	431
181	448
229	278
27	49
95	288
14	351
249	304
82	313
130	249
139	174
146	496
281	448
72	416
231	476
390	392
38	437
319	399
91	129
190	476
364	411
111	360
131	186
385	449
161	465
250	395
73	259
170	268
3	65
230	387
294	452
47	378
66	423
139	483
255	462
384	433
7	471
43	150
3	312
7	166
309	396
3	95
126	414
46	272
200	322
181	216
84	257
200	270
228	456
208	309
85	204
30	338
11	207
78	426
117	412
306	327
21	51
138	465
165	444
89	431
242	360
193	317
208	302
9	44
51	408
294	371
66	232
109	394
9	137
166	461
289	385
40	186
365	479
246	338
217	399
64	200
80	356
244	490
62	89
154	260
10	139
1	467
403	417
260	436
195	316
44	447
90	252
82	99
196	417
45	289
161	220
314	407
177	387
182	419
129	175
25	471
160	433
81	218
418	466
149	411
86	317
75	448
62	126
59	365
294	469
208	296
247	448
173	244
274	477
323	347
30	432
17	426
103	439
366	448
68	102
31	430
94	262
221	345
80	120
145	366
186	435
100	441
177	474
67	490
212	315
176	202
119	446
47	97
389	489
158	200
72	257
81	276
284	443
79	395
379	390
34	176
71	83
308	453
198	269
203	402
161	407
375	413
225	442
394	464
15	479
228	371
292	321
108	323
224	336
215	238
372	447
169	363
8	251
277	480
111	113
91	335
470	483
77	360
41	459
234	267
215	276
84	313
173	444
347	452
373	476
131	268
96	182
133	354
227	430
109	345
351	482
264	498
119	433
138	155
59	477
248	407
146	372
225	431
90	113
152	240
53	114
391	450
205	383
131	230
72	244
21	50
2	345
245	341
336	491
87	270
170	354
324	485
135	334
374	497
196	275
111	393
206	245
214	268
170	370
268	276
277	396
444	493
228	255
439	453
82	460
51	355
164	349
248	369
85	429
184	340
195	299
89	175
21	463
268	442
355	458
28	268
62	287
113	372
257	373
211	402
146	209
20	189
345	476
235	268
314	370
345	347
8	119
59	233
28	48
166	189
43	447
358	367
158	340
420	456
261	278
406	484
148	205
83	150
81	286
71	79
53	247
221	385
243	327
58	454
4	103
233	264
277	449
6	80
161	211
256	482
397	461
309	393
1	286
175	247
476	482
234	498
247	492
31	89
95	338
117	274
18	373
353	499
67	431
1	79
204	243
316	496
167	396
85	402
243	337
14	129
176	321
57	240
268	466
32	389
11	356
269	447
235	247
38	200
131	293
76	334
240	292
253	337
84	369
155	254
29	435
285	432
73	473
185	481
46	151
186	382
272	474
238	351
155	216
110	311
168	358
45	191
225	460
458	497
450	479
3	202
90	246
350	477
81	375
13	176
54	81
242	410
34	177
13	185
239	265
52	261
232	454
53	178
324	365
17	347
233	412
265	347
104	239
24	28
46	58
190	428
152	435
258	440
16	471
116	404
1	133
327	344
44	240
330	418
362	369
43	355
360	446
249	424
289	396
301	430
54	271
142	459
475	493
88	317
410	439
205	389
44	248
119	120
179	210
122	333
169	264
71	169
339	417
87	145
220	345
171	221
91	330
231	262
127	258
97	486
126	452
109	499
415	425
82	270
246	373
250	296
216	276
238	389
204	418
161	439
145	205
428	483
376	466
312	387
253	312
154	232
252	348
93	408
195	430
262	478
59	94
149	273
100	436
99	166
124	214
137	228
66	342
126	141
271	317
241	366
115	418
254	323
408	444
235	314
271	428
49	414
23	485
90	129
288	405
164	325
234	404
100	381
118	275
288	384
208	343
129	415
148	149
144	304
205	279
25	333
232	339
51	360
13	346
154	171
281	365
373	434
164	420
268	412
17	109
133	210
39	272
165	409
206	236
344	366
123	423
221	484
389	411
13	236
143	463
335	361
19	418
88	356
362	425
196	397
161	447
17	182
400	426
123	231
387	467
19	487
57	103
64	241
31	314
80	115
148	218
127	192
330	493
63	90
165	425
289	445
275	447
215	361
55	154
290	487
106	403
86	243
228	464
15	421
85	456
2	222
155	461
207	282
171	293
108	306
80	287
382	475
248	388
27	192
93	155
19	341
98	194
12	84
249	419
99	328
331	457
324	363
52	403
140	464
77	115
170	434
408	486
30	40
222	316
193	308
326	357
229	374
68	435
7	239
297	425
69	351
137	195
183	378
11	281
217	225
35	472
12	389
27	329
44	461
88	251
141	206
116	277
393	394
45	395
212	497
59	167
307	356
371	413
224	410
239	256
119	312
90	301
6	348
367	445
224	394
120	341
0	226
360	384
101	345
59	301
191	424
264	378
132	471
37	83
113	183
15	254
384	427
86	333
57	258
183	299
159	189
42	327
256	484
196	216
220	387
144	357
94	439
55	93
100	490
327	425
188	299
153	407
383	401
207	457
324	467
271	316
143	232
166	303
191	306
67	311
24	88
16	420
263	413
114	206
32	292
255	287
0	313
167	412
60	112
408	453
357	491
51	383
80	295
246	277
78	421
70	162
129	484
186	338
129	258
91	463
52	116
102	240
232	284
156	387
287	443
2	215
75	238
27	488
307	351
47	201
11	30
99	332
418	454
277	418
97	466
283	382
65	452
79	99
139	340
183	448
336	479
155	374
27	133
307	426
125	410
114	316
6	51
170	298
51	303
148	306
143	233
326	457
168	426
42	441
50	438
277	347
145	241
50	429
95	429
129	289
109	257
434	490
211	331
50	306
0	412
143	349
368	420
105	220
273	411
224	370
257	270
260	289
163	474
226	465
120	139
42	417
357	432
484	492
20	190
214	377
322	464
252	499
343	472
55	149
19	81
86	164
58	322
380	444
392	438
103	348
159	318
127	212
58	443
166	474
215	489
197	440
371	436
208	391
246	354
58	401
151	447
157	197
420	437
413	419
154	403
334	425
255	340
48	488
303	440
95	211
381	441
11	349
73	436
189	270
94	426
40	464
68	169
81	148
365	422
17	234
25	109
342	444
245	434
466	487
87	304
130	406
184	497
117	179
338	400
112	205
124	297
208	477
48	261
131	199
144	380
301	350
375	477
234	474
202	204
101	456
44	302
171	348
169	202
297	354
124	469
61	172
4	314
100	287
313	358
81	355
198	452
38	70
127	494
204	484
363	444
53	406
62	85
107	446
174	241
132	159
202	438
88	138
30	409
307	467
59	309
331	397
58	457
104	194
21	440
119	272
353	461
190	192
125	278
16	313
352	425
159	297
145	353
162	324
353	376
83	235
361	438
40	123
385	448
169	426
280	371
112	317
222	356
226	310
211	294
36	54
40	398
223	330
121	177
367	444
395	468
297	309
119	471
41	205
205	407
121	289
417	477
201	338
12	423
370	395
127	251
148	174
91	184
156	456
67	497
90	470
76	234
139	341
236	240
272	343
9	329
246	478
293	440
21	198
132	293
342	370
124	247
124	177
224	382
131	393
205	362
385	485
14	62
139	327
189	453
354	450
102	368
2	136
24	371
19	327
55	261
421	491
108	466
50	493
83	347
214	495
34	131
267	346
205	262
145	215
65	139
302	400
242	377
132	236
52	326
31	95
76	310
371	374
1	488
81	373
184	407
95	347
109	253
206	430
408	432
225	487
117	149
267	362
474	479
210	311
183	301
62	74
77	379
150	377
64	294
123	129
256	392
194	363
82	302
122	439
296	475
148	266
250	365
24	187
291	425
63	279
116	448
169	355
54	488
58	102
29	43
342	404
120	227
48	142
95	296
327	370
52	257
99	442
230	259
111	248
118	397
318	425
41	139
51	462
245	407
135	457
10	385
44	217
14	25
477	499
185	370
207	421
212	425
365	441
79	120
96	496
10	499
217	280
57	147
116	459
293	478
36	251
371	400
173	214
189	242
200	485
132	149
297	408
245	317
90	364
28	209
294	417
136	205
318	350
125	307
38	339
80	164
58	278
88	150
242	446
50	338
279	349
371	457
352	481
31	203
310	355
65	243
253	271
123	491
182	367
150	183
219	269
85	203
332	346
323	401
78	246
67	293
339	436
173	458
222	451
241	306
282	426
187	432
42	423
189	303
76	295
62	133
282	345
12	322
33	150
264	314
352	469
113	445
359	430
79	230
143	469
102	231
78	286
199	295
222	464
229	446
290	338
188	426
113	417
79	374
242	296
83	292
29	396
88	128
215	414
17	253
40	71
176	454
193	410
368	451
203	495
69	363
16	132
293	418
117	306
120	304
56	174
92	295
151	261
144	323
450	459
227	353
130	476
139	166
342	349
214	422
227	244
20	138
394	476
137	463
75	248
167	177
15	102
91	355
209	212
143	386
224	263
110	219
198	373
237	422
453	470
168	297
230	231
210	362
92	382
205	376
69	277
21	253
340	481
217	339
124	232
382	386
295	443
84	393
173	362
203	204
168	218
41	327
93	484
317	494
424	440
205	447
183	431
4	69
2	175
278	468
304	305
252	467
57	389
172	205
209	482
98	330
217	491
23	316
43	85
94	495
83	87
81	301
355	409
5	158
164	252
426	499
409	478
241	288
87	411
73	301
215	299
102	236
91	142
318	357
277	426
99	213
328	491
109	148
419	466
107	233
269	388
107	419
15	374
192	418
330	447
140	211
155	413
94	180
373	460
289	347
92	244
90	417
156	381
428	485
348	452
235	284
204	345
374	389
43	78
66	308
4	38
71	267
4	39
82	309
2	183
88	252
424	481
124	248
153	447
327	376
81	319
249	456
251	431
261	342
156	172
146	309
277	298
36	305
190	260
9	18
30	349
368	381
95	386
253	363
125	373
5	233
15	445
27	72
460	499
360	425
35	369
199	378
380	413
358	388
64	394
8	104
95	261
177	461
79	442
326	433
112	204
168	254
150	230
170	173
272	451
328	383
124	349
322	337
77	307
181	381
91	282
0	117
297	491
233	365
377	402
252	349
155	156
171	188
126	147
224	275
111	283
306	322
179	287
195	352
37	45
286	365
4	317
372	373
59	80
206	272
240	360
39	90
143	375
334	389
215	306
339	412
5	408
77	403
90	205
87	272
92	290
145	254
211	285
465	479
409	411
266	434
200	260
214	354
120	299
134	382
14	354
247	416
252	298
311	429
52	123
197	424
130	192
83	320
71	88
23	167
65	129
213	400
258	302
185	305
191	488
356	419
335	448
404	453
72	363
1	416
305	353
486	495
56	390
183	325
476	481
185	387
37	468
100	215
281	490
267	414
78	353
228	410
212	247
231	267
424	471
153	378
27	266
239	269
16	108
27	28
411	463
280	427
147	267
99	273
64	198
48	136
44	216
76	196
60	231
35	190
182	255
94	206
362	424
85	139
10	473
341	472
45	172
134	424
14	192
130	205
374	380
142	300
218	398
294	390
350	426
146	430
61	305
401	447
368	483
102	434
237	265
81	274
346	459
191	315
12	34
298	387
377	439
8	282
42	486
108	189
62	101
96	214
144	366
47	488
88	333
58	105
199	439
146	290
67	72
221	246
383	407
170	422
368	389
34	245
113	137
115	436
323	378
171	321
88	231
406	461
149	200
62	307
27	81
374	420
216	357
208	493
134	167
231	268
0	237
256	367
216	334
333	472
14	469
111	155
261	369
29	425
296	476
223	302
62	487
238	364
265	495
179	448
272	361
75	325
70	129
15	305
128	311
146	395
13	426
22	343
154	393
127	296
235	279
275	439
168	425
281	495
176	484
88	371
212	359
88	123
117	183
110	257
436	457
188	196
230	403
211	317
120	484
444	459
2	194
83	481
112	181
173	175
409	448
377	416
84	264
167	191
45	485
60	196
329	334
240	403
17	437
86	349
66	233
212	290
86	283
59	299
18	75
269	358
54	494
348	464
84	217
425	465
138	254
8	155
113	147
336	444
246	433
349	460
60	253
288	435
166	484
259	316
334	452
351	470
115	266
280	459
127	261
265	386
146	338
163	462
275	428
127	168
304	389
270	371
182	385
140	448
109	297
376	389
204	298
5	242
79	485
9	369
112	210
210	409
29	210
176	376
139	178
376	380
81	406
69	478
34	335
81	298
182	464
249	459
198	277
18	146
34	164
138	497
197	412
260	405
332	463
308	413
14	131
110	264
120	473
54	159
156	164
294	454
215	431
285	486
17	60
342	476
130	311
319	437
129	341
66	67
426	439
106	130
410	481
206	434
38	321
222	452
47	297
190	380
288	341
39	84
12	444
65	427
215	277
304	443
265	493
139	467
166	491
228	400
435	448
52	259
139	473
165	193
50	366
394	395
231	339
140	176
97	391
119	160
275	336
111	276
122	146
126	246
52	400
159	451
1	419
304	435
106	473
337	494
1	36
283	492
4	111
293	483
139	216
101	162
156	494
72	494
177	199
41	246
81	477
258	467
275	495
21	373
132	276
141	171
405	462
213	409
243	278
69	347
397	492
29	132
137	371
428	469
117	491
133	412
335	402
183	485
104	206
130	389
129	278
306	454
189	219
164	322
13	358
380	434
93	471
25	335
13	92
59	393
126	489
299	359
287	398
345	452
26	254
200	376
281	338
175	370
297	311
275	377
235	269
355	396
247	280
87	485
191	238
9	414
136	417
0	396
83	428
385	471
166	312
153	290
81	245
451	488
301	334
47	397
366	445
108	162
458	462
44	289
58	348
98	105
34	345
69	295
253	487
299	367
148	211
134	220
258	399
15	416
255	417
18	369
265	497
192	428
79	127
166	372
288	447
4	165
58	104
197	401
55	128
104	391
305	374
144	324
53	339
217	355
155	297
25	215
325	387
235	375
101	481
382	399
214	337
101	423
305	423
309	443
255	304
159	480
285	369
10	165
328	413
124	244
192	400
73	161
202	271
142	462
122	223
135	227
113	322
35	59
321	468
340	460
138	294
160	481
140	314
135	304
78	202
137	260
64	491
26	461
151	241
113	403
310	343
90	328
92	145
82	209
3	357
226	454
355	478
86	173
120	368
45	87
105	490
6	98
133	187
399	481
144	315
145	224
109	298
255	319
96	303
165	304
210	425
17	105
352	470
60	421
8	150
68	193
153	491
50	101
466	483
104	219
310	399
24	296
252	384
198	320
170	203
7	266
213	356
206	363
209	457
234	318
37	48
385	441
96	452
82	410
257	456
193	253
54	363
2	109
334	373
52	197
245	428
217	430
9	61
104	176
7	64
185	452
41	295
188	363
152	238
19	358
179	472
352	381
122	252
32	481
136	318
206	251
229	485
260	344
438	492
175	277
227	448
288	338
218	463
140	292
14	157
194	395
184	233
213	234
322	489
77	164
74	423
129	369
177	436
295	372
35	435
43	375
334	427
64	351
132	279
89	313
457	493
253	372
121	221
46	341
296	431
108	366
221	259
253	452
78	218
256	431
112	457
68	463
462	470
213	352
421	434
46	187
192	239
113	477
372	454
179	401
290	389
200	379
454	480
79	331
82	135
199	458
396	447
33	326
307	352
2	56
70	185
138	270
14	270
169	408
197	355
153	162
381	413
235	440
19	212
185	216
307	365
121	212
104	401
413	441
137	317
131	147
175	201
14	35
15	363
226	349
304	373
210	287
57	414
147	422
142	438
75	397
213	258
78	433
129	335
112	496
37	426
314	352
176	461
75	310
210	272
11	282
323	466
175	346
331	433
169	316
153	396
118	286
3	80
0	293
39	221
10	43
350	452
76	265
165	335
370	496
240	350
473	475
274	292
384	439
336	472
212	370
47	237
325	391
290	322
374	418
327	475
19	39
20	318
395	494
291	347
59	435
119	253
0	388
198	243
1	239
104	233
36	177
179	489
261	320
279	310
12	355
17	278
218	464
195	419
58	468
58	92
171	303
67	316
23	258
203	280
8	320
56	233
30	299
152	477
365	486
129	470
110	249
21	296
187	297
79	319
344	391
110	119
281	315
363	406
160	314
107	301
247	454
4	336
363	394
221	361
85	239
40	69
45	146
277	280
134	277
68	330
337	483
123	149
124	193
29	465
79	90
170	384
200	240
186	306
439	476
264	335
86	261
156	308
103	246
96	205
208	413
301	375
126	368
74	225
9	162
247	481
334	371
10	437
412	423
97	274
179	281
96	486
202	397
381	463
246	258
340	463
55	97
52	464
214	464
33	269
73	116
227	252
246	329
11	25
144	252
56	351
282	302
228	241
42	397
311	403
269	344
177	261
413	473
151	283
103	165
358	461
127	158
41	169
125	300
83	286
57	76
124	361
153	485
230	241
285	399
411	444
135	181
352	472
150	410
129	228
83	430
397	478
218	422
180	288
4	27
115	449
82	277
16	86
364	419
62	495
159	284
262	440
280	334
9	286
151	192
358	441
141	268
170	287
76	439
230	242
41	481
4	174
178	351
369	486
320	484
303	344
456	489
110	298
304	360
385	453
52	273
324	390
135	351
42	121
275	292
252	305
146	391
338	351
104	476
56	412
81	386
404	469
230	306
107	394
61	317
93	120
138	210
373	390
332	413
284	390
65	174
197	341
143	184
398	417
215	416
79	444
247	293
407	419
130	352
187	304
157	397
96	236
248	482
249	295
280	428
54	371
250	317
362	406
337	460
97	385
237	468
37	51
87	249
326	445
222	461
319	495
145	324
141	355
103	122
87	251
27	237
24	363
171	439
226	374
21	155
17	359
36	392
371	433
19	116
193	314
125	164
135	401
366	457
116	273
127	260
400	430
78	488
0	496
202	338
100	237
130	318
187	333
394	427
179	202
126	260
288	492
143	337
45	494
322	391
240	289
122	184
21	417
21	144
146	374
136	488
79	431
213	262
42	497
318	410
48	468
95	232
20	212
63	485
219	340
14	318
14	432
358	483
206	496
394	419
151	297
360	496
91	238
11	473
255	470
30	321
195	392
183	193
129	401
30	369
2	86
326	476
252	470
145	156
198	352
32	289
119	178
124	272
38	252
359	496
224	291
155	396
50	236
321	322
349	491
111	489
332	483
76	421
460	496
25	342
121	290
30	466
17	399
103	150
38	214
271	432
11	334
14	359
163	483
410	438
219	407
47	111
224	492
147	201
45	295
144	436
241	491
249	276
51	250
149	413
64	165
324	342
110	460
111	492
219	377
195	329
69	120
22	424
123	230
33	129
277	282
270	461
108	191
270	450
171	247
35	285
359	471
213	288
211	459
368	440
305	402
206	337
247	394
168	224
62	490
42	286
53	167
173	403
80	105
148	454
173	397
276	288
205	436
39	319
383	398
98	418
84	360
331	388
147	270
118	400
73	165
179	340
386	413
13	437
72	309
148	290
121	271
361	403
78	331
292	405
353	445
18	384
231	399
344	359
174	245
377	449
222	227
202	402
247	248
315	439
136	207
119	481
269	357
356	451
48	61
13	122
44	195
102	391
148	248
2	329
68	450
148	473
96	128
47	452
79	125
239	416
236	253
148	340
30	214
158	479
283	345
72	409
106	153
246	363
20	271
386	457
252	388
93	491
18	310
281	416
194	383
425	440
10	12
59	456
215	409
27	121
358	494
99	295
221	327
209	254
94	281
197	271
81	263
283	366
305	453
246	286
183	456
292	368
150	469
118	465
239	251
138	232
98	319
89	297
274	485
112	421
12	125
383	402
75	405
17	173
70	257
23	76
125	327
180	245
37	82
3	234
26	359
147	284
6	449
475	492
50	492
305	332
431	466
103	340
258	483
143	280
92	460
97	470
132	324
213	332
102	490
462	484
197	297
93	433
190	366
0	341
175	398
26	411
184	456
233	417
396	473
89	199
153	230
78	183
189	267
185	301
186	281
104	422
255	311
137	490
248	440
329	462
134	153
400	492
115	354
96	388
49	261
142	292
292	376
330	488
305	350
239	262
103	159
87	472
144	306
147	454
42	113
290	422
71	322
259	263
74	167
308	414
128	446
219	489
221	455
204	453
156	471
138	162
189	366
35	257
100	433
234	467
244	382
75	278
12	376
392	473
145	466
225	338
33	197
150	166
84	149
303	320
333	469
23	213
206	287
3	119
278	399
312	498
261	343
20	249
149	197
58	475
353	462
57	114
345	390
133	463
197	213
360	486
217	436
93	317
79	224
256	497
234	496
318	353
220	336
333	451
70	492
260	318
53	115
274	314
359	391
244	423
348	365
301	499
69	404
270	449
123	254
55	69
201	365
131	486
75	357
177	399
414	415
310	316
16	169
135	470
93	415
239	305
411	436
383	393
110	230
185	299
58	78
101	179
63	371
326	496
75	449
81	426
157	457
4	238
276	312
26	29
297	308
14	121
75	400
341	402
51	218
249	436
128	386
147	332
100	365
70	198
238	355
181	402
50	474
22	307
434	476
318	326
43	62
151	303
44	280
80	140
278	463
130	143
87	440
123	365
9	438
200	482
189	395
345	366
16	60
69	420
68	128
419	476
55	376
237	481
90	245
357	367
293	468
146	453
221	270
22	263
352	437
63	400
47	327
148	213
283	349
430	451
12	93
202	318
54	476
55	153
157	277
58	231
251	465
309	372
176	292
83	188
186	419
173	280
112	164
458	493
46	287
117	389
249	275
46	358
39	409
78	244
0	22
266	283
230	386
272	469
281	378
253	376
149	271
131	372
93	276
144	311
275	361
213	430
236	401
304	439
155	483
87	285
20	230
154	172
163	214
150	424
121	373
23	171
29	431
144	190
367	380
137	468
100	123
132	499
2	394
173	465
405	488
299	426
10	391
271	349
202	412
7	163
396	446
355	482
236	374
307	451
262	345
7	452
129	428
345	421
122	286
167	479
116	245
140	449
245	430
36	323
263	474
341	349
76	223
214	333
295	347
69	90
79	386
131	471
313	372
123	160
34	106
214	228
20	246
376	403
418	419
22	335
19	164
118	295
372	456
157	247
2	76
195	308
18	86
113	280
74	477
35	299
421	464
195	425
98	390
59	246
338	406
308	345
332	425
190	204
117	498
10	153
11	348
108	283
90	350
373	420
59	96
38	423
71	381
62	266
149	195
317	466
39	158
0	281
89	355
132	246
244	380
64	365
155	376
271	324
184	389
260	452
31	97
53	54
199	417
99	199
99	430
139	225
25	183
73	378
147	428
0	329
261	433
273	469
165	358
197	425
116	477
153	412
226	479
351	361
94	217
248	317
5	236
131	399
305	314
92	457
334	397
31	432
248	420
452	457
350	385
250	328
429	470
208	291
223	450
82	271
2	82
0	435
193	371
421	490
320	333
49	485
264	447
150	250
173	252
94	199
16	370
106	296
357	418
290	442
59	374
32	191
138	221
158	480
244	339
255	440
84	258
408	433
150	449
217	227
385	498
240	258
226	307
80	385
20	465
95	434
83	391
220	236
102	153
149	153
43	167
14	44
71	355
213	423
363	372
183	449
186	393
49	281
72	389
388	452
230	372
371	467
248	436
118	380
285	371
351	417
34	124
124	452
106	388
42	155
66	292
134	346
210	473
88	298
51	210
162	479
262	267
199	248
14	305
228	485
36	463
147	183
317	415
27	213
61	446
272	281
73	319
76	151
225	236
227	326
228	287
314	470
36	477
112	321
442	466
82	136
22	475
149	290
53	143
30	352
26	348
257	321
238	352
27	108
172	343
320	349
66	316
6	177
141	490
2	202
75	374
8	166
190	312
409	476
10	239
12	178
123	157
9	363
98	327
23	225
233	330
378	455
62	334
182	326
274	449
138	422
144	476
158	314
94	102
128	213
4	266
54	436
207	257
384	482
78	446
76	294
56	499
150	441
97	161
249	442
234	292
80	118
46	218
329	499
125	442
372	386
36	250
220	426
13	80
406	451
138	361
166	438
54	187
106	305
198	289
186	437
105	287
300	318
189	480
206	224
111	386
370	390
152	303
30	290
126	240
15	244
28	228
120	464
308	373
302	366
118	133
0	104
29	222
51	475
312	428
127	242
177	217
218	347
95	125
343	375
276	391
13	454
282	332
77	397
192	260
20	344
142	192
135	473
67	334
333	464
18	390
160	443
149	288
37	142
6	401
122	449
264	351
118	488
285	429
387	411
139	189
100	362
286	445
150	260
329	367
10	36
429	452
82	152
280	288
23	342
458	486
422	452
139	414
177	397
50	414
148	456
48	132
285	293
83	322
49	420
240	493
391	392
25	57
45	192
68	412
405	454
150	195
173	193
66	343
279	438
263	332
14	262
181	341
258	283
41	81
198	253
421	466
117	372
91	219
30	232
99	403
254	337
289	375
331	352
62	434
73	356
132	277
220	241
328	398
254	334
198	333
192	352
168	450
389	394
89	449
98	284
128	472
113	447
172	181
98	277
145	269
207	303
115	140
112	182
101	183
39	351
100	405
460	472
41	190
121	213
272	333
153	311
351	464
78	293
216	434
289	447
245	309
484	499
122	499
200	410
148	411
120	308
43	213
98	127
273	295
192	272
251	397
85	479
57	186
144	226
170	388
219	437
188	375
155	487
22	489
237	333
4	355
247	287
64	95
213	439
24	355
224	282
3	276
116	253
179	242
38	459
94	384
25	440
159	461
123	310
91	280
176	208
326	427
41	109
110	361
183	434
42	187
99	149
36	73
10	55
39	271
55	365
114	160
33	263
69	343
312	395
238	259
70	419
25	452
188	322
287	394
350	415
356	421
94	469
348	419
25	313
318	355
12	437
50	104
142	488
212	251
367	412
145	302
204	302
98	495
104	430
176	407
248	445
152	467
62	77
129	183
3	443
274	482
147	385
233	313
71	453
15	383
134	458
193	379
102	388
103	476
259	280
285	452
9	243
117	483
158	415
28	300
209	270
137	333
337	427
79	293
23	176
379	405
247	282
252	479
68	319
72	362
305	427
153	241
23	257
23	407
180	497
220	429
218	431
91	329
6	171
254	291
106	158
7	267
87	430
234	348
351	434
311	346
63	452
238	430
270	477
60	370
265	364
359	483
148	398
30	259
65	153
83	312
318	462
445	459
73	99
148	375
87	201
84	489
192	401
177	376
153	245
126	268
333	422
91	101
199	298
58	474
68	189
334	422
20	228
92	97
115	353
122	486
172	393
98	453
154	430
129	386
216	262
92	161
73	188
3	405
439	467
117	490
83	216
242	401
115	331
48	412
100	494
5	496
65	114
198	488
104	397
434	443
327	490
93	342
38	401
124	243
223	440
100	462
177	333
81	444
147	453
83	219
136	267
55	411
429	490
279	295
123	485
234	447
84	390
42	363
78	135
184	464
351	457
142	465
64	266
42	230
174	197
206	416
200	282
348	476
90	104
166	176
77	350
376	483
261	386
80	480
185	383
49	392
399	456
240	495
258	353
228	384
363	438
60	205
242	417
135	472
286	296
115	392
181	466
143	306
249	355
86	486
42	461
174	367
175	371
275	418
93	229
111	247
66	312
221	461
85	438
40	173
339	386
311	441
85	495
11	105
368	414
104	465
104	296
61	284
8	218
8	313
391	486
153	453
72	117
85	104
14	371
18	196
203	431
343	353
154	450
284	485
260	403
42	268
78	429
90	235
57	439
79	253
26	96
407	468
22	168
88	244
81	431
290	334
3	240
72	384
219	371
260	313
72	481
63	429
355	364
326	366
237	416
270	424
28	165
24	76
19	73
363	386
14	219
162	238
301	314
0	297
260	480
298	423
117	494
41	325
278	380
163	368
317	478
170	300
25	315
92	289
272	436
266	342
148	331
236	246
436	471
204	386
158	323
417	453
98	198
50	328
246	420
318	319
203	233
302	313
267	490
85	243
141	333
199	376
84	450
186	484
58	177
336	435
5	103
152	426
203	312
232	365
188	198
442	459
16	111
222	251
79	480
331	430
242	256
415	490
71	304
226	402
127	486
88	208
55	360
361	379
15	24
8	377
124	365
17	264
115	410
70	350
69	124
21	229
491	496
122	186
79	149
319	465
297	477
178	325
113	428
25	246
116	265
187	369
182	357
253	291
235	294
320	478
99	323
82	419
205	413
35	144
97	125
298	458
160	265
86	277
35	199
287	309
134	293
197	455
246	438
251	453
462	492
66	322
355	499
64	320
127	282
304	338
259	360
434	475
141	227
90	464
139	190
35	227
169	342
406	456
96	398
136	264
356	474
168	293
35	462
126	152
290	447
133	305
377	489
244	457
214	415
39	340
254	396
22	131
26	203
179	342
90	345
121	458
341	473
75	119
29	239
235	360
351	414
148	189
308	430
168	474
319	362
0	19
236	495
320	385
257	389
88	229
250	459
342	408
214	232
369	409
116	466
183	359
386	396
24	487
1	42
2	356
144	483
248	298
14	21
267	479
25	472
136	408
8	253
49	384
315	490
53	158
103	412
48	304
276	307
214	318
69	380
12	404
29	386
127	379
239	440
353	399
358	462
211	250
253	333
320	458
81	487
143	187
213	478
75	237
224	399
331	460
110	286
103	167
167	457
107	275
392	423
60	428
116	462
167	237
8	370
28	93
39	242
308	411
58	221
405	445
33	366
83	142
32	448
183	383
30	195
68	392
299	337
105	422
7	92
112	156
29	305
222	304
183	209
54	147
332	371
45	459
80	306
120	496
48	451
66	374
106	468
92	479
320	485
100	295
146	399
264	318
277	466
146	319
30	212
73	447
155	236
328	409
160	497
138	433
17	279
172	334
389	433
346	486
54	229
288	421
209	441
10	341
22	73
178	497
109	181
487	499
26	228
73	276
243	424
47	260
170	462
170	271
7	108
23	83
143	446
188	496
307	366
99	336
148	420
20	302
49	494
72	80
96	472
1	92
194	356
193	243
261	429
71	209
77	91
23	114
67	478
329	378
10	193
478	499
383	425
136	180
23	418
348	424
41	337
48	373
98	445
374	459
89	118
226	387
28	179
114	364
290	356
209	401
358	453
325	455
313	344
177	446
100	194
146	418
308	455
61	154
247	306
156	188
59	432
191	398
260	432
166	397
42	175
309	333
218	465
60	356
243	372
166	416
106	393
346	393
243	269
186	452
177	431
23	264
189	271
233	372
254	493
255	386
136	256
344	353
31	154
221	233
297	328
106	118
180	209
313	337
88	291
236	244
74	206
439	473
0	425
143	434
38	262
364	475
141	422
207	336
4	490
283	314
33	162
149	303
5	43
161	339
181	473
85	409
173	393
116	453
121	407
19	391
166	425
231	285
241	499
77	285
26	28
215	446
188	280
47	286
363	477
242	340
228	267
60	158
105	201
106	171
325	482
295	394
320	450
359	439
99	141
284	401
348	473
144	376
446	480
110	446
215	436
25	218
293	427
250	324
74	307
239	489
7	83
326	492
72	449
343	467
65	115
166	212
33	186
173	302
136	162
53	499
28	380
257	374
230	493
5	163
382	384
178	406
310	357
206	264
180	493
69	454
93	400
370	433
134	187
4	181
57	324
311	374
55	485
101	378
29	134
39	217
148	427
32	291
106	474
11	378
177	341
77	352
1	56
139	368
40	442
362	464
43	330
182	468
128	461
328	412
16	369
9	322
187	496
100	476
196	400
189	296
42	223
7	419
104	324
237	499
380	495
148	181
129	232
203	391
143	465
210	231
307	420
22	323
83	412
43	290
180	430
228	482
260	347
200	217
324	336
50	191
74	422
328	467
102	273
109	332
104	302
164	299
64	103
276	300
69	364
242	388
35	134
232	371
156	326
456	458
136	242
54	161
49	237
201	386
280	331
313	379
46	470
251	446
83	89
87	458
109	420
153	215
62	304
208	251
124	296
21	61
50	100
57	251
21	218
409	442
45	361
52	283
196	387
60	393
59	362
29	167
283	458
176	396
73	400
44	324
117	485
231	390
380	453
40	91
208	404
189	291
275	349
15	203
242	278
273	445
178	193
229	286
181	351
132	416
99	155
12	73
105	476
45	481
10	96
153	419
69	265
178	412
241	335
382	449
198	260
277	398
123	429
173	398
45	234
102	219
35	69
400	469
131	338
119	485
135	263
147	160
326	499
164	357
31	422
65	485
129	201
34	219
22	299
115	283
479	498
294	343
105	284
36	373
238	246
45	71
295	466
179	376
197	460
177	283
118	481
410	464
314	492
201	401
86	413
61	62
414	497
70	156
13	301
251	263
46	317
290	424
335	489
30	482
236	487
140	328
113	186
155	309
117	324
109	184
31	174
251	338
53	273
38	124
219	255
131	173
345	464
198	371
112	458
5	188
218	361
36	120
186	461
413	472
45	59
177	210
134	419
396	410
93	413
346	414
486	488
285	431
96	234
263	353
293	361
119	135
289	328
266	280
26	158
7	361
284	478
44	120
7	404
117	240
301	323
229	235
139	184
193	481
52	492
155	177
8	82
108	120
10	332
6	94
103	352
155	165
277	352
159	276
188	292
258	317
245	286
97	429
109	196
49	302
5	238
11	201
75	103
153	274
288	312
248	353
3	106
33	372
89	156
11	286
335	353
429	449
157	368
1	430
268	432
217	418
391	413
332	387
109	110
195	280
8	168
169	391
3	222
121	363
134	256
473	474
75	305
41	209
135	268
111	136
199	495
136	430
277	381
92	411
27	57
47	280
5	489
77	157
362	433
237	465
18	221
74	338
10	162
104	122
346	349
249	407
117	204
39	83
197	303
52	138
5	375
259	296
223	224
143	419
318	452
216	482
179	321
233	234
131	484
41	458
403	459
184	491
57	415
232	499
301	405
144	416
187	318
140	305
3	340
132	203
398	484
245	285
89	198
167	269
84	349
326	411
45	263
284	444
143	498
226	286
383	453
124	350
133	168
56	105
385	488
38	225
147	344
42	425
268	445
238	385
69	146
103	248
276	398
312	319
374	482
216	312
132	220
93	410
59	71
143	476
252	468
313	322
134	232
54	412
144	352
5	212
291	432
257	295
80	339
169	433
108	417
68	259
43	269
121	239
285	344
142	177
355	491
139	328
137	352
62	156
148	258
74	313
139	244
198	200
150	276
154	211
42	123
175	422
314	424
290	401
277	336
42	208
310	311
209	249
371	411
231	416
90	388
4	473
85	378
77	340
376	436
400	442
251	405
54	360
220	292
7	213
245	259
186	207
58	462
6	45
290	430
350	487
334	391
71	313
27	463
193	431
292	301
186	391
81	262
424	468
40	106
167	324
102	461
76	494
88	325
90	110
16	329
126	421
79	205
24	465
410	455
57	381
384	395
44	128
21	251
24	141
154	410
78	181
84	144
378	478
209	340
296	401
50	468
153	450
297	316
153	387
232	306
381	451
468	480
437	452
369	479
196	425
158	347
343	464
252	372
294	442
169	308
234	393
40	146
89	251
80	159
130	298
376	481
56	330
117	186
178	437
91	378
353	401
152	156
178	210
207	399
50	276
155	227
89	325
320	348
18	70
316	363
3	454
95	493
166	497
75	447
97	213
65	338
17	31
64	390
193	348
380	483
29	207
378	382
242	248
37	38
26	358
344	491
23	404
205	212
140	453
312	484
156	318
100	247
7	167
299	301
7	363
459	469
130	485
4	309
47	80
417	482
212	468
159	161
13	183
64	297
172	424
36	141
365	498
130	434
213	378
116	408
334	485
86	210
378	399
41	241
118	413
225	276
34	390
142	384
289	459
342	345
109	344
187	300
62	443
198	203
293	306
203	422
103	244
8	134
129	137
233	295
46	439
318	481
188	258
239	497
22	81
83	119
118	270
145	367
134	207
26	384
50	326
33	349
119	280
200	483
147	296
162	378
68	247
180	261
113	168
34	255
41	428
97	369
77	275
268	380
30	484
100	470
307	498
389	409
2	123
103	109
340	483
179	285
230	341
68	205
70	436
264	463
347	464
289	428
67	85
91	149
96	183
11	312
236	385
50	238
52	318
297	426
226	306
40	473
13	306
204	242
67	279
294	450
14	453
85	472
419	469
224	308
122	258
124	340
163	354
206	338
69	317
106	320
33	382
218	392
1	65
363	400
190	289
103	253
314	469
95	230
182	456
18	292
433	485
22	127
187	364
6	159
116	130
14	125
389	423
392	414
105	354
25	213
5	147
150	191
155	211
137	478
63	404
177	379
321	449
27	394
143	229
442	473
149	330
440	461
171	246
0	344
120	280
110	157
45	384
152	344
102	359
306	390
296	370
120	213
226	319
138	290
73	149
41	57
174	480
338	342
132	395
167	238
271	340
46	191
213	349
255	492
234	263
168	320
23	332
101	104
67	98
187	357
213	382
94	324
110	295
205	338
194	303
305	466
12	209
275	345
108	282
101	228
139	382
203	336
37	66
67	166
389	391
265	294
2	156
121	263
87	244
167	362
168	480
208	474
4	267
34	416
114	495
197	453
39	53
229	317
414	493
58	497
174	421
138	327
237	437
213	224
72	147
89	330
79	466
24	306
183	293
61	280
192	417
200	423
196	228
158	317
98	484
61	222
269	490
123	127
245	376
171	448
38	245
367	394
360	405
96	145
333	473
87	431
102	175
342	488
294	455
15	157
113	295
115	117
232	294
473	493
97	134
208	421
38	83
113	352
134	214
3	331
221	382
383	483
379	401
172	351
107	299
195	345
65	435
87	294
59	303
424	438
299	328
62	255
298	489
281	332
305	378
116	149
230	319
82	334
130	248
191	214
50	93
135	355
138	451
167	467
183	324
170	367
66	168
243	404
157	315
162	332
382	471
155	406
483	488
118	368
112	119
148	210
42	177
215	228
159	336
136	240
304	364
135	189
78	287
96	219
385	397
150	188
469	473
53	217
17	112
158	267
4	7
13	416
89	463
94	114
35	283
322	408
312	358
34	227
31	44
179	368
224	360
81	436
44	136
62	144
145	293
383	492
120	228
184	275
2	162
19	71
1	174
78	271
484	496
417	475
165	497
18	72
34	174
248	383
299	394
485	495
211	447
144	340
485	491
56	264
242	439
471	474
87	159
490	497
87	169
163	248
49	300
408	425
406	450
294	386
426	480
236	262
485	489
84	182
143	324
7	173
3	463
244	442
161	341
189	288
265	482
29	263
95	281
89	379
24	329
191	436
225	352
345	478
72	393
299	386
120	150
39	293
297	324
100	337
202	205
159	246
162	345
9	78
47	58
73	261
152	364
338	376
129	325
48	165
83	348
141	350
268	421
176	392
115	135
125	371
215	307
272	445
105	195
200	493
200	356
194	248
3	392
246	432
143	496
8	474
375	421
174	312
268	428
13	292
301	427
250	444
116	315
17	62
34	109
211	282
4	380
173	194
227	442
89	174
308	438
141	168
22	278
319	414
13	182
113	421
202	496
22	429
172	301
149	404
238	290
398	449
403	414
40	475
153	386
36	134
140	274
146	177
44	464
36	106
145	436
315	495
13	132
12	194
9	183
84	98
58	480
247	493
194	340
194	226
175	246
470	476
396	419
203	434
283	375
250	338
180	258
263	267
1	138
177	314
304	321
50	164
144	437
337	480
209	346
196	410
339	422
88	114
267	365
161	178
45	356
77	488
486	496
182	495
19	332
123	405
156	193
137	145
101	437
29	470
226	231
7	412
195	319
175	279
29	288
121	262
439	489
327	334
89	406
79	417
177	274
59	452
127	371
130	166
145	379
195	364
111	223
40	397
60	327
2	487
174	397
250	343
167	222
204	410
244	256
51	334
43	95
68	400
311	405
345	350
102	276
49	425
120	236
153	287
33	363
159	420
13	25
76	376
205	234
242	471
206	497
292	302
43	59
273	488
154	286
65	353
61	410
47	262
4	253
94	440
205	321
168	366
31	157
171	271
166	478
109	347
292	353
19	313
127	347
325	419
136	156
79	113
160	223
260	421
211	409
140	185
261	499
23	483
151	386
126	282
378	486
37	103
336	399
203	333
121	265
106	406
67	83
52	377
49	71
102	402
39	381
138	164
295	405
294	354
271	380
155	345
325	385
377	390
251	471
34	277
11	267
37	131
116	436
327	407
47	161
175	459
0	276
10	371
34	79
40	58
89	115
0	306
113	116
75	79
164	416
430	478
311	414
95	129
52	263
40	48
128	317
130	383
302	336
10	390
149	280
122	497
111	428
208	342
39	161
134	328
215	248
38	158
91	161
206	443
59	398
359	383
41	440
112	487
264	421
151	334
175	372
92	383
233	428
14	49
120	141
161	287
35	381
126	317
53	238
215	218
39	422
299	353
241	292
298	459
25	126
17	248
180	296
173	378
282	464
103	228
32	97
238	366
395	441
172	337
336	350
5	350
178	385
199	451
110	368
12	346
29	225
76	323
187	428
312	491
31	435
93	445
204	346
71	152
104	388
67	250
121	223
245	381
342	440
45	299
34	456
87	280
15	61
30	314
15	333
80	334
145	198
125	364
88	352
354	421
189	298
189	449
171	307
10	465
347	435
289	400
32	254
308	321
230	441
347	491
160	287
168	427
121	491
85	95
25	120
76	179
399	413
28	493
147	354
279	454
31	127
223	373
11	466
19	416
126	490
114	367
13	270
196	203
1	271
114	215
247	340
188	499
60	376
403	447
142	275
156	250
275	332
142	287
85	112
54	465
270	403
121	408
10	258
291	492
5	66
149	472
49	272
52	332
341	408
181	420
355	407
45	467
371	483
98	137
433	482
140	419
48	457
127	430
133	387
173	402
55	487
173	186
453	462
71	219
35	479
21	163
194	427
141	208
312	392
419	441
142	455
331	365
173	319
2	352
164	289
263	475
18	204
339	365
10	374
307	405
58	171
132	394
175	409
64	484
300	353
119	464
399	421
231	352
53	103
42	88
169	358
320	337
156	237
152	271
59	380
241	313
127	236
148	207
262	417
23	44
44	475
330	402
10	249
240	412
214	367
34	275
7	262
31	311
60	326
20	175
420	475
199	477
213	360
251	354
260	336
45	141
11	402
101	303
133	375
156	314
218	444
55	367
428	445
66	154
20	119
75	345
192	393
25	123
174	413
166	174
51	158
15	194
37	490
230	274
18	372
334	352
294	431
73	246
296	388
114	390
110	472
363	396
195	372
65	396
49	348
24	112
77	461
98	197
147	420
32	440
175	244
8	130
210	426
126	273
246	261
159	452
168	275
248	422
230	454
75	223
21	141
463	495
99	362
72	421
416	457
303	375
154	353
101	177
128	130
72	428
257	458
85	244
69	447
165	350
78	454
353	367
158	377
34	426
98	444
300	359
0	13
166	232
14	352
18	374
19	312
123	211
388	394
48	230
207	357
8	113
445	470
28	148
138	289
31	359
51	467
241	269
205	233
240	419
36	43
191	329
147	239
174	327
250	283
373	427
40	426
258	457
9	85
16	33
38	280
162	250
182	247
204	219
302	322
447	464
35	450
139	158
0	282
3	253
48	370
45	49
180	434
207	499
80	255
160	336
298	485
121	142
198	444
242	325
364	417
333	420
55	65
439	498
234	486
29	416
64	420
391	395
434	492
150	400
399	416
117	253
160	316
142	237
76	461
87	104
9	340
291	409
292	443
70	194
301	437
29	44
42	490
341	420
325	369
191	275
12	278
7	228
1	356
60	80
70	426
36	249
112	278
278	488
232	328
263	443
81	222
122	315
132	425
275	427
317	446
305	421
466	494
58	277
399	473
233	421
152	183
110	314
29	407
231	385
44	109
151	378
233	259
86	197
2	460
59	206
163	425
411	414
82	230
409	451
91	260
151	267
22	384
47	205
258	269
81	107
404	446
72	234
77	475
111	181
173	390
4	274
248	468
84	446
240	265
344	478
94	240
3	343
290	307
172	350
96	253
56	470
339	486
71	302
111	177
76	482
160	458
46	336
21	281
220	489
239	409
304	362
71	379
117	150
123	228
115	447
55	120
233	446
345	404
175	281
121	228
286	356
232	320
94	338
46	88
140	406
479	491
183	340
239	427
436	445
0	301
117	198
3	323
10	84
21	389
80	492
22	179
106	246
288	350
121	333
277	351
243	356
378	443
114	378
142	397
380	460
185	445
18	123
167	268
234	325
2	36
106	190
442	474
12	420
252	292
40	135
7	384
261	338
4	143
89	105
277	477
200	420
360	488
7	24
66	95
119	125
90	120
218	321
151	440
191	396
133	236
33	114
57	115
265	464
348	480
60	94
170	206
191	432
126	191
95	161
83	443
6	352
350	432
42	131
208	366
106	159
52	93
319	350
144	480
17	265
282	310
18	329
31	402
428	432
336	452
225	262
205	217
18	94
424	486
380	448
184	359
8	279
235	363
379	473
420	458
303	390
192	444
316	360
254	317
242	454
63	388
37	389
144	425
18	144
38	113
276	385
49	368
71	82
129	367
35	398
9	398
87	407
441	499
314	427
171	397
172	374
82	343
112	157
156	268
82	210
244	355
45	369
123	265
74	341
177	489
188	407
162	163
5	206
279	460
193	330
59	428
125	184
174	269
167	447
183	227
92	121
41	202
27	448
194	262
369	448
292	311
34	72
291	455
66	170
367	396
388	465
185	311
212	473
416	482
55	138
33	260
146	304
5	257
158	251
0	467
168	232
175	470
431	450
223	286
259	445
326	337
134	427
439	451
276	365
145	296
14	173
198	317
146	488
142	392
389	495
105	145
200	374
204	337
358	417
182	484
428	448
150	159
159	234
176	419
61	92
263	310
267	410
71	93
21	171
15	367
56	432
34	422
430	449
21	62
360	459
186	470
116	211
309	398
200	346
300	371
220	486
59	248
27	171
13	22
331	422
21	305
287	342
135	474
25	345
1	113
374	432
55	166
17	157
445	464
136	221
25	466
389	491
183	255
110	270
28	43
139	465
176	463
359	396
73	108
30	262
84	469
356	440
414	491
0	303
344	352
139	239
30	244
425	499
316	413
206	291
334	476
164	285
84	167
460	491
129	248
299	303
148	414
227	307
223	366
341	361
299	313
382	492
384	467
113	284
254	360
3	498
145	233
185	224
61	447
67	221
300	315
117	225
5	79
82	141
399	496
31	188
10	134
160	452
164	405
4	311
46	153
171	477
492	496
37	210
167	322
56	453
441	483
85	315
253	307
80	101
28	325
52	303
121	325
94	318
84	339
183	481
56	319
126	278
12	58
17	467
213	325
125	137
420	477
125	401
308	439
198	273
189	290
135	205
2	244
218	380
396	399
169	414
25	308
99	457
89	204
175	496
54	182
282	407
14	275
229	483
285	477
327	434
288	458
57	145
199	414
391	401
4	124
143	412
202	368
3	356
143	432
96	270
257	351
259	403
260	438
103	178
315	420
154	389
259	478
157	379
50	296
269	376
220	340
38	109
83	237
27	208
96	261
223	277
31	198
9	108
106	199
162	431
213	289
22	342
404	424
186	427
457	479
103	240
121	456
241	408
171	403
67	348
8	9
238	361
60	103
207	339
192	274
134	272
278	307
0	321
124	283
49	59
95	174
125	283
74	188
288	470
82	192
33	213
358	382
31	355
88	310
381	416
80	210
134	239
185	392
72	129
38	347
0	107
71	149
356	367
53	423
4	101
34	469
450	456
403	406
82	188
139	462
148	193
222	269
37	303
286	419
280	437
143	255
168	291
219	271
249	440
129	210
265	372
85	492
109	118
116	356
124	209
98	442
51	170
72	426
8	229
150	252
98	298
61	430
23	447
310	453
169	328
33	57
199	231
264	499
44	372
261	380
19	457
56	280
47	107
203	403
235	321
230	286
99	355
61	445
117	370
60	318
277	377
122	141
9	362
215	395
147	179
335	368
377	415
286	368
73	94
161	454
112	324
331	436
184	187
268	320
137	429
154	348
135	490
39	59
234	250
139	353
123	187
429	456
170	180
66	491
114	196
135	495
445	455
232	493
372	399
118	291
9	20
71	247
172	450
325	366
86	374
267	288
153	177
258	473
468	469
27	457
214	240
173	287
241	280
85	299
140	231
289	298
193	255
54	451
26	336
200	432
307	494
423	453
170	202
38	162
143	227
383	469
153	190
13	142
280	337
31	346
105	246
76	332
171	365
15	307
222	348
52	435
242	374
54	253
41	425
147	413
142	435
192	398
122	179
52	176
271	423
59	405
111	351
37	179
333	385
172	495
211	485
65	328
399	406
12	303
103	478
40	109
97	226
242	333
385	497
263	350
20	155
321	357
169	434
111	481
249	472
18	267
120	433
461	496
434	450
43	365
15	27
30	207
14	253
89	395
279	444
151	442
80	363
157	495
47	388
149	401
38	171
44	148
122	413
106	134
146	468
119	461
23	446
239	384
329	416
226	396
143	372
243	392
74	461
337	474
363	448
273	384
452	487
289	363
26	454
28	101
229	396
231	454
82	268
252	351
21	110
15	319
30	158
135	175
445	452
84	136
187	463
47	379
128	404
72	193
247	475
39	480
128	294
12	471
10	94
38	66
91	138
83	300
96	203
51	203
412	431
12	492
286	360
33	246
94	182
180	499
18	439
153	206
204	403
296	342
419	471
231	435
152	357
285	356
236	293
311	336
426	488
102	488
102	409
65	423
471	491
35	73
333	362
14	332
179	276
21	63
170	494
359	440
116	160
201	449
40	370
199	311
214	260
129	143
244	397
246	289
25	152
184	386
280	418
66	309
243	338
108	463
56	218
151	472
471	485
40	334
16	276
249	347
130	266
47	321
5	220
122	311
229	314
242	398
110	165
69	437
143	470
196	214
142	183
28	236
186	436
244	443
327	433
313	499
234	345
2	191
225	469
10	229
232	397
269	430
396	465
336	393
55	246
60	470
270	306
309	394
234	289
54	484
296	432
179	494
124	383
336	355
222	389
128	246
452	495
36	154
108	472
64	489
211	437
208	434
191	216
79	310
368	490
37	283
179	225
134	314
85	494
328	489
96	144
121	322
167	311
336	403
195	296
449	466
67	352
16	269
103	372
58	397
278	430
9	477
17	228
103	132
222	351
85	213
139	420
197	409
84	302
60	438
52	74
91	444
353	391
66	435
344	496
194	218
105	327
274	319
331	402
188	488
49	366
49	497
65	142
160	405
89	480
51	72
232	390
422	435
178	215
147	273
431	475
47	93
125	191
202	479
43	440
209	435
128	486
84	367
370	469
185	444
80	494
61	122
123	368
444	492
2	151
232	478
22	404
401	453
4	270
122	428
256	481
176	191
93	202
234	403
149	423
79	446
225	474
114	396
416	478
86	172
107	377
108	232
338	396
178	336
361	424
97	436
254	272
443	466
14	176
453	480
144	225
312	416
110	195
336	419
49	379
72	132
414	451
88	336
72	239
19	224
223	280
5	34
0	254
87	361
125	456
79	416
83	258
181	340
97	322
233	403
0	213
168	477
72	165
13	421
131	340
174	348
48	174
404	416
12	15
382	420
73	145
74	358
187	418
169	266
331	373
242	318
325	356
361	494
101	279
19	156
168	489
89	99
167	438
63	71
284	495
216	451
60	296
75	423
125	422
57	343
2	247
140	221
309	400
348	367
201	282
244	324
27	84
114	392
205	412
428	458
303	363
62	175
24	418
102	303
38	85
89	400
360	487
176	314
221	366
244	455
177	442
318	392
78	405
94	334
123	156
42	218
197	198
24	145
52	82
74	169
138	349
96	343
179	238
369	492
19	37
277	288
62	94
325	335
24	114
11	151
148	186
177	252
116	182
66	152
21	127
114	439
44	123
280	370
126	335
317	385
61	149
174	178
25	438
152	187
12	61
352	450
243	496
284	438
0	305
34	447
29	399
25	398
67	145
0	33
209	438
325	341
155	366
89	259
77	231
351	393
143	304
419	464
10	31
143	479
249	454
303	330
294	429
442	494
122	367
205	231
1	489
0	348
321	474
244	424
196	401
207	429
311	499
216	371
208	398
195	293
399	471
420	495
298	400
37	406
71	266
49	63
74	474
276	421
246	382
450	498
121	321
127	184
286	452
157	343
38	290
77	181
22	42
55	454
128	214
93	361
26	112
40	277
60	452
20	74
69	191
52	444
36	77
4	71
289	345
103	456
296	395
411	432
93	358
321	346
71	414
413	467
205	477
345	441
248	261
256	371
254	341
140	474
38	292
195	492
349	425
6	207
49	179
197	450
284	445
304	498
76	184
74	439
269	326
15	322
24	367
99	196
336	396
376	399
59	174
269	467
59	175
373	453
31	259
222	259
268	292
107	226
5	337
119	305
16	320
402	460
91	376
141	360
63	68
160	414
369	396
386	491
202	258
461	463
54	366
164	491
196	407
210	356
229	364
405	416
40	122
60	79
155	178
258	365
298	329
326	372
410	471
206	463
2	482
122	494
194	497
94	435
296	419
123	489
50	498
153	340
4	6
188	300
307	408
5	40
21	101
134	495
318	475
180	275
86	462
388	468
27	427
298	299
86	304
306	467
96	411
428	434
130	144
30	362
227	362
410	420
81	300
225	443
271	278
105	443
260	382
163	180
383	485
107	255
251	323
421	495
11	199
250	405
60	173
194	213
50	316
75	198
171	444
145	399
81	302
62	248
344	466
58	270
306	343
179	262
316	494
31	225
187	249
11	391
400	484
56	74
420	428
336	415
319	452
79	153
90	352
120	462
231	333
38	102
443	471
165	417
48	259
469	497
208	350
467	483
150	398
132	218
51	373
4	120
189	191
56	411
202	380
228	446
8	88
236	267
131	379
198	431
194	345
7	353
262	496
251	355
224	481
84	278
120	478
154	384
83	392
60	271
95	481
470	494
274	400
182	311
58	109
95	128
125	402
30	424
197	449
115	363
264	370
235	390
367	480
50	421
33	292
257	379
156	187
283	388
243	400
16	315
23	129
44	103
288	414
49	253
109	111
200	233
153	247
79	225
74	282
102	298
284	467
420	476
454	468
194	199
56	389
114	491
43	400
132	457
52	351
63	351
144	471
146	394
158	316
141	175
240	492
389	432
199	271
257	315
29	195
308	340
188	491
7	291
61	256
140	289
31	62
350	445
52	152
114	482
98	318
177	322
357	439
186	438
221	263
55	252
397	432
462	490
93	295
221	261
224	312
220	288
47	401
42	301
116	208
138	419
131	422
131	260
94	481
61	208
156	242
82	394
352	483
307	322
227	452
114	322
208	284
138	287
86	388
98	394
207	344
244	248
301	343
121	489
72	77
136	172
30	493
127	477
45	379
31	175
223	448
84	252
141	319
28	63
84	296
160	166
218	328
295	478
87	459
92	333
274	474
11	447
94	237
154	287
427	485
131	480
205	329
188	498
11	448
232	455
114	422
75	221
353	368
139	441
145	151
64	151
0	246
351	395
33	344
153	183
388	414
85	332
21	136
252	264
14	260
176	496
378	429
62	193
3	366
250	431
119	270
71	415
327	374
311	494
202	447
351	421
7	172
148	304
428	480
42	416
297	421
219	402
13	223
411	462
140	462
77	462
78	311
129	393
71	146
109	395
295	497
139	436
199	428
222	448
283	424
67	211
264	312
162	217
72	186
348	375
383	394
299	416
8	270
170	445
35	218
199	277
325	431
420	491
124	495
207	479
177	313
181	365
172	305
194	220
184	431
192	474
281	289
100	102
155	299
380	421
33	165
140	460
32	479
128	375
82	324
107	494
169	232
19	258
222	244
218	245
1	34
79	333
321	450
35	114
134	445
16	233
22	116
26	248
283	384
60	109
32	407
75	164
49	330
377	447
246	349
101	317
37	440
209	287
147	177
272	381
237	276
234	425
114	379
40	278
227	455
189	394
30	60
134	162
41	329
293	366
384	390
47	178
117	281
75	383
289	323
249	376
56	110
331	359
100	415
233	399
13	344
216	345
152	487
68	284
256	286
404	432
17	292
134	279
389	402
187	446
76	357
272	353
178	180
308	460
57	303
262	494
64	150
83	194
169	472
367	455
182	321
263	305
138	455
431	481
298	302
112	252
101	398
86	387
101	417
102	309
405	429
100	388
33	381
9	431
364	446
161	485
61	190
136	287
165	442
14	52
92	259
287	442
431	471
226	276
207	436
213	388
108	249
95	427
213	373
388	481
264	359
81	232
175	323
265	433
43	226
136	350
424	476
228	310
7	337
93	185
277	301
80	386
23	189
11	314
292	402
307	440
117	328
284	384
149	262
51	70
73	168
98	457
5	349
410	441
31	295
156	403
42	349
71	75
257	432
139	438
21	472
253	498
135	406
56	188
80	127
64	229
298	430
395	406
180	360
46	350
63	248
209	411
374	494
120	481
149	163
236	410
16	459
46	480
63	413
293	493
44	449
204	266
52	305
257	267
32	423
350	361
429	492
36	386
69	133
238	406
124	346
0	45
351	391
438	491
35	166
265	275
173	381
23	142
167	492
306	412
37	193
282	486
127	360
302	430
23	67
2	288
169	235
44	338
243	472
348	384
277	337
294	299
119	493
194	437
121	194
173	213
315	360
215	279
209	454
30	455
116	153
239	442
30	211
204	384
367	408
208	369
108	193
6	118
254	410
36	253
152	239
36	83
111	218
264	409
204	226
238	313
196	280
33	467
16	321
359	444
37	397
5	17
105	365
40	288
82	314
8	205
326	489
217	433
279	369
89	180
159	253
201	483
41	119
355	397
255	324
20	329
110	139
110	481
24	52
57	215
351	402
112	300
54	322
172	273
72	485
360	386
31	374
191	468
203	259
1	101
345	497
392	434
410	432
8	294
23	330
78	383
20	222
90	221
39	393
51	476
123	420
248	364
136	459
187	238
226	262
259	310
5	25
260	267
8	95
179	255
53	384
34	306
286	387
11	153
344	409
254	267
328	360
117	361
78	241
180	181
222	420
286	447
491	499
100	389
187	451
320	445
144	423
283	476
58	216
240	283
49	457
367	414
68	277
446	455
311	400
131	418
48	489
61	471
18	71
8	230
478	485
188	219
350	363
163	384
25	170
279	423
7	202
102	411
86	383
130	457
281	494
153	480
111	240
32	452
135	377
120	400
251	396
226	274
49	148
394	460
18	65
33	376
20	134
142	197
167	297
241	329
189	269
16	93
109	189
349	440
290	410
49	286
7	204
160	391
94	130
178	252
4	402
295	403
195	451
100	243
12	160
127	369
138	229
55	307
163	265
29	242
25	124
222	228
43	287
48	298
315	419
290	484
88	487
190	372
229	496
50	361
394	458
90	186
448	495
6	458
63	314
25	53
140	290
347	353
100	315
77	274
168	289
59	307
413	449
314	484
167	332
239	429
62	359
0	495
327	485
80	307
348	494
315	378
68	317
131	377
342	424
43	52
43	463
107	151
198	403
121	312
119	378
384	416
40	153
215	335
304	448
233	258
179	301
51	149
440	463
108	205
275	451
22	186
484	487
36	205
21	391
59	331
260	271
128	335
148	307
186	443
9	383
112	440
314	440
182	245
90	228
86	358
146	332
334	475
79	453
202	458
231	259
237	328
247	297
108	133
130	492
53	354
399	450
350	479
229	481
65	292
359	497
138	372
41	480
198	473
7	121
182	227
105	202
4	22
184	226
106	383
145	440
183	192
205	255
386	429
151	227
101	165
87	293
69	288
281	312
355	493
381	487
113	461
145	157
252	412
203	329
76	356
178	395
117	382
176	223
239	327
14	391
356	359
71	421
102	215
59	195
126	422
158	324
209	490
138	255
303	324
196	321
102	456
148	364
96	428
244	363
324	452
13	214
68	171
63	312
89	185
282	288
36	129
285	422
360	434
47	326
64	328
157	207
276	372
47	198
177	366
150	285
155	489
465	492
282	347
243	460
73	361
133	243
178	290
171	259
190	342
110	477
5	6
34	138
71	401
19	61
373	431
361	496
44	114
107	322
353	409
158	179
214	279
244	469
4	151
198	234
54	359
249	352
99	255
331	358
317	380
294	399
321	425
193	283
46	343
231	406
338	391
381	428
153	330
109	258
468	497
106	266
18	454
155	479
88	183
354	380
213	431
170	418
283	403
55	194
47	295
270	445
235	466
77	493
5	39
16	486
50	323
182	457
38	210
283	341
136	210
94	115
18	479
266	302
145	197
226	377
116	461
39	343
147	416
104	330
49	108
205	379
217	431
105	111
330	389
18	375
195	273
79	242
51	249
170	299
20	439
274	336
267	366
112	489
32	454
58	123
305	379
105	181
339	489
189	316
121	314
47	158
401	422
225	403
92	485
10	122
181	385
354	369
99	359
200	202
25	198
172	329
73	382
250	448
72	154
332	473
82	332
340	351
0	350
210	479
68	279
113	454
76	345
10	254
86	408
362	393
86	354
392	395
86	91
197	414
190	457
130	363
259	295
366	482
124	289
329	481
321	486
303	491
73	215
22	200
483	495
66	79
210	421
113	490
78	260
129	360
22	143
243	493
19	197
66	97
217	224
83	184
6	366
20	384
268	433
37	427
115	385
24	340
304	488
172	206
273	323
329	472
47	148
228	232
369	449
61	354
338	494
101	283
291	400
109	124
262	414
53	407
240	380
243	282
130	465
101	146
205	421
365	440
6	115
303	456
300	386
130	393
5	162
8	300
27	317
171	196
51	272
196	260
40	454
96	417
354	456
144	275
261	335
15	235
175	284
296	460
356	391
55	190
246	254
430	454
101	273
128	498
265	398
50	291
18	250
48	280
71	159
86	201
82	178
147	440
253	440
37	279
85	167
390	462
285	340
251	459
258	311
156	327
233	346
63	72
46	328
142	148
1	226
168	346
32	103
6	89
48	380
94	250
50	265
311	322
9	225
44	260
39	200
100	321
34	329
18	346
221	335
170	405
93	128
112	446
24	79
207	383
73	359
68	337
60	190
400	459
26	319
327	389
115	133
73	441
175	386
298	413
70	215
154	391
86	229
3	281
69	147
199	260
12	354
176	435
31	253
154	163
81	90
77	466
185	229
59	203
60	229
76	313
297	310
50	331
3	232
75	366
323	406
411	494
110	150
26	88
115	386
279	488
288	299
59	214
159	162
129	430
219	383
233	265
449	479
201	369
52	110
27	302
63	73
104	364
203	308
292	459
24	95
288	330
256	375
1	96
161	259
63	299
152	175
49	367
73	480
374	457
16	87
66	371
33	68
248	460
75	335
120	180
111	208
109	179
82	128
95	156
319	382
105	479
127	266
61	120
0	233
88	192
10	48
226	309
39	133
107	338
44	380
64	439
234	288
47	258
212	335
290	341
9	75
40	264
43	80
390	485
36	151
180	279
213	275
251	402
78	215
432	453
267	323
98	249
140	315
195	237
53	176
189	251
2	204
22	380
159	306
105	341
285	351
59	487
469	485
182	304
327	399
27	113
109	227
344	452
133	372
58	153
93	364
136	245
22	204
275	363
205	322
292	371
177	384
14	78
297	400
104	381
67	470
90	356
70	481
47	430
17	377
63	363
316	321
104	276
32	175
327	341
72	294
48	329
149	212
77	265
125	445
91	200
18	498
26	423
7	372
129	326
175	239
19	272
179	496
161	236
141	461
316	448
186	372
95	219
165	316
266	480
252	354
102	169
280	383
171	211
50	486
19	233
50	318
183	425
63	156
143	389
217	346
16	428
50	409
115	227
177	482
128	307
142	356
129	280
62	254
131	466
319	380
415	435
256	293
173	363
6	318
128	135
11	89
135	204
323	360
459	476
12	382
60	281
98	210
84	308
61	87
217	285
420	498
20	485
297	423
26	389
51	407
74	324
106	429
175	332
51	435
11	435
400	415
84	147
385	402
233	364
22	160
44	439
177	452
97	480
205	357
261	327
264	449
15	355
5	45
191	340
36	299
250	314
250	259
42	172
30	492
90	158
222	321
294	352
142	199
68	419
361	404
243	399
448	497
236	275
170	458
73	374
283	394
73	146
170	474
223	326
26	174
386	411
109	401
215	334
72	379
106	219
182	312
86	98
44	467
268	424
275	408
2	176
432	468
186	308
195	219
19	407
196	448
1	324
12	465
172	430
137	298
220	283
2	417
320	367
203	326
0	288
345	430
89	443
15	441
73	278
161	449
151	272
299	315
91	207
74	347
67	314
325	448
95	414
217	384
101	107
219	286
223	230
170	482
48	379
65	175
158	393
17	496
153	285
128	410
14	80
150	453
11	301
43	174
244	401
92	256
361	451
114	200
13	359
3	76
150	295
88	261
29	70
129	441
151	426
244	409
51	111
343	362
92	464
353	359
193	251
431	432
94	423
53	417
307	374
421	453
105	377
115	377
85	333
49	407
201	216
63	449
265	410
192	476
158	435
285	462
281	377
329	385
154	493
216	446
42	82
51	395
75	146
280	430
74	276
212	417
26	391
433	498
6	95
167	256
255	360
124	304
18	189
104	180
79	425
240	480
290	378
214	264
115	205
159	176
268	487
4	147
112	478
297	473
88	235
98	272
67	179
78	177
282	303
95	201
73	305
39	218
338	366
237	311
154	446
220	232
291	477
91	135
196	292
142	452
64	106
80	431
25	370
52	417
85	123
125	457
6	376
80	183
100	296
81	243
258	312
84	127
74	175
341	465
42	412
2	147
425	433
126	357
78	339
141	177
241	448
117	293
66	217
137	347
164	386
307	491
261	423
39	86
215	224
292	386
149	232
54	467
82	417
388	406
230	245
187	480
95	326
30	46
268	475
41	91
142	246
16	484
297	351
104	499
332	494
26	382
213	426
2	71
283	303
81	118
62	242
127	374
147	318
140	213
248	395
296	335
83	362
90	329
108	380
232	338
216	270
64	146
61	443
196	338
100	401
252	484
84	239
218	301
402	409
337	410
146	419
22	209
95	257
1	485
108	262
145	208
103	113
54	373
180	481
307	395
253	254
343	363
340	403
34	303
179	313
166	349
37	398
30	288
44	420
57	95
345	416
161	322
203	407
51	433
82	363
84	491
126	330
265	287
63	466
19	346
149	429
1	212
189	350
220	398
245	290
348	412
65	461
57	209
153	414
123	191
36	64
45	115
84	429
340	414
189	293
330	430
150	358
315	406
54	344
427	432
273	391
371	379
249	354
7	336
436	480
68	348
82	401
1	269
375	446
115	333
39	140
237	486
48	55
107	208
1	207
46	87
411	495
185	202
181	371
265	315
99	489
235	335
261	308
77	356
310	466
371	495
52	486
1	415
186	196
13	367
164	305
17	400
160	206
115	241
302	390
191	367
138	484
39	479
271	443
26	52
305	382
145	424
109	371
37	393
72	127
448	485
195	416
396	413
31	392
195	442
131	193
351	471
272	465
37	120
112	289
196	229
220	330
67	104
179	305
162	314
280	328
244	299
118	417
89	450
85	173
319	463
77	210
187	352
9	67
102	235
33	221
132	278
225	498
179	183
129	479
242	478
46	329
160	423
107	196
86	392
337	418
72	460
427	470
377	491
86	341
142	298
62	396
74	412
183	494
42	245
199	282
214	370
461	473
113	237
277	315
55	172
88	122
147	255
174	438
116	415
99	302
48	102
215	432
178	230
427	453
234	258
233	308
109	364
42	163
283	480
74	277
33	281
55	282
58	447
315	331
0	415
203	378
176	402
210	448
180	414
117	384
126	480
181	276
158	411
145	202
48	180
265	313
120	410
8	23
86	105
261	282
217	456
257	494
181	470
442	492
157	222
20	146
114	258
345	389
202	395
3	261
228	242
111	303
26	191
335	466
338	407
205	402
95	346
178	339
166	405
184	372
208	252
276	479
361	487
215	253
52	125
165	401
59	177
112	183
284	415
179	252
131	233
354	484
60	346
15	198
61	99
285	412
163	461
139	375
144	312
37	298
27	215
263	344
171	308
208	339
275	412
49	99
94	333
84	102
205	445
76	173
94	147
368	498
133	348
2	85
407	465
471	482
277	479
112	334
266	453
54	199
154	358
358	463
126	140
186	444
176	449
153	333
195	322
56	186
65	494
183	460
34	362
38	206
25	79
43	212
304	402
131	217
56	296
282	471
154	162
93	277
170	496
308	352
434	464
257	265
16	362
26	80
61	180
130	148
169	176
58	306
111	271
18	325
246	340
155	338
212	253
151	250
299	383
290	473
68	345
106	229
14	335
133	394
268	444
117	167
104	142
93	256
197	205
288	380
237	241
61	382
159	322
238	374
160	312
425	470
68	210
183	185
143	300
95	250
103	447
473	480
43	331
357	478
16	282
143	347
429	494
251	369
252	285
141	181
275	320
253	287
85	90
235	389
170	381
15	57
163	489
424	445
4	293
63	102
148	191
150	163
36	298
285	444
217	290
99	109
38	334
156	352
11	406
213	365
102	110
364	465
97	476
18	436
105	455
159	228
198	296
35	325
21	93
231	251
344	464
52	337
81	238
14	368
318	363
117	260
217	417
293	323
186	274
25	205
46	62
79	189
54	134
145	262
14	189
441	464
179	404
81	120
209	384
68	231
284	369
50	455
86	187
52	291
59	480
101	125
248	253
97	144
247	296
121	494
271	326
92	228
99	204
14	195
402	404
6	388
22	86
154	488
447	490
192	442
399	402
107	413
393	470
192	440
226	400
240	375
166	368
207	285
181	339
7	411
170	412
319	398
86	470
181	313
349	457
32	56
14	174
300	430
77	396
73	272
114	274
208	238
224	403
426	436
171	172
81	423
373	433
249	251
37	276
5	431
172	194
78	211
230	338
322	433
278	465
397	405
306	328
38	94
123	131
21	99
272	424
331	427
257	449
108	330
422	434
298	304
59	285
98	291
226	451
300	380
216	349
161	231
44	384
90	362
213	446
67	87
156	310
174	498
24	229
25	311
147	444
38	217
317	484
216	227
224	359
274	471
321	392
246	454
182	333
368	455
153	326
228	416
227	305
55	240
0	251
211	240
107	291
121	305
118	369
79	85
106	129
137	457
376	482
49	382
156	426
108	393
14	246
237	420
27	312
25	241
105	382
16	52
180	447
462	465
0	436
95	177
369	404
221	238
393	410
172	435
74	404
118	243
48	282
229	313
113	166
123	442
30	495
150	364
161	456
66	108
100	392
50	113
164	191
100	318
211	342
285	342
105	251
179	217
72	475
119	213
71	109
163	398
455	468
291	335
171	432
41	279
24	152
223	338
394	463
64	310
263	288
14	330
157	248
316	395
78	136
118	283
158	291
73	283
226	420
61	279
73	439
282	494
357	386
134	374
205	348
148	493
160	229
33	103
388	430
4	417
210	232
102	270
252	464
109	270
291	313
26	479
6	100
414	462
91	401
199	377
267	425
180	438
350	392
225	496
70	238
277	371
112	376
33	305
184	371
314	438
304	377
328	386
450	451
300	497
59	186
51	204
40	243
16	275
78	371
338	394
111	176
146	494
80	114
185	354
457	492
101	308
12	48
418	432
187	197
178	496
34	83
338	409
40	335
0	334
162	170
102	233
297	327
178	409
188	312
130	321
178	304
33	106
75	413
233	299
84	480
17	376
100	368
429	462
66	388
75	477
188	207
227	250
139	427
375	461
44	230
90	218
14	396
329	494
36	147
223	371
6	214
216	473
57	433
347	418
68	409
70	410
21	445
108	209
292	338
154	216
27	194
178	277
427	454
25	78
347	471
194	492
329	422
115	450
60	407
46	210
178	489
241	480
166	209
385	394
92	308
141	481
16	444
16	318
294	400
155	361
212	365
400	487
12	418
239	250
154	164
393	473
181	438
217	441
89	140
6	149
60	292
200	293
348	472
298	300
4	297
165	332
365	377
153	472
451	485
213	257
117	458
133	392
36	116
124	436
273	463
6	97
25	68
150	207
46	161
199	329
188	459
430	498
26	252
261	385
217	300
74	485
302	494
164	497
349	446
70	165
223	295
235	369
355	420
63	84
91	116
227	415
92	428
77	109
187	452
225	227
191	448
255	326
64	219
15	429
442	476
0	483
356	368
172	476
155	158
29	90
45	362
81	106
226	370
331	440
106	197
321	469
318	403
99	393
343	396
0	302
270	498
113	164
210	240
233	425
66	255
9	400
105	119
24	49
277	387
121	287
357	406
51	239
212	221
101	143
318	338
209	228
415	462
207	364
81	210
76	129
130	185
273	491
16	150
147	418
38	412
146	414
225	344
4	139
107	370
49	343
92	127
43	176
85	178
238	491
352	358
434	484
264	364
86	301
80	145
296	394
22	90
299	311
108	313
449	499
32	37
129	264
75	144
333	497
9	328
353	476
7	374
110	466
111	229
12	458
384	454
246	425
0	280
477	490
271	282
151	374
11	291
38	223
172	481
417	418
176	394
123	291
52	347
235	238
106	481
126	226
322	372
37	41
88	190
379	439
120	133
149	342
116	267
145	249
360	374
231	464
138	374
141	312
211	454
170	237
107	297
347	456
433	436
348	486
127	436
301	455
54	272
40	119
79	202
376	401
40	462
348	407
258	495
406	499
365	447
204	348
162	418
126	382
72	125
184	433
89	337
69	419
205	428
108	351
93	454
234	463
168	481
215	453
135	173
142	250
224	231
68	183
116	478
130	452
67	105
6	454
129	466
51	290
47	307
307	315
165	212
237	476
40	467
129	464
75	425
26	100
6	10
74	187
309	427
67	94
335	445
50	134
170	369
353	474
158	385
4	421
425	426
77	111
373	409
58	154
118	128
252	411
136	398
26	443
23	32
375	403
91	242
171	344
143	242
30	45
435	472
178	219
60	233
284	474
69	374
168	483
5	141
46	130
66	447
283	343
215	292
322	492
240	343
243	275
61	263
31	428
329	430
1	433
318	348
80	297
36	378
202	432
199	308
69	429
234	499
0	381
303	457
87	199
42	195
62	245
115	481
115	149
156	339
344	354
63	131
244	468
36	444
68	380
127	467
296	303
133	491
62	439
47	75
366	396
238	396
207	350
125	269
323	380
58	195
52	177
44	395
174	183
137	430
250	420
45	252
65	323
79	432
75	140
98	468
28	434
273	365
122	476
5	97
349	439
26	340
46	195
17	317
207	392
224	314
190	281
153	486
163	191
271	341
181	428
154	208
282	474
65	357
420	472
277	429
77	142
110	403
264	441
217	250
209	489
91	301
133	203
176	326
143	381
228	353
76	116
416	481
219	336
158	293
456	480
379	430
375	399
123	173
172	497
52	210
495	496
367	420
314	343
214	412
255	475
255	322
253	469
263	472
204	322
70	388
337	390
317	328
49	409
55	141
34	192
387	496
114	207
24	244
64	94
18	147
58	402
344	462
32	270
19	59
59	191
434	445
31	308
199	465
107	408
73	216
381	391
129	283
110	398
78	319
22	147
68	471
23	422
16	168
48	265
70	231
66	436
70	189
319	451
111	141
79	371
302	348
153	280
317	418
140	195
102	117
319	470
315	411
229	258
62	448
189	357
24	345
101	278
373	444
48	56
187	350
295	419
282	336
16	305
412	497
209	343
280	365
215	349
10	334
254	439
327	406
115	487
422	439
97	105
235	441
40	86
344	361
146	230
13	28
182	460
303	306
65	475
208	353
203	269
350	499
224	435
18	403
27	310
238	353
187	365
243	459
293	402
29	216
432	483
208	379
138	447
90	444
83	175
262	382
278	459
56	419
154	361
86	316
358	436
434	448
125	441
261	381
42	384
163	233
14	70
5	343
39	79
220	384
99	455
72	111
263	333
272	325
62	174
167	220
167	176
366	458
263	313
57	466
160	325
69	80
115	421
80	279
159	454
127	177
80	146
22	332
183	259
30	79
129	164
183	273
2	63
35	429
79	365
396	472
151	226
287	362
107	221
40	369
328	384
18	287
178	201
42	89
3	189
227	390
136	192
81	257
9	224
66	110
265	277
167	465
198	329
339	344
325	398
71	250
100	378
298	335
235	295
360	424
41	435
28	54
58	149
320	472
234	311
112	379
391	464
208	249
255	323
89	357
101	122
26	471
163	407
298	476
212	488
495	497
194	216
106	192
28	171
126	201
307	311
57	356
132	436
164	221
64	434
316	415
190	295
112	230
343	495
154	226
265	466
89	383
214	463
296	487
336	410
56	359
162	381
168	170
293	455
150	157
14	301
180	446
220	306
169	259
117	207
174	398
129	243
107	269
144	292
258	474
161	361
12	482
96	409
327	362
131	330
192	231
269	301
233	353
312	412
308	436
317	370
257	294
242	309
58	255
79	83
183	356
372	408
360	375
146	339
53	323
95	143
296	465
369	393
35	165
234	298
128	300
47	325
263	414
298	377
6	199
33	278
4	51
73	154
384	499
25	163
99	416
118	204
9	166
12	54
103	280
13	219
335	477
30	340
110	159
233	445
114	349
216	337
253	327
243	433
46	99
34	252
204	355
396	420
190	268
395	497
34	497
261	481
126	481
141	416
92	404
248	280
202	316
112	462
133	200
194	476
51	283
154	306
195	331
226	385
53	400
89	371
0	263
62	177
117	417
127	221
310	326
293	475
39	268
43	86
208	482
46	499
372	463
183	385
259	309
95	147
60	183
243	425
299	323
85	399
70	160
8	323
77	108
151	412
150	272
224	316
41	287
88	418
282	463
227	450
271	465
302	349
40	145
114	295
230	373
59	367
252	377
302	319
388	434
97	273
139	198
184	435
70	143
13	72
18	106
172	385
63	249
74	173
60	411
106	112
300	362
195	246
309	413
61	142
76	371
310	346
48	470
385	446
49	231
389	456
122	263
116	222
279	474
15	296
87	498
303	316
471	478
43	303
122	341
260	315
458	465
457	461
132	234
389	455
244	360
147	340
17	70
44	66
22	102
257	356
16	266
153	496
33	391
251	481
15	156
210	334
127	250
11	277
2	34
202	259
15	209
130	458
109	431
186	219
333	438
212	448
228	365
142	156
208	411
72	163
189	295
341	453
69	346
241	332
3	176
119	232
183	226
66	299
146	150
105	411
76	262
211	474
115	293
3	4
250	264
324	426
138	269
178	434
345	365
73	417
8	241
185	342
72	422
82	319
169	327
116	310
133	458
155	323
57	277
52	379
33	421
288	476
282	380
362	460
223	248
80	207
162	252
77	198
311	371
89	91
128	162
112	492
96	274
199	346
164	247
123	274
180	208
33	84
174	477
135	397
36	201
55	162
73	113
290	393
22	206
260	368
185	471
225	478
221	400
24	420
129	186
147	211
23	172
376	415
181	240
336	488
398	455
268	324
265	354
114	373
75	107
17	414
40	359
72	352
311	360
410	412
16	465
50	283
187	434
103	172
338	383
63	338
317	426
5	260
16	96
25	97
388	473
128	308
240	344
137	297
75	257
242	362
119	266
78	380
130	239
2	339
194	236
346	470
87	237
15	220
176	257
125	177
174	435
24	423
44	79
68	344
81	181
44	331
51	381
78	445
78	284
326	365
3	492
2	37
33	271
222	241
272	304
371	414
234	401
155	341
15	56
321	433
345	459
143	426
310	465
42	464
230	322
184	236
332	388
45	313
204	495
66	222
15	62
295	414
423	447
395	475
160	351
146	203
118	431
90	497
85	398
89	253
83	159
3	482
133	440
237	368
304	352
111	178
262	489
104	262
291	489
209	361
283	494
219	332
58	232
90	247
111	358
401	474
97	494
115	495
370	400
210	364
71	280
5	174
269	339
90	244
50	307
179	396
52	232
206	277
226	298
283	468
79	354
261	305
362	441
82	140
130	291
49	325
149	230
187	467
5	135
44	477
487	491
29	116
223	421
53	60
220	458
287	406
157	493
61	385
21	311
50	484
16	277
468	472
360	379
118	269
20	480
82	240
18	467
199	207
272	403
106	440
111	446
217	422
124	347
200	256
279	407
78	232
9	288
9	434
307	354
382	395
169	360
168	383
30	130
221	318
319	331
150	370
458	480
177	393
64	91
56	490
194	468
144	295
168	295
21	307
191	197
209	327
77	203
291	499
185	400
152	272
209	296
7	198
250	307
262	336
11	340
303	317
255	473
39	225
299	369
116	292
71	186
123	399
166	445
67	267
4	209
8	249
356	363
274	425
150	455
25	447
202	444
47	437
161	405
147	172
104	260
347	465
393	467
161	335
159	274
249	389
416	477
259	426
393	448
191	445
318	454
312	451
366	420
197	382
102	418
137	158
99	444
20	489
115	484
89	96
369	370
83	482
72	470
132	161
250	254
370	425
224	232
275	362
322	462
64	159
263	449
71	300
275	384
57	362
99	117
249	495
81	268
77	81
257	264
49	427
107	200
166	293
7	189
309	446
202	387
200	427
367	451
179	332
295	456
116	127
104	415
186	364
60	353
125	209
113	371
192	446
74	226
130	247
133	261
279	427
283	407
473	487
288	463
17	63
254	371
235	308
102	201
247	355
132	295
11	58
382	443
189	416
50	131
298	411
242	284
78	469
137	469
328	414
73	349
170	260
346	428
64	216
358	440
12	69
242	274
88	186
409	474
164	388
418	442
145	341
31	40
424	435
49	340
85	307
296	403
224	280
319	400
322	370
364	397
220	371
205	492
384	409
103	313
160	389
116	403
162	428
88	452
75	192
97	235
185	241
73	372
118	153
64	406
420	485
135	421
163	200
280	342
66	163
367	433
270	457
27	422
365	389
86	473
111	286
413	450
403	425
33	218
212	262
253	282
210	468
152	453
243	416
380	406
6	223
21	285
25	353
99	360
266	485
63	226
418	421
281	374
192	254
331	381
75	239
143	267
285	348
191	449
16	391
345	418
28	295
118	266
33	128
116	411
482	486
202	221
383	470
306	455
381	397
176	462
345	374
261	430
11	236
66	369
270	383
383	433
66	303
104	147
68	360
109	424
32	235
165	428
155	264
318	478
203	432
10	357
276	428
379	397
376	394
317	337
56	205
129	485
181	434
66	359
212	454
191	461
120	407
212	408
100	391
49	349
20	120
20	383
276	461
194	498
126	333
278	288
196	455
44	233
288	415
209	428
207	388
228	261
28	92
167	174
92	390
41	100
64	451
142	332
12	41
411	451
200	444
38	241
150	409
382	488
309	329
163	322
47	356
117	477
426	468
41	423
144	424
393	451
274	467
275	456
107	126
304	398
313	497
46	226
16	410
40	420
123	339
228	236
54	162
196	284
317	468
38	446
50	102
189	221
395	474
59	344
177	326
170	319
66	230
170	316
253	495
22	252
139	274
211	493
87	271
123	394
353	490
68	420
137	465
11	304
201	320
273	364
346	463
265	478
60	466
44	231
92	339
89	438
97	128
392	482
277	460
236	456
133	462
159	328
13	491
273	279
330	381
350	496
13	64
39	283
48	338
61	331
106	471
158	211
72	427
274	322
32	69
79	98
195	244
171	232
115	294
65	242
320	471
235	256
309	319
37	143
403	485
67	309
203	376
235	431
187	464
57	298
353	408
414	454
179	455
115	336
188	456
74	297
38	383
241	337
50	97
4	31
240	338
126	417
259	291
96	101
400	434
371	395
190	360
12	481
32	201
152	421
24	232
206	218
186	441
321	494
335	454
0	347
131	359
201	368
257	454
310	429
416	421
139	194
356	377
438	489
239	279
136	354
111	486
10	112
182	444
302	310
90	312
14	155
243	371
264	462
84	100
237	308
272	438
7	299
286	393
132	481
459	487
57	455
4	344
60	163
281	360
288	433
264	290
194	324
111	228
38	365
309	442
119	384
236	387
363	485
14	66
113	132
98	322
165	260
105	407
86	128
36	461
1	55
179	484
117	352
114	210
33	431
257	348
7	17
129	181
132	298
128	195
164	424
241	471
179	430
161	332
176	322
189	326
190	301
38	104
27	140
85	218
82	361
125	212
132	369
47	460
23	33
259	329
53	134
64	92
308	322
98	409
429	443
51	214
47	146
188	337
73	476
42	233
129	224
315	446
355	469
170	326
132	351
126	267
100	258
220	430
234	302
207	391
162	263
132	195
112	120
216	380
99	102
67	71
199	328
231	374
192	288
152	358
29	230
153	363
244	389
135	254
455	487
16	22
210	273
60	121
104	123
73	131
472	477
65	415
164	439
129	262
323	417
310	401
15	497
76	199
201	445
119	229
58	192
337	365
14	274
93	487
37	443
433	445
30	252
4	102
133	194
139	254
344	483
44	243
70	281
216	340
29	444
35	456
9	407
263	403
316	401
209	263
72	208
62	131
151	452
233	317
188	436
315	463
85	102
49	219
131	157
138	203
69	444
83	206
137	247
262	358
280	476
248	412
399	463
188	210
60	475
64	223
199	419
161	173
245	386
275	403
186	279
147	490
116	173
324	340
348	369
426	470
71	133
312	446
34	440
412	494
12	365
227	429
31	194
333	495
106	450
155	402
38	491
122	397
108	276
77	240
23	233
128	426
320	432
84	361
48	390
42	454
22	229
17	478
443	464
283	462
193	263
15	468
53	496
282	460
241	270
46	140
79	182
272	452
127	359
199	218
50	444
55	415
372	392
34	66
346	438
180	252
229	458
7	313
203	252
286	336
72	73
204	268
130	232
78	428
203	482
107	265
414	423
52	100
38	421
81	489
271	299
107	167
45	54
493	498
65	372
128	368
101	198
419	477
142	273
425	460
143	146
304	365
162	474
48	293
188	327
32	398
347	348
316	359
54	58
324	428
340	447
51	98
91	215
102	262
21	309
40	480
268	401
110	188
139	339
58	471
324	397
85	133
86	199
1	334
313	479
83	263
93	460
89	166
244	465
157	450
212	327
321	466
364	424
252	359
361	364
157	429
169	377
132	473
14	473
42	315
147	228
385	429
172	178
212	269
50	88
80	327
308	412
296	397
79	214
192	267
398	402
269	464
20	457
255	282
17	251
431	438
283	310
409	423
101	206
11	52
99	343
36	180
174	280
201	203
65	474
293	417
291	378
152	371
82	490
205	256
92	100
79	328
52	102
82	402
51	411
180	215
328	374
300	355
84	143
136	199
164	339
429	481
38	87
69	311
149	239
251	356
23	346
5	241
23	334
367	399
57	349
65	387
321	391
338	436
62	458
266	420
372	443
103	105
279	389
141	178
14	50
365	493
185	493
2	353
10	21
52	433
92	406
20	162
190	409
90	156
160	438
32	55
95	145
117	436
406	421
273	485
22	445
116	290
19	120
314	340
265	388
61	136
206	387
17	81
101	428
215	451
153	331
433	451
108	490
209	265
27	416
157	494
52	470
434	446
223	238
65	189
57	332
227	342
76	400
89	382
22	122
440	489
76	450
67	186
16	430
415	451
138	402
178	303
481	492
9	337
215	298
41	455
13	221
241	429
120	425
199	452
28	391
285	451
207	400
184	240
158	207
81	479
155	296
57	391
141	374
47	281
141	303
121	459
23	262
163	328
240	378
134	362
15	127
108	462
354	419
227	473
181	271
45	350
3	305
360	463
62	147
242	452
212	401
85	121
255	310
286	291
409	429
371	458
148	440
20	301
368	391
68	98
244	258
246	265
112	476
338	403
104	114
469	493
225	389
97	427
38	301
97	304
237	332
57	198
470	492
270	346
168	377
6	300
274	437
173	292
288	423
84	201
145	326
3	458
67	226
82	454
387	425
117	335
384	428
276	403
149	434
318	323
425	449
250	492
286	327
93	333
206	281
245	488
147	245
79	266
185	211
431	480
110	200
84	242
63	138
25	188
314	409
25	192
106	299
137	492
305	491
145	425
87	357
230	346
124	261
108	476
195	473
131	336
148	402
30	251
167	371
268	344
236	457
62	374
88	453
38	196
333	417
204	412
179	227
316	464
304	420
170	363
47	395
123	145
96	429
315	474
85	377
293	300
10	88
21	250
122	235
96	380
240	411
24	115
6	403
103	215
414	488
247	406
257	314
10	279
116	161
84	385
116	210
61	225
332	422
222	410
112	495
94	127
17	320
98	402
236	477
276	285
48	445
131	302
354	384
72	240
279	329
114	280
213	465
21	399
260	374
159	338
220	322
94	499
120	277
34	139
74	202
332	440
125	143
348	497
138	355
248	381
56	367
368	470
8	21
431	445
131	451
299	418
19	218
52	150
13	23
11	141
110	461
52	350
222	465
127	253
224	419
250	289
1	320
364	462
412	443
93	151
152	268
55	420
254	451
173	289
257	327
282	470
364	496
130	335
222	340
177	365
132	335
31	444
96	226
258	445
3	473
39	440
391	478
280	400
342	366
189	367
10	290
282	325
19	298
35	211
207	213
120	348
127	275
80	391
247	253
30	94
121	139
330	382
154	475
148	311
42	475
58	464
208	258
248	446
20	331
334	381
122	452
366	456
379	441
27	306
142	400
35	361
2	231
86	335
196	439
239	294
208	424
189	325
402	443
61	116
57	482
375	378
9	330
269	296
287	467
77	103
395	482
59	110
120	212
5	336
196	496
118	475
257	444
21	353
408	420
296	440
70	110
228	474
122	239
406	488
165	245
276	291
74	370
264	374
377	450
43	452
215	454
180	314
31	354
217	273
9	177
354	360
21	106
23	107
241	261
98	357
317	363
239	390
164	435
121	178
35	452
122	292
26	292
297	333
216	259
193	206
122	180
217	320
250	393
104	229
96	165
77	401
254	465
354	469
64	486
48	332
200	312
21	209
92	301
220	492
35	378
323	349
37	133
160	253
139	151
163	209
22	345
84	417
161	324
148	260
171	495
156	307
13	399
137	332
159	408
25	390
70	85
12	439
113	356
84	447
51	172
371	474
27	138
414	485
342	343
355	359
306	457
157	199
90	273
68	89
27	479
2	331
291	370
465	490
17	219
116	476
267	423
102	259
215	359
38	297
168	497
68	442
194	315
86	100
20	114
159	357
59	372
128	186
163	412
51	432
99	388
144	427
311	436
217	429
234	422
219	439
306	329
140	204
9	263
25	264
51	165
256	427
405	489
146	287
372	448
75	246
279	388
171	347
118	317
27	369
8	163
38	355
306	489
21	199
332	409
106	210
260	277
82	138
26	326
22	173
116	481
57	139
48	167
348	349
328	432
29	117
149	343
64	143
32	131
186	233
130	149
37	381
136	197
3	384
251	494
77	452
260	296
311	375
8	142
121	256
3	200
114	247
99	341
366	469
120	360
174	473
294	446
103	400
44	185
11	143
138	423
194	354
232	353
426	466
30	165
156	221
364	454
6	238
117	151
192	212
61	310
292	370
59	231
63	199
380	472
171	193
88	369
152	325
8	397
327	473
167	379
156	330
75	313
119	457
364	443
348	381
237	303
260	386
92	172
316	368
2	390
92	394
421	454
130	190
262	284
51	294
119	153
41	370
99	441
23	219
123	138
120	471
163	202
259	477
20	216
62	105
290	306
146	227
151	406
110	494
261	321
36	155
139	337
326	378
67	438
237	270
387	388
156	440
24	455
80	406
69	93
167	458
243	408
351	448
188	409
75	391
352	371
91	386
209	345
145	211
236	309
241	390
150	293
173	227
277	304
60	378
106	115
20	388
97	264
126	132
419	481
55	276
171	263
261	435
43	345
184	235
243	277
145	349
214	485
282	496
258	375
23	354
136	181
61	139
370	457
247	316
325	468
0	385
239	428
85	489
2	301
58	130
285	375
61	211
78	300
229	329
214	277
55	489
153	224
58	167
425	498
24	265
182	403
81	465
50	392
18	359
332	338
119	317
4	203
271	491
241	315
181	316
105	406
29	360
23	46
155	435
384	425
49	265
2	161
105	431
295	352
37	470
94	223
51	194
79	484
132	396
232	492
0	163
91	272
206	391
88	362
27	103
432	469
203	249
30	389
53	345
235	407
135	274
112	316
65	496
30	123
161	367
303	370
209	256
212	394
38	382
7	63
173	494
92	444
287	459
461	467
145	166
67	442
309	344
293	491
41	46
59	406
95	394
69	280
69	212
355	357
198	414
1	272
232	250
181	481
226	331
262	307
354	495
163	427
44	335
38	125
159	415
130	488
16	413
234	470
179	446
36	69
231	343
182	329
316	427
283	316
92	279
28	52
422	488
101	156
143	244
46	157
227	387
97	491
137	497
289	484
28	49
101	247
53	65
311	357
317	487
210	477
59	171
162	216
122	395
354	460
172	429
173	347
77	425
15	472
67	120
88	379
41	87
25	329
215	421
302	469
421	425
189	253
464	493
234	440
6	274
180	385
216	310
259	446
64	197
184	190
140	470
59	323
252	307
6	227
142	145
213	495
9	152
43	422
62	284
292	391
95	377
293	343
305	344
56	331
408	463
276	281
225	499
47	445
351	474
9	126
126	131
287	338
258	357
19	381
214	450
191	261
21	158
110	147
111	330
145	498
199	475
40	247
157	479
275	405
49	284
85	220
99	450
151	458
227	366
97	356
79	487
406	477
269	343
206	326
159	450
131	397
191	499
10	315
59	139
80	176
119	472
215	332
188	221
223	340
205	282
304	455
119	370
55	191
107	266
95	430
110	436
214	381
40	254
181	327
34	95
26	407
373	413
202	427
136	341
118	406
12	211
381	407
62	382
280	373
433	446
33	423
282	393
373	470
160	486
83	140
175	202
265	343
69	267
315	452
346	384
169	394
220	314
300	305
149	345
200	406
276	463
72	464
219	419
10	32
378	428
186	432
37	287
11	459
227	240
137	449
136	244
256	279
251	435
31	393
328	466
374	438
375	427
19	92
113	228
140	425
360	435
325	494
213	484
162	435
124	132
367	418
40	158
139	235
30	427
55	170
134	270
72	462
293	413
36	332
254	275
8	93
354	399
267	372
458	463
59	148
231	313
179	499
144	170
27	403
4	369
178	459
41	330
144	248
156	362
296	360
204	231
120	402
28	257
44	404
129	155
396	476
117	388
85	224
42	468
188	332
230	451
75	227
199	448
36	117
272	489
315	453
34	235
78	229
123	367
256	462
33	81
37	295
2	363
155	408
161	309
42	227
44	348
19	442
24	64
30	354
185	315
37	267
280	357
166	459
329	437
371	486
306	474
489	497
269	438
138	226
156	203
141	323
246	319
113	391
331	361
82	159
240	329
190	234
33	43
341	405
268	293
186	456
22	174
454	493
230	381
82	238
107	155
200	400
196	313
126	143
293	459
316	434
117	317
93	313
65	197
376	383
35	60
288	397
362	409
30	306
229	423
112	214
158	384
186	312
164	404
36	440
158	397
142	450
113	173
40	435
101	397
62	210
58	333
300	428
79	287
318	435
219	323
167	480
374	414
167	408
35	316
120	314
337	389
57	497
39	115
112	306
18	195
23	54
133	457
153	402
212	323
388	449
293	326
192	220
375	428
32	359
99	114
107	350
62	357
43	364
172	382
162	323
161	179
277	406
54	384
11	65
321	393
301	366
183	210
215	443
7	158
341	382
66	325
280	421
28	137
27	404
202	303
38	186
337	394
399	422
74	166
12	251
150	199
94	307
232	419
62	209
162	169
343	384
99	211
83	493
280	296
224	406
34	342
35	329
96	112
3	193
73	495
290	445
0	112
197	371
59	427
3	187
86	494
308	426
378	493
131	308
293	486
255	414
61	157
3	41
91	224
48	434
361	482
103	323
54	125
30	131
77	96
18	50
70	232
185	240
171	280
123	222
7	356
311	314
151	445
8	156
33	79
42	420
374	406
90	254
266	401
92	150
80	495
181	336
106	291
398	474
18	134
23	285
441	451
198	219
324	417
303	454
24	93
87	262
113	380
344	410
38	471
45	244
205	432
166	378
30	327
483	499
434	466
20	294
179	465
400	461
87	114
203	397
91	226
76	378
24	87
419	456
254	388
69	430
163	179
89	462
238	362
29	286
18	338
221	333
39	184
188	345
111	253
130	490
146	311
94	490
69	163
174	182
27	132
6	289
57	98
371	401
342	358
54	401
270	339
54	470
367	424
50	333
135	394
180	449
62	380
196	237
223	376
53	168
289	336
181	322
73	336
1	23
140	206
182	355
362	395
237	393
57	91
47	138
184	415
51	392
224	340
52	275
181	278
208	307
134	208
31	452
115	246
358	420
280	376
190	415
5	283
343	349
137	434
89	471
59	348
326	426
55	274
49	405
104	196
98	389
460	495
157	327
192	368
44	370
260	449
108	253
147	260
41	388
179	317
244	368
115	459
121	124
310	342
333	379
278	290
26	263
89	130
230	316
216	220
2	399
312	339
227	230
13	151
221	257
16	88
134	477
148	362
260	486
238	428
210	348
244	495
371	468
72	84
24	105
61	93
168	314
156	400
26	418
322	341
99	308
27	314
198	335
379	494
94	385
178	490
315	445
275	338
15	23
39	78
26	302
132	296
50	162
418	473
361	442
472	485
16	359
80	498
246	297
27	331
177	470
225	252
192	293
127	478
161	296
82	274
385	403
164	327
104	402
240	254
9	17
108	135
159	341
112	244
194	408
100	372
124	229
391	436
15	246
12	231
146	407
303	451
185	313
268	382
303	494
464	473
51	314
216	486
343	379
80	199
151	339
30	66
162	421
266	319
424	437
47	126
28	324
268	495
414	446
102	335
113	180
452	485
118	464
174	265
1	91
275	404
52	354
116	483
23	358
149	188
3	146
51	397
36	236
210	322
320	360
11	245
67	495
115	212
287	460
107	161
217	458
59	448
23	232
174	291
288	460
360	380
81	164
74	463
304	354
37	407
5	261
136	357
298	437
166	390
144	257
171	389
59	461
215	314
25	145
417	467
192	471
411	486
326	397
134	154
13	275
31	83
78	115
266	293
104	360
82	303
346	358
54	104
343	402
245	408
107	134
93	482
65	161
58	290
63	399
183	268
284	455
18	113
227	411
63	188
9	287
322	361
228	283
338	443
205	284
19	368
235	322
134	401
39	384
246	270
23	59
14	113
436	476
41	117
262	308
447	463
272	379
5	81
127	164
34	468
259	397
52	244
128	324
424	493
395	405
96	367
80	462
17	436
461	466
364	369
259	278
77	101
84	346
79	498
63	125
90	460
10	329
43	357
53	300
243	499
39	40
39	366
27	420
162	192
282	409
196	349
105	204
92	138
49	282
252	284
368	380
140	436
371	490
164	453
418	435
65	68
130	400
161	443
150	254
34	166
25	251
215	308
86	402
181	227
102	225
373	498
88	354
298	477
367	405
191	410
247	430
87	101
200	259
404	411
60	219
302	413
80	198
135	288
242	338
109	454
231	320
204	432
155	228
129	379
118	418
179	447
237	401
87	264
135	239
368	409
182	365
57	261
99	249
50	424
185	379
135	163
199	324
184	328
197	410
33	274
54	227
283	335
24	58
313	363
391	404
288	322
98	114
82	445
214	496
1	62
15	360
138	446
402	407
142	404
39	106
284	374
187	346
43	121
2	432
387	402
220	364
125	172
256	329
193	497
121	428
261	370
40	347
74	234
106	343
30	422
192	277
198	268
228	331
206	476
144	454
337	386
342	374
20	443
15	424
163	429
189	279
318	471
328	407
145	344
81	401
112	368
50	209
95	293
275	372
14	350
271	329
227	401
126	450
18	163
151	425
31	442
336	372
34	169
23	122
175	355
73	196
85	164
163	417
59	498
409	456
346	478
385	419
25	374
286	302
77	321
205	240
260	413
18	449
211	323
14	184
109	260
218	410
194	240
63	254
340	433
263	343
138	171
15	73
24	380
150	413
189	205
163	344
298	348
84	443
326	360
158	330
70	349
20	223
43	339
259	439
189	420
78	416
1	354
86	463
297	443
306	347
292	293
297	427
253	433
338	353
57	205
188	405
58	115
104	442
32	100
60	456
208	231
385	392
406	467
9	354
10	40
137	234
267	336
155	445
414	432
145	325
228	338
203	237
284	309
8	98
20	285
239	240
228	309
112	174
150	483
335	481
90	288
160	344
83	139
337	364
380	422
30	57
386	406
140	494
224	434
47	404
144	207
231	378
55	187
120	320
183	231
248	437
188	203
295	333
178	200
370	389
319	429
79	475
194	361
341	461
91	413
300	494
200	477
65	191
37	346
171	290
154	323
111	406
266	314
78	389
83	453
82	488
88	91
77	317
106	119
179	228
26	131
148	284
311	329
189	282
184	394
493	497
214	272
238	416
409	415
35	404
18	314
181	400
188	326
321	421
260	333
117	194
204	424
242	266
131	440
133	213
20	421
367	461
129	185
120	274
85	219
21	333
8	391
216	441
74	123
64	201
19	201
53	180
178	216
17	453
220	284
38	75
2	48
127	199
254	342
23	394
232	451
240	394
160	484
51	152
146	194
273	392
450	490
199	435
11	108
151	315
194	396
149	418
230	481
131	276
29	409
280	375
172	238
93	402
356	393
41	113
413	498
103	290
160	263
29	325
42	465
25	358
244	275
109	377
3	402
317	372
135	164
275	328
123	398
17	485
200	388
19	395
27	392
42	314
67	240
268	443
15	119
188	356
192	450
131	306
106	416
82	184
432	433
112	346
427	477
112	273
195	212
97	321
5	151
304	366
228	417
19	398
167	468
45	72
50	263
187	373
116	367
71	189
112	399
275	299
259	348
282	400
440	460
40	113
153	438
52	293
203	314
234	469
133	367
316	391
61	213
60	150
329	428
176	184
53	301
58	320
74	397
375	466
17	119
176	398
148	369
92	315
167	445
113	358
28	154
425	445
156	449
86	396
34	332
177	279
195	387
158	457
287	360
86	246
53	346
90	178
32	165
262	441
343	425
126	338
128	328
22	55
168	351
239	242
187	479
41	164
68	382
33	62
137	199
187	380
389	431
15	21
216	335
120	265
241	323
40	406
232	494
104	306
289	306
223	451
47	193
408	497
205	277
4	324
243	357
129	221
139	141
154	346
80	223
235	367
351	442
226	399
115	352
82	109
72	74
36	136
149	351
325	435
13	433
125	154
260	345
132	417
30	453
416	429
157	209
54	387
245	455
294	432
158	390
105	299
29	279
99	390
361	423
25	94
331	368
109	156
203	465
142	264
117	334
165	313
153	351
55	322
347	355
187	198
38	379
348	394
35	337
281	335
145	210
91	415
435	463
0	206
418	424
311	415
384	443
269	322
421	459
17	201
169	175
215	348
216	319
33	207
48	236
58	302
33	319
12	270
130	184
88	139
12	45
22	272
111	459
408	457
452	477
446	451
54	479
143	429
218	482
78	358
438	468
180	353
84	329
151	208
250	288
109	445
369	399
279	381
408	418
296	415
157	174
76	412
239	282
332	482
291	359
395	422
46	387
112	387
205	409
10	17
278	378
171	484
321	485
440	475
301	371
50	185
139	213
209	273
47	322
186	243
221	297
161	444
123	151
292	470
173	407
77	469
43	305
283	426
294	381
51	178
12	361
269	380
115	482
28	332
43	63
208	319
77	303
360	445
397	433
91	394
30	377
335	450
2	310
401	414
276	278
377	470
185	267
93	106
391	416
17	217
13	171
57	370
44	235
345	447
308	459
392	420
207	225
38	343
51	447
55	428
41	366
398	485
74	278
134	304
131	459
8	154
281	282
203	285
166	444
273	373
37	257
270	471
295	311
196	230
241	328
193	382
21	123
54	475
323	364
73	350
44	412
72	97
3	411
128	277
35	174
56	316
104	478
165	374
183	439
12	495
225	420
180	242
129	481
137	474
54	263
113	230
215	482
19	438
270	340
236	322
232	291
98	288
106	189
1	195
89	427
118	408
204	257
74	117
366	370
223	436
18	244
1	54
160	270
306	463
164	444
27	286
225	423
266	486
449	450
81	239
22	444
223	445
85	288
66	454
173	380
358	391
125	211
243	341
74	357
32	493
77	153
43	288
83	135
32	112
304	381
58	473
188	468
400	472
8	273
25	304
263	471
207	255
206	390
272	410
50	317
381	394
184	257
160	278
93	294
365	425
62	86
32	44
102	360
85	152
1	438
362	378
286	295
354	474
157	365
230	401
327	353
324	408
145	206
188	421
329	449
165	261
4	44
66	317
273	435
53	282
141	197
87	167
86	252
240	290
113	274
42	192
105	487
120	206
286	322
279	459
149	487
241	322
28	233
27	124
130	267
17	250
84	246
265	346
325	426
25	134
169	286
229	441
286	339
139	383
188	415
267	407
78	197
25	422
29	123
243	485
155	308
174	261
259	411
161	295
15	327
265	414
436	453
91	118
150	415
120	431
190	349
360	490
402	488
181	499
53	94
198	247
5	437
382	476
18	27
456	462
334	459
30	42
301	307
244	470
431	453
216	290
72	418
159	463
183	407
216	423
298	374
190	279
117	348
170	334
71	356
158	253
24	212
152	392
257	418
191	289
11	247
193	453
44	222
58	411
238	489
14	146
377	409
60	413
124	180
252	315
53	372
146	369
241	275
233	306
403	449
108	422
114	305
81	427
37	117
18	298
60	439
272	316
49	334
267	376
210	393
7	240
226	384
93	141
329	469
395	484
40	414
223	260
301	317
193	261
203	212
26	237
301	444
90	366
43	409
163	416
330	334
480	488
266	307
152	287
238	312
77	414
345	413
144	259
28	247
22	265
255	392
279	346
399	432
52	154
171	470
154	335
386	404
124	472
299	396
203	247
100	105
281	396
154	285
32	290
246	298
19	180
44	223
123	414
454	481
69	319
384	452
175	320
86	474
25	86
150	247
433	444
49	250
58	494
101	377
150	297
61	424
393	442
45	139
144	452
3	394
157	184
2	23
370	426
156	451
244	276
222	281
111	476
48	360
216	291
40	378
283	371
121	155
250	379
209	219
138	495
33	449
78	360
188	365
115	491
282	408
29	291
26	166
167	463
221	347
18	118
185	413
1	166
336	448
127	488
315	499
30	420
10	247
223	242
30	92
105	456
22	172
337	393
371	427
199	269
252	382
323	471
132	231
10	185
83	272
331	399
366	478
309	392
125	141
43	258
5	271
49	377
333	418
78	155
27	400
147	171
140	376
103	459
178	312
131	285
125	451
70	300
402	411
59	103
111	230
298	445
113	246
25	233
78	109
144	242
335	492
206	455
207	433
65	382
78	79
148	342
216	222
58	297
205	274
76	253
241	403
294	322
95	216
360	383
416	426
185	331
378	394
59	465
6	335
429	468
229	435
149	347
211	430
289	466
210	423
27	64
395	427
430	446
195	436
136	436
10	192
137	311
356	412
467	473
249	479
232	288
228	372
167	411
305	486
28	262
269	408
234	366
338	450
124	233
86	223
233	238
125	181
173	205
216	438
322	419
112	443
96	308
69	247
99	321
210	408
150	265
322	499
278	445
235	330
126	476
12	135
175	400
0	2
121	448
182	371
382	452
19	476
86	415
124	441
84	208
101	301
25	412
341	482
144	254
75	204
301	391
159	397
243	302
231	300
102	123
274	458
2	207
17	147
14	38
83	418
8	465
307	399
185	235
375	484
33	488
70	197
12	146
187	305
108	382
88	412
15	139
129	196
319	401
244	464
5	104
187	232
228	316
37	156
137	176
222	482
226	431
297	300
147	397
258	403
129	496
32	316
87	499
22	469
44	495
95	496
430	490
108	155
50	170
85	174
51	374
126	418
326	423
119	342
154	428
2	455
31	472
394	470
459	489
128	313
313	375
400	467
155	215
435	442
54	245
193	447
364	376
189	382
43	113
58	125
154	464
395	413
24	471
204	409
240	456
42	69
278	418
279	498
175	402
350	373
34	113
102	181
50	352
278	282
10	450
45	462
362	403
68	405
414	441
222	350
152	434
408	484
17	170
328	493
253	436
219	329
46	154
171	281
348	396
147	225
23	255
97	421
4	20
100	140
107	447
68	206
28	355
93	113
119	310
79	325
39	173
266	333
74	168
156	278
1	93
113	378
94	400
394	457
5	251
55	145
4	195
38	357
82	139
249	450
89	158
1	200
7	171
429	446
77	169
337	461
290	398
204	483
349	426
160	257
56	317
30	367
250	423
285	495
272	390
287	468
162	280
279	294
396	402
37	113
54	131
93	326
198	290
20	449
450	469
86	404
215	412
119	223
423	458
208	463
44	250
218	470
256	257
48	123
155	472
199	464
124	330
272	289
409	425
76	456
190	294
57	284
41	493
44	132
23	197
369	433
264	445
301	325
375	407
355	481
287	386
27	398
272	375
104	387
3	422
19	488
140	373
293	390
105	248
139	374
25	83
78	133
43	334
177	330
303	411
12	94
285	438
165	275
268	395
20	358
33	212
169	393
245	467
27	147
410	493
181	480
92	328
49	361
50	480
200	490
131	460
49	210
162	210
358	368
199	379
253	441
184	406
140	293
294	317
206	247
241	445
14	207
389	472
95	118
89	473
364	415
362	391
346	437
86	318
31	457
196	367
94	162
100	308
77	338
142	451
16	478
27	169
143	399
311	391
95	331
20	377
39	425
103	473
67	204
482	484
415	468
295	328
118	388
70	212
415	478
322	497
54	405
172	396
84	497
296	338
69	156
124	319
350	355
32	154
27	426
211	273
116	390
142	320
33	182
257	289
87	373
201	292
113	174
52	489
102	483
356	472
23	363
68	474
365	390
24	347
161	200
77	251
85	162
45	306
202	460
50	221
130	337
33	276
192	344
287	373
37	414
27	375
214	486
442	480
316	348
177	444
195	288
151	481
92	391
61	329
144	338
255	380
196	469
297	335
294	465
56	307
73	314
28	433
324	440
132	467
45	318
37	395
388	440
322	443
117	125
262	294
8	381
421	471
155	329
170	443
117	365
111	119
205	272
18	60
22	314
104	169
54	268
175	423
436	461
320	422
73	446
190	207
52	360
310	481
143	454
180	422
153	200
230	497
107	363
300	347
105	271
167	278
369	415
254	475
315	343
420	483
417	486
44	498
282	476
145	261
439	447
5	484
241	427
49	152
123	393
317	365
263	386
281	387
32	449
212	381
81	200
210	427
159	304
223	282
139	391
99	409
123	253
12	363
71	204
450	492
307	309
207	430
296	429
295	457
31	139
343	346
142	144
248	314
187	450
92	490
1	256
38	52
101	304
89	219
136	281
4	300
38	163
240	285
68	76
329	452
250	258
139	211
100	319
320	345
270	303
241	371
73	306
134	248
322	418
433	459
212	427
85	428
155	432
138	482
387	407
213	496
60	325
161	372
211	328
322	331
245	389
79	94
401	498
303	372
191	467
163	390
158	161
36	175
83	157
65	294
128	388
219	469
112	378
139	300
394	396
328	457
128	259
189	214
436	491
166	377
110	196
345	471
62	240
204	452
145	220
20	444
124	249
92	222
148	221
75	491
235	381
475	481
69	386
229	301
149	494
190	343
220	234
146	281
129	423
65	346
44	121
30	395
310	358
288	389
218	353
49	473
21	330
214	258
33	173
68	172
304	429
260	380
323	373
127	257
253	350
55	118
84	145
288	344
409	461
80	244
350	497
112	382
30	75
53	268
428	470
332	411
69	170
55	453
42	458
107	168
326	417
250	331
64	277
47	482
347	446
430	475
70	474
26	398
16	248
214	344
304	460
33	424
76	273
77	93
148	348
76	134
184	368
60	166
153	155
120	330
180	377
46	66
199	454
86	440
63	268
221	379
104	183
126	440
193	276
39	185
157	449
88	464
86	411
8	450
0	358
199	497
487	488
236	343
5	358
248	330
216	296
96	279
274	422
102	464
178	464
24	393
316	317
183	220
148	241
91	216
62	483
38	96
83	91
182	282
372	410
415	436
174	475
458	464
259	277
61	452
74	290
243	263
80	95
32	328
137	416
15	109
364	393
388	409
37	409
14	395
93	167
61	358
102	293
195	313
82	269
52	383
42	294
280	438
245	413
331	334
24	247
102	140
102	187
24	35
233	276
206	311
6	191
243	304
129	445
420	486
49	180
103	242
167	495
117	285
146	456
68	314
1	152
23	387
19	188
98	430
248	459
462	488
292	464
215	495
91	130
18	90
73	102
38	397
107	243
111	437
39	499
260	279
59	128
84	94
157	428
187	210
142	163
304	461
19	323
115	441
30	437
50	411
269	492
61	234
300	394
0	245
18	350
165	256
359	438
139	296
77	407
26	103
69	291
361	450
15	174
57	224
299	481
240	381
167	314
386	494
113	222
166	327
163	491
101	246
437	496
282	442
159	203
128	457
316	362
29	165
334	473
395	476
9	492
158	484
207	401
36	183
147	311
55	377
35	96
104	150
47	289
35	470
17	360
148	432
82	183
113	432
385	450
91	251
100	122
309	493
73	339
268	295
145	462
85	417
41	471
228	432
221	418
4	100
142	243
389	415
206	381
79	124
9	456
15	196
202	267
368	463
206	437
67	103
76	484
29	401
87	190
52	135
265	379
261	350
101	491
99	421
379	464
296	312
0	493
400	452
119	304
89	344
334	415
327	462
49	465
36	216
203	396
225	475
352	382
76	370
35	474
22	421
9	445
90	457
34	269
192	493
310	487
190	217
174	375
29	36
215	448
389	428
227	297
190	466
285	436
122	149
202	274
98	282
184	392
422	472
115	178
36	439
44	145
120	443
128	291
185	208
22	450
130	301
111	237
86	298
250	358
35	423
194	325
123	341
98	437
193	343
427	498
76	118
164	421
13	329
167	219
170	254
43	426
188	243
142	497
154	455
10	289
321	402
29	312
358	439
96	257
49	355
46	324
319	347
296	339
82	98
264	268
87	341
406	425
133	298
124	159
4	430
400	482
6	493
163	442
117	257
384	498
97	221
128	244
24	291
123	154
31	219
416	430
428	497
230	398
163	181
208	278
336	456
148	263
35	308
164	180
110	218
52	359
82	457
202	385
12	364
219	480
227	369
256	476
3	367
143	264
11	173
181	489
83	127
422	490
323	498
91	366
51	339
425	485
39	415
162	195
309	469
95	152
197	266
305	425
397	479
24	91
284	470
167	387
233	453
175	218
32	195
207	220
82	231
112	322
213	454
181	314
366	372
24	339
83	241
8	421
130	193
280	285
10	131
361	417
191	248
286	404
129	249
55	129
134	353
120	195
210	443
428	495
103	259
26	435
326	473
26	262
71	261
200	230
144	445
414	486
358	390
292	408
132	225
210	257
58	353
26	46
103	420
1	315
119	475
158	468
109	478
101	223
91	100
131	224
269	313
27	101
144	241
408	475
210	241
77	492
352	444
90	392
56	298
42	185
60	379
34	87
186	415
37	94
257	471
50	334
296	350
487	498
168	194
236	455
39	69
24	246
338	381
465	489
50	267
121	219
62	64
179	435
213	301
146	404
110	184
77	166
277	342
86	307
16	213
200	418
39	96
79	240
315	322
175	424
177	304
366	368
140	371
57	292
204	426
158	482
61	119
276	302
224	299
64	199
182	262
14	241
15	208
239	351
197	423
39	254
399	424
67	183
292	444
276	495
47	438
235	451
352	391
36	179
159	490
140	439
280	491
159	434
12	472
15	39
145	185
50	229
1	242
75	93
264	279
62	435
199	416
161	360
304	343
309	482
322	377
20	174
239	404
288	493
419	452
95	339
22	227
3	373
0	459
264	283
254	461
9	269
103	350
287	333
23	351
113	364
27	231
57	376
80	366
51	468
12	312
226	297
170	447
10	74
23	437
106	198
32	484
100	334
180	284
431	435
311	356
296	327
145	389
178	338
44	140
220	258
138	319
169	174
155	467
53	399
169	222
286	477
157	198
89	476
74	124
155	412
325	359
294	357
322	484
262	463
147	263
19	179
243	451
58	405
396	426
366	496
188	235
4	70
310	431
109	356
59	363
187	283
180	212
432	477
69	366
46	375
177	458
407	491
188	200
258	424
298	449
8	302
109	304
377	401
59	129
283	379
29	362
98	416
186	253
35	332
215	400
321	364
103	162
89	157
243	276
175	408
176	310
0	279
451	480
8	27
184	261
280	487
205	464
0	67
5	15
164	495
55	495
174	406
90	381
221	286
62	388
333	390
220	273
169	205
340	388
300	425
125	370
268	391
250	477
378	498
240	406
192	218
138	403
122	158
274	383
133	321
110	138
122	182
129	158
8	425
223	452
374	433
55	100
47	200
120	486
222	453
24	486
2	159
39	149
115	202
224	375
5	46
86	144
202	306
298	309
68	254
45	456
171	286
259	461
113	310
282	497
11	51
242	433
141	459
79	290
149	419
175	299
192	292
56	398
51	332
4	362
243	469
111	174
89	274
147	400
161	481
113	366
87	144
328	433
9	386
391	476
297	499
223	239
166	462
41	155
55	336
52	180
19	169
288	300
75	301
214	376
21	182
92	277
216	327
141	267
421	468
232	389
111	306
235	333
218	289
194	489
118	293
47	283
229	398
54	240
68	424
62	499
104	449
140	217
50	346
236	279
134	366
178	463
212	216
263	324
25	300
155	480
200	480
301	401
263	429
4	130
256	259
204	411
391	471
45	196
143	221
7	436
67	319
68	273
76	464
238	431
242	253
388	497
5	340
134	387
2	490
321	338
141	497
366	489
205	273
140	230
19	419
329	361
153	376
109	383
90	173
187	388
201	397
346	483
61	313
249	292
20	263
183	414
42	283
60	464
49	460
15	91
50	65
26	235
60	189
409	492
223	334
399	476
376	490
226	432
415	418
356	418
85	313
389	458
227	416
165	253
115	372
336	495
104	254
63	148
211	300
16	456
98	464
380	456
235	468
14	236
13	360
406	498
9	403
13	267
11	355
243	285
202	358
111	288
109	352
280	292
60	168
284	494
10	262
65	422
305	337
181	492
2	258
120	290
269	351
97	499
221	423
24	327
420	490
167	198
109	263
9	316
307	412
219	328
214	390
327	368
30	310
350	403
331	471
168	361
270	379
181	285
20	269
67	248
266	481
233	328
18	69
12	104
67	384
103	271
210	215
42	428
198	388
16	322
31	70
276	426
232	312
89	461
30	220
51	60
152	394
206	362
175	256
292	348
123	148
276	384
76	292
72	167
240	261
146	278
82	449
467	482
56	403
267	472
40	329
33	311
69	236
119	440
258	438
434	477
227	377
31	137
49	79
291	307
182	354
18	23
160	495
148	453
283	386
159	383
330	487
50	239
449	458
54	216
462	486
42	222
51	121
57	163
143	176
167	461
102	297
244	391
97	249
118	419
105	277
214	345
178	278
171	361
237	453
398	490
9	140
84	456
430	435
99	228
89	390
149	191
82	153
76	161
128	198
41	188
80	417
27	226
119	194
222	485
91	357
162	212
110	489
245	315
95	459
289	423
236	395
269	477
146	219
220	338
123	375
81	334
264	444
173	341
19	447
155	473
91	353
255	363
148	445
274	297
28	51
19	374
191	264
3	231
78	412
44	316
370	443
302	393
89	377
212	214
330	343
152	359
416	432
238	414
37	121
137	363
375	482
40	144
82	336
78	176
46	414
29	211
93	337
31	360
133	390
208	426
17	419
132	412
207	315
279	470
176	416
392	455
58	222
57	416
28	322
289	494
57	337
456	473
18	167
152	265
86	118
111	128
106	146
68	311
174	278
25	206
131	239
332	377
278	407
216	234
147	387
361	399
204	233
45	479
17	84
91	457
34	356
281	417
47	366
228	422
132	226
30	152
108	340
29	446
345	382
57	244
178	291
321	489
171	183
222	298
147	458
189	338
102	179
47	83
39	116
198	261
287	434
77	137
193	259
283	493
189	397
99	331
260	317
273	405
362	372
417	445
108	392
293	482
42	221
298	344
181	415
132	355
28	477
55	448
197	406
187	259
200	237
59	445
321	395
359	464
204	280
288	396
196	248
155	494
265	339
6	269
39	373
193	353
367	370
5	469
50	273
257	409
67	329
135	365
373	417
203	486
102	249
330	339
109	138
230	385
15	486
20	56
172	422
6	120
87	118
72	348
280	393
44	436
141	413
172	362
449	457
222	491
230	364
40	227
134	252
169	302
14	54
143	273
237	392
87	359
375	454
56	76
180	236
123	147
226	338
340	434
239	313
272	317
248	474
114	340
456	493
6	391
30	280
457	486
126	465
3	326
119	239
32	486
297	326
152	194
39	387
133	355
69	103
189	227
359	405
77	152
201	499
165	367
263	405
55	306
259	396
109	392
307	416
232	315
300	379
122	181
96	235
147	406
40	260
20	445
80	375
88	159
213	368
298	332
136	399
151	439
2	270
3	151
165	380
31	43
92	137
166	430
370	401
401	471
126	176
71	473
148	496
302	356
239	426
65	238
5	187
219	415
51	284
371	484
123	285
303	389
278	452
247	367
13	206
103	366
196	238
387	395
185	270
155	351
235	260
57	122
59	62
294	320
68	338
270	319
427	496
10	207
318	371
85	129
81	288
176	437
108	177
270	334
243	286
251	281
10	399
14	153
250	457
365	436
21	240
313	411
92	323
299	423
236	416
3	267
223	317
321	324
296	307
158	407
63	212
27	143
153	423
462	496
228	393
228	301
12	366
100	492
175	465
137	285
193	300
97	216
282	490
33	238
437	475
174	453
192	323
40	240
20	341
0	95
299	306
119	146
130	282
23	112
139	475
10	317
117	495
381	396
190	220
25	420
98	103
99	161
325	422
318	451
270	336
391	446
333	337
138	160
169	280
23	243
99	485
216	401
72	365
11	407
293	360
203	386
293	377
309	351
273	310
86	384
155	170
38	257
138	425
19	262
185	339
211	361
69	370
32	71
236	320
371	377
229	492
190	489
1	471
199	331
188	232
24	381
6	287
74	106
286	334
265	298
159	369
416	489
189	280
160	269
142	460
39	117
265	394
104	127
121	261
125	267
227	403
288	308
249	488
239	436
74	129
141	293
89	420
21	109
53	137
144	387
61	82
169	483
149	294
13	303
282	438
244	390
46	405
221	363
275	400
167	261
32	326
141	237
90	383
238	330
281	308
10	354
20	266
47	102
11	279
159	390
151	455
308	498
45	229
176	271
122	289
83	291
208	355
35	393
175	413
153	375
162	244
208	460
146	330
144	428
337	362
323	358
290	469
41	499
144	223
282	314
400	458
238	282
29	147
29	334
332	350
48	243
217	496
89	258
30	341
378	476
69	481
417	422
268	347
89	487
100	355
348	423
74	366
19	33
30	139
12	489
309	447
104	394
31	202
252	451
440	469
204	396
48	357
329	455
67	97
7	379
266	305
373	452
25	297
407	410
3	61
17	468
39	101
93	99
38	372
163	235
39	438
93	379
110	251
246	410
52	207
185	360
305	473
1	371
63	444
67	102
69	322
278	406
134	320
43	462
15	345
94	208
86	253
114	252
293	331
78	394
416	476
35	471
397	441
125	149
219	446
152	196
285	314
377	456
222	276
199	470
50	497
177	413
333	493
306	406
123	378
328	391
217	467
117	228
293	406
54	100
154	417
286	442
118	482
277	490
195	314
362	407
359	460
138	216
101	128
233	343
59	377
180	228
31	496
253	334
255	450
13	248
311	413
290	294
184	449
47	118
227	243
385	409
134	375
56	300
117	134
79	131
23	482
109	313
207	394
20	468
79	378
301	397
264	320
104	320
144	430
198	364
49	55
353	440
145	175
136	335
178	191
173	421
288	309
378	483
191	217
88	402
84	292
4	25
75	251
138	347
297	317
32	159
391	435
141	222
233	363
29	411
119	300
277	290
75	438
110	409
443	485
42	174
54	487
71	139
20	173
312	349
145	327
114	428
37	385
45	325
29	267
102	162
322	394
69	235
324	378
130	270
9	235
267	412
70	120
420	499
14	415
334	386
96	168
115	157
152	439
168	460
338	355
276	484
48	232
163	267
198	331
408	427
198	308
5	145
345	396
309	317
207	455
165	476
92	143
186	498
345	399
207	369
233	467
94	158
321	444
35	267
360	466
256	477
106	448
178	439
27	233
220	409
17	43
44	494
46	233
268	420
0	16
56	148
83	218
334	366
449	493
290	440
259	299
96	350
161	366
454	465
240	393
91	397
77	357
28	458
364	409
42	243
177	454
58	354
271	400
414	437
330	341
51	65
378	445
327	454
118	185
207	367
156	259
406	494
27	340
252	355
56	495
126	296
346	350
39	448
182	233
13	405
179	212
369	461
367	372
129	279
153	291
253	406
245	449
19	74
224	443
185	404
63	275
35	204
416	452
127	217
398	428
106	356
234	399
125	239
214	280
355	386
77	155
257	298
152	153
309	364
31	425
404	441
59	288
418	455
184	361
251	487
202	342
124	480
112	420
147	304
229	387
28	245
192	229
228	437
39	186
129	454
123	396
50	462
155	203
223	430
245	397
43	105
3	111
146	276
270	353
371	382
142	338
17	178
85	363
55	418
77	445
273	380
126	169
58	158
117	181
37	359
12	116
24	276
288	348
82	320
365	437
49	257
180	189
59	401
102	438
168	451
120	226
255	333
81	383
71	121
31	495
28	372
4	149
93	283
165	441
291	328
17	336
15	143
242	324
354	455
37	91
65	293
51	75
302	428
74	163
119	282
13	382
80	312
38	462
12	254
183	442
62	167
45	426
66	345
315	434
261	330
172	381
89	110
85	254
203	398
32	72
109	446
110	255
18	268
74	218
294	318
152	470
244	445
294	297
62	446
246	390
129	236
71	127
19	72
324	429
13	316
97	207
91	439
237	367
306	395
7	50
168	220
43	360
2	280
97	145
198	369
260	494
24	452
442	462
253	335
90	225
49	319
409	459
171	498
31	35
158	243
364	431
250	374
18	58
279	313
38	333
198	322
3	496
348	418
461	468
446	492
113	288
212	285
48	377
280	465
16	68
347	436
50	415
398	462
320	378
363	364
27	262
67	187
175	373
148	486
18	362
262	428
256	384
179	415
326	414
227	444
3	249
371	444
320	325
78	378
176	217
101	254
192	339
22	203
150	477
230	337
26	122
30	74
180	201
463	475
44	229
483	486
68	75
384	465
60	277
83	112
130	402
49	213
150	306
30	391
217	463
168	418
206	309
359	371
332	470
3	129
361	418
9	260
53	199
173	438
93	323
69	384
88	226
16	131
5	346
48	229
199	380
21	66
197	463
33	110
316	356
70	181
84	168
96	426
218	427
316	423
240	252
6	56
165	243
48	301
55	280
312	347
126	216
291	316
4	427
152	178
255	358
181	425
290	340
173	371
103	371
48	228
278	393
75	486
208	438
46	231
118	396
42	250
21	342
112	366
69	218
42	211
130	180
26	426
461	462
101	277
88	364
37	458
56	244
160	183
306	360
134	325
93	134
253	293
127	136
76	152
45	337
73	351
20	110
147	336
23	160
89	374
187	225
163	388
199	420
214	243
23	360
319	352
79	258
14	36
200	335
115	313
1	81
147	214
223	290
332	404
268	430
128	210
194	499
388	480
5	164
249	413
60	373
394	411
29	37
387	460
168	229
111	403
276	346
160	283
111	294
390	422
150	328
137	243
186	248
89	366
53	91
189	198
357	384
94	397
190	231
48	395
69	428
14	45
85	371
319	417
170	446
137	346
413	495
405	494
3	214
410	444
418	499
247	275
87	243
375	384
9	262
42	75
73	98
278	370
35	253
249	285
41	200
150	301
128	225
181	471
421	430
332	447
77	130
60	208
342	498
119	491
34	191
11	367
232	426
247	333
71	440
297	448
0	212
369	385
65	160
175	430
278	343
272	346
171	377
290	458
72	95
230	490
174	294
137	339
157	324
47	87
66	162
24	177
49	380
106	401
115	464
117	367
236	377
305	434
130	245
171	234
91	423
154	466
332	421
275	378
139	396
91	98
6	470
316	418
136	283
131	387
121	382
175	296
185	324
34	412
66	235
172	417
184	319
188	353
162	185
37	175
38	495
12	490
101	119
282	435
266	422
352	379
129	406
144	329
104	393
56	212
151	437
77	428
109	378
371	389
75	442
385	439
84	200
56	211
3	153
96	468
57	247
353	494
353	362
411	461
42	234
92	318
406	445
381	493
465	478
50	489
399	401
13	156
425	441
236	351
77	173
96	190
458	472
44	174
7	305
215	342
57	190
84	216
219	236
37	112
23	214
412	424
140	497
128	179
151	498
260	301
208	408
250	453
52	475
168	188
294	440
91	318
28	135
244	336
437	479
77	151
340	423
276	491
231	312
288	318
210	278
26	366
273	399
26	201
240	395
251	346
3	213
76	403
117	331
46	114
286	348
442	497
68	177
84	236
168	201
57	195
100	144
59	230
401	467
197	321
153	335
80	463
175	304
40	364
102	289
94	414
53	322
192	297
26	219
168	235
96	260
162	266
91	364
66	470
155	272
59	310
398	404
24	320
115	124
139	203
71	77
31	278
189	311
4	295
9	342
275	302
0	23
112	431
341	425
226	463
213	428
10	283
153	371
383	430
41	385
49	161
44	67
60	175
363	409
29	79
56	471
307	418
49	101
25	408
27	151
176	254
48	440
236	484
120	196
249	317
276	422
3	385
457	478
155	360
96	444
217	452
144	498
90	146
166	314
137	263
7	403
199	276
457	488
8	162
4	90
43	429
114	360
157	246
93	320
217	264
211	421
48	439
201	215
292	300
119	172
160	198
72	205
214	274
48	323
134	442
18	316
62	149
174	499
191	229
12	349
0	30
95	292
397	446
256	385
177	193
169	417
10	136
134	157
201	373
27	109
201	407
106	458
225	422
363	450
273	362
181	323
55	497
143	256
129	300
238	415
15	28
317	436
194	261
116	435
1	385
9	481
53	454
146	467
122	132
156	329
158	264
277	361
110	232
62	454
184	413
88	324
159	309
467	499
117	271
167	403
201	457
224	463
283	453
123	174
191	459
185	284
98	163
103	309
146	299
316	344
0	241
145	401
8	36
239	385
409	489
119	339
83	487
439	440
284	422
47	413
385	467
237	346
118	477
300	389
220	297
384	446
262	271
294	332
38	404
167	400
19	191
293	357
19	264
292	396
116	183
21	484
208	397
335	404
295	481
156	165
305	460
257	401
66	380
349	473
188	454
67	340
411	489
62	179
130	138
151	375
124	245
28	488
26	155
220	400
25	40
76	413
176	364
347	430
341	444
309	441
69	293
62	451
106	447
3	122
331	340
176	286
6	411
340	364
179	316
126	181
375	405
35	110
73	179
79	228
250	493
249	254
27	173
133	347
145	283
13	51
278	365
208	269
108	165
230	288
300	435
51	209
318	328
67	407
21	294
27	252
70	452
363	467
26	438
20	405
60	89
28	110
237	390
276	419
38	91
83	433
1	340
9	34
35	448
117	309
14	418
453	476
138	194
2	346
246	468
45	348
135	494
70	178
305	416
204	320
6	54
204	394
125	233
301	497
34	493
321	490
305	417
147	498
264	381
152	387
321	397
106	431
105	208
173	498
165	230
218	344
174	256
275	494
100	196
45	293
143	415
279	376
42	388
311	445
167	258
172	380
379	382
479	494
151	413
122	462
179	480
102	459
380	499
221	378
208	248
156	371
339	378
375	480
374	378
34	238
91	406
7	137
30	35
106	362
69	336
121	141
25	446
31	197
138	352
187	482
394	437
334	462
2	141
336	486
146	162
106	348
161	237
16	375
180	387
228	346
120	403
54	316
281	334
240	490
355	416
74	109
127	290
40	178
364	398
111	479
276	366
93	157
108	271
20	160
3	338
252	420
59	391
98	129
19	406
397	460
324	338
29	372
91	473
100	400
314	472
275	410
14	311
179	266
307	454
115	172
60	86
170	219
29	384
370	424
66	153
39	301
139	272
438	494
48	426
3	395
315	350
127	410
116	373
165	191
302	406
47	231
16	376
23	324
166	410
111	265
190	400
187	254
167	316
160	477
366	421
200	461
113	198
129	403
82	359
10	348
463	470
91	395
43	286
159	349
319	446
322	450
249	277
151	259
61	351
110	279
206	261
14	433
121	354
259	386
127	227
424	432
346	436
369	490
183	332
45	112
186	423
109	310
396	437
339	398
359	452
18	461
71	353
179	237
45	422
79	247
125	484
376	486
12	306
144	234
32	122
347	381
187	217
0	480
379	402
269	342
24	164
449	462
52	460
31	72
82	321
197	447
114	331
90	358
55	465
188	460
8	245
213	399
49	296
14	77
25	66
151	286
197	319
369	424
185	325
226	330
156	224
83	379
42	119
360	473
81	399
203	307
95	171
85	462
91	198
32	74
144	294
4	9
481	496
153	433
171	471
191	228
14	378
460	479
128	169
68	241
321	359
160	209
155	221
100	422
178	449
85	136
84	312
83	438
22	106
313	410
65	186
1	162
42	305
21	40
83	120
56	203
152	180
274	461
238	363
403	411
125	190
178	248
23	302
78	314
145	147
296	392
178	270
196	356
221	483
60	113
166	338
20	258
35	233
202	348
58	424
105	426
212	366
322	401
143	475
86	334
239	373
64	468
307	481
64	89
68	153
203	351
235	434
23	323
26	157
164	248
21	291
207	474
70	482
289	351
153	263
64	237
21	443
334	413
81	162
46	496
143	173
249	404
244	467
51	202
20	434
189	414
172	406
57	428
35	219
0	185
27	435
14	407
57	355
42	224
31	252
241	263
420	481
89	223
210	230
436	438
87	204
136	262
34	388
183	420
127	235
137	425
243	339
162	480
102	492
141	158
246	366
59	164
94	173
220	310
271	420
170	172
124	282
107	462
362	472
60	319
391	491
67	243
293	425
2	179
271	499
28	207
33	492
189	292
26	376
74	205
239	494
30	80
264	281
2	178
161	398
267	457
165	286
107	179
195	405
176	453
51	358
292	461
405	492
4	207
195	221
35	272
201	207
311	453
294	398
157	204
67	197
60	483
161	340
15	64
18	299
272	314
144	377
14	346
219	450
55	351
237	470
119	441
81	416
52	465
45	209
65	327
159	267
10	65
100	151
398	421
282	450
45	345
297	380
419	437
401	455
23	445
212	361
64	433
251	429
59	154
20	417
17	231
263	406
227	237
111	484
157	468
202	283
88	383
220	225
271	473
84	363
64	221
61	498
362	389
147	486
116	323
156	228
85	421
33	196
183	250
474	487
270	472
169	303
75	300
121	284
51	441
331	415
277	488
8	386
194	291
445	482
85	109
75	487
83	259
214	283
65	219
60	301
87	441
128	444
131	270
72	367
15	222
90	220
166	217
90	128
244	352
291	373
191	348
146	170
234	371
76	309
133	377
75	441
3	304
142	352
62	68
224	321
28	284
113	139
165	337
131	347
345	446
356	446
321	429
6	25
10	394
416	471
211	415
63	297
54	254
67	474
34	288
314	323
29	202
51	255
33	51
360	423
339	439
98	408
7	205
298	384
152	212
22	166
350	473
6	46
174	490
251	381
79	358
241	338
0	29
19	396
188	495
311	335
305	452
97	153
230	442
98	107
229	255
322	454
22	304
186	454
102	322
330	436
15	455
97	228
246	291
235	447
143	428
206	244
424	430
147	282
152	174
43	320
291	399
5	315
71	394
141	212
88	322
128	229
224	226
109	330
232	255
134	178
21	384
322	323
189	313
57	125
58	151
281	412
127	434
166	452
72	126
430	464
202	320
132	301
381	466
47	211
240	319
144	441
52	160
58	189
93	465
379	456
159	288
219	382
68	321
35	489
18	438
347	438
148	168
227	303
205	306
93	143
292	417
182	281
262	340
135	300
215	281
232	278
110	387
205	337
76	104
376	450
131	431
156	491
292	342
41	135
69	460
385	389
258	447
53	229
309	440
444	456
82	278
260	466
43	178
113	343
103	457
95	271
244	310
310	318
99	118
48	431
389	408
15	227
4	128
19	231
31	455
58	469
216	297
40	90
148	169
84	199
6	11
247	277
284	399
214	315
142	274
110	455
123	250
300	454
369	482
131	175
64	283
117	437
302	460
187	438
137	407
158	160
162	367
84	225
253	344
49	177
130	215
354	458
121	167
74	310
21	27
49	81
168	423
273	395
195	407
91	293
57	483
191	481
17	230
364	368
34	285
113	134
318	487
209	486
136	439
319	430
262	420
212	487
323	425
36	119
60	170
293	472
105	419
149	395
404	457
168	331
22	41
51	90
377	421
236	259
107	117
136	365
28	456
313	426
322	432
176	367
267	417
196	446
146	285
24	326
297	420
384	462
13	177
186	241
292	336
166	271
91	175
112	436
163	187
64	279
144	372
49	198
184	410
192	366
203	352
399	441
405	412
3	45
445	483
210	446
197	340
311	482
64	152
127	154
108	461
90	134
82	451
429	431
51	274
83	448
35	430
310	385
352	497
74	105
38	116
25	81
82	257
193	288
396	491
187	190
371	388
138	273
131	164
294	355
59	462
76	427
177	291
36	47
34	104
43	204
44	127
52	431
159	227
26	71
94	339
263	372
10	179
67	208
269	393
300	400
48	195
144	364
145	245
184	274
145	209
357	498
40	388
257	410
408	473
113	259
85	397
204	454
65	70
159	291
432	436
45	216
68	218
71	457
56	159
5	8
427	463
48	410
16	377
184	472
365	421
115	299
413	462
151	268
99	301
203	339
20	440
150	458
267	379
108	371
15	147
355	445
197	392
101	422
283	291
101	482
157	409
241	460
35	188
241	405
235	414
151	396
97	413
156	192
24	433
30	363
26	116
91	331
9	295
162	278
120	121
272	415
417	481
150	402
81	476
8	117
218	318
104	414
152	248
239	267
97	428
104	339
37	478
226	238
132	470
278	306
28	463
299	493
91	269
363	408
17	149
22	433
102	129
374	416
27	462
259	459
151	496
174	250
5	392
32	475
28	314
213	313
105	429
366	431
331	454
282	284
400	431
69	475
43	378
235	366
108	432
122	134
401	479
1	199
153	426
384	485
125	214
70	203
114	155
17	465
270	335
88	179
217	326
237	380
336	412
264	379
59	495
200	301
181	306
322	350
7	370
102	457
141	380
61	84
48	376
355	462
149	174
249	311
146	259
29	233
22	292
211	443
24	128
234	374
116	221
53	422
35	50
224	381
171	447
37	134
35	394
56	204
17	425
210	396
70	453
36	460
200	311
168	274
237	485
48	253
157	182
158	474
385	437
475	495
64	116
52	404
250	435
39	49
284	333
63	322
144	245
28	266
205	416
327	394
405	444
22	302
90	310
90	165
53	256
172	220
134	364
303	459
16	301
138	325
237	362
270	407
226	457
155	285
54	345
181	445
67	198
162	384
186	446
55	59
174	188
87	350
65	267
96	383
70	186
265	384
131	335
68	333
337	368
243	402
15	46
198	381
195	232
20	476
261	307
112	331
151	269
341	410
21	237
137	304
99	272
228	462
198	383
37	483
134	407
173	253
21	64
317	318
281	488
291	485
424	458
1	107
109	350
94	354
44	465
217	271
196	396
161	206
96	289
439	492
425	469
318	342
183	486
141	414
67	444
11	372
245	332
439	445
260	280
280	436
263	466
333	386
93	301
82	266
64	265
182	363
95	335
193	286
268	431
19	331
247	368
11	296
2	64
14	361
286	401
185	320
82	193
162	290
271	373
217	408
279	409
114	219
102	338
116	325
405	452
310	468
159	467
307	323
126	212
144	495
7	311
236	475
149	247
132	139
199	206
118	268
122	202
52	392
297	465
301	328
236	248
69	302
24	310
339	374
166	274
273	441
87	200
106	418
19	160
21	393
23	424
9	55
412	417
83	318
170	193
375	419
140	402
437	461
148	182
93	194
332	381
199	482
149	355
362	412
5	456
341	474
14	442
367	384
52	477
327	447
68	222
184	205
375	391
401	404
117	356
125	289
107	281
43	434
330	481
30	249
40	282
14	490
4	42
57	248
22	376
290	419
216	499
192	334
89	192
99	145
235	287
320	324
12	259
110	468
57	492
410	416
132	444
215	284
176	458
353	420
163	359
275	307
215	262
367	404
119	350
389	484
63	358
43	431
23	69
95	256
6	302
37	109
261	488
416	438
74	314
206	400
121	414
128	139
178	300
261	461
385	440
247	455
207	450
98	476
269	323
76	88
274	284
7	111
154	248
68	258
87	119
116	340
1	268
245	330
78	322
135	296
0	333
228	313
148	323
15	84
1	336
82	119
8	26
158	219
1	307
268	381
238	443
44	175
79	104
130	132
32	314
261	413
411	416
323	487
144	378
149	387
27	168
55	382
269	387
372	492
342	354
242	288
123	369
272	307
101	451
428	436
346	352
41	172
368	497
188	309
165	405
415	457
346	411
130	234
346	460
20	334
233	433
467	492
206	306
307	448
26	338
28	338
8	164
72	371
484	495
80	499
19	319
313	417
104	141
125	390
153	251
56	449
377	408
105	179
156	391
210	415
59	162
31	241
355	480
52	299
187	423
25	307
315	409
89	402
0	481
130	332
353	377
97	333
54	189
360	437
299	302
95	323
36	181
456	479
226	418
163	402
131	236
356	378
136	147
213	441
152	315
15	493
11	237
108	278
60	291
255	348
289	471
305	429
279	368
376	492
373	463
152	283
76	471
30	202
77	263
31	464
215	280
203	445
149	365
145	455
267	309
42	275
95	453
144	151
63	352
269	334
281	479
56	122
240	417
120	233
152	216
38	391
29	180
64	363
397	404
14	328
224	258
75	424
371	485
262	495
111	202
140	291
131	325
27	156
38	76
379	461
114	292
161	394
262	298
338	447
89	466
83	434
364	485
296	466
290	411
56	373
79	488
64	341
21	215
41	408
97	238
295	423
35	197
55	260
88	368
87	186
52	226
6	281
191	368
393	479
18	321
2	174
189	406
163	438
328	452
126	359
32	428
230	460
87	493
96	438
250	497
108	438
88	388
338	405
104	253
121	204
49	197
50	301
167	482
182	314
281	313
5	167
198	347
157	226
35	93
88	431
191	450
39	262
108	128
68	297
36	215
44	163
167	242
53	445
284	451
300	354
64	345
48	187
33	195
163	176
20	26
46	455
354	490
100	107
349	464
435	485
174	198
77	118
114	497
308	481
126	482
297	360
22	74
190	335
213	343
130	169
192	301
36	227
93	156
383	386
104	420
251	327
120	392
291	459
155	159
89	241
285	474
223	257
94	374
346	395
159	337
32	401
242	262
188	474
72	447
93	184
77	453
312	478
222	334
91	447
257	487
95	231
66	105
363	490
102	430
13	90
104	165
254	487
259	465
76	259
14	19
15	447
24	495
250	424
210	314
130	387
32	444
97	122
388	494
40	208
35	493
287	335
256	463
473	492
232	300
317	391
240	249
42	291
12	19
127	307
194	229
214	451
200	380
128	218
128	174
136	334
46	366
44	455
33	427
1	100
150	419
99	253
30	116
375	478
315	325
144	220
46	54
159	275
111	211
46	239
338	454
318	495
52	328
309	459
130	135
74	471
158	374
72	99
143	178
147	424
247	419
203	484
146	306
222	309
289	383
356	432
408	481
52	249
377	493
97	195
151	324
16	97
48	107
58	196
252	473
22	69
12	22
324	396
62	122
300	396
344	450
12	410
6	129
12	175
321	333
335	373
29	241
172	427
206	216
65	333
358	489
232	453
282	452
85	264
50	223
29	172
347	384
210	381
432	480
83	446
219	298
62	113
306	408
239	424
318	499
7	468
348	422
272	338
262	385
397	402
345	379
243	365
112	320
158	312
276	370
303	465
274	306
302	445
144	150
191	406
115	216
123	324
15	366
160	331
389	397
414	474
204	420
76	352
27	191
12	118
210	433
411	438
274	375
269	486
17	209
75	195
89	393
50	155
46	491
378	412
56	92
147	330
384	464
236	441
158	228
29	412
41	371
183	405
146	215
50	201
268	362
384	495
52	119
214	378
386	443
190	427
82	331
57	493
248	322
15	461
141	426
117	321
116	484
17	249
200	285
2	227
75	311
340	422
343	400
327	432
165	407
93	210
150	319
39	487
61	436
324	490
170	489
30	121
38	311
49	298
116	320
353	402
183	373
243	394
234	477
344	430
185	450
84	403
195	437
277	376
279	419
21	200
71	86
92	176
117	428
4	420
408	474
452	462
29	321
3	125
197	411
208	401
208	481
2	468
43	489
171	190
128	261
382	453
9	57
87	195
316	369
258	383
315	487
34	407
63	390
13	106
50	436
19	128
101	244
77	209
26	309
148	264
164	202
216	314
82	199
16	402
16	230
6	41
353	465
195	289
16	409
451	494
124	150
335	371
238	240
302	351
292	400
130	211
425	479
250	397
59	422
366	408
122	372
204	260
456	457
14	379
86	87
71	390
253	359
196	383
86	266
92	299
460	477
137	335
305	494
172	360
259	385
296	376
262	328
91	393
260	369
27	48
136	352
38	413
44	427
112	202
67	463
228	303
154	212
67	275
192	441
211	234
345	467
236	305
357	362
190	386
50	391
51	186
25	255
219	451
32	187
267	420
130	411
43	481
71	207
195	350
77	162
129	364
316	388
2	378
302	318
106	487
149	440
133	271
72	372
296	400
256	258
316	445
204	251
86	250
138	177
162	285
30	103
56	150
153	415
284	371
29	258
137	350
48	438
200	329
81	365
299	308
13	406
257	319
52	322
379	434
110	274
328	448
9	228
64	371
132	297
134	410
85	274
348	484
178	236
142	280
282	455
105	282
252	486
12	67
94	351
63	425
24	417
56	73
260	263
136	423
64	278
34	411
42	253
295	327
21	83
29	61
77	89
231	445
89	276
191	376
139	498
133	461
85	146
106	422
69	95
349	356
436	489
318	382
259	496
147	335
117	493
205	437
97	489
159	293
255	396
304	311
169	371
106	166
14	339
469	489
310	432
480	497
163	362
217	428
69	172
106	476
183	350
297	379
8	406
69	431
222	246
24	198
284	421
382	438
96	446
22	65
211	367
101	479
381	412
173	218
176	282
213	319
194	373
160	239
86	340
99	251
125	215
116	337
198	436
100	174
258	348
49	371
35	231
347	410
281	341
130	221
401	459
54	283
140	266
92	120
171	429
7	279
94	155
116	333
52	386
59	225
123	479
236	319
108	325
108	458
211	429
15	202
39	284
184	486
183	313
17	152
59	146
199	321
142	207
17	353
90	374
144	310
275	453
4	127
148	188
141	449
269	391
72	483
113	347
272	284
269	440
169	370
294	477
388	475
333	412
98	361
101	421
137	272
169	361
94	465
194	227
229	456
314	338
198	402
51	361
384	393
339	476
211	289
351	453
168	429
186	275
352	494
241	266
221	416
217	481
116	363
121	357
58	205
275	379
11	377
127	285
260	446
32	178
12	375
24	155
218	244
273	470
80	174
155	463
199	332
0	26
122	418
85	482
136	371
61	346
156	372
157	269
263	388
29	304
13	246
25	492
88	131
363	486
28	400
24	63
9	441
57	312
227	420
263	435
140	303
155	213
116	192
204	422
253	315
198	486
345	371
234	443
213	415
134	489
78	278
288	406
224	371
73	285
48	275
319	421
144	484
269	443
441	459
23	461
249	257
22	88
70	292
125	173
295	412
328	366
13	66
64	262
265	336
268	374
342	400
127	310
97	423
85	210
89	250
162	183
41	298
225	278
374	487
103	385
69	297
202	278
343	357
274	353
343	369
283	322
122	215
356	467
5	474
29	278
134	198
189	400
447	483
26	277
27	383
181	488
150	155
92	272
211	496
15	186
7	230
12	438
335	358
6	284
11	242
178	399
60	419
98	373
218	257
44	392
21	497
67	170
409	455
4	122
233	370
263	290
102	467
346	461
71	197
196	434
296	485
21	473
233	307
6	84
48	103
379	436
154	465
196	219
34	486
308	476
221	231
10	95
373	493
217	353
5	240
154	394
125	281
261	483
77	200
106	124
21	340
338	444
35	100
425	474
257	412
251	419
79	180
62	390
260	364
354	442
210	263
105	328
299	441
111	299
279	282
186	211
54	308
233	248
88	157
37	90
191	252
12	457
166	399
31	254
22	417
126	266
252	371
117	320
36	100
64	466
243	290
203	441
107	260
158	471
74	433
112	263
118	343
19	101
54	454
27	145
60	363
120	457
155	318
93	353
22	355
11	385
215	311
67	461
183	497
94	193
198	323
47	236
200	469
46	71
6	92
28	378
57	279
84	467
87	495
302	489
284	447
37	155
286	428
180	274
151	444
231	274
222	454
124	216
170	174
297	432
117	272
397	431
265	420
17	451
6	435
221	290
185	492
73	111
124	373
282	287
48	290
11	82
50	145
339	354
146	274
286	317
54	248
67	108
18	421
450	457
288	394
123	128
331	480
106	187
36	264
220	339
392	435
139	276
418	438
400	451
96	335
16	207
318	377
114	493
11	374
214	445
183	367
373	379
71	346
67	110
43	308
5	78
65	345
291	298
453	468
165	393
318	390
38	182
63	465
150	476
137	138
13	445
12	139
334	356
244	341
6	213
189	393
195	403
433	465
223	383
322	445
270	467
54	409
341	487
114	401
114	492
298	409
83	293
299	332
100	411
9	54
383	408
484	486
33	353
77	243
232	279
223	489
334	453
56	427
337	412
255	261
363	457
372	442
153	384
284	449
105	402
375	465
95	214
168	186
324	466
322	411
134	261
28	491
4	413
36	374
123	403
290	476
125	301
62	329
287	324
117	400
81	271
38	244
46	168
286	430
199	483
90	380
261	490
139	157
43	252
10	298
209	453
107	115
330	465
257	285
131	426
323	345
80	215
103	233
25	331
4	183
183	457
6	483
45	113
368	403
70	94
175	237
408	416
432	434
235	351
312	361
23	139
20	338
10	309
309	328
57	385
183	248
9	212
150	466
70	496
53	184
6	357
182	214
69	119
67	456
274	359
106	215
210	333
29	257
128	239
288	499
159	188
71	491
65	413
30	41
288	424
198	279
61	356
198	325
143	202
214	343
228	240
205	340
124	355
22	300
429	467
319	372
38	80
285	307
207	454
267	397
274	356
109	161
345	381
240	340
134	289
270	342
192	452
319	479
158	486
464	491
54	211
187	387
247	328
15	473
116	181
144	297
138	354
298	392
159	432
371	399
133	364
264	489
390	402
100	148
52	422
283	347
26	399
181	454
373	393
121	395
63	174
180	308
400	463
319	358
256	480
261	465
221	281
212	295
108	299
96	465
202	480
15	26
379	432
101	347
177	234
12	184
51	163
66	291
11	33
266	309
398	422
296	467
31	433
33	343
168	241
48	256
135	170
353	390
293	362
39	125
6	477
214	443
26	344
149	359
251	478
84	478
205	267
77	289
62	394
76	372
78	145
87	158
405	449
125	427
115	399
217	260
142	242
105	351
127	140
40	258
221	386
382	482
211	457
261	272
275	467
120	317
58	351
139	284
119	382
146	207
359	422
3	456
211	495
190	251
404	492
171	406
136	164
227	270
56	100
220	370
139	153
231	325
252	327
175	322
167	282
242	304
344	441
289	380
213	260
162	424
62	163
70	205
122	345
341	432
248	449
54	372
113	335
117	299
1	189
242	434
8	160
156	499
8	494
79	463
326	392
93	226
16	107
192	197
99	354
27	39
271	481
96	372
148	433
161	281
484	491
150	270
210	258
9	180
85	200
270	357
6	354
360	391
306	310
60	75
69	107
177	280
88	230
4	457
196	384
422	437
110	287
336	369
42	110
330	410
328	340
289	465
187	287
189	244
95	136
238	373
336	422
97	237
314	457
372	489
74	414
263	330
187	301
143	179
318	422
114	407
146	435
79	152
78	323
88	266
236	413
305	319
76	375
44	91
99	458
9	230
119	263
26	195
235	350
259	399
130	338
328	359
246	279
318	388
339	348
247	400
108	279
23	154
220	481
177	390
149	302
134	205
230	436
48	460
284	348
217	256
81	480
115	307
139	288
120	204
72	267
114	317
239	308
190	275
302	448
156	392
50	485
73	453
252	392
88	376
110	167
31	477
127	480
338	339
240	321
342	346
377	474
75	352
239	312
186	265
218	254
410	430
232	395
8	71
112	434
59	384
112	254
19	80
41	104
207	217
6	324
112	236
343	405
252	255
219	295
43	430
365	423
368	404
88	294
386	440
81	88
1	144
23	317
65	116
173	435
50	206
4	453
217	394
165	170
101	357
307	360
49	370
449	491
73	125
115	312
316	387
269	463
402	492
283	415
130	359
312	350
162	227
333	369
28	442
59	75
136	270
132	482
280	310
229	425
125	318
95	159
192	462
107	452
66	185
71	330
161	254
27	201
463	477
87	106
112	427
38	239
43	441
211	232
18	328
356	497
125	425
92	240
213	410
229	257
33	208
22	367
18	48
350	481
58	436
158	339
294	305
300	301
275	431
309	420
108	194
114	485
419	487
378	381
175	197
112	206
5	23
87	111
337	382
134	225
136	453
273	366
31	105
176	259
358	471
39	63
392	454
222	424
93	236
36	276
36	145
31	483
170	252
396	487
77	387
103	270
132	150
307	484
235	326
65	67
0	6
199	361
7	495
72	114
47	134
174	175
146	346
199	430
53	485
177	347
181	407
62	393
332	449
152	424
373	376
258	377
170	248
23	78
198	270
127	345
69	304
242	459
374	386
273	278
43	433
15	159
61	360
33	441
19	431
142	374
142	369
289	364
56	269
178	225
102	471
275	481
234	254
23	486
46	412
169	469
215	331
111	477
8	475
74	384
92	216
125	434
312	343
135	430
32	141
213	255
90	336
141	375
6	491
326	493
403	475
245	307
14	175
75	320
33	401
18	317
62	408
246	281
424	470
203	291
21	219
236	366
347	367
186	189
92	497
223	307
229	365
460	464
177	329
239	451
136	214
193	249
32	89
55	331
252	363
133	258
235	384
179	341
66	358
207	266
132	460
195	388
16	55
282	456
74	426
249	461
234	362
19	463
74	275
167	285
193	467
365	495
305	479
91	157
103	224
468	471
121	171
39	320
452	466
73	258
33	194
344	460
75	163
296	473
11	288
134	161
144	358
234	454
443	486
32	354
43	459
384	429
264	394
184	374
317	392
123	295
416	420
224	332
226	462
162	287
332	454
441	442
37	401
176	421
166	199
82	326
389	425
197	395
34	264
219	473
178	435
204	232
108	446
33	455
194	299
236	300
140	256
362	481
58	393
244	463
106	483
44	107
158	405
223	276
309	386
52	375
157	473
282	364
138	191
78	334
342	376
127	398
438	481
345	457
252	478
215	427
104	181
160	494
223	484
46	483
94	244
72	112
160	476
124	455
1	437
297	362
164	226
227	314
381	408
57	469
50	53
56	184
62	481
189	493
136	343
141	352
74	193
367	421
218	247
33	267
40	88
177	201
304	376
233	493
94	355
120	229
72	370
292	466
308	385
280	453
234	351
433	492
56	476
175	485
16	166
181	421
131	452
105	458
38	114
18	184
34	348
152	276
159	348
164	350
30	56
211	482
267	409
62	384
26	188
32	42
321	426
86	492
22	87
133	142
127	277
117	139
270	396
225	233
21	419
77	485
0	390
393	489
453	496
203	387
214	364
23	365
217	223
285	410
306	354
236	250
34	287
368	446
110	412
14	438
233	333
82	154
360	377
22	298
238	359
405	430
49	105
231	396
56	376
166	263
162	307
214	322
176	388
40	171
218	258
274	392
347	378
45	328
209	429
33	56
243	308
140	409
424	454
274	366
254	432
108	355
215	396
9	334
312	315
127	453
217	307
173	242
11	335
118	256
7	51
5	339
307	378
167	342
227	308
316	481
98	102
413	423
391	444
181	294
73	347
51	368
201	399
100	426
89	424
274	496
325	358
52	218
